event_i,exit_i,entry,exit,R,reason,gross_R,cost_R,cost_model_version,signal_datetime,entry_datetime,exit_datetime,duration_bars
39,48,0.91967,0.9194618097735506,0.9115209777375901,STOP,0.9965209777375901,0.085,legacy_fixed_r_v1,2021-09-16 02:15:00+00:00,2021-09-16 02:20:00+00:00,2021-09-16 03:00:00+00:00,9
73,76,0.92001,0.9199026077486968,0.5959668598227351,STOP,0.6809668598227351,0.085,legacy_fixed_r_v1,2021-09-16 05:05:00+00:00,2021-09-16 05:10:00+00:00,2021-09-16 05:20:00+00:00,3
127,129,0.92299,0.9236427235847856,-1.0850000000000073,STOP,-1.0000000000000073,0.085,legacy_fixed_r_v1,2021-09-16 09:35:00+00:00,2021-09-16 09:40:00+00:00,2021-09-16 09:45:00+00:00,2
295,300,0.92753,0.9274243106025383,0.6404533551842119,STOP,0.7254533551842118,0.085,legacy_fixed_r_v1,2021-09-16 23:35:00+00:00,2021-09-16 23:40:00+00:00,2021-09-17 00:00:00+00:00,5
425,429,0.92672,0.9272685129910918,-1.0849999999999234,STOP,-0.9999999999999233,0.085,legacy_fixed_r_v1,2021-09-17 10:25:00+00:00,2021-09-17 10:30:00+00:00,2021-09-17 10:45:00+00:00,4
708,711,0.93151,0.9310296072643456,0.8129696006147297,STOP,0.8979696006147296,0.085,legacy_fixed_r_v1,2021-09-20 10:00:00+00:00,2021-09-20 10:05:00+00:00,2021-09-20 10:15:00+00:00,3
786,792,0.92738,0.9278821941149619,-1.0849999999998967,STOP,-0.9999999999998966,0.085,legacy_fixed_r_v1,2021-09-20 16:30:00+00:00,2021-09-20 16:35:00+00:00,2021-09-20 17:00:00+00:00,6
839,841,0.92809,0.9271470772131395,3.5815876038492487,STOP,3.6665876038492486,0.085,legacy_fixed_r_v1,2021-09-20 20:55:00+00:00,2021-09-20 21:00:00+00:00,2021-09-20 21:05:00+00:00,2
866,873,0.92789,0.927742045653865,0.5509845359321696,STOP,0.6359845359321695,0.085,legacy_fixed_r_v1,2021-09-20 23:10:00+00:00,2021-09-20 23:15:00+00:00,2021-09-20 23:45:00+00:00,7
1004,1023,0.92479,0.9239954877083295,1.6634988772984742,STOP,1.7484988772984742,0.085,legacy_fixed_r_v1,2021-09-21 10:40:00+00:00,2021-09-21 10:45:00+00:00,2021-09-21 12:15:00+00:00,19
1079,1082,0.92343,0.9238406316665424,-1.084999999999884,STOP,-0.9999999999998841,0.085,legacy_fixed_r_v1,2021-09-21 16:55:00+00:00,2021-09-21 17:00:00+00:00,2021-09-21 17:10:00+00:00,3
1110,1116,0.92322,0.9235077701359308,-1.084999999999836,STOP,-0.9999999999998361,0.085,legacy_fixed_r_v1,2021-09-21 19:30:00+00:00,2021-09-21 19:35:00+00:00,2021-09-21 20:00:00+00:00,6
1128,1131,0.92374,0.9228998325616576,2.79660380644489,STOP,2.88160380644489,0.085,legacy_fixed_r_v1,2021-09-21 21:00:00+00:00,2021-09-21 21:05:00+00:00,2021-09-21 21:15:00+00:00,3
1163,1167,0.92359,0.9233982125095936,1.0688964423563592,STOP,1.1538964423563591,0.085,legacy_fixed_r_v1,2021-09-21 23:55:00+00:00,2021-09-22 00:00:00+00:00,2021-09-22 00:15:00+00:00,4
1222,1223,0.92443,0.9246284092053904,-1.0849999999998725,STOP,-0.9999999999998724,0.085,legacy_fixed_r_v1,2021-09-22 04:50:00+00:00,2021-09-22 04:55:00+00:00,2021-09-22 04:55:00+00:00,1
1270,1291,0.92245,0.9221169401065776,0.5049458417880234,STOP,0.5899458417880233,0.085,legacy_fixed_r_v1,2021-09-22 08:50:00+00:00,2021-09-22 08:55:00+00:00,2021-09-22 10:35:00+00:00,21
1416,1422,0.92648,0.9250051782315568,1.597947150882866,STOP,1.682947150882866,0.085,legacy_fixed_r_v1,2021-09-22 21:00:00+00:00,2021-09-22 21:05:00+00:00,2021-09-22 21:30:00+00:00,6
1488,1491,0.92674,0.9266140518779342,0.4372942374746815,STOP,0.5222942374746815,0.085,legacy_fixed_r_v1,2021-09-23 03:00:00+00:00,2021-09-23 03:05:00+00:00,2021-09-23 03:15:00+00:00,3
1512,1514,0.92607,0.9258072253296229,1.1472112838735065,STOP,1.2322112838735064,0.085,legacy_fixed_r_v1,2021-09-23 05:00:00+00:00,2021-09-23 05:05:00+00:00,2021-09-23 05:10:00+00:00,2
1598,1605,0.92445,0.9234304857825846,1.7758002886137536,STOP,1.8608002886137536,0.085,legacy_fixed_r_v1,2021-09-23 12:10:00+00:00,2021-09-23 12:15:00+00:00,2021-09-23 12:45:00+00:00,7
1617,1621,0.92303,0.9223383003877909,0.9751980414300012,STOP,1.0601980414300012,0.085,legacy_fixed_r_v1,2021-09-23 13:45:00+00:00,2021-09-23 13:50:00+00:00,2021-09-23 14:05:00+00:00,4
1651,1668,0.92352,0.9229179644975523,0.9670270819608255,STOP,1.0520270819608255,0.085,legacy_fixed_r_v1,2021-09-23 16:35:00+00:00,2021-09-23 16:40:00+00:00,2021-09-23 18:00:00+00:00,17
1734,1738,0.92438,0.9246556033714678,-1.0850000000001658,STOP,-1.0000000000001659,0.085,legacy_fixed_r_v1,2021-09-23 23:30:00+00:00,2021-09-23 23:35:00+00:00,2021-09-23 23:50:00+00:00,4
1872,1874,0.9224,0.9228563101508876,-1.0849999999998854,STOP,-0.9999999999998853,0.085,legacy_fixed_r_v1,2021-09-24 11:00:00+00:00,2021-09-24 11:05:00+00:00,2021-09-24 11:10:00+00:00,2
1934,1944,0.92451,0.9249651472339693,-1.0850000000000544,STOP,-1.0000000000000544,0.085,legacy_fixed_r_v1,2021-09-24 16:10:00+00:00,2021-09-24 16:15:00+00:00,2021-09-24 17:00:00+00:00,10
1981,1989,0.92502,0.9242771983889337,3.210502098090983,STOP,3.295502098090983,0.085,legacy_fixed_r_v1,2021-09-24 20:05:00+00:00,2021-09-24 20:10:00+00:00,2021-09-24 20:45:00+00:00,8
2025,2028,0.92488,0.9246926617478491,0.6167128487460427,STOP,0.7017128487460427,0.085,legacy_fixed_r_v1,2021-09-26 23:45:00+00:00,2021-09-26 23:50:00+00:00,2021-09-27 00:00:00+00:00,3
2068,2074,0.92514,0.92538045793172,-1.085000000000009,STOP,-1.000000000000009,0.085,legacy_fixed_r_v1,2021-09-27 03:20:00+00:00,2021-09-27 03:25:00+00:00,2021-09-27 03:50:00+00:00,6
2195,2204,0.92638,0.9253689465687246,1.1413457353241026,STOP,1.2263457353241025,0.085,legacy_fixed_r_v1,2021-09-27 13:55:00+00:00,2021-09-27 14:00:00+00:00,2021-09-27 14:40:00+00:00,9
2243,2255,0.92546,0.9258471463722617,-1.085000000000108,STOP,-1.0000000000001081,0.085,legacy_fixed_r_v1,2021-09-27 17:55:00+00:00,2021-09-27 18:00:00+00:00,2021-09-27 18:55:00+00:00,12
2267,2268,0.92568,0.9259467023953732,-1.0850000000000724,STOP,-1.0000000000000724,0.085,legacy_fixed_r_v1,2021-09-27 19:55:00+00:00,2021-09-27 20:00:00+00:00,2021-09-27 20:00:00+00:00,1
2286,2292,0.92613,0.9253705661772634,3.011219656729014,STOP,3.096219656729014,0.085,legacy_fixed_r_v1,2021-09-27 21:30:00+00:00,2021-09-27 21:35:00+00:00,2021-09-27 22:00:00+00:00,6
2314,2317,0.92575,0.9258695916891101,-1.0850000000002298,STOP,-1.0000000000002298,0.085,legacy_fixed_r_v1,2021-09-27 23:50:00+00:00,2021-09-27 23:55:00+00:00,2021-09-28 00:05:00+00:00,3
2340,2343,0.92634,0.9260909915594832,1.1808770665849502,STOP,1.2658770665849501,0.085,legacy_fixed_r_v1,2021-09-28 02:00:00+00:00,2021-09-28 02:05:00+00:00,2021-09-28 02:15:00+00:00,3
2372,2379,0.92659,0.9261042182546262,2.7688050280557595,STOP,2.8538050280557594,0.085,legacy_fixed_r_v1,2021-09-28 04:40:00+00:00,2021-09-28 04:45:00+00:00,2021-09-28 05:15:00+00:00,7
2554,2557,0.92952,0.9292894217047587,0.5925877295957895,STOP,0.6775877295957895,0.085,legacy_fixed_r_v1,2021-09-28 19:50:00+00:00,2021-09-28 19:55:00+00:00,2021-09-28 20:05:00+00:00,3
2574,2576,0.92944,0.9287369210828688,1.6399268927754487,STOP,1.7249268927754486,0.085,legacy_fixed_r_v1,2021-09-28 21:30:00+00:00,2021-09-28 21:35:00+00:00,2021-09-28 21:40:00+00:00,2
2665,2668,0.92933,0.9289561359130061,1.2469839895807762,STOP,1.3319839895807761,0.085,legacy_fixed_r_v1,2021-09-29 05:05:00+00:00,2021-09-29 05:10:00+00:00,2021-09-29 05:20:00+00:00,3
2714,2739,0.92867,0.9294104099765249,-1.084999999999987,STOP,-0.9999999999999871,0.085,legacy_fixed_r_v1,2021-09-29 09:10:00+00:00,2021-09-29 09:15:00+00:00,2021-09-29 11:15:00+00:00,25
2850,2857,0.93469,0.9340498223038686,1.6856059978875888,STOP,1.7706059978875888,0.085,legacy_fixed_r_v1,2021-09-29 20:30:00+00:00,2021-09-29 20:35:00+00:00,2021-09-29 21:05:00+00:00,7
2885,2898,0.93446,0.9338656374326644,2.323535239679424,STOP,2.408535239679424,0.085,legacy_fixed_r_v1,2021-09-29 23:25:00+00:00,2021-09-29 23:30:00+00:00,2021-09-30 00:30:00+00:00,13
3093,3124,0.93362,0.932543966996942,1.3864426748149574,STOP,1.4714426748149574,0.085,legacy_fixed_r_v1,2021-09-30 16:45:00+00:00,2021-09-30 16:50:00+00:00,2021-09-30 19:20:00+00:00,31
3131,3148,0.93188,0.9315702332046009,0.6531915269016696,STOP,0.7381915269016696,0.085,legacy_fixed_r_v1,2021-09-30 19:55:00+00:00,2021-09-30 20:00:00+00:00,2021-09-30 21:20:00+00:00,17
3229,3234,0.93158,0.9318328494745904,-1.0850000000002114,STOP,-1.0000000000002114,0.085,legacy_fixed_r_v1,2021-10-01 04:05:00+00:00,2021-10-01 04:10:00+00:00,2021-10-01 04:30:00+00:00,5
3432,3435,0.9307,0.929381136678129,3.308771456182568,STOP,3.393771456182568,0.085,legacy_fixed_r_v1,2021-10-03 21:05:00+00:00,2021-10-03 21:10:00+00:00,2021-10-03 21:20:00+00:00,3
3462,3473,0.92941,0.9296962578113712,-1.085000000000043,STOP,-1.000000000000043,0.085,legacy_fixed_r_v1,2021-10-03 23:35:00+00:00,2021-10-03 23:40:00+00:00,2021-10-04 00:30:00+00:00,11
3516,3526,0.93056,0.9308005718173161,-1.0849999999999944,STOP,-0.9999999999999943,0.085,legacy_fixed_r_v1,2021-10-04 04:05:00+00:00,2021-10-04 04:10:00+00:00,2021-10-04 04:55:00+00:00,10
3534,3542,0.93059,0.9302653591535318,1.3041535364487173,STOP,1.3891535364487173,0.085,legacy_fixed_r_v1,2021-10-04 05:35:00+00:00,2021-10-04 05:40:00+00:00,2021-10-04 06:15:00+00:00,8
3592,3620,0.92839,0.9245852354925995,8.323125818942396,STOP,8.408125818942397,0.085,legacy_fixed_r_v1,2021-10-04 10:25:00+00:00,2021-10-04 10:30:00+00:00,2021-10-04 12:45:00+00:00,28
3706,3715,0.92432,0.9246499314501999,-1.0849999999999926,STOP,-0.9999999999999926,0.085,legacy_fixed_r_v1,2021-10-04 19:55:00+00:00,2021-10-04 20:00:00+00:00,2021-10-04 20:40:00+00:00,9
3784,3791,0.92547,0.9257239044731334,-1.084999999999782,STOP,-0.9999999999997818,0.085,legacy_fixed_r_v1,2021-10-05 02:25:00+00:00,2021-10-05 02:30:00+00:00,2021-10-05 03:00:00+00:00,7
3936,3944,0.92756,0.9266964716362218,1.1783027794883818,STOP,1.2633027794883818,0.085,legacy_fixed_r_v1,2021-10-05 15:05:00+00:00,2021-10-05 15:10:00+00:00,2021-10-05 15:45:00+00:00,8
4006,4009,0.92839,0.9276694812812772,2.9847733694846252,STOP,3.069773369484625,0.085,legacy_fixed_r_v1,2021-10-05 20:55:00+00:00,2021-10-05 21:00:00+00:00,2021-10-05 21:10:00+00:00,3
4072,4087,0.92867,0.9289068585065847,-1.0850000000000548,STOP,-1.0000000000000548,0.085,legacy_fixed_r_v1,2021-10-06 02:25:00+00:00,2021-10-06 02:30:00+00:00,2021-10-06 03:40:00+00:00,15
4188,4208,0.92874,0.9280718972984403,1.1018100029288846,STOP,1.1868100029288846,0.085,legacy_fixed_r_v1,2021-10-06 12:05:00+00:00,2021-10-06 12:10:00+00:00,2021-10-06 13:45:00+00:00,20
4331,4334,0.9276,0.9274872429009537,0.5162968865325159,STOP,0.6012968865325159,0.085,legacy_fixed_r_v1,2021-10-07 00:00:00+00:00,2021-10-07 00:05:00+00:00,2021-10-07 00:15:00+00:00,3
4375,4381,0.92779,0.9274678887885726,1.5603313502691247,STOP,1.6453313502691247,0.085,legacy_fixed_r_v1,2021-10-07 03:40:00+00:00,2021-10-07 03:45:00+00:00,2021-10-07 04:10:00+00:00,6
4391,4394,0.92745,0.9273666899261324,0.4269326441549061,STOP,0.5119326441549061,0.085,legacy_fixed_r_v1,2021-10-07 05:00:00+00:00,2021-10-07 05:05:00+00:00,2021-10-07 05:15:00+00:00,3
4571,4577,0.92873,0.9290148394367628,-1.0850000000000468,STOP,-1.0000000000000469,0.085,legacy_fixed_r_v1,2021-10-07 20:00:00+00:00,2021-10-07 20:05:00+00:00,2021-10-07 20:30:00+00:00,6
4617,4622,0.92864,0.9288354624078116,-1.084999999999943,STOP,-0.9999999999999428,0.085,legacy_fixed_r_v1,2021-10-07 23:50:00+00:00,2021-10-07 23:55:00+00:00,2021-10-08 00:15:00+00:00,5
4734,4739,0.92953,0.9289754047506582,1.0674353473933458,STOP,1.1524353473933457,0.085,legacy_fixed_r_v1,2021-10-08 09:35:00+00:00,2021-10-08 09:40:00+00:00,2021-10-08 10:00:00+00:00,5
4759,4767,0.92867,0.9278113902775025,2.439517229293136,STOP,2.524517229293136,0.085,legacy_fixed_r_v1,2021-10-08 11:40:00+00:00,2021-10-08 11:45:00+00:00,2021-10-08 12:20:00+00:00,8
4829,4837,0.9273,0.9267988258935979,1.1419565891706005,STOP,1.2269565891706005,0.085,legacy_fixed_r_v1,2021-10-08 17:30:00+00:00,2021-10-08 17:35:00+00:00,2021-10-08 18:10:00+00:00,8
4873,4875,0.9278,0.9267835868192822,2.984000881393336,STOP,3.069000881393336,0.085,legacy_fixed_r_v1,2021-10-10 21:15:00+00:00,2021-10-10 21:20:00+00:00,2021-10-10 21:25:00+00:00,2
4906,4911,0.92719,0.9269132562556988,0.7590073707509836,STOP,0.8440073707509835,0.085,legacy_fixed_r_v1,2021-10-11 00:00:00+00:00,2021-10-11 00:05:00+00:00,2021-10-11 00:25:00+00:00,5
4957,4960,0.92834,0.9282140412095674,0.42382100199233136,STOP,0.5088210019923314,0.085,legacy_fixed_r_v1,2021-10-11 04:15:00+00:00,2021-10-11 04:20:00+00:00,2021-10-11 04:30:00+00:00,3
4969,4977,0.92811,0.928331901941795,-1.0850000000002205,STOP,-1.0000000000002205,0.085,legacy_fixed_r_v1,2021-10-11 05:15:00+00:00,2021-10-11 05:20:00+00:00,2021-10-11 05:55:00+00:00,8
5031,5038,0.92721,0.9268200327230577,0.8723159103933129,STOP,0.9573159103933129,0.085,legacy_fixed_r_v1,2021-10-11 10:25:00+00:00,2021-10-11 10:30:00+00:00,2021-10-11 11:00:00+00:00,7
5051,5054,0.92635,0.9267391661345246,-1.0849999999999136,STOP,-0.9999999999999135,0.085,legacy_fixed_r_v1,2021-10-11 12:05:00+00:00,2021-10-11 12:10:00+00:00,2021-10-11 12:20:00+00:00,3
5188,5191,0.92766,0.9275422763393412,0.6189512367094524,STOP,0.7039512367094524,0.085,legacy_fixed_r_v1,2021-10-11 23:30:00+00:00,2021-10-11 23:35:00+00:00,2021-10-11 23:45:00+00:00,3
5254,5257,0.92768,0.9274681786009218,1.3237521214105836,STOP,1.4087521214105836,0.085,legacy_fixed_r_v1,2021-10-12 05:00:00+00:00,2021-10-12 05:05:00+00:00,2021-10-12 05:15:00+00:00,3
5333,5336,0.92772,0.9281278275968229,-1.084999999999965,STOP,-0.999999999999965,0.085,legacy_fixed_r_v1,2021-10-12 11:35:00+00:00,2021-10-12 11:40:00+00:00,2021-10-12 11:50:00+00:00,3
5373,5377,0.92918,0.9298309401764844,-1.0850000000000666,STOP,-1.0000000000000666,0.085,legacy_fixed_r_v1,2021-10-12 14:55:00+00:00,2021-10-12 15:00:00+00:00,2021-10-12 15:15:00+00:00,4
5412,5416,0.93075,0.9305327676158316,0.5790859450273301,STOP,0.6640859450273301,0.085,legacy_fixed_r_v1,2021-10-12 18:10:00+00:00,2021-10-12 18:15:00+00:00,2021-10-12 18:30:00+00:00,4
5432,5434,0.93047,0.9307272394898496,-1.0849999999999467,STOP,-0.9999999999999467,0.085,legacy_fixed_r_v1,2021-10-12 19:50:00+00:00,2021-10-12 19:55:00+00:00,2021-10-12 20:00:00+00:00,2
5474,5482,0.93062,0.9305303615664875,0.4471505476236975,STOP,0.5321505476236975,0.085,legacy_fixed_r_v1,2021-10-12 23:25:00+00:00,2021-10-12 23:30:00+00:00,2021-10-13 00:05:00+00:00,8
5538,5542,0.92929,0.9294392787482816,-1.0849999999999937,STOP,-0.9999999999999938,0.085,legacy_fixed_r_v1,2021-10-13 04:45:00+00:00,2021-10-13 04:50:00+00:00,2021-10-13 05:05:00+00:00,4
5595,5608,0.92807,0.9276102061604568,0.9370919149755383,STOP,1.0220919149755383,0.085,legacy_fixed_r_v1,2021-10-13 09:30:00+00:00,2021-10-13 09:35:00+00:00,2021-10-13 10:35:00+00:00,13
5670,5691,0.92563,0.9243974066924228,1.8823813835631775,STOP,1.9673813835631775,0.085,legacy_fixed_r_v1,2021-10-13 15:45:00+00:00,2021-10-13 15:50:00+00:00,2021-10-13 17:30:00+00:00,21
5710,5721,0.92409,0.9237402079932561,0.7164450772146682,STOP,0.8014450772146682,0.085,legacy_fixed_r_v1,2021-10-13 19:05:00+00:00,2021-10-13 19:10:00+00:00,2021-10-13 20:00:00+00:00,11
5769,5773,0.92377,0.9235727653474968,0.9695300126504813,STOP,1.0545300126504813,0.085,legacy_fixed_r_v1,2021-10-14 00:00:00+00:00,2021-10-14 00:05:00+00:00,2021-10-14 00:20:00+00:00,4
5835,5845,0.92318,0.9215614058049032,7.81904730016652,STOP,7.90404730016652,0.085,legacy_fixed_r_v1,2021-10-14 05:30:00+00:00,2021-10-14 05:35:00+00:00,2021-10-14 06:20:00+00:00,10
5879,5886,0.91991,0.9203950464127563,-1.0850000000000923,STOP,-1.0000000000000924,0.085,legacy_fixed_r_v1,2021-10-14 09:10:00+00:00,2021-10-14 09:15:00+00:00,2021-10-14 09:45:00+00:00,7
5899,5912,0.92005,0.9205162272106979,-1.0849999999998907,STOP,-0.9999999999998908,0.085,legacy_fixed_r_v1,2021-10-14 10:50:00+00:00,2021-10-14 10:55:00+00:00,2021-10-14 11:55:00+00:00,13
5961,5968,0.92295,0.9234267900942941,-1.0849999999999795,STOP,-0.9999999999999795,0.085,legacy_fixed_r_v1,2021-10-14 16:00:00+00:00,2021-10-14 16:05:00+00:00,2021-10-14 16:35:00+00:00,7
5984,5996,0.92365,0.9232673608409178,0.9377200420473797,STOP,1.0227200420473797,0.085,legacy_fixed_r_v1,2021-10-14 17:55:00+00:00,2021-10-14 18:00:00+00:00,2021-10-14 18:55:00+00:00,12
6005,6007,0.92308,0.9233443158575831,-1.0850000000000712,STOP,-1.0000000000000713,0.085,legacy_fixed_r_v1,2021-10-14 19:40:00+00:00,2021-10-14 19:45:00+00:00,2021-10-14 19:50:00+00:00,2
6020,6022,0.92384,0.9229449295349064,3.294559940325689,STOP,3.379559940325689,0.085,legacy_fixed_r_v1,2021-10-14 20:55:00+00:00,2021-10-14 21:00:00+00:00,2021-10-14 21:05:00+00:00,2
6067,6078,0.92415,0.9238167655885405,1.1884493329251637,STOP,1.2734493329251637,0.085,legacy_fixed_r_v1,2021-10-15 00:50:00+00:00,2021-10-15 00:55:00+00:00,2021-10-15 01:45:00+00:00,11
6084,6091,0.92371,0.9233872913506075,1.4822520105914865,STOP,1.5672520105914864,0.085,legacy_fixed_r_v1,2021-10-15 02:15:00+00:00,2021-10-15 02:20:00+00:00,2021-10-15 02:50:00+00:00,7
6101,6111,0.92301,0.9228560143914533,0.675071395090945,STOP,0.760071395090945,0.085,legacy_fixed_r_v1,2021-10-15 03:40:00+00:00,2021-10-15 03:45:00+00:00,2021-10-15 04:30:00+00:00,10
6283,6286,0.92337,0.9227822372287469,1.8529191254122002,STOP,1.9379191254122001,0.085,legacy_fixed_r_v1,2021-10-15 18:50:00+00:00,2021-10-15 18:55:00+00:00,2021-10-15 19:05:00+00:00,3
6458,6461,0.92575,0.9263171601457769,-1.084999999999969,STOP,-0.999999999999969,0.085,legacy_fixed_r_v1,2021-10-18 09:35:00+00:00,2021-10-18 09:40:00+00:00,2021-10-18 09:50:00+00:00,3
6472,6485,0.92566,0.9246020007270124,1.9575903270835604,STOP,2.0425903270835604,0.085,legacy_fixed_r_v1,2021-10-18 10:45:00+00:00,2021-10-18 10:50:00+00:00,2021-10-18 11:50:00+00:00,13
6534,6544,0.92322,0.9226445674668421,0.85771129454071,STOP,0.94271129454071,0.085,legacy_fixed_r_v1,2021-10-18 15:55:00+00:00,2021-10-18 16:00:00+00:00,2021-10-18 16:45:00+00:00,10
6625,6636,0.92363,0.9231892908364935,2.6815970395923805,STOP,2.7665970395923805,0.085,legacy_fixed_r_v1,2021-10-18 23:35:00+00:00,2021-10-18 23:40:00+00:00,2021-10-19 00:30:00+00:00,11
6665,6676,0.92205,0.9215222421671279,1.991948796663265,STOP,2.076948796663265,0.085,legacy_fixed_r_v1,2021-10-19 02:55:00+00:00,2021-10-19 03:00:00+00:00,2021-10-19 03:50:00+00:00,11
6960,6966,0.9239,0.9241569620624891,-1.0850000000001836,STOP,-1.0000000000001836,0.085,legacy_fixed_r_v1,2021-10-20 03:30:00+00:00,2021-10-20 03:35:00+00:00,2021-10-20 04:00:00+00:00,6
6976,6981,0.92381,0.9236848338918823,0.43400768948731566,STOP,0.5190076894873157,0.085,legacy_fixed_r_v1,2021-10-20 04:50:00+00:00,2021-10-20 04:55:00+00:00,2021-10-20 05:15:00+00:00,5
7042,7053,0.92376,0.9228250193360907,1.9330059568168516,STOP,2.0180059568168516,0.085,legacy_fixed_r_v1,2021-10-20 10:20:00+00:00,2021-10-20 10:25:00+00:00,2021-10-20 11:15:00+00:00,11
7168,7171,0.91898,0.9186661110544561,1.395090468622661,STOP,1.480090468622661,0.085,legacy_fixed_r_v1,2021-10-20 20:50:00+00:00,2021-10-20 20:55:00+00:00,2021-10-20 21:05:00+00:00,3
7189,7200,0.9187,0.9189054245349416,-1.0850000000002193,STOP,-1.0000000000002194,0.085,legacy_fixed_r_v1,2021-10-20 22:35:00+00:00,2021-10-20 22:40:00+00:00,2021-10-20 23:30:00+00:00,11
7242,7262,0.91862,0.9188812284832014,-1.0850000000000934,STOP,-1.0000000000000935,0.085,legacy_fixed_r_v1,2021-10-21 03:00:00+00:00,2021-10-21 03:05:00+00:00,2021-10-21 04:40:00+00:00,20
7320,7322,0.9192,0.9189865057265776,0.4584381079612991,STOP,0.5434381079612991,0.085,legacy_fixed_r_v1,2021-10-21 09:30:00+00:00,2021-10-21 09:35:00+00:00,2021-10-21 09:40:00+00:00,2
7338,7347,0.91871,0.9182404857247539,1.3406635870646066,STOP,1.4256635870646066,0.085,legacy_fixed_r_v1,2021-10-21 11:00:00+00:00,2021-10-21 11:05:00+00:00,2021-10-21 11:45:00+00:00,9
7395,7399,0.91733,0.9178860125718192,-1.0849999999999884,STOP,-0.9999999999999883,0.085,legacy_fixed_r_v1,2021-10-21 15:45:00+00:00,2021-10-21 15:50:00+00:00,2021-10-21 16:05:00+00:00,4
7432,7470,0.91832,0.9178808541620496,1.1744989029774289,STOP,1.2594989029774288,0.085,legacy_fixed_r_v1,2021-10-21 18:50:00+00:00,2021-10-21 18:55:00+00:00,2021-10-21 22:00:00+00:00,38
7484,7486,0.91824,0.918132722259319,0.5543708768070752,STOP,0.6393708768070752,0.085,legacy_fixed_r_v1,2021-10-21 23:10:00+00:00,2021-10-21 23:15:00+00:00,2021-10-21 23:20:00+00:00,2
7521,7527,0.91789,0.9176493679943659,0.988001400477551,STOP,1.073001400477551,0.085,legacy_fixed_r_v1,2021-10-22 02:15:00+00:00,2021-10-22 02:20:00+00:00,2021-10-22 02:45:00+00:00,6
7546,7549,0.91767,0.9178371438223119,-1.0849999999999274,STOP,-0.9999999999999274,0.085,legacy_fixed_r_v1,2021-10-22 04:20:00+00:00,2021-10-22 04:25:00+00:00,2021-10-22 04:35:00+00:00,3
7628,7632,0.91643,0.9167803842506085,-1.0850000000000872,STOP,-1.0000000000000873,0.085,legacy_fixed_r_v1,2021-10-22 11:10:00+00:00,2021-10-22 11:15:00+00:00,2021-10-22 11:30:00+00:00,4
7733,7742,0.916,0.9163060189362655,-1.0849999999999178,STOP,-0.9999999999999178,0.085,legacy_fixed_r_v1,2021-10-22 19:55:00+00:00,2021-10-22 20:00:00+00:00,2021-10-22 20:40:00+00:00,9
7745,7747,0.91815,0.9154040346796894,7.712679129014687,STOP,7.797679129014687,0.085,legacy_fixed_r_v1,2021-10-22 20:55:00+00:00,2021-10-24 21:10:00+00:00,2021-10-24 21:15:00+00:00,2
7780,7793,0.91602,0.9163599412818281,-1.0849999999998727,STOP,-0.9999999999998728,0.085,legacy_fixed_r_v1,2021-10-25 00:00:00+00:00,2021-10-25 00:05:00+00:00,2021-10-25 01:05:00+00:00,13
7807,7833,0.91645,0.915106645016322,4.046041043010192,STOP,4.131041043010192,0.085,legacy_fixed_r_v1,2021-10-25 02:15:00+00:00,2021-10-25 02:20:00+00:00,2021-10-25 04:25:00+00:00,26
7909,7931,0.91902,0.9195367088532486,-1.0850000000000273,STOP,-1.0000000000000273,0.085,legacy_fixed_r_v1,2021-10-25 10:45:00+00:00,2021-10-25 10:50:00+00:00,2021-10-25 12:35:00+00:00,22
7999,8007,0.91921,0.9195077258350168,-1.084999999999931,STOP,-0.9999999999999308,0.085,legacy_fixed_r_v1,2021-10-25 18:15:00+00:00,2021-10-25 18:20:00+00:00,2021-10-25 18:55:00+00:00,8
8111,8141,0.92073,0.9205575475468276,0.9713118944173498,STOP,1.0563118944173497,0.085,legacy_fixed_r_v1,2021-10-26 03:35:00+00:00,2021-10-26 03:40:00+00:00,2021-10-26 06:05:00+00:00,30
8285,8322,0.91973,0.9200677824099321,-1.0849999999998994,STOP,-0.9999999999998994,0.085,legacy_fixed_r_v1,2021-10-26 18:05:00+00:00,2021-10-26 18:10:00+00:00,2021-10-26 21:10:00+00:00,37
8349,8358,0.91988,0.9194649730042839,2.2579935024386186,STOP,2.3429935024386186,0.085,legacy_fixed_r_v1,2021-10-26 23:30:00+00:00,2021-10-26 23:35:00+00:00,2021-10-27 00:15:00+00:00,9
8464,8467,0.91767,0.9182347595073286,-1.0849999999999398,STOP,-0.9999999999999397,0.085,legacy_fixed_r_v1,2021-10-27 09:05:00+00:00,2021-10-27 09:10:00+00:00,2021-10-27 09:20:00+00:00,3
8493,8509,0.91891,0.9178021117079996,1.7730478116508193,STOP,1.8580478116508192,0.085,legacy_fixed_r_v1,2021-10-27 11:30:00+00:00,2021-10-27 11:35:00+00:00,2021-10-27 12:50:00+00:00,16
8554,8563,0.91775,0.917140242333544,0.9596602497089732,STOP,1.0446602497089732,0.085,legacy_fixed_r_v1,2021-10-27 16:35:00+00:00,2021-10-27 16:40:00+00:00,2021-10-27 17:20:00+00:00,9
8763,8768,0.9182,0.9178251360830646,0.5328439464989327,STOP,0.6178439464989327,0.085,legacy_fixed_r_v1,2021-10-28 10:00:00+00:00,2021-10-28 10:05:00+00:00,2021-10-28 10:25:00+00:00,5
8859,8877,0.91159,0.9121161050355576,-1.0849999999999551,STOP,-0.999999999999955,0.085,legacy_fixed_r_v1,2021-10-28 18:00:00+00:00,2021-10-28 18:05:00+00:00,2021-10-28 19:30:00+00:00,18
8923,8926,0.91163,0.911366245656752,1.7204903990449838,STOP,1.8054903990449838,0.085,legacy_fixed_r_v1,2021-10-28 23:20:00+00:00,2021-10-28 23:25:00+00:00,2021-10-28 23:35:00+00:00,3
9136,9158,0.9161,0.9152939023497151,1.0168720390961008,STOP,1.1018720390961008,0.085,legacy_fixed_r_v1,2021-10-29 17:05:00+00:00,2021-10-29 17:10:00+00:00,2021-10-29 18:55:00+00:00,22
9171,9184,0.91528,0.9148568066477785,0.7920501127351213,STOP,0.8770501127351212,0.085,legacy_fixed_r_v1,2021-10-29 20:00:00+00:00,2021-10-29 20:05:00+00:00,2021-10-31 21:20:00+00:00,13
9277,9281,0.91658,0.9163834005664765,0.6403795964025488,STOP,0.7253795964025488,0.085,legacy_fixed_r_v1,2021-11-01 05:05:00+00:00,2021-11-01 05:10:00+00:00,2021-11-01 05:25:00+00:00,4
9352,9360,0.91434,0.9132833657818239,1.9227334987317444,STOP,2.0077334987317443,0.085,legacy_fixed_r_v1,2021-11-01 11:20:00+00:00,2021-11-01 11:25:00+00:00,2021-11-01 12:00:00+00:00,8
9386,9405,0.91188,0.9108221687406175,1.758315595472266,STOP,1.843315595472266,0.085,legacy_fixed_r_v1,2021-11-01 14:10:00+00:00,2021-11-01 14:15:00+00:00,2021-11-01 15:45:00+00:00,19
9433,9438,0.91016,0.9096175008301258,1.2397385060662904,STOP,1.3247385060662904,0.085,legacy_fixed_r_v1,2021-11-01 18:05:00+00:00,2021-11-01 18:10:00+00:00,2021-11-01 18:30:00+00:00,5
9558,9594,0.90935,0.9096097449291596,-1.084999999999912,STOP,-0.999999999999912,0.085,legacy_fixed_r_v1,2021-11-02 04:30:00+00:00,2021-11-02 04:35:00+00:00,2021-11-02 07:30:00+00:00,36
9756,9759,0.91525,0.9139314006178255,4.493204361249269,STOP,4.578204361249269,0.085,legacy_fixed_r_v1,2021-11-02 21:00:00+00:00,2021-11-02 21:05:00+00:00,2021-11-02 21:15:00+00:00,3
9827,9838,0.91397,0.9137044773967793,1.2472968994725597,STOP,1.3322968994725597,0.085,legacy_fixed_r_v1,2021-11-03 02:55:00+00:00,2021-11-03 03:00:00+00:00,2021-11-03 03:50:00+00:00,11
9857,9860,0.91369,0.9138525192866185,-1.0850000000000184,STOP,-1.0000000000000184,0.085,legacy_fixed_r_v1,2021-11-03 05:25:00+00:00,2021-11-03 05:30:00+00:00,2021-11-03 05:40:00+00:00,3
9922,9926,0.91065,0.9111557170710004,-1.085000000000096,STOP,-1.0000000000000961,0.085,legacy_fixed_r_v1,2021-11-03 10:50:00+00:00,2021-11-03 10:55:00+00:00,2021-11-03 11:10:00+00:00,4
10073,10085,0.91141,0.9112748639551368,0.44657183659033134,STOP,0.5315718365903314,0.085,legacy_fixed_r_v1,2021-11-03 23:30:00+00:00,2021-11-03 23:35:00+00:00,2021-11-04 00:30:00+00:00,12
10111,10120,0.91199,0.9122287793448686,-1.0849999999997935,STOP,-0.9999999999997934,0.085,legacy_fixed_r_v1,2021-11-04 02:40:00+00:00,2021-11-04 02:45:00+00:00,2021-11-04 03:25:00+00:00,9
10227,10239,0.91314,0.9125057857170823,1.046057428165204,STOP,1.131057428165204,0.085,legacy_fixed_r_v1,2021-11-04 12:20:00+00:00,2021-11-04 12:25:00+00:00,2021-11-04 13:20:00+00:00,12
10270,10342,0.9129,0.91255,0.3564957953200093,TIME,0.4414957953200093,0.085,legacy_fixed_r_v1,2021-11-04 15:55:00+00:00,2021-11-04 16:00:00+00:00,2021-11-04 21:55:00+00:00,72
10414,10428,0.91312,0.9125380886967178,2.3996279168005574,STOP,2.4846279168005574,0.085,legacy_fixed_r_v1,2021-11-05 03:55:00+00:00,2021-11-05 04:00:00+00:00,2021-11-05 05:05:00+00:00,14
10513,10517,0.91608,0.9157750639616902,0.4794485134663539,STOP,0.5644485134663539,0.085,legacy_fixed_r_v1,2021-11-05 12:10:00+00:00,2021-11-05 12:15:00+00:00,2021-11-05 12:30:00+00:00,4
10546,10556,0.9149,0.9136285123036552,1.4996764341873836,STOP,1.5846764341873836,0.085,legacy_fixed_r_v1,2021-11-05 14:55:00+00:00,2021-11-05 15:00:00+00:00,2021-11-05 15:45:00+00:00,10
10599,10620,0.91193,0.9123371778001136,-1.0849999999999886,STOP,-0.9999999999999886,0.085,legacy_fixed_r_v1,2021-11-05 19:20:00+00:00,2021-11-05 19:25:00+00:00,2021-11-07 22:05:00+00:00,21
10680,10702,0.91337,0.9130509401936244,1.1827165029849536,STOP,1.2677165029849535,0.085,legacy_fixed_r_v1,2021-11-08 03:05:00+00:00,2021-11-08 03:10:00+00:00,2021-11-08 04:55:00+00:00,22
10844,10857,0.91304,0.9135750950837723,-1.084999999999967,STOP,-0.999999999999967,0.085,legacy_fixed_r_v1,2021-11-08 16:45:00+00:00,2021-11-08 16:50:00+00:00,2021-11-08 17:50:00+00:00,13
10872,10884,0.91321,0.9135361422972127,-1.0849999999999087,STOP,-0.9999999999999087,0.085,legacy_fixed_r_v1,2021-11-08 19:05:00+00:00,2021-11-08 19:10:00+00:00,2021-11-08 20:05:00+00:00,12
10906,10910,0.91363,0.9128953781131753,2.9129040039860263,STOP,2.9979040039860263,0.085,legacy_fixed_r_v1,2021-11-08 21:55:00+00:00,2021-11-08 22:00:00+00:00,2021-11-08 22:15:00+00:00,4
10968,10976,0.91279,0.912323620865427,1.408561143548326,STOP,1.493561143548326,0.085,legacy_fixed_r_v1,2021-11-09 03:05:00+00:00,2021-11-09 03:10:00+00:00,2021-11-09 03:45:00+00:00,8
10995,11002,0.91178,0.9119916869550774,-1.0849999999998676,STOP,-0.9999999999998676,0.085,legacy_fixed_r_v1,2021-11-09 05:20:00+00:00,2021-11-09 05:25:00+00:00,2021-11-09 05:55:00+00:00,7
11095,11100,0.91459,0.9130018395635232,2.795999995641086,STOP,2.880999995641086,0.085,legacy_fixed_r_v1,2021-11-09 13:40:00+00:00,2021-11-09 13:45:00+00:00,2021-11-09 14:05:00+00:00,5
11156,11172,0.9108,0.9104877876384382,0.5777840084406346,STOP,0.6627840084406346,0.085,legacy_fixed_r_v1,2021-11-09 18:45:00+00:00,2021-11-09 18:50:00+00:00,2021-11-09 20:05:00+00:00,16
11201,11203,0.91131,0.9103815298062105,3.3075446134677935,STOP,3.3925446134677935,0.085,legacy_fixed_r_v1,2021-11-09 22:30:00+00:00,2021-11-09 22:35:00+00:00,2021-11-09 22:40:00+00:00,2
11221,11225,0.91095,0.9111833158592835,-1.0849999999998934,STOP,-0.9999999999998934,0.085,legacy_fixed_r_v1,2021-11-10 00:10:00+00:00,2021-11-10 00:15:00+00:00,2021-11-10 00:30:00+00:00,4
11374,11381,0.91333,0.9138482655916712,-1.0849999999998958,STOP,-0.9999999999998959,0.085,legacy_fixed_r_v1,2021-11-10 12:55:00+00:00,2021-11-10 13:00:00+00:00,2021-11-10 13:30:00+00:00,7
11483,11486,0.91836,0.9175141737040409,2.3113458046227446,STOP,2.3963458046227446,0.085,legacy_fixed_r_v1,2021-11-10 22:00:00+00:00,2021-11-10 22:05:00+00:00,2021-11-10 22:15:00+00:00,3
11569,11573,0.91844,0.9186395600745535,-1.084999999999967,STOP,-0.9999999999999671,0.085,legacy_fixed_r_v1,2021-11-11 05:10:00+00:00,2021-11-11 05:15:00+00:00,2021-11-11 05:30:00+00:00,4
11584,11588,0.91844,0.9180656287388191,1.9601620606281647,STOP,2.0451620606281646,0.085,legacy_fixed_r_v1,2021-11-11 06:25:00+00:00,2021-11-11 06:30:00+00:00,2021-11-11 06:45:00+00:00,4
11692,11699,0.9211,0.9206375714409919,0.6441666278674459,STOP,0.7291666278674459,0.085,legacy_fixed_r_v1,2021-11-11 15:25:00+00:00,2021-11-11 15:30:00+00:00,2021-11-11 16:00:00+00:00,7
11830,11851,0.92249,0.9222954607616929,0.8134936879665358,STOP,0.8984936879665357,0.085,legacy_fixed_r_v1,2021-11-12 02:55:00+00:00,2021-11-12 03:00:00+00:00,2021-11-12 04:40:00+00:00,21
11942,11947,0.92261,0.9230722863180687,-1.0849999999998985,STOP,-0.9999999999998984,0.085,legacy_fixed_r_v1,2021-11-12 12:15:00+00:00,2021-11-12 12:20:00+00:00,2021-11-12 12:40:00+00:00,5
11991,12063,0.92068,0.92082,-0.2793399446955267,TIME,-0.1943399446955267,0.085,legacy_fixed_r_v1,2021-11-12 16:20:00+00:00,2021-11-12 16:25:00+00:00,2021-11-14 22:20:00+00:00,72
12087,12093,0.92106,0.920793015893982,1.003887084803479,STOP,1.088887084803479,0.085,legacy_fixed_r_v1,2021-11-15 00:20:00+00:00,2021-11-15 00:25:00+00:00,2021-11-15 00:50:00+00:00,6
12313,12315,0.92333,0.9238122682202441,-1.0849999999999007,STOP,-0.9999999999999006,0.085,legacy_fixed_r_v1,2021-11-15 19:10:00+00:00,2021-11-15 19:15:00+00:00,2021-11-15 19:20:00+00:00,2
12342,12346,0.92473,0.9251571931154076,-1.0849999999999875,STOP,-0.9999999999999876,0.085,legacy_fixed_r_v1,2021-11-15 21:35:00+00:00,2021-11-15 21:40:00+00:00,2021-11-15 21:55:00+00:00,4
12398,12404,0.92434,0.9239217897572152,1.331969688591809,STOP,1.416969688591809,0.085,legacy_fixed_r_v1,2021-11-16 02:15:00+00:00,2021-11-16 02:20:00+00:00,2021-11-16 02:45:00+00:00,6
12420,12425,0.92382,0.9240198035561029,-1.0850000000001028,STOP,-1.0000000000001028,0.085,legacy_fixed_r_v1,2021-11-16 04:05:00+00:00,2021-11-16 04:10:00+00:00,2021-11-16 04:30:00+00:00,5
12589,12596,0.92978,0.9303054445553841,-1.0849999999999638,STOP,-0.9999999999999637,0.085,legacy_fixed_r_v1,2021-11-16 18:10:00+00:00,2021-11-16 18:15:00+00:00,2021-11-16 18:45:00+00:00,7
12616,12623,0.93039,0.930804973217918,-1.08499999999994,STOP,-0.9999999999999399,0.085,legacy_fixed_r_v1,2021-11-16 20:25:00+00:00,2021-11-16 20:30:00+00:00,2021-11-16 21:00:00+00:00,7
12630,12635,0.93017,0.9299381629943707,0.5138135146350745,STOP,0.5988135146350745,0.085,legacy_fixed_r_v1,2021-11-16 21:35:00+00:00,2021-11-16 21:40:00+00:00,2021-11-16 22:00:00+00:00,5
12719,12722,0.93148,0.9318432096222443,-1.0850000000001179,STOP,-1.000000000000118,0.085,legacy_fixed_r_v1,2021-11-17 05:00:00+00:00,2021-11-17 05:05:00+00:00,2021-11-17 05:15:00+00:00,3
12735,12739,0.93175,0.9315197793904768,0.5317582650967029,STOP,0.6167582650967028,0.085,legacy_fixed_r_v1,2021-11-17 06:20:00+00:00,2021-11-17 06:25:00+00:00,2021-11-17 06:40:00+00:00,4
12783,12790,0.93117,0.9307681134146086,0.6073827487483,STOP,0.6923827487483,0.085,legacy_fixed_r_v1,2021-11-17 10:20:00+00:00,2021-11-17 10:25:00+00:00,2021-11-17 10:55:00+00:00,7
12802,12808,0.93044,0.9301051418291709,0.6185239349138765,STOP,0.7035239349138764,0.085,legacy_fixed_r_v1,2021-11-17 11:55:00+00:00,2021-11-17 12:00:00+00:00,2021-11-17 12:25:00+00:00,6
12862,12872,0.92883,0.9280240401451373,1.0393293543477753,STOP,1.1243293543477753,0.085,legacy_fixed_r_v1,2021-11-17 16:55:00+00:00,2021-11-17 17:00:00+00:00,2021-11-17 17:45:00+00:00,10
12902,12924,0.92824,0.9286720386722283,-1.0850000000001034,STOP,-1.0000000000001035,0.085,legacy_fixed_r_v1,2021-11-17 20:15:00+00:00,2021-11-17 20:20:00+00:00,2021-11-17 22:05:00+00:00,22
12962,12976,0.92802,0.9271114191207562,2.9765763773957703,STOP,3.0615763773957703,0.085,legacy_fixed_r_v1,2021-11-18 01:15:00+00:00,2021-11-18 01:20:00+00:00,2021-11-18 02:25:00+00:00,14
13077,13087,0.92677,0.9273215965088534,-1.085000000000049,STOP,-1.000000000000049,0.085,legacy_fixed_r_v1,2021-11-18 10:50:00+00:00,2021-11-18 10:55:00+00:00,2021-11-18 11:40:00+00:00,10
13151,13223,0.92546,0.92544,-0.05626036673579326,TIME,0.028739633264206747,0.085,legacy_fixed_r_v1,2021-11-18 17:00:00+00:00,2021-11-18 17:05:00+00:00,2021-11-18 23:00:00+00:00,72
13274,13282,0.9267,0.9265757376469694,0.5050753716819928,STOP,0.5900753716819928,0.085,legacy_fixed_r_v1,2021-11-19 03:15:00+00:00,2021-11-19 03:20:00+00:00,2021-11-19 03:55:00+00:00,8
13379,13389,0.92618,0.9270644770594039,-1.0850000000000255,STOP,-1.0000000000000255,0.085,legacy_fixed_r_v1,2021-11-19 12:00:00+00:00,2021-11-19 12:05:00+00:00,2021-11-19 12:50:00+00:00,10
13498,13501,0.92931,0.9279853440882725,3.86046827790344,STOP,3.94546827790344,0.085,legacy_fixed_r_v1,2021-11-19 21:55:00+00:00,2021-11-21 22:00:00+00:00,2021-11-21 22:10:00+00:00,3
13567,13571,0.92932,0.9290853784883434,0.5483690518151746,STOP,0.6333690518151746,0.085,legacy_fixed_r_v1,2021-11-22 03:40:00+00:00,2021-11-22 03:45:00+00:00,2021-11-22 04:00:00+00:00,4
13582,13587,0.92884,0.9291332918099058,-1.084999999999813,STOP,-0.9999999999998129,0.085,legacy_fixed_r_v1,2021-11-22 04:55:00+00:00,2021-11-22 05:00:00+00:00,2021-11-22 05:20:00+00:00,5
13657,13662,0.92788,0.9285060047434159,-1.085000000000031,STOP,-1.000000000000031,0.085,legacy_fixed_r_v1,2021-11-22 11:10:00+00:00,2021-11-22 11:15:00+00:00,2021-11-22 11:35:00+00:00,5
13671,13685,0.92745,0.9270218236674869,0.581268879940048,STOP,0.666268879940048,0.085,legacy_fixed_r_v1,2021-11-22 12:20:00+00:00,2021-11-22 12:25:00+00:00,2021-11-22 13:30:00+00:00,14
13869,13876,0.93255,0.932324198953372,0.7849634086606718,STOP,0.8699634086606718,0.085,legacy_fixed_r_v1,2021-11-23 04:55:00+00:00,2021-11-23 05:00:00+00:00,2021-11-23 05:30:00+00:00,7
13968,13973,0.93198,0.9326396349579159,-1.0849999999999624,STOP,-0.9999999999999625,0.085,legacy_fixed_r_v1,2021-11-23 13:10:00+00:00,2021-11-23 13:15:00+00:00,2021-11-23 13:35:00+00:00,5
14017,14023,0.93223,0.9328552281973103,-1.0850000000000668,STOP,-1.0000000000000668,0.085,legacy_fixed_r_v1,2021-11-23 17:15:00+00:00,2021-11-23 17:20:00+00:00,2021-11-23 17:45:00+00:00,6
14048,14056,0.93318,0.9334773190013508,-1.0850000000000823,STOP,-1.0000000000000824,0.085,legacy_fixed_r_v1,2021-11-23 19:50:00+00:00,2021-11-23 19:55:00+00:00,2021-11-23 20:30:00+00:00,8
14073,14075,0.93334,0.9321416089008432,4.8217221299096655,STOP,4.9067221299096655,0.085,legacy_fixed_r_v1,2021-11-23 21:55:00+00:00,2021-11-23 22:00:00+00:00,2021-11-23 22:05:00+00:00,2
14171,14174,0.93326,0.9335046408861232,-1.085000000000202,STOP,-1.000000000000202,0.085,legacy_fixed_r_v1,2021-11-24 06:05:00+00:00,2021-11-24 06:10:00+00:00,2021-11-24 06:20:00+00:00,3
14313,14320,0.93523,0.9346586849491431,1.1949934826031983,STOP,1.2799934826031982,0.085,legacy_fixed_r_v1,2021-11-24 17:55:00+00:00,2021-11-24 18:00:00+00:00,2021-11-24 18:30:00+00:00,7
14368,14370,0.93478,0.9336813612746167,3.1079206446091887,STOP,3.1929206446091887,0.085,legacy_fixed_r_v1,2021-11-24 22:45:00+00:00,2021-11-24 22:50:00+00:00,2021-11-24 22:55:00+00:00,2
14385,14457,0.93387,0.93338,1.689885524861802,TIME,1.774885524861802,0.085,legacy_fixed_r_v1,2021-11-25 00:10:00+00:00,2021-11-25 00:15:00+00:00,2021-11-25 06:10:00+00:00,72
14652,14655,0.93607,0.9355755483481731,2.7366263120550216,STOP,2.8216263120550216,0.085,legacy_fixed_r_v1,2021-11-25 22:30:00+00:00,2021-11-25 22:35:00+00:00,2021-11-25 22:45:00+00:00,3
14721,14731,0.93303,0.9326999370655311,0.9544862192217431,STOP,1.0394862192217431,0.085,legacy_fixed_r_v1,2021-11-26 04:15:00+00:00,2021-11-26 04:20:00+00:00,2021-11-26 05:05:00+00:00,10
14796,14854,0.92603,0.9248339606750833,1.0384015132214794,STOP,1.1234015132214794,0.085,legacy_fixed_r_v1,2021-11-26 10:30:00+00:00,2021-11-26 10:35:00+00:00,2021-11-26 15:20:00+00:00,58
14885,14908,0.92262,0.9221325898592102,0.47337147063664625,STOP,0.5583714706366463,0.085,legacy_fixed_r_v1,2021-11-26 17:55:00+00:00,2021-11-26 18:00:00+00:00,2021-11-26 19:50:00+00:00,23
14985,15010,0.9255,0.9260582592301301,-1.084999999999928,STOP,-0.999999999999928,0.085,legacy_fixed_r_v1,2021-11-29 02:55:00+00:00,2021-11-29 03:00:00+00:00,2021-11-29 05:00:00+00:00,25
15162,15173,0.92455,0.9242325720876386,0.5587445804699608,STOP,0.6437445804699607,0.085,legacy_fixed_r_v1,2021-11-29 17:40:00+00:00,2021-11-29 17:45:00+00:00,2021-11-29 18:35:00+00:00,11
15191,15214,0.92385,0.9226468641870731,3.0292566628372315,STOP,3.1142566628372315,0.085,legacy_fixed_r_v1,2021-11-29 20:05:00+00:00,2021-11-29 20:10:00+00:00,2021-11-29 22:00:00+00:00,23
15366,15374,0.91753,0.9181272546083873,-1.0850000000000728,STOP,-1.0000000000000728,0.085,legacy_fixed_r_v1,2021-11-30 10:40:00+00:00,2021-11-30 10:45:00+00:00,2021-11-30 11:20:00+00:00,8
15448,15462,0.92061,0.9196508888263846,0.5876687908606689,STOP,0.6726687908606689,0.085,legacy_fixed_r_v1,2021-11-30 17:30:00+00:00,2021-11-30 17:35:00+00:00,2021-11-30 18:40:00+00:00,14
15474,15478,0.91925,0.9188594419554983,0.5164977245718002,STOP,0.6014977245718002,0.085,legacy_fixed_r_v1,2021-11-30 19:40:00+00:00,2021-11-30 19:45:00+00:00,2021-11-30 20:00:00+00:00,4
15489,15496,0.91807,0.918601398014456,-1.084999999999981,STOP,-0.999999999999981,0.085,legacy_fixed_r_v1,2021-11-30 20:55:00+00:00,2021-11-30 21:00:00+00:00,2021-11-30 21:30:00+00:00,7
15561,15572,0.92073,0.920396651339561,0.6505607825031157,STOP,0.7355607825031156,0.085,legacy_fixed_r_v1,2021-12-01 03:00:00+00:00,2021-12-01 03:05:00+00:00,2021-12-01 03:55:00+00:00,11
15609,15613,0.91981,0.9201631893367211,-1.0849999999998652,STOP,-0.9999999999998651,0.085,legacy_fixed_r_v1,2021-12-01 07:00:00+00:00,2021-12-01 07:05:00+00:00,2021-12-01 07:20:00+00:00,4
15640,15654,0.91886,0.9197491595649344,-1.085000000000055,STOP,-1.000000000000055,0.085,legacy_fixed_r_v1,2021-12-01 09:35:00+00:00,2021-12-01 09:40:00+00:00,2021-12-01 10:45:00+00:00,14
15685,15690,0.92067,0.92001365036862,1.0556222787553506,STOP,1.1406222787553506,0.085,legacy_fixed_r_v1,2021-12-01 13:20:00+00:00,2021-12-01 13:25:00+00:00,2021-12-01 13:45:00+00:00,5
15739,15759,0.91917,0.9198662148831224,-1.0849999999999522,STOP,-0.9999999999999521,0.085,legacy_fixed_r_v1,2021-12-01 17:50:00+00:00,2021-12-01 17:55:00+00:00,2021-12-01 19:30:00+00:00,20
15788,15799,0.92063,0.9195340998505164,3.0280785857842916,STOP,3.1130785857842915,0.085,legacy_fixed_r_v1,2021-12-01 21:55:00+00:00,2021-12-01 22:00:00+00:00,2021-12-01 22:50:00+00:00,11
15822,15830,0.92041,0.9198170825153882,2.106162536387213,STOP,2.191162536387213,0.085,legacy_fixed_r_v1,2021-12-02 00:45:00+00:00,2021-12-02 00:50:00+00:00,2021-12-02 01:25:00+00:00,8
15947,15967,0.91915,0.9183734167948922,1.0480075788786432,STOP,1.1330075788786431,0.085,legacy_fixed_r_v1,2021-12-02 11:10:00+00:00,2021-12-02 11:15:00+00:00,2021-12-02 12:50:00+00:00,20
16171,16179,0.92045,0.920661767597702,-1.0849999999998934,STOP,-0.9999999999998933,0.085,legacy_fixed_r_v1,2021-12-03 05:50:00+00:00,2021-12-03 05:55:00+00:00,2021-12-03 06:30:00+00:00,8
16294,16318,0.91935,0.9183544750023943,0.9572121023127551,STOP,1.042212102312755,0.085,legacy_fixed_r_v1,2021-12-03 16:05:00+00:00,2021-12-03 16:10:00+00:00,2021-12-03 18:05:00+00:00,24
16364,16374,0.91793,0.9172590318342345,1.2314489826462045,STOP,1.3164489826462045,0.085,legacy_fixed_r_v1,2021-12-03 21:55:00+00:00,2021-12-05 22:00:00+00:00,2021-12-05 23:00:00+00:00,10
16510,16517,0.92131,0.9219826112961259,-1.0849999999999516,STOP,-0.9999999999999516,0.085,legacy_fixed_r_v1,2021-12-06 10:20:00+00:00,2021-12-06 10:25:00+00:00,2021-12-06 10:55:00+00:00,7
16539,16541,0.9215,0.9219928500537841,-1.0849999999999291,STOP,-0.9999999999999292,0.085,legacy_fixed_r_v1,2021-12-06 12:45:00+00:00,2021-12-06 12:50:00+00:00,2021-12-06 12:55:00+00:00,2
16612,16638,0.92601,0.9254556617059481,1.0818235319118086,STOP,1.1668235319118085,0.085,legacy_fixed_r_v1,2021-12-06 18:50:00+00:00,2021-12-06 18:55:00+00:00,2021-12-06 21:00:00+00:00,26
16650,16652,0.92638,0.9247937167405784,6.137466706033486,STOP,6.222466706033486,0.085,legacy_fixed_r_v1,2021-12-06 22:00:00+00:00,2021-12-06 22:05:00+00:00,2021-12-06 22:10:00+00:00,2
16892,16909,0.92603,0.9247650224406855,2.512826670206499,STOP,2.597826670206499,0.085,legacy_fixed_r_v1,2021-12-07 18:10:00+00:00,2021-12-07 18:15:00+00:00,2021-12-07 19:35:00+00:00,17
16932,16946,0.92457,0.9240040454186256,2.004484325684481,STOP,2.089484325684481,0.085,legacy_fixed_r_v1,2021-12-07 21:30:00+00:00,2021-12-07 21:35:00+00:00,2021-12-07 22:40:00+00:00,14
17015,17022,0.92351,0.9236811595649356,-1.085000000000006,STOP,-1.000000000000006,0.085,legacy_fixed_r_v1,2021-12-08 04:25:00+00:00,2021-12-08 04:30:00+00:00,2021-12-08 05:00:00+00:00,7
17030,17034,0.92348,0.9236235856647681,-1.0849999999999491,STOP,-0.999999999999949,0.085,legacy_fixed_r_v1,2021-12-08 05:40:00+00:00,2021-12-08 05:45:00+00:00,2021-12-08 06:00:00+00:00,4
17088,17096,0.92384,0.9234853440318592,0.4828917789389126,STOP,0.5678917789389126,0.085,legacy_fixed_r_v1,2021-12-08 10:30:00+00:00,2021-12-08 10:35:00+00:00,2021-12-08 11:10:00+00:00,8
17250,17259,0.92018,0.920621392665797,-1.0850000000000655,STOP,-1.0000000000000655,0.085,legacy_fixed_r_v1,2021-12-09 00:05:00+00:00,2021-12-09 00:10:00+00:00,2021-12-09 00:50:00+00:00,9
17293,17298,0.92106,0.9205688695635328,1.8700735661208794,STOP,1.9550735661208793,0.085,legacy_fixed_r_v1,2021-12-09 03:40:00+00:00,2021-12-09 03:45:00+00:00,2021-12-09 04:05:00+00:00,5
17512,17514,0.92414,0.9232796424530364,2.616613207544764,STOP,2.701613207544764,0.085,legacy_fixed_r_v1,2021-12-09 21:55:00+00:00,2021-12-09 22:00:00+00:00,2021-12-09 22:05:00+00:00,2
17541,17555,0.92376,0.9235945394497521,0.545570386176375,STOP,0.630570386176375,0.085,legacy_fixed_r_v1,2021-12-10 00:25:00+00:00,2021-12-10 00:30:00+00:00,2021-12-10 01:35:00+00:00,14
17606,17607,0.92394,0.9240770513324538,-1.0849999999998685,STOP,-0.9999999999998684,0.085,legacy_fixed_r_v1,2021-12-10 05:50:00+00:00,2021-12-10 05:55:00+00:00,2021-12-10 05:55:00+00:00,1
17681,17694,0.92427,0.9247003610255876,-1.0850000000000761,STOP,-1.0000000000000762,0.085,legacy_fixed_r_v1,2021-12-10 12:05:00+00:00,2021-12-10 12:10:00+00:00,2021-12-10 13:10:00+00:00,13
17729,17738,0.92133,0.920346204527652,1.1348400983811382,STOP,1.2198400983811382,0.085,legacy_fixed_r_v1,2021-12-10 16:05:00+00:00,2021-12-10 16:10:00+00:00,2021-12-10 16:50:00+00:00,9
17787,17799,0.92079,0.9206295456798824,0.7300539972544082,STOP,0.8150539972544082,0.085,legacy_fixed_r_v1,2021-12-10 20:55:00+00:00,2021-12-10 21:00:00+00:00,2021-12-10 21:55:00+00:00,12
17843,17844,0.9213,0.9215668708589829,-1.085000000000013,STOP,-1.000000000000013,0.085,legacy_fixed_r_v1,2021-12-13 01:45:00+00:00,2021-12-13 01:50:00+00:00,2021-12-13 01:50:00+00:00,1
17959,17976,0.9241,0.9232157069789992,2.1407905279377415,STOP,2.2257905279377415,0.085,legacy_fixed_r_v1,2021-12-13 11:25:00+00:00,2021-12-13 11:30:00+00:00,2021-12-13 12:50:00+00:00,17
18022,18061,0.92133,0.9220169892205051,-1.0849999999999367,STOP,-0.9999999999999366,0.085,legacy_fixed_r_v1,2021-12-13 16:40:00+00:00,2021-12-13 16:45:00+00:00,2021-12-13 19:55:00+00:00,39
18169,18181,0.92324,0.9230340418527222,0.9640991838572142,STOP,1.0490991838572141,0.085,legacy_fixed_r_v1,2021-12-14 04:55:00+00:00,2021-12-14 05:00:00+00:00,2021-12-14 05:55:00+00:00,12
18245,18256,0.91923,0.9196879086207277,-1.0849999999999698,STOP,-0.9999999999999697,0.085,legacy_fixed_r_v1,2021-12-14 11:15:00+00:00,2021-12-14 11:20:00+00:00,2021-12-14 12:10:00+00:00,11
18315,18324,0.92337,0.9227352491177229,1.125697057967451,STOP,1.210697057967451,0.085,legacy_fixed_r_v1,2021-12-14 17:05:00+00:00,2021-12-14 17:10:00+00:00,2021-12-14 17:50:00+00:00,9
18405,18412,0.92409,0.9234291264773777,3.0710534355582055,STOP,3.1560534355582055,0.085,legacy_fixed_r_v1,2021-12-15 00:35:00+00:00,2021-12-15 00:40:00+00:00,2021-12-15 01:10:00+00:00,7
18449,18461,0.92415,0.923978887479732,0.8173322608846953,STOP,0.9023322608846953,0.085,legacy_fixed_r_v1,2021-12-15 04:15:00+00:00,2021-12-15 04:20:00+00:00,2021-12-15 05:15:00+00:00,12
18541,18548,0.92429,0.9246773694886103,-1.0850000000001119,STOP,-1.000000000000112,0.085,legacy_fixed_r_v1,2021-12-15 11:55:00+00:00,2021-12-15 12:00:00+00:00,2021-12-15 12:30:00+00:00,7
18667,18669,0.92461,0.9235917124691511,1.4600299354677015,STOP,1.5450299354677015,0.085,legacy_fixed_r_v1,2021-12-15 22:25:00+00:00,2021-12-15 22:30:00+00:00,2021-12-15 22:35:00+00:00,2
18711,18714,0.92471,0.924218969679508,1.4791161342419241,STOP,1.564116134241924,0.085,legacy_fixed_r_v1,2021-12-16 02:05:00+00:00,2021-12-16 02:10:00+00:00,2021-12-16 02:20:00+00:00,3
18766,18771,0.92484,0.9242231213734584,2.429978173320773,STOP,2.514978173320773,0.085,legacy_fixed_r_v1,2021-12-16 06:40:00+00:00,2021-12-16 06:45:00+00:00,2021-12-16 07:05:00+00:00,5
18831,18838,0.92466,0.9235914076856766,1.4907951428294692,STOP,1.5757951428294692,0.085,legacy_fixed_r_v1,2021-12-16 12:05:00+00:00,2021-12-16 12:10:00+00:00,2021-12-16 12:40:00+00:00,7
18888,18908,0.92145,0.9205836722747615,1.1918246897187745,STOP,1.2768246897187745,0.085,legacy_fixed_r_v1,2021-12-16 16:50:00+00:00,2021-12-16 16:55:00+00:00,2021-12-16 18:30:00+00:00,20
18950,18956,0.91943,0.9189192420675009,1.8744017181157344,STOP,1.9594017181157344,0.085,legacy_fixed_r_v1,2021-12-16 22:00:00+00:00,2021-12-16 22:05:00+00:00,2021-12-16 22:30:00+00:00,6
19237,19245,0.92504,0.9241299647356905,1.9620324977823045,STOP,2.0470324977823044,0.085,legacy_fixed_r_v1,2021-12-17 21:55:00+00:00,2021-12-19 22:00:00+00:00,2021-12-19 22:35:00+00:00,8
19256,19262,0.92402,0.9234493372525899,1.6533384896461882,STOP,1.7383384896461882,0.085,legacy_fixed_r_v1,2021-12-19 23:30:00+00:00,2021-12-19 23:35:00+00:00,2021-12-20 00:00:00+00:00,6
19297,19328,0.9237,0.9234936382987162,0.5679902094095463,STOP,0.6529902094095462,0.085,legacy_fixed_r_v1,2021-12-20 02:55:00+00:00,2021-12-20 03:00:00+00:00,2021-12-20 05:30:00+00:00,31
19397,19428,0.92354,0.9218546314061908,2.9204160616814643,STOP,3.0054160616814642,0.085,legacy_fixed_r_v1,2021-12-20 11:15:00+00:00,2021-12-20 11:20:00+00:00,2021-12-20 13:50:00+00:00,31
19525,19527,0.92202,0.9197825129001611,7.32510337200757,STOP,7.41010337200757,0.085,legacy_fixed_r_v1,2021-12-20 21:55:00+00:00,2021-12-20 22:10:00+00:00,2021-12-20 22:15:00+00:00,2
19566,19570,0.92138,0.9216219906201009,-1.0850000000001205,STOP,-1.0000000000001206,0.085,legacy_fixed_r_v1,2021-12-21 01:30:00+00:00,2021-12-21 01:35:00+00:00,2021-12-21 01:50:00+00:00,4
19704,19709,0.92194,0.9224970600809083,-1.0850000000000941,STOP,-1.0000000000000941,0.085,legacy_fixed_r_v1,2021-12-21 13:00:00+00:00,2021-12-21 13:05:00+00:00,2021-12-21 13:25:00+00:00,5
19751,19756,0.92431,0.9249372477751197,-1.0850000000000248,STOP,-1.0000000000000249,0.085,legacy_fixed_r_v1,2021-12-21 16:55:00+00:00,2021-12-21 17:00:00+00:00,2021-12-21 17:20:00+00:00,5
19769,19785,0.92466,0.9240079571295877,1.2912280598189716,STOP,1.3762280598189716,0.085,legacy_fixed_r_v1,2021-12-21 18:25:00+00:00,2021-12-21 18:30:00+00:00,2021-12-21 19:45:00+00:00,16
19810,19813,0.92371,0.922929971530561,4.115404138550702,STOP,4.200404138550702,0.085,legacy_fixed_r_v1,2021-12-21 21:50:00+00:00,2021-12-21 21:55:00+00:00,2021-12-21 22:05:00+00:00,3
19857,19859,0.92328,0.9234762778942942,-1.0849999999997646,STOP,-0.9999999999997646,0.085,legacy_fixed_r_v1,2021-12-22 01:45:00+00:00,2021-12-22 01:50:00+00:00,2021-12-22 01:55:00+00:00,2
19876,19882,0.92383,0.9240088134054967,-1.0850000000001767,STOP,-1.0000000000001767,0.085,legacy_fixed_r_v1,2021-12-22 03:20:00+00:00,2021-12-22 03:25:00+00:00,2021-12-22 03:50:00+00:00,6
19896,19897,0.92408,0.9241985716233306,-1.0849999999997744,STOP,-0.9999999999997744,0.085,legacy_fixed_r_v1,2021-12-22 05:00:00+00:00,2021-12-22 05:05:00+00:00,2021-12-22 05:05:00+00:00,1
20074,20077,0.91999,0.9196372692940167,1.3907305069881262,STOP,1.4757305069881261,0.085,legacy_fixed_r_v1,2021-12-22 19:50:00+00:00,2021-12-22 19:55:00+00:00,2021-12-22 20:05:00+00:00,3
20142,20149,0.91904,0.9192751089606049,-1.0849999999998714,STOP,-0.9999999999998713,0.085,legacy_fixed_r_v1,2021-12-23 01:30:00+00:00,2021-12-23 01:35:00+00:00,2021-12-23 02:05:00+00:00,7
20325,20338,0.9187,0.9180883365446684,0.771614494383591,STOP,0.8566144943835909,0.085,legacy_fixed_r_v1,2021-12-23 16:45:00+00:00,2021-12-23 16:50:00+00:00,2021-12-23 17:50:00+00:00,13
20339,20352,0.91771,0.918232254292009,-1.0849999999999933,STOP,-0.9999999999999933,0.085,legacy_fixed_r_v1,2021-12-23 17:55:00+00:00,2021-12-23 18:00:00+00:00,2021-12-23 19:00:00+00:00,13
20375,20380,0.91799,0.9182131926435309,-1.0849999999999795,STOP,-0.9999999999999796,0.085,legacy_fixed_r_v1,2021-12-23 20:55:00+00:00,2021-12-23 21:00:00+00:00,2021-12-23 21:20:00+00:00,5
20467,20475,0.91795,0.916874550352294,3.044740976465237,STOP,3.129740976465237,0.085,legacy_fixed_r_v1,2021-12-24 04:50:00+00:00,2021-12-24 04:55:00+00:00,2021-12-24 05:30:00+00:00,8
20589,20592,0.9195,0.9186398669225045,1.6582098159071792,STOP,1.7432098159071792,0.085,legacy_fixed_r_v1,2021-12-24 15:00:00+00:00,2021-12-24 15:05:00+00:00,2021-12-24 15:15:00+00:00,3
20658,20662,0.92039,0.917348995667096,3.0091090795273674,STOP,3.0941090795273674,0.085,legacy_fixed_r_v1,2021-12-24 21:30:00+00:00,2021-12-24 21:35:00+00:00,2021-12-26 22:15:00+00:00,4
20698,20710,0.91898,0.9193738924286555,-1.0849999999998978,STOP,-0.9999999999998979,0.085,legacy_fixed_r_v1,2021-12-27 01:20:00+00:00,2021-12-27 01:25:00+00:00,2021-12-27 02:20:00+00:00,12
20725,20732,0.91938,0.9192703323243053,0.5384704721770956,STOP,0.6234704721770956,0.085,legacy_fixed_r_v1,2021-12-27 03:35:00+00:00,2021-12-27 03:40:00+00:00,2021-12-27 04:10:00+00:00,7
20803,20812,0.91905,0.9183762965428899,1.2264558393516556,STOP,1.3114558393516556,0.085,legacy_fixed_r_v1,2021-12-27 10:05:00+00:00,2021-12-27 10:10:00+00:00,2021-12-27 10:50:00+00:00,9
20837,20839,0.91871,0.9191567383046696,-1.084999999999895,STOP,-0.9999999999998949,0.085,legacy_fixed_r_v1,2021-12-27 12:55:00+00:00,2021-12-27 13:00:00+00:00,2021-12-27 13:05:00+00:00,2
20902,20952,0.9175,0.917819905935119,-1.0850000000000393,STOP,-1.0000000000000393,0.085,legacy_fixed_r_v1,2021-12-27 18:20:00+00:00,2021-12-27 18:25:00+00:00,2021-12-27 22:30:00+00:00,50
20980,20983,0.91712,0.9169845857874555,0.46973108545165004,STOP,0.5547310854516501,0.085,legacy_fixed_r_v1,2021-12-28 00:50:00+00:00,2021-12-28 00:55:00+00:00,2021-12-28 01:05:00+00:00,3
21002,21007,0.91761,0.9174973101425271,0.588942367293093,STOP,0.673942367293093,0.085,legacy_fixed_r_v1,2021-12-28 02:40:00+00:00,2021-12-28 02:45:00+00:00,2021-12-28 03:05:00+00:00,5
21029,21036,0.91735,0.9174920322735368,-1.0849999999997362,STOP,-0.9999999999997362,0.085,legacy_fixed_r_v1,2021-12-28 04:55:00+00:00,2021-12-28 05:00:00+00:00,2021-12-28 05:30:00+00:00,7
21163,21170,0.91781,0.9167880715544418,1.5157952117693745,STOP,1.6007952117693744,0.085,legacy_fixed_r_v1,2021-12-28 16:05:00+00:00,2021-12-28 16:10:00+00:00,2021-12-28 16:40:00+00:00,7
21179,21185,0.91639,0.9169021543097547,-1.0849999999999074,STOP,-0.9999999999999073,0.085,legacy_fixed_r_v1,2021-12-28 17:25:00+00:00,2021-12-28 17:30:00+00:00,2021-12-28 17:55:00+00:00,6
21240,21243,0.91797,0.9168431710970053,4.023781325716334,STOP,4.108781325716334,0.085,legacy_fixed_r_v1,2021-12-28 22:30:00+00:00,2021-12-28 22:35:00+00:00,2021-12-28 22:45:00+00:00,3
21582,21590,0.9151,0.9153083447337957,-1.0850000000001792,STOP,-1.0000000000001792,0.085,legacy_fixed_r_v1,2021-12-30 03:05:00+00:00,2021-12-30 03:10:00+00:00,2021-12-30 03:45:00+00:00,8
21665,21685,0.91763,0.9156858173213261,4.5653324020453825,STOP,4.6503324020453825,0.085,legacy_fixed_r_v1,2021-12-30 10:00:00+00:00,2021-12-30 10:05:00+00:00,2021-12-30 11:40:00+00:00,20
21695,21701,0.91474,0.9138674506610855,1.6984236157507604,STOP,1.7834236157507604,0.085,legacy_fixed_r_v1,2021-12-30 12:30:00+00:00,2021-12-30 12:35:00+00:00,2021-12-30 13:00:00+00:00,6
21802,21815,0.91387,0.9132780017250616,2.6177825248956452,STOP,2.702782524895645,0.085,legacy_fixed_r_v1,2021-12-30 21:25:00+00:00,2021-12-30 21:30:00+00:00,2021-12-30 22:30:00+00:00,13
21834,21845,0.91373,0.9135356061492218,0.8052381861455857,STOP,0.8902381861455857,0.085,legacy_fixed_r_v1,2021-12-31 00:05:00+00:00,2021-12-31 00:10:00+00:00,2021-12-31 01:00:00+00:00,11
22041,22084,0.91116,0.9119018954155549,-1.0850000000000481,STOP,-1.0000000000000482,0.085,legacy_fixed_r_v1,2021-12-31 17:20:00+00:00,2021-12-31 17:25:00+00:00,2021-12-31 20:55:00+00:00,43
22253,22260,0.91169,0.9123673233865405,-1.0849999999999311,STOP,-0.9999999999999312,0.085,legacy_fixed_r_v1,2022-01-03 11:15:00+00:00,2022-01-03 11:20:00+00:00,2022-01-03 11:50:00+00:00,7
22338,22347,0.91888,0.9185902398233495,0.5406181623574319,STOP,0.6256181623574318,0.085,legacy_fixed_r_v1,2022-01-03 18:20:00+00:00,2022-01-03 18:25:00+00:00,2022-01-03 19:05:00+00:00,9
22356,22358,0.91818,0.9184678073339396,-1.0849999999998967,STOP,-0.9999999999998967,0.085,legacy_fixed_r_v1,2022-01-03 19:50:00+00:00,2022-01-03 19:55:00+00:00,2022-01-03 20:00:00+00:00,2
22383,22385,0.91912,0.9182836571171521,2.4568383378891108,STOP,2.5418383378891107,0.085,legacy_fixed_r_v1,2022-01-03 22:05:00+00:00,2022-01-03 22:10:00+00:00,2022-01-03 22:15:00+00:00,2
22418,22441,0.91747,0.9177817914471379,-1.0849999999999882,STOP,-0.9999999999999882,0.085,legacy_fixed_r_v1,2022-01-04 01:00:00+00:00,2022-01-04 01:05:00+00:00,2022-01-04 02:55:00+00:00,23
22459,22462,0.91839,0.9179042336453319,1.8098711549363342,STOP,1.8948711549363342,0.085,legacy_fixed_r_v1,2022-01-04 04:25:00+00:00,2022-01-04 04:30:00+00:00,2022-01-04 04:40:00+00:00,3
22478,22482,0.91792,0.9181857097835768,-1.0850000000000681,STOP,-1.0000000000000682,0.085,legacy_fixed_r_v1,2022-01-04 06:00:00+00:00,2022-01-04 06:05:00+00:00,2022-01-04 06:20:00+00:00,4
22534,22539,0.91729,0.9179316037934173,-1.08500000000003,STOP,-1.00000000000003,0.085,legacy_fixed_r_v1,2022-01-04 10:40:00+00:00,2022-01-04 10:45:00+00:00,2022-01-04 11:05:00+00:00,5
22657,22671,0.91633,0.9154602600523309,2.4499170737153313,STOP,2.5349170737153313,0.085,legacy_fixed_r_v1,2022-01-04 20:55:00+00:00,2022-01-04 21:00:00+00:00,2022-01-04 22:15:00+00:00,14
22709,22714,0.91621,0.9160269720050155,0.6391217597210757,STOP,0.7241217597210756,0.085,legacy_fixed_r_v1,2022-01-05 01:25:00+00:00,2022-01-05 01:30:00+00:00,2022-01-05 01:50:00+00:00,5
22761,22767,0.91628,0.916014512895552,1.320951472947773,STOP,1.405951472947773,0.085,legacy_fixed_r_v1,2022-01-05 05:45:00+00:00,2022-01-05 05:50:00+00:00,2022-01-05 06:15:00+00:00,6
22872,22877,0.91478,0.9154326429753415,-1.0850000000000268,STOP,-1.0000000000000269,0.085,legacy_fixed_r_v1,2022-01-05 15:00:00+00:00,2022-01-05 15:05:00+00:00,2022-01-05 15:25:00+00:00,5
22954,22957,0.91748,0.9164240283055293,3.1078097935045284,STOP,3.1928097935045283,0.085,legacy_fixed_r_v1,2022-01-05 21:50:00+00:00,2022-01-05 21:55:00+00:00,2022-01-05 22:05:00+00:00,3
23120,23125,0.91777,0.9184293599704293,-1.085,STOP,-0.9999999999999999,0.085,legacy_fixed_r_v1,2022-01-06 11:40:00+00:00,2022-01-06 11:45:00+00:00,2022-01-06 12:05:00+00:00,5
23239,23250,0.92152,0.9211427508073371,1.2542582856591344,STOP,1.3392582856591344,0.085,legacy_fixed_r_v1,2022-01-06 21:35:00+00:00,2022-01-06 21:40:00+00:00,2022-01-06 22:30:00+00:00,11
23330,23333,0.92125,0.9210789880705073,1.1868657069554256,STOP,1.2718657069554256,0.085,legacy_fixed_r_v1,2022-01-07 05:10:00+00:00,2022-01-07 05:15:00+00:00,2022-01-07 05:25:00+00:00,3
23470,23489,0.91951,0.9189500447323239,0.7093284867502778,STOP,0.7943284867502778,0.085,legacy_fixed_r_v1,2022-01-07 16:50:00+00:00,2022-01-07 16:55:00+00:00,2022-01-07 18:25:00+00:00,19
23519,23537,0.91831,0.9186031540835844,-1.0849999999998572,STOP,-0.9999999999998572,0.085,legacy_fixed_r_v1,2022-01-07 20:55:00+00:00,2022-01-07 21:00:00+00:00,2022-01-09 22:25:00+00:00,18
23563,23583,0.91889,0.9191240970918153,-1.0849999999999114,STOP,-0.9999999999999113,0.085,legacy_fixed_r_v1,2022-01-10 00:35:00+00:00,2022-01-10 00:40:00+00:00,2022-01-10 02:15:00+00:00,20
23826,23832,0.92712,0.9268424266051205,0.7585612671914774,STOP,0.8435612671914774,0.085,legacy_fixed_r_v1,2022-01-10 22:30:00+00:00,2022-01-10 22:35:00+00:00,2022-01-10 23:00:00+00:00,6
23847,23863,0.92694,0.9266113079798263,1.416277964924464,STOP,1.5012779649244639,0.085,legacy_fixed_r_v1,2022-01-11 00:15:00+00:00,2022-01-11 00:20:00+00:00,2022-01-11 01:35:00+00:00,16
23903,23905,0.92642,0.9263148807006248,0.5328848142212251,STOP,0.6178848142212251,0.085,legacy_fixed_r_v1,2022-01-11 04:55:00+00:00,2022-01-11 05:00:00+00:00,2022-01-11 05:05:00+00:00,2
24002,24007,0.92644,0.9269187005026398,-1.0850000000000954,STOP,-1.0000000000000955,0.085,legacy_fixed_r_v1,2022-01-11 13:10:00+00:00,2022-01-11 13:15:00+00:00,2022-01-11 13:35:00+00:00,5
24137,24147,0.92326,0.9235132192641841,-1.0849999999999471,STOP,-0.9999999999999472,0.085,legacy_fixed_r_v1,2022-01-12 00:25:00+00:00,2022-01-12 00:30:00+00:00,2022-01-12 01:15:00+00:00,10
24193,24209,0.92326,0.923371006247983,-1.0849999999997748,STOP,-0.9999999999997747,0.085,legacy_fixed_r_v1,2022-01-12 05:05:00+00:00,2022-01-12 05:10:00+00:00,2022-01-12 06:25:00+00:00,16
24280,24292,0.92289,0.9221532377500695,1.4104573751668124,STOP,1.4954573751668123,0.085,legacy_fixed_r_v1,2022-01-12 12:20:00+00:00,2022-01-12 12:25:00+00:00,2022-01-12 13:20:00+00:00,12
24368,24377,0.91353,0.913961322700243,-1.0850000000001216,STOP,-1.0000000000001217,0.085,legacy_fixed_r_v1,2022-01-12 19:40:00+00:00,2022-01-12 19:45:00+00:00,2022-01-12 20:25:00+00:00,9
24420,24422,0.91379,0.9140599621695347,-1.0849999999998419,STOP,-0.9999999999998418,0.085,legacy_fixed_r_v1,2022-01-13 00:05:00+00:00,2022-01-13 00:10:00+00:00,2022-01-13 00:15:00+00:00,2
24446,24450,0.91422,0.9145122893479591,-1.0849999999999045,STOP,-0.9999999999999045,0.085,legacy_fixed_r_v1,2022-01-13 02:15:00+00:00,2022-01-13 02:20:00+00:00,2022-01-13 02:35:00+00:00,4
24555,24572,0.9121,0.9113688169096817,0.9571475689667217,STOP,1.0421475689667217,0.085,legacy_fixed_r_v1,2022-01-13 11:20:00+00:00,2022-01-13 11:25:00+00:00,2022-01-13 12:45:00+00:00,17
24681,24686,0.91128,0.911049438758221,0.7928692877279931,STOP,0.8778692877279931,0.085,legacy_fixed_r_v1,2022-01-13 21:55:00+00:00,2022-01-13 22:00:00+00:00,2022-01-13 22:20:00+00:00,5
24929,24977,0.91356,0.9124481850395707,2.5128286413375696,STOP,2.5978286413375695,0.085,legacy_fixed_r_v1,2022-01-14 18:35:00+00:00,2022-01-14 18:40:00+00:00,2022-01-16 22:35:00+00:00,48
25186,25221,0.91374,0.9143534523925657,-1.085000000000041,STOP,-1.000000000000041,0.085,legacy_fixed_r_v1,2022-01-17 16:00:00+00:00,2022-01-17 16:05:00+00:00,2022-01-17 18:55:00+00:00,35
25295,25309,0.91325,0.9135626939651373,-1.0850000000000695,STOP,-1.0000000000000695,0.085,legacy_fixed_r_v1,2022-01-18 01:15:00+00:00,2022-01-18 01:20:00+00:00,2022-01-18 02:25:00+00:00,14
25362,25366,0.91468,0.9150844955359762,-1.0849999999999689,STOP,-0.9999999999999689,0.085,legacy_fixed_r_v1,2022-01-18 06:50:00+00:00,2022-01-18 06:55:00+00:00,2022-01-18 07:10:00+00:00,4
25432,25434,0.91479,0.9144766323778313,0.5036362962407158,STOP,0.5886362962407158,0.085,legacy_fixed_r_v1,2022-01-18 12:40:00+00:00,2022-01-18 12:45:00+00:00,2022-01-18 12:50:00+00:00,2
25488,25491,0.91661,0.9171222334990999,-1.0849999999999635,STOP,-0.9999999999999636,0.085,legacy_fixed_r_v1,2022-01-18 17:20:00+00:00,2022-01-18 17:25:00+00:00,2022-01-18 17:35:00+00:00,3
25505,25518,0.91713,0.9168146549570172,0.5855912966335373,STOP,0.6705912966335372,0.085,legacy_fixed_r_v1,2022-01-18 18:45:00+00:00,2022-01-18 18:50:00+00:00,2022-01-18 19:50:00+00:00,13
25550,25553,0.91727,0.9168449570158639,1.1405063767386714,STOP,1.2255063767386714,0.085,legacy_fixed_r_v1,2022-01-18 22:30:00+00:00,2022-01-18 22:35:00+00:00,2022-01-18 22:45:00+00:00,3
25576,25579,0.91701,0.917288414282493,-1.0850000000001798,STOP,-1.0000000000001799,0.085,legacy_fixed_r_v1,2022-01-19 00:40:00+00:00,2022-01-19 00:45:00+00:00,2022-01-19 00:55:00+00:00,3
25613,25625,0.91668,0.9162949753876236,1.3068049609217134,STOP,1.3918049609217134,0.085,legacy_fixed_r_v1,2022-01-19 03:45:00+00:00,2022-01-19 03:50:00+00:00,2022-01-19 04:45:00+00:00,12
25724,25730,0.91555,0.9149009566674259,1.461726367312663,STOP,1.546726367312663,0.085,legacy_fixed_r_v1,2022-01-19 13:00:00+00:00,2022-01-19 13:05:00+00:00,2022-01-19 13:30:00+00:00,6
25834,25837,0.91697,0.9155123267319728,3.062721771206153,STOP,3.147721771206153,0.085,legacy_fixed_r_v1,2022-01-19 22:10:00+00:00,2022-01-19 22:15:00+00:00,2022-01-19 22:25:00+00:00,3
25859,25868,0.91559,0.91524539242684,1.1060518393297758,STOP,1.1910518393297758,0.085,legacy_fixed_r_v1,2022-01-20 00:15:00+00:00,2022-01-20 00:20:00+00:00,2022-01-20 01:00:00+00:00,9
25925,25933,0.9154,0.9156646284679058,-1.0849999999998863,STOP,-0.9999999999998863,0.085,legacy_fixed_r_v1,2022-01-20 05:45:00+00:00,2022-01-20 05:50:00+00:00,2022-01-20 06:25:00+00:00,8
26100,26103,0.91708,0.9174422410446592,-1.0850000000000213,STOP,-1.0000000000000213,0.085,legacy_fixed_r_v1,2022-01-20 20:20:00+00:00,2022-01-20 20:25:00+00:00,2022-01-20 20:35:00+00:00,3
26163,26168,0.91642,0.9160275566658341,1.0673353185550811,STOP,1.152335318555081,0.085,legacy_fixed_r_v1,2022-01-21 01:35:00+00:00,2022-01-21 01:40:00+00:00,2022-01-21 02:00:00+00:00,5
26212,26225,0.91523,0.9145943042917459,2.4501179428369393,STOP,2.5351179428369393,0.085,legacy_fixed_r_v1,2022-01-21 05:40:00+00:00,2022-01-21 05:45:00+00:00,2022-01-21 06:45:00+00:00,13
26315,26319,0.91114,0.9116617131698507,-1.0850000000001,STOP,-1.0000000000001001,0.085,legacy_fixed_r_v1,2022-01-21 14:15:00+00:00,2022-01-21 14:20:00+00:00,2022-01-21 14:35:00+00:00,4
26353,26374,0.91178,0.9113567482731976,0.6362667589321771,STOP,0.7212667589321771,0.085,legacy_fixed_r_v1,2022-01-21 17:25:00+00:00,2022-01-21 17:30:00+00:00,2022-01-21 19:10:00+00:00,21
26407,26411,0.9126,0.9112234898052135,3.112754045022231,STOP,3.197754045022231,0.085,legacy_fixed_r_v1,2022-01-21 21:55:00+00:00,2022-01-23 22:00:00+00:00,2022-01-23 22:15:00+00:00,4
26586,26593,0.91175,0.9123158904765596,-1.0850000000000561,STOP,-1.0000000000000562,0.085,legacy_fixed_r_v1,2022-01-24 12:50:00+00:00,2022-01-24 12:55:00+00:00,2022-01-24 13:25:00+00:00,7
26733,26736,0.91419,0.9144672438759749,-1.0850000000000382,STOP,-1.0000000000000382,0.085,legacy_fixed_r_v1,2022-01-25 01:05:00+00:00,2022-01-25 01:10:00+00:00,2022-01-25 01:20:00+00:00,3
26768,26777,0.9151,0.9153601542176822,-1.085000000000145,STOP,-1.000000000000145,0.085,legacy_fixed_r_v1,2022-01-25 04:00:00+00:00,2022-01-25 04:05:00+00:00,2022-01-25 04:45:00+00:00,9
26869,26882,0.91967,0.9192299868884204,0.9004764106035668,STOP,0.9854764106035667,0.085,legacy_fixed_r_v1,2022-01-25 12:25:00+00:00,2022-01-25 12:30:00+00:00,2022-01-25 13:30:00+00:00,13
26938,26961,0.91895,0.9184814594937326,0.9991091606087108,STOP,1.0841091606087108,0.085,legacy_fixed_r_v1,2022-01-25 18:10:00+00:00,2022-01-25 18:15:00+00:00,2022-01-25 20:05:00+00:00,23
26971,26985,0.91813,0.916929925820481,3.529806698427669,STOP,3.6148066984276688,0.085,legacy_fixed_r_v1,2022-01-25 20:55:00+00:00,2022-01-25 21:00:00+00:00,2022-01-25 22:05:00+00:00,14
27010,27020,0.91781,0.9180732335181531,-1.0850000000000235,STOP,-1.0000000000000235,0.085,legacy_fixed_r_v1,2022-01-26 00:10:00+00:00,2022-01-26 00:15:00+00:00,2022-01-26 01:00:00+00:00,10
27032,27038,0.91785,0.9176194892697591,1.4199892871991158,STOP,1.5049892871991157,0.085,legacy_fixed_r_v1,2022-01-26 02:00:00+00:00,2022-01-26 02:05:00+00:00,2022-01-26 02:30:00+00:00,6
27271,27273,0.92425,0.9234945738877818,1.3113377378029478,STOP,1.3963377378029478,0.085,legacy_fixed_r_v1,2022-01-26 21:55:00+00:00,2022-01-26 22:00:00+00:00,2022-01-26 22:05:00+00:00,2
27522,27535,0.93073,0.931269640453511,-1.085000000000015,STOP,-1.000000000000015,0.085,legacy_fixed_r_v1,2022-01-27 18:50:00+00:00,2022-01-27 18:55:00+00:00,2022-01-27 19:55:00+00:00,13
27555,27563,0.93125,0.9306402178646378,1.800981983970002,STOP,1.885981983970002,0.085,legacy_fixed_r_v1,2022-01-27 21:35:00+00:00,2022-01-27 21:40:00+00:00,2022-01-27 22:15:00+00:00,8
27647,27650,0.93013,0.9298648975036061,1.3118065889707853,STOP,1.3968065889707852,0.085,legacy_fixed_r_v1,2022-01-28 05:15:00+00:00,2022-01-28 05:20:00+00:00,2022-01-28 05:30:00+00:00,3
27742,27749,0.93187,0.9303521881901158,2.485107440977377,STOP,2.570107440977377,0.085,legacy_fixed_r_v1,2022-01-28 13:10:00+00:00,2022-01-28 13:15:00+00:00,2022-01-28 13:45:00+00:00,7
27783,27792,0.92985,0.93070385573109,-1.0850000000000304,STOP,-1.0000000000000304,0.085,legacy_fixed_r_v1,2022-01-28 16:35:00+00:00,2022-01-28 16:40:00+00:00,2022-01-28 17:20:00+00:00,9
27821,27829,0.93081,0.9312095454623115,-1.0850000000000901,STOP,-1.0000000000000902,0.085,legacy_fixed_r_v1,2022-01-28 19:45:00+00:00,2022-01-28 19:50:00+00:00,2022-01-28 20:25:00+00:00,8
27843,27848,0.93097,0.9302220937605749,2.4673492795289933,STOP,2.5523492795289933,0.085,legacy_fixed_r_v1,2022-01-28 21:35:00+00:00,2022-01-28 21:40:00+00:00,2022-01-30 22:05:00+00:00,5
27915,27928,0.9312,0.9310004185800379,0.6620700586671744,STOP,0.7470700586671744,0.085,legacy_fixed_r_v1,2022-01-31 03:40:00+00:00,2022-01-31 03:45:00+00:00,2022-01-31 04:45:00+00:00,13
28075,28091,0.92984,0.9279236869355408,2.3796316389122216,STOP,2.4646316389122216,0.085,legacy_fixed_r_v1,2022-01-31 17:00:00+00:00,2022-01-31 17:05:00+00:00,2022-01-31 18:20:00+00:00,16
28190,28197,0.92708,0.9266534066972998,1.8403182753947545,STOP,1.9253182753947544,0.085,legacy_fixed_r_v1,2022-02-01 02:35:00+00:00,2022-02-01 02:40:00+00:00,2022-02-01 03:10:00+00:00,7
28270,28285,0.92297,0.9225175472222533,0.6556205337384333,STOP,0.7406205337384333,0.085,legacy_fixed_r_v1,2022-02-01 09:15:00+00:00,2022-02-01 09:20:00+00:00,2022-02-01 10:30:00+00:00,15
28394,28399,0.92149,0.9219037050634397,-1.0850000000001196,STOP,-1.0000000000001197,0.085,legacy_fixed_r_v1,2022-02-01 19:35:00+00:00,2022-02-01 19:40:00+00:00,2022-02-01 20:00:00+00:00,5
28462,28485,0.92109,0.9213031614939245,-1.0850000000000397,STOP,-1.0000000000000397,0.085,legacy_fixed_r_v1,2022-02-02 01:15:00+00:00,2022-02-02 01:20:00+00:00,2022-02-02 03:10:00+00:00,23
28502,28506,0.92131,0.9209870186145964,2.803232602794511,STOP,2.888232602794511,0.085,legacy_fixed_r_v1,2022-02-02 04:35:00+00:00,2022-02-02 04:40:00+00:00,2022-02-02 04:55:00+00:00,4
28593,28612,0.91864,0.9192217951810349,-1.0849999999999176,STOP,-0.9999999999999176,0.085,legacy_fixed_r_v1,2022-02-02 12:10:00+00:00,2022-02-02 12:15:00+00:00,2022-02-02 13:45:00+00:00,19
28633,28638,0.91874,0.919391482911798,-1.084999999999964,STOP,-0.9999999999999639,0.085,legacy_fixed_r_v1,2022-02-02 15:30:00+00:00,2022-02-02 15:35:00+00:00,2022-02-02 15:55:00+00:00,5
28651,28662,0.91853,0.9181165833146205,0.6023726335868608,STOP,0.6873726335868607,0.085,legacy_fixed_r_v1,2022-02-02 17:00:00+00:00,2022-02-02 17:05:00+00:00,2022-02-02 17:55:00+00:00,11
28759,28770,0.9192,0.9194515108150039,-1.0849999999999407,STOP,-0.9999999999999407,0.085,legacy_fixed_r_v1,2022-02-03 02:00:00+00:00,2022-02-03 02:05:00+00:00,2022-02-03 02:55:00+00:00,11
28880,28885,0.92203,0.9225267741693542,-1.0849999999999207,STOP,-0.9999999999999207,0.085,legacy_fixed_r_v1,2022-02-03 12:05:00+00:00,2022-02-03 12:10:00+00:00,2022-02-03 12:30:00+00:00,5
28931,28935,0.91797,0.9188929902987456,-1.0850000000000286,STOP,-1.0000000000000286,0.085,legacy_fixed_r_v1,2022-02-03 16:20:00+00:00,2022-02-03 16:25:00+00:00,2022-02-03 16:40:00+00:00,4
28991,29005,0.92041,0.9197855325236036,1.413726559527962,STOP,1.498726559527962,0.085,legacy_fixed_r_v1,2022-02-03 21:20:00+00:00,2022-02-03 21:25:00+00:00,2022-02-03 22:30:00+00:00,14
29142,29146,0.92129,0.9219597285848137,-1.08499999999995,STOP,-0.9999999999999499,0.085,legacy_fixed_r_v1,2022-02-04 09:55:00+00:00,2022-02-04 10:00:00+00:00,2022-02-04 10:15:00+00:00,4
29230,29244,0.9244,0.9251750969288501,-1.0850000000000397,STOP,-1.0000000000000397,0.085,legacy_fixed_r_v1,2022-02-04 17:15:00+00:00,2022-02-04 17:20:00+00:00,2022-02-04 18:25:00+00:00,14
29287,29291,0.92592,0.925170287160919,1.9568409062902279,STOP,2.041840906290228,0.085,legacy_fixed_r_v1,2022-02-06 22:00:00+00:00,2022-02-06 22:05:00+00:00,2022-02-06 22:20:00+00:00,4
29312,29331,0.92506,0.9254836430323716,-1.0849999999998792,STOP,-0.9999999999998792,0.085,legacy_fixed_r_v1,2022-02-07 00:05:00+00:00,2022-02-07 00:10:00+00:00,2022-02-07 01:40:00+00:00,19
29381,29390,0.92534,0.9251147595449608,0.9395484932451754,STOP,1.0245484932451754,0.085,legacy_fixed_r_v1,2022-02-07 05:50:00+00:00,2022-02-07 05:55:00+00:00,2022-02-07 06:35:00+00:00,9
29434,29456,0.92431,0.9233375438347126,1.738674786717818,STOP,1.823674786717818,0.085,legacy_fixed_r_v1,2022-02-07 10:15:00+00:00,2022-02-07 10:20:00+00:00,2022-02-07 12:05:00+00:00,22
29536,29552,0.92439,0.923398985930583,2.787996098859908,STOP,2.872996098859908,0.085,legacy_fixed_r_v1,2022-02-07 18:45:00+00:00,2022-02-07 18:50:00+00:00,2022-02-07 20:05:00+00:00,16
29639,29651,0.92408,0.9243404984008217,-1.0849999999999995,STOP,-0.9999999999999996,0.085,legacy_fixed_r_v1,2022-02-08 03:20:00+00:00,2022-02-08 03:25:00+00:00,2022-02-08 04:20:00+00:00,12
29805,29813,0.92425,0.9247325323809804,-1.0849999999999769,STOP,-0.9999999999999768,0.085,legacy_fixed_r_v1,2022-02-08 17:10:00+00:00,2022-02-08 17:15:00+00:00,2022-02-08 17:50:00+00:00,8
29862,29864,0.92519,0.9243311938172478,3.3360910114592146,STOP,3.4210910114592146,0.085,legacy_fixed_r_v1,2022-02-08 21:55:00+00:00,2022-02-08 22:00:00+00:00,2022-02-08 22:05:00+00:00,2
30032,30053,0.92307,0.9225438450518225,1.005183333378361,STOP,1.090183333378361,0.085,legacy_fixed_r_v1,2022-02-09 12:05:00+00:00,2022-02-09 12:10:00+00:00,2022-02-09 13:50:00+00:00,21
30124,30128,0.92365,0.9239701148396173,-1.0850000000000741,STOP,-1.0000000000000742,0.085,legacy_fixed_r_v1,2022-02-09 19:45:00+00:00,2022-02-09 19:50:00+00:00,2022-02-09 20:05:00+00:00,4
30157,30160,0.9245,0.9239459131762614,2.011633438074022,STOP,2.096633438074022,0.085,legacy_fixed_r_v1,2022-02-09 22:30:00+00:00,2022-02-09 22:35:00+00:00,2022-02-09 22:45:00+00:00,3
30208,30216,0.92406,0.9237386864466649,1.4335925753090597,STOP,1.5185925753090597,0.085,legacy_fixed_r_v1,2022-02-10 02:45:00+00:00,2022-02-10 02:50:00+00:00,2022-02-10 03:25:00+00:00,8
30374,30385,0.92303,0.9240115943306385,-1.0849999999999997,STOP,-0.9999999999999998,0.085,legacy_fixed_r_v1,2022-02-10 16:35:00+00:00,2022-02-10 16:40:00+00:00,2022-02-10 17:30:00+00:00,11
30434,30443,0.92596,0.9250631632648684,1.5016633743257095,STOP,1.5866633743257095,0.085,legacy_fixed_r_v1,2022-02-10 21:35:00+00:00,2022-02-10 21:40:00+00:00,2022-02-10 22:20:00+00:00,9
30705,30726,0.92414,0.9251597389594268,-1.084999999999963,STOP,-0.999999999999963,0.085,legacy_fixed_r_v1,2022-02-11 20:10:00+00:00,2022-02-11 20:15:00+00:00,2022-02-11 21:55:00+00:00,21
30795,30802,0.92516,0.9254794000386165,-1.0849999999999287,STOP,-0.9999999999999287,0.085,legacy_fixed_r_v1,2022-02-14 03:45:00+00:00,2022-02-14 03:50:00+00:00,2022-02-14 04:20:00+00:00,7
30818,30823,0.92559,0.9254011441993025,0.6213729462767886,STOP,0.7063729462767886,0.085,legacy_fixed_r_v1,2022-02-14 05:40:00+00:00,2022-02-14 05:45:00+00:00,2022-02-14 06:05:00+00:00,5
30960,30966,0.92606,0.9255629404008366,0.8512802258065137,STOP,0.9362802258065137,0.085,legacy_fixed_r_v1,2022-02-14 17:30:00+00:00,2022-02-14 17:35:00+00:00,2022-02-14 18:00:00+00:00,6
30978,30982,0.92512,0.9255808519168155,-1.0850000000000313,STOP,-1.0000000000000313,0.085,legacy_fixed_r_v1,2022-02-14 19:00:00+00:00,2022-02-14 19:05:00+00:00,2022-02-14 19:20:00+00:00,4
31006,31013,0.92528,0.9245328905234125,1.9607049678713397,STOP,2.0457049678713397,0.085,legacy_fixed_r_v1,2022-02-14 21:20:00+00:00,2022-02-14 21:25:00+00:00,2022-02-14 21:55:00+00:00,7
31173,31203,0.92452,0.9233263088458286,1.7134330779809037,STOP,1.7984330779809037,0.085,legacy_fixed_r_v1,2022-02-15 11:15:00+00:00,2022-02-15 11:20:00+00:00,2022-02-15 13:45:00+00:00,30
31256,31275,0.92591,0.9254354274215649,0.9280440199139146,STOP,1.0130440199139146,0.085,legacy_fixed_r_v1,2022-02-15 18:10:00+00:00,2022-02-15 18:15:00+00:00,2022-02-15 19:45:00+00:00,19
31327,31336,0.92536,0.92556130429123,-1.0850000000000344,STOP,-1.0000000000000344,0.085,legacy_fixed_r_v1,2022-02-16 00:05:00+00:00,2022-02-16 00:10:00+00:00,2022-02-16 00:50:00+00:00,9
31505,31529,0.92307,0.922325086977727,1.0604936197145722,STOP,1.1454936197145722,0.085,legacy_fixed_r_v1,2022-02-16 14:55:00+00:00,2022-02-16 15:00:00+00:00,2022-02-16 16:55:00+00:00,24
31555,31560,0.92117,0.9209248530158799,0.4060210677906321,STOP,0.4910210677906321,0.085,legacy_fixed_r_v1,2022-02-16 19:05:00+00:00,2022-02-16 19:10:00+00:00,2022-02-16 19:30:00+00:00,5
31591,31593,0.92292,0.9217540603024648,2.993427110760677,STOP,3.078427110760677,0.085,legacy_fixed_r_v1,2022-02-16 22:05:00+00:00,2022-02-16 22:10:00+00:00,2022-02-16 22:15:00+00:00,2
31616,31621,0.92128,0.9216242944212292,-1.085000000000121,STOP,-1.000000000000121,0.085,legacy_fixed_r_v1,2022-02-17 00:10:00+00:00,2022-02-17 00:15:00+00:00,2022-02-17 00:35:00+00:00,5
31636,31649,0.92144,0.9217707838313325,-1.0849999999999773,STOP,-0.9999999999999774,0.085,legacy_fixed_r_v1,2022-02-17 01:50:00+00:00,2022-02-17 01:55:00+00:00,2022-02-17 02:55:00+00:00,13
31660,31661,0.92166,0.9219775130222659,-1.08500000000016,STOP,-1.00000000000016,0.085,legacy_fixed_r_v1,2022-02-17 03:50:00+00:00,2022-02-17 03:55:00+00:00,2022-02-17 03:55:00+00:00,1
31745,31781,0.921,0.9201629167028076,1.3097543544217902,STOP,1.3947543544217902,0.085,legacy_fixed_r_v1,2022-02-17 10:55:00+00:00,2022-02-17 11:00:00+00:00,2022-02-17 13:55:00+00:00,36
31839,31854,0.91995,0.9203903282829698,-1.0849999999999924,STOP,-0.9999999999999923,0.085,legacy_fixed_r_v1,2022-02-17 18:45:00+00:00,2022-02-17 18:50:00+00:00,2022-02-17 20:00:00+00:00,15
31878,31884,0.92075,0.9201025738055062,1.8573072178264085,STOP,1.9423072178264085,0.085,legacy_fixed_r_v1,2022-02-17 22:00:00+00:00,2022-02-17 22:05:00+00:00,2022-02-17 22:30:00+00:00,6
31944,31983,0.92121,0.9214786955325522,-1.0849999999999946,STOP,-0.9999999999999946,0.085,legacy_fixed_r_v1,2022-02-18 03:30:00+00:00,2022-02-18 03:35:00+00:00,2022-02-18 06:45:00+00:00,39
32045,32050,0.92076,0.9204572186810307,0.6153599707281839,STOP,0.7003599707281839,0.085,legacy_fixed_r_v1,2022-02-18 11:55:00+00:00,2022-02-18 12:00:00+00:00,2022-02-18 12:20:00+00:00,5
32121,32142,0.92085,0.9213097736405381,-1.0849999999999707,STOP,-0.9999999999999707,0.085,legacy_fixed_r_v1,2022-02-18 18:15:00+00:00,2022-02-18 18:20:00+00:00,2022-02-18 20:00:00+00:00,21
32165,32169,0.9215,0.9208073567080801,1.9267040404281928,STOP,2.0117040404281927,0.085,legacy_fixed_r_v1,2022-02-18 21:55:00+00:00,2022-02-20 22:00:00+00:00,2022-02-20 22:15:00+00:00,4
32249,32270,0.91993,0.9201483140145563,-1.0849999999999211,STOP,-0.9999999999999212,0.085,legacy_fixed_r_v1,2022-02-21 04:55:00+00:00,2022-02-21 05:00:00+00:00,2022-02-21 06:40:00+00:00,21
32325,32336,0.91666,0.9171592912359705,-1.0849999999999862,STOP,-0.9999999999999861,0.085,legacy_fixed_r_v1,2022-02-21 11:15:00+00:00,2022-02-21 11:20:00+00:00,2022-02-21 12:10:00+00:00,11
32346,32351,0.91627,0.9167805239084518,-1.0850000000000375,STOP,-1.0000000000000375,0.085,legacy_fixed_r_v1,2022-02-21 13:00:00+00:00,2022-02-21 13:05:00+00:00,2022-02-21 13:25:00+00:00,5
32447,32455,0.91595,0.9155129152985301,1.7426733090845208,STOP,1.8276733090845207,0.085,legacy_fixed_r_v1,2022-02-21 21:25:00+00:00,2022-02-21 21:30:00+00:00,2022-02-21 22:05:00+00:00,8
32479,32485,0.91565,0.9160191627557039,-1.0849999999999558,STOP,-0.9999999999999558,0.085,legacy_fixed_r_v1,2022-02-22 00:05:00+00:00,2022-02-22 00:10:00+00:00,2022-02-22 00:35:00+00:00,6
32519,32535,0.91599,0.9162605389084819,-1.0850000000000461,STOP,-1.0000000000000462,0.085,legacy_fixed_r_v1,2022-02-22 03:25:00+00:00,2022-02-22 03:30:00+00:00,2022-02-22 04:45:00+00:00,16
32541,32544,0.91599,0.9162622706157262,-1.085000000000137,STOP,-1.000000000000137,0.085,legacy_fixed_r_v1,2022-02-22 05:15:00+00:00,2022-02-22 05:20:00+00:00,2022-02-22 05:30:00+00:00,3
32741,32743,0.92196,0.9206243348046776,4.631620760289651,STOP,4.716620760289651,0.085,legacy_fixed_r_v1,2022-02-22 21:55:00+00:00,2022-02-22 22:00:00+00:00,2022-02-22 22:05:00+00:00,2
32787,32795,0.92076,0.9209581644377958,-1.0850000000001978,STOP,-1.0000000000001978,0.085,legacy_fixed_r_v1,2022-02-23 01:45:00+00:00,2022-02-23 01:50:00+00:00,2022-02-23 02:25:00+00:00,8
32884,32888,0.92052,0.9201782160865889,0.5524492941007132,STOP,0.6374492941007132,0.085,legacy_fixed_r_v1,2022-02-23 09:50:00+00:00,2022-02-23 09:55:00+00:00,2022-02-23 10:10:00+00:00,4
32923,32927,0.91945,0.9190764125896123,0.6248305043178158,STOP,0.7098305043178158,0.085,legacy_fixed_r_v1,2022-02-23 13:05:00+00:00,2022-02-23 13:10:00+00:00,2022-02-23 13:25:00+00:00,4
33008,33012,0.91805,0.9184047152973366,-1.0849999999999393,STOP,-0.9999999999999394,0.085,legacy_fixed_r_v1,2022-02-23 20:10:00+00:00,2022-02-23 20:15:00+00:00,2022-02-23 20:30:00+00:00,4
33029,33031,0.9184,0.9179166136189028,1.7206596365826023,STOP,1.8056596365826023,0.085,legacy_fixed_r_v1,2022-02-23 21:55:00+00:00,2022-02-23 22:00:00+00:00,2022-02-23 22:05:00+00:00,2
33120,33136,0.91835,0.9177316892102192,0.963340096236105,STOP,1.048340096236105,0.085,legacy_fixed_r_v1,2022-02-24 05:30:00+00:00,2022-02-24 05:35:00+00:00,2022-02-24 06:50:00+00:00,16
33260,33265,0.92604,0.925207340681943,0.6845989145693431,STOP,0.769598914569343,0.085,legacy_fixed_r_v1,2022-02-24 17:10:00+00:00,2022-02-24 17:15:00+00:00,2022-02-24 17:35:00+00:00,5
33279,33287,0.92517,0.9259459988803078,-1.0850000000000324,STOP,-1.0000000000000324,0.085,legacy_fixed_r_v1,2022-02-24 18:45:00+00:00,2022-02-24 18:50:00+00:00,2022-02-24 19:25:00+00:00,8
33318,33321,0.92606,0.9250309730001937,1.9153764914274407,STOP,2.0003764914274407,0.085,legacy_fixed_r_v1,2022-02-24 22:05:00+00:00,2022-02-24 22:10:00+00:00,2022-02-24 22:20:00+00:00,3
33346,33351,0.92489,0.9244830767188152,0.7806445771007261,STOP,0.8656445771007261,0.085,legacy_fixed_r_v1,2022-02-25 00:25:00+00:00,2022-02-25 00:30:00+00:00,2022-02-25 00:50:00+00:00,5
33487,33493,0.9257,0.9262822168808406,-1.0849999999999604,STOP,-0.9999999999999605,0.085,legacy_fixed_r_v1,2022-02-25 12:10:00+00:00,2022-02-25 12:15:00+00:00,2022-02-25 12:40:00+00:00,6
33537,33541,0.92703,0.9278085947320851,-1.084999999999987,STOP,-0.999999999999987,0.085,legacy_fixed_r_v1,2022-02-25 16:20:00+00:00,2022-02-25 16:25:00+00:00,2022-02-25 16:40:00+00:00,4
33604,33607,0.92753,0.9258342399051872,4.480463271349672,STOP,4.565463271349672,0.085,legacy_fixed_r_v1,2022-02-25 21:55:00+00:00,2022-02-27 22:00:00+00:00,2022-02-27 22:20:00+00:00,3
33635,33638,0.92593,0.9268009398931512,-1.0849999999999462,STOP,-0.9999999999999463,0.085,legacy_fixed_r_v1,2022-02-28 00:45:00+00:00,2022-02-28 00:50:00+00:00,2022-02-28 01:00:00+00:00,3
33675,33683,0.92667,0.9262618323938138,0.9804332286342989,STOP,1.065433228634299,0.085,legacy_fixed_r_v1,2022-02-28 04:05:00+00:00,2022-02-28 04:10:00+00:00,2022-02-28 04:45:00+00:00,8
33697,33702,0.92614,0.9258130953997837,1.1127292169611618,STOP,1.1977292169611617,0.085,legacy_fixed_r_v1,2022-02-28 05:55:00+00:00,2022-02-28 06:00:00+00:00,2022-02-28 06:20:00+00:00,5
33788,33791,0.921,0.9197791369385078,1.192190329917127,STOP,1.277190329917127,0.085,legacy_fixed_r_v1,2022-02-28 13:30:00+00:00,2022-02-28 13:35:00+00:00,2022-02-28 13:45:00+00:00,3
33802,33811,0.91845,0.9193938271572122,-1.0850000000000548,STOP,-1.0000000000000548,0.085,legacy_fixed_r_v1,2022-02-28 14:40:00+00:00,2022-02-28 14:45:00+00:00,2022-02-28 15:25:00+00:00,9
33833,33837,0.91742,0.9183119841404856,-1.0849999999999729,STOP,-0.9999999999999728,0.085,legacy_fixed_r_v1,2022-02-28 17:15:00+00:00,2022-02-28 17:20:00+00:00,2022-02-28 17:35:00+00:00,4
33850,33854,0.91815,0.917551166241607,0.9840155279135776,STOP,1.0690155279135776,0.085,legacy_fixed_r_v1,2022-02-28 18:40:00+00:00,2022-02-28 18:45:00+00:00,2022-02-28 19:00:00+00:00,4
33879,33904,0.91691,0.9174415393923916,-1.084999999999922,STOP,-0.9999999999999221,0.085,legacy_fixed_r_v1,2022-02-28 21:05:00+00:00,2022-02-28 21:10:00+00:00,2022-02-28 23:15:00+00:00,25
33949,33956,0.91895,0.918618609210969,0.974897935155624,STOP,1.059897935155624,0.085,legacy_fixed_r_v1,2022-03-01 03:00:00+00:00,2022-03-01 03:05:00+00:00,2022-03-01 03:35:00+00:00,7
34025,34030,0.91539,0.9159688544128773,-1.0850000000000384,STOP,-1.0000000000000384,0.085,legacy_fixed_r_v1,2022-03-01 09:20:00+00:00,2022-03-01 09:25:00+00:00,2022-03-01 09:45:00+00:00,5
34116,34118,0.91891,0.9196631335876959,-1.0850000000000701,STOP,-1.0000000000000702,0.085,legacy_fixed_r_v1,2022-03-01 16:55:00+00:00,2022-03-01 17:00:00+00:00,2022-03-01 17:05:00+00:00,2
34137,34166,0.91899,0.9180980932839989,1.2201637411185033,STOP,1.3051637411185033,0.085,legacy_fixed_r_v1,2022-03-01 18:40:00+00:00,2022-03-01 18:45:00+00:00,2022-03-01 21:05:00+00:00,29
34244,34247,0.91983,0.9196178680443549,0.6072340894049043,STOP,0.6922340894049043,0.085,legacy_fixed_r_v1,2022-03-02 03:35:00+00:00,2022-03-02 03:40:00+00:00,2022-03-02 03:50:00+00:00,3
34271,34276,0.91927,0.9189376527498438,1.2113901142847554,STOP,1.2963901142847554,0.085,legacy_fixed_r_v1,2022-03-02 05:50:00+00:00,2022-03-02 05:55:00+00:00,2022-03-02 06:15:00+00:00,5
34418,34426,0.92156,0.9206401031708985,1.176363898709131,STOP,1.261363898709131,0.085,legacy_fixed_r_v1,2022-03-02 18:05:00+00:00,2022-03-02 18:10:00+00:00,2022-03-02 18:45:00+00:00,8
34465,34467,0.92048,0.9201590914903921,0.8339897333993521,STOP,0.9189897333993521,0.085,legacy_fixed_r_v1,2022-03-02 22:00:00+00:00,2022-03-02 22:05:00+00:00,2022-03-02 22:10:00+00:00,2
34704,34712,0.91987,0.919208052891846,0.9363436940819692,STOP,1.0213436940819691,0.085,legacy_fixed_r_v1,2022-03-03 17:55:00+00:00,2022-03-03 18:00:00+00:00,2022-03-03 18:35:00+00:00,8
34729,34747,0.91883,0.918279227917099,1.1710120235546055,STOP,1.2560120235546055,0.085,legacy_fixed_r_v1,2022-03-03 20:00:00+00:00,2022-03-03 20:05:00+00:00,2022-03-03 21:30:00+00:00,18
34816,34835,0.9188,0.9184446003778118,0.5694506633924872,STOP,0.6544506633924871,0.085,legacy_fixed_r_v1,2022-03-04 03:15:00+00:00,2022-03-04 03:20:00+00:00,2022-03-04 04:50:00+00:00,19
34840,34846,0.91828,0.918690764762271,-1.08499999999997,STOP,-0.9999999999999699,0.085,legacy_fixed_r_v1,2022-03-04 05:15:00+00:00,2022-03-04 05:20:00+00:00,2022-03-04 05:45:00+00:00,6
34967,34995,0.91821,0.9192595622483417,-1.085000000000052,STOP,-1.000000000000052,0.085,legacy_fixed_r_v1,2022-03-04 15:50:00+00:00,2022-03-04 15:55:00+00:00,2022-03-04 18:10:00+00:00,28
35002,35012,0.91802,0.9175854522350821,0.5349631655251044,STOP,0.6199631655251043,0.085,legacy_fixed_r_v1,2022-03-04 18:45:00+00:00,2022-03-04 18:50:00+00:00,2022-03-04 19:35:00+00:00,10
35028,35041,0.91694,0.9162335475610858,1.0724206490943753,STOP,1.1574206490943753,0.085,legacy_fixed_r_v1,2022-03-04 20:55:00+00:00,2022-03-04 21:00:00+00:00,2022-03-06 22:00:00+00:00,13
35103,35130,0.92026,0.9208445018176936,-1.0849999999999373,STOP,-0.9999999999999373,0.085,legacy_fixed_r_v1,2022-03-07 03:10:00+00:00,2022-03-07 03:15:00+00:00,2022-03-07 05:25:00+00:00,27
35209,35216,0.92464,0.9241336177806206,0.6337531681454202,STOP,0.7187531681454201,0.085,legacy_fixed_r_v1,2022-03-07 12:00:00+00:00,2022-03-07 12:05:00+00:00,2022-03-07 12:35:00+00:00,7
35271,35283,0.92578,0.9265910753440213,-1.0849999999999342,STOP,-0.9999999999999343,0.085,legacy_fixed_r_v1,2022-03-07 17:10:00+00:00,2022-03-07 17:15:00+00:00,2022-03-07 18:10:00+00:00,12
35343,35344,0.92547,0.9258210087149574,-1.0850000000001447,STOP,-1.0000000000001448,0.085,legacy_fixed_r_v1,2022-03-07 23:10:00+00:00,2022-03-07 23:15:00+00:00,2022-03-07 23:15:00+00:00,1
35482,35489,0.92779,0.9265245026309361,1.5870649239867478,STOP,1.6720649239867478,0.085,legacy_fixed_r_v1,2022-03-08 10:45:00+00:00,2022-03-08 10:50:00+00:00,2022-03-08 11:20:00+00:00,7
35531,35533,0.92731,0.9280945997475974,-1.0850000000000688,STOP,-1.0000000000000688,0.085,legacy_fixed_r_v1,2022-03-08 14:50:00+00:00,2022-03-08 14:55:00+00:00,2022-03-08 15:00:00+00:00,2
35560,35629,0.9287,0.9295784323209706,-1.084999999999983,STOP,-0.999999999999983,0.085,legacy_fixed_r_v1,2022-03-08 17:15:00+00:00,2022-03-08 17:20:00+00:00,2022-03-08 23:05:00+00:00,69
35677,35705,0.92926,0.9279167684300074,4.524169010837533,STOP,4.609169010837533,0.085,legacy_fixed_r_v1,2022-03-09 03:05:00+00:00,2022-03-09 03:10:00+00:00,2022-03-09 05:25:00+00:00,28
35799,35802,0.92756,0.9281549268067251,-1.0849999999999276,STOP,-0.9999999999999275,0.085,legacy_fixed_r_v1,2022-03-09 13:15:00+00:00,2022-03-09 13:20:00+00:00,2022-03-09 13:30:00+00:00,3
35876,35898,0.9263,0.9267921302966021,-1.085000000000106,STOP,-1.0000000000001061,0.085,legacy_fixed_r_v1,2022-03-09 19:40:00+00:00,2022-03-09 19:45:00+00:00,2022-03-09 21:30:00+00:00,22
35904,35907,0.92676,0.9259806204297547,1.9312063290676669,STOP,2.016206329067667,0.085,legacy_fixed_r_v1,2022-03-09 22:00:00+00:00,2022-03-09 22:05:00+00:00,2022-03-09 22:15:00+00:00,3
35958,35970,0.9279,0.928238801547392,-1.0849999999998445,STOP,-0.9999999999998445,0.085,legacy_fixed_r_v1,2022-03-10 02:30:00+00:00,2022-03-10 02:35:00+00:00,2022-03-10 03:30:00+00:00,12
35999,36007,0.92769,0.9268788667242238,3.0195340026670876,STOP,3.1045340026670876,0.085,legacy_fixed_r_v1,2022-03-10 05:55:00+00:00,2022-03-10 06:00:00+00:00,2022-03-10 06:35:00+00:00,8
36111,36119,0.92917,0.9279433011190705,0.9683877955568287,STOP,1.0533877955568287,0.085,legacy_fixed_r_v1,2022-03-10 15:15:00+00:00,2022-03-10 15:20:00+00:00,2022-03-10 15:55:00+00:00,8
36156,36179,0.9301,0.9305398941454323,-1.0849999999999593,STOP,-0.9999999999999593,0.085,legacy_fixed_r_v1,2022-03-10 19:00:00+00:00,2022-03-10 19:05:00+00:00,2022-03-10 20:55:00+00:00,23
36189,36193,0.93034,0.9291460531146079,4.2455545515062845,STOP,4.330554551506284,0.085,legacy_fixed_r_v1,2022-03-10 21:45:00+00:00,2022-03-10 21:50:00+00:00,2022-03-10 22:05:00+00:00,4
36214,36221,0.92957,0.929347837935564,0.5395275630787683,STOP,0.6245275630787682,0.085,legacy_fixed_r_v1,2022-03-10 23:50:00+00:00,2022-03-10 23:55:00+00:00,2022-03-11 00:25:00+00:00,7
36241,36272,0.9301,0.9296583052058242,1.2326517487514104,STOP,1.3176517487514103,0.085,legacy_fixed_r_v1,2022-03-11 02:05:00+00:00,2022-03-11 02:10:00+00:00,2022-03-11 04:40:00+00:00,31
36340,36352,0.93028,0.9309608951093731,-1.084999999999941,STOP,-0.9999999999999409,0.085,legacy_fixed_r_v1,2022-03-11 10:20:00+00:00,2022-03-11 10:25:00+00:00,2022-03-11 11:20:00+00:00,12
36373,36380,0.93088,0.9315185275674781,-1.0849999999999924,STOP,-0.9999999999999923,0.085,legacy_fixed_r_v1,2022-03-11 13:05:00+00:00,2022-03-11 13:10:00+00:00,2022-03-11 13:40:00+00:00,7
36470,36476,0.93454,0.9348490165727997,-1.085000000000045,STOP,-1.000000000000045,0.085,legacy_fixed_r_v1,2022-03-11 21:10:00+00:00,2022-03-11 21:15:00+00:00,2022-03-11 21:40:00+00:00,6
36558,36575,0.93598,0.9355250849772323,1.3430293463541165,STOP,1.4280293463541165,0.085,legacy_fixed_r_v1,2022-03-14 03:35:00+00:00,2022-03-14 03:40:00+00:00,2022-03-14 05:00:00+00:00,17
36663,36666,0.93471,0.9353503851971924,-1.0850000000000453,STOP,-1.0000000000000453,0.085,legacy_fixed_r_v1,2022-03-14 12:20:00+00:00,2022-03-14 12:25:00+00:00,2022-03-14 12:35:00+00:00,3
36684,36695,0.93478,0.9344645703498473,0.4055956177628584,STOP,0.4905956177628584,0.085,legacy_fixed_r_v1,2022-03-14 14:05:00+00:00,2022-03-14 14:10:00+00:00,2022-03-14 15:00:00+00:00,11
36767,36769,0.93864,0.9380773916869478,1.306278990979163,STOP,1.391278990979163,0.085,legacy_fixed_r_v1,2022-03-14 21:00:00+00:00,2022-03-14 21:05:00+00:00,2022-03-14 21:10:00+00:00,2
36847,36856,0.93846,0.938274619930182,0.4676951980039901,STOP,0.5526951980039901,0.085,legacy_fixed_r_v1,2022-03-15 03:40:00+00:00,2022-03-15 03:45:00+00:00,2022-03-15 04:25:00+00:00,9
36947,36958,0.93843,0.9391260397465881,-1.0849999999999969,STOP,-0.9999999999999969,0.085,legacy_fixed_r_v1,2022-03-15 12:00:00+00:00,2022-03-15 12:05:00+00:00,2022-03-15 12:55:00+00:00,11
37055,37058,0.94162,0.9410757986939212,1.3661327748235383,STOP,1.4511327748235383,0.085,legacy_fixed_r_v1,2022-03-15 21:00:00+00:00,2022-03-15 21:05:00+00:00,2022-03-15 21:15:00+00:00,3
37112,37125,0.9403,0.9394325273118119,2.444273615604444,STOP,2.5292736156044437,0.085,legacy_fixed_r_v1,2022-03-16 01:45:00+00:00,2022-03-16 01:50:00+00:00,2022-03-16 02:50:00+00:00,13
37229,37232,0.94019,0.9396456236779975,0.808247840397551,STOP,0.893247840397551,0.085,legacy_fixed_r_v1,2022-03-16 11:30:00+00:00,2022-03-16 11:35:00+00:00,2022-03-16 11:45:00+00:00,3
37513,37517,0.9395,0.9400595126359191,-1.084999999999957,STOP,-0.999999999999957,0.085,legacy_fixed_r_v1,2022-03-17 11:10:00+00:00,2022-03-17 11:15:00+00:00,2022-03-17 11:30:00+00:00,4
37540,37556,0.93945,0.9374987355193409,3.1536037542190942,STOP,3.238603754219094,0.085,legacy_fixed_r_v1,2022-03-17 13:25:00+00:00,2022-03-17 13:30:00+00:00,2022-03-17 14:45:00+00:00,16
37567,37572,0.93628,0.9353071936921112,1.5096883056593429,STOP,1.5946883056593428,0.085,legacy_fixed_r_v1,2022-03-17 15:40:00+00:00,2022-03-17 15:45:00+00:00,2022-03-17 16:05:00+00:00,5
37664,37667,0.93639,0.9359219393879684,2.0499994832643256,STOP,2.1349994832643255,0.085,legacy_fixed_r_v1,2022-03-17 23:50:00+00:00,2022-03-17 23:55:00+00:00,2022-03-18 00:05:00+00:00,3
37833,37837,0.9358,0.9353755692308393,0.6615284868515686,STOP,0.7465284868515686,0.085,legacy_fixed_r_v1,2022-03-18 13:55:00+00:00,2022-03-18 14:00:00+00:00,2022-03-18 14:15:00+00:00,4
37847,37862,0.93475,0.9326578869680962,3.6008778101498784,STOP,3.6858778101498784,0.085,legacy_fixed_r_v1,2022-03-18 15:05:00+00:00,2022-03-18 15:10:00+00:00,2022-03-18 16:20:00+00:00,15
37893,37919,0.93187,0.9310572857416417,1.4505969368496612,STOP,1.5355969368496611,0.085,legacy_fixed_r_v1,2022-03-18 18:55:00+00:00,2022-03-18 19:00:00+00:00,2022-03-20 21:15:00+00:00,26
37955,37957,0.93251,0.9322090325175202,0.7237328775238777,STOP,0.8087328775238777,0.085,legacy_fixed_r_v1,2022-03-21 00:15:00+00:00,2022-03-21 00:20:00+00:00,2022-03-21 00:25:00+00:00,2
38022,38023,0.93325,0.9334326264064743,-1.0849999999998263,STOP,-0.9999999999998264,0.085,legacy_fixed_r_v1,2022-03-21 05:50:00+00:00,2022-03-21 05:55:00+00:00,2022-03-21 05:55:00+00:00,1
38077,38083,0.93012,0.9308159988511643,-1.0850000000000644,STOP,-1.0000000000000644,0.085,legacy_fixed_r_v1,2022-03-21 10:25:00+00:00,2022-03-21 10:30:00+00:00,2022-03-21 10:55:00+00:00,6
38136,38142,0.92973,0.9303024767636299,-1.0850000000000133,STOP,-1.0000000000000133,0.085,legacy_fixed_r_v1,2022-03-21 15:20:00+00:00,2022-03-21 15:25:00+00:00,2022-03-21 15:50:00+00:00,6
38281,38291,0.93533,0.9356790571406463,-1.0849999999999018,STOP,-0.9999999999999017,0.085,legacy_fixed_r_v1,2022-03-22 03:25:00+00:00,2022-03-22 03:30:00+00:00,2022-03-22 04:15:00+00:00,10
38370,38378,0.93527,0.9341906134412987,1.5135453797699974,STOP,1.5985453797699973,0.085,legacy_fixed_r_v1,2022-03-22 10:50:00+00:00,2022-03-22 10:55:00+00:00,2022-03-22 11:30:00+00:00,8
38501,38503,0.9331,0.9323971884940556,2.9093355130770617,STOP,2.9943355130770617,0.085,legacy_fixed_r_v1,2022-03-22 21:45:00+00:00,2022-03-22 21:50:00+00:00,2022-03-22 21:55:00+00:00,2
38593,38597,0.93452,0.9342013439772153,1.010040025198092,STOP,1.095040025198092,0.085,legacy_fixed_r_v1,2022-03-23 05:25:00+00:00,2022-03-23 05:30:00+00:00,2022-03-23 05:45:00+00:00,4
38659,38663,0.9348,0.9344056427543015,0.6213811047649901,STOP,0.70638110476499,0.085,legacy_fixed_r_v1,2022-03-23 10:55:00+00:00,2022-03-23 11:00:00+00:00,2022-03-23 11:15:00+00:00,4
38745,38753,0.93067,0.9303405439618248,0.515311539029618,STOP,0.600311539029618,0.085,legacy_fixed_r_v1,2022-03-23 18:05:00+00:00,2022-03-23 18:10:00+00:00,2022-03-23 18:45:00+00:00,8
38770,38782,0.93068,0.9298901100552124,2.43741522336892,STOP,2.52241522336892,0.085,legacy_fixed_r_v1,2022-03-23 20:10:00+00:00,2022-03-23 20:15:00+00:00,2022-03-23 21:10:00+00:00,12
38808,38817,0.93073,0.9309902523516465,-1.0849999999999937,STOP,-0.9999999999999938,0.085,legacy_fixed_r_v1,2022-03-23 23:20:00+00:00,2022-03-23 23:25:00+00:00,2022-03-24 00:05:00+00:00,9
38853,38856,0.93169,0.9315234958979142,0.631055432384866,STOP,0.716055432384866,0.085,legacy_fixed_r_v1,2022-03-24 03:05:00+00:00,2022-03-24 03:10:00+00:00,2022-03-24 03:20:00+00:00,3
38942,38956,0.9316,0.9309632877455061,0.7580702400673786,STOP,0.8430702400673785,0.085,legacy_fixed_r_v1,2022-03-24 10:30:00+00:00,2022-03-24 10:35:00+00:00,2022-03-24 11:40:00+00:00,14
38995,38999,0.93113,0.9308035335511154,0.4054546223399851,STOP,0.4904546223399851,0.085,legacy_fixed_r_v1,2022-03-24 14:55:00+00:00,2022-03-24 15:00:00+00:00,2022-03-24 15:15:00+00:00,4
39029,39044,0.9309,0.9305375519592691,0.6377361924879517,STOP,0.7227361924879516,0.085,legacy_fixed_r_v1,2022-03-24 17:45:00+00:00,2022-03-24 17:50:00+00:00,2022-03-24 19:00:00+00:00,15
39064,39070,0.9304,0.9300277742548125,1.3331970333637166,STOP,1.4181970333637166,0.085,legacy_fixed_r_v1,2022-03-24 20:40:00+00:00,2022-03-24 20:45:00+00:00,2022-03-24 21:10:00+00:00,6
39085,39090,0.93014,0.9298217396619977,2.146947390827231,STOP,2.231947390827231,0.085,legacy_fixed_r_v1,2022-03-24 22:25:00+00:00,2022-03-24 22:30:00+00:00,2022-03-24 22:50:00+00:00,5
39155,39162,0.92624,0.9267448191684268,-1.085000000000023,STOP,-1.000000000000023,0.085,legacy_fixed_r_v1,2022-03-25 04:15:00+00:00,2022-03-25 04:20:00+00:00,2022-03-25 04:50:00+00:00,7
39187,39203,0.92711,0.9269333289504814,0.3622875169995525,STOP,0.4472875169995525,0.085,legacy_fixed_r_v1,2022-03-25 06:55:00+00:00,2022-03-25 07:00:00+00:00,2022-03-25 08:15:00+00:00,16
39219,39221,0.92653,0.9271292316349197,-1.084999999999923,STOP,-0.999999999999923,0.085,legacy_fixed_r_v1,2022-03-25 09:35:00+00:00,2022-03-25 09:40:00+00:00,2022-03-25 09:45:00+00:00,2
39353,39358,0.9305,0.9299258697847934,2.0977520123017284,STOP,2.1827520123017283,0.085,legacy_fixed_r_v1,2022-03-25 20:45:00+00:00,2022-03-25 20:50:00+00:00,2022-03-27 21:15:00+00:00,5
39391,39397,0.93104,0.9314064122632963,-1.084999999999999,STOP,-0.9999999999999991,0.085,legacy_fixed_r_v1,2022-03-28 00:00:00+00:00,2022-03-28 00:05:00+00:00,2022-03-28 00:30:00+00:00,6
39585,39598,0.93425,0.9336880654361817,0.7619682291215153,STOP,0.8469682291215153,0.085,legacy_fixed_r_v1,2022-03-28 16:10:00+00:00,2022-03-28 16:15:00+00:00,2022-03-28 17:15:00+00:00,13
39667,39676,0.93412,0.93364469623965,1.4380859258351884,STOP,1.5230859258351883,0.085,legacy_fixed_r_v1,2022-03-28 23:10:00+00:00,2022-03-28 23:15:00+00:00,2022-03-28 23:55:00+00:00,9
39713,39721,0.93287,0.9334384718883296,-1.0850000000000946,STOP,-1.0000000000000946,0.085,legacy_fixed_r_v1,2022-03-29 03:00:00+00:00,2022-03-29 03:05:00+00:00,2022-03-29 03:40:00+00:00,8
39818,39832,0.93485,0.9328825702045964,2.798243746641376,STOP,2.883243746641376,0.085,legacy_fixed_r_v1,2022-03-29 11:45:00+00:00,2022-03-29 11:50:00+00:00,2022-03-29 12:55:00+00:00,14
39894,39912,0.9317,0.9308569720736077,1.5358632386924274,STOP,1.6208632386924273,0.085,legacy_fixed_r_v1,2022-03-29 18:05:00+00:00,2022-03-29 18:10:00+00:00,2022-03-29 19:35:00+00:00,18
39929,39931,0.93116,0.9306137265343061,1.9443966993345887,STOP,2.0293966993345887,0.085,legacy_fixed_r_v1,2022-03-29 21:00:00+00:00,2022-03-29 21:05:00+00:00,2022-03-29 21:10:00+00:00,2
39965,39969,0.93082,0.9305422400851748,0.9746284592116337,STOP,1.0596284592116336,0.085,legacy_fixed_r_v1,2022-03-30 00:00:00+00:00,2022-03-30 00:05:00+00:00,2022-03-30 00:20:00+00:00,4
40018,40021,0.92801,0.9285346425184035,-1.0849999999999822,STOP,-0.9999999999999822,0.085,legacy_fixed_r_v1,2022-03-30 04:25:00+00:00,2022-03-30 04:30:00+00:00,2022-03-30 04:40:00+00:00,3
40039,40042,0.92819,0.9278041905852414,0.7219258019505286,STOP,0.8069258019505285,0.085,legacy_fixed_r_v1,2022-03-30 06:10:00+00:00,2022-03-30 06:15:00+00:00,2022-03-30 06:25:00+00:00,3
40067,40077,0.9269,0.9247693221900362,3.175952771494756,STOP,3.260952771494756,0.085,legacy_fixed_r_v1,2022-03-30 08:30:00+00:00,2022-03-30 08:35:00+00:00,2022-03-30 09:20:00+00:00,10
40167,40172,0.92284,0.9233764009526636,-1.0850000000000324,STOP,-1.0000000000000324,0.085,legacy_fixed_r_v1,2022-03-30 16:50:00+00:00,2022-03-30 16:55:00+00:00,2022-03-30 17:15:00+00:00,5
40217,40219,0.92326,0.9224436776768237,2.3008475639027783,STOP,2.3858475639027783,0.085,legacy_fixed_r_v1,2022-03-30 21:00:00+00:00,2022-03-30 21:05:00+00:00,2022-03-30 21:10:00+00:00,2
40322,40326,0.92455,0.9236220225621714,2.8452943634696592,STOP,2.930294363469659,0.085,legacy_fixed_r_v1,2022-03-31 05:55:00+00:00,2022-03-31 06:00:00+00:00,2022-03-31 06:15:00+00:00,4
40399,40402,0.92432,0.9237563047354728,0.7827254272618561,STOP,0.8677254272618561,0.085,legacy_fixed_r_v1,2022-03-31 12:20:00+00:00,2022-03-31 12:25:00+00:00,2022-03-31 12:35:00+00:00,3
40459,40462,0.92143,0.9220815036301663,-1.0850000000000535,STOP,-1.0000000000000535,0.085,legacy_fixed_r_v1,2022-03-31 17:20:00+00:00,2022-03-31 17:25:00+00:00,2022-03-31 17:35:00+00:00,3
40500,40504,0.92313,0.9222944399980468,2.1822184677620124,STOP,2.2672184677620124,0.085,legacy_fixed_r_v1,2022-03-31 20:45:00+00:00,2022-03-31 20:50:00+00:00,2022-03-31 21:05:00+00:00,4
40596,40598,0.92436,0.9241896956105029,0.4951049001169526,STOP,0.5801049001169526,0.085,legacy_fixed_r_v1,2022-04-01 04:45:00+00:00,2022-04-01 04:50:00+00:00,2022-04-01 04:55:00+00:00,2
40730,40783,0.92568,0.9248591401820483,1.0746523543815958,STOP,1.1596523543815958,0.085,legacy_fixed_r_v1,2022-04-01 15:55:00+00:00,2022-04-01 16:00:00+00:00,2022-04-01 20:20:00+00:00,53
40816,40831,0.92607,0.9250914095158603,2.2260100518977723,STOP,2.3110100518977723,0.085,legacy_fixed_r_v1,2022-04-03 23:10:00+00:00,2022-04-03 23:15:00+00:00,2022-04-04 00:25:00+00:00,15
40866,40873,0.92612,0.926413155244917,-1.0849999999998161,STOP,-0.9999999999998161,0.085,legacy_fixed_r_v1,2022-04-04 03:20:00+00:00,2022-04-04 03:25:00+00:00,2022-04-04 03:55:00+00:00,7
40898,40899,0.92575,0.926054123271794,-1.0849999999998716,STOP,-0.9999999999998717,0.085,legacy_fixed_r_v1,2022-04-04 06:00:00+00:00,2022-04-04 06:05:00+00:00,2022-04-04 06:05:00+00:00,1
41039,41051,0.92651,0.9262146569781188,0.6693912427248977,STOP,0.7543912427248977,0.085,legacy_fixed_r_v1,2022-04-04 17:45:00+00:00,2022-04-04 17:50:00+00:00,2022-04-04 18:45:00+00:00,12
41071,41076,0.92625,0.9264891363329991,-1.0850000000000253,STOP,-1.0000000000000253,0.085,legacy_fixed_r_v1,2022-04-04 20:25:00+00:00,2022-04-04 20:30:00+00:00,2022-04-04 20:50:00+00:00,5
41100,41113,0.92625,0.9263792275837226,-1.0850000000000102,STOP,-1.0000000000000102,0.085,legacy_fixed_r_v1,2022-04-04 22:50:00+00:00,2022-04-04 22:55:00+00:00,2022-04-04 23:55:00+00:00,13
41180,41185,0.92624,0.925934994281728,1.0696167645896788,STOP,1.1546167645896788,0.085,legacy_fixed_r_v1,2022-04-05 05:30:00+00:00,2022-04-05 05:35:00+00:00,2022-04-05 05:55:00+00:00,5
41229,41232,0.92549,0.9251562628601153,0.6115303855227171,STOP,0.6965303855227171,0.085,legacy_fixed_r_v1,2022-04-05 09:35:00+00:00,2022-04-05 09:40:00+00:00,2022-04-05 09:50:00+00:00,3
41249,41261,0.92532,0.9246412263219111,1.3710789463230992,STOP,1.4560789463230992,0.085,legacy_fixed_r_v1,2022-04-05 11:15:00+00:00,2022-04-05 11:20:00+00:00,2022-04-05 12:15:00+00:00,12
41276,41282,0.92406,0.9245906249735676,-1.0850000000000601,STOP,-1.0000000000000602,0.085,legacy_fixed_r_v1,2022-04-05 13:30:00+00:00,2022-04-05 13:35:00+00:00,2022-04-05 14:00:00+00:00,6
41322,41338,0.92897,0.929500792672148,-1.0849999999998994,STOP,-0.9999999999998993,0.085,legacy_fixed_r_v1,2022-04-05 17:20:00+00:00,2022-04-05 17:25:00+00:00,2022-04-05 18:40:00+00:00,16
41372,41378,0.92982,0.9292709917810696,2.1581924196491333,STOP,2.2431924196491333,0.085,legacy_fixed_r_v1,2022-04-05 21:30:00+00:00,2022-04-05 21:35:00+00:00,2022-04-05 22:00:00+00:00,6
41534,41551,0.93337,0.9324319331218885,1.8088808392097588,STOP,1.8938808392097588,0.085,legacy_fixed_r_v1,2022-04-06 11:00:00+00:00,2022-04-06 11:05:00+00:00,2022-04-06 12:25:00+00:00,17
41607,41618,0.93245,0.932929176608311,-1.0850000000000737,STOP,-1.0000000000000737,0.085,legacy_fixed_r_v1,2022-04-06 17:05:00+00:00,2022-04-06 17:10:00+00:00,2022-04-06 18:00:00+00:00,11
41657,41660,0.93317,0.9327279310826155,0.8598913988207422,STOP,0.9448913988207421,0.085,legacy_fixed_r_v1,2022-04-06 21:15:00+00:00,2022-04-06 21:20:00+00:00,2022-04-06 21:30:00+00:00,3
41689,41693,0.93314,0.9322704295674353,3.203840527443565,STOP,3.288840527443565,0.085,legacy_fixed_r_v1,2022-04-06 23:55:00+00:00,2022-04-07 00:00:00+00:00,2022-04-07 00:15:00+00:00,4
41898,41904,0.93301,0.9335279384897782,-1.0850000000000701,STOP,-1.0000000000000702,0.085,legacy_fixed_r_v1,2022-04-07 17:20:00+00:00,2022-04-07 17:25:00+00:00,2022-04-07 17:50:00+00:00,6
41941,41943,0.93458,0.933554183244767,3.3194351125494697,STOP,3.4044351125494696,0.085,legacy_fixed_r_v1,2022-04-07 20:55:00+00:00,2022-04-07 21:00:00+00:00,2022-04-07 21:05:00+00:00,2
41979,41982,0.93429,0.9345423236401524,-1.0850000000001412,STOP,-1.0000000000001412,0.085,legacy_fixed_r_v1,2022-04-08 00:05:00+00:00,2022-04-08 00:10:00+00:00,2022-04-08 00:20:00+00:00,3
42230,42244,0.93257,0.9331046447015166,-1.0850000000000128,STOP,-1.0000000000000129,0.085,legacy_fixed_r_v1,2022-04-10 21:00:00+00:00,2022-04-10 21:05:00+00:00,2022-04-10 22:10:00+00:00,14
42315,42339,0.9357,0.9353199248531695,0.8037409706273809,STOP,0.8887409706273809,0.085,legacy_fixed_r_v1,2022-04-11 04:05:00+00:00,2022-04-11 04:10:00+00:00,2022-04-11 06:05:00+00:00,24
42378,42391,0.93408,0.9336883838813893,0.6549162624258573,STOP,0.7399162624258573,0.085,legacy_fixed_r_v1,2022-04-11 09:20:00+00:00,2022-04-11 09:25:00+00:00,2022-04-11 10:25:00+00:00,13
42416,42422,0.93367,0.9332361703468114,0.8989450637724725,STOP,0.9839450637724725,0.085,legacy_fixed_r_v1,2022-04-11 12:30:00+00:00,2022-04-11 12:35:00+00:00,2022-04-11 13:00:00+00:00,6
42464,42468,0.93051,0.9309847093524152,-1.0850000000000226,STOP,-1.0000000000000226,0.085,legacy_fixed_r_v1,2022-04-11 16:30:00+00:00,2022-04-11 16:35:00+00:00,2022-04-11 16:50:00+00:00,4
42485,42502,0.93093,0.9313411282009421,-1.0850000000000553,STOP,-1.0000000000000553,0.085,legacy_fixed_r_v1,2022-04-11 18:15:00+00:00,2022-04-11 18:20:00+00:00,2022-04-11 19:40:00+00:00,17
42688,42694,0.93249,0.932908584706037,-1.0850000000000497,STOP,-1.0000000000000497,0.085,legacy_fixed_r_v1,2022-04-12 11:10:00+00:00,2022-04-12 11:15:00+00:00,2022-04-12 11:40:00+00:00,6
42749,42751,0.92927,0.9300354709453159,-1.08499999999997,STOP,-0.99999999999997,0.085,legacy_fixed_r_v1,2022-04-12 16:15:00+00:00,2022-04-12 16:20:00+00:00,2022-04-12 16:25:00+00:00,2
42812,42814,0.93292,0.9320859992664945,3.278971028644089,STOP,3.363971028644089,0.085,legacy_fixed_r_v1,2022-04-12 21:30:00+00:00,2022-04-12 21:35:00+00:00,2022-04-12 21:40:00+00:00,2
42842,42844,0.93261,0.9328287400136678,-1.0849999999999875,STOP,-0.9999999999999876,0.085,legacy_fixed_r_v1,2022-04-13 00:00:00+00:00,2022-04-13 00:05:00+00:00,2022-04-13 00:10:00+00:00,2
42862,42867,0.93298,0.9326029421471161,1.0537801867941385,STOP,1.1387801867941385,0.085,legacy_fixed_r_v1,2022-04-13 01:40:00+00:00,2022-04-13 01:45:00+00:00,2022-04-13 02:05:00+00:00,5
42910,42915,0.93253,0.9321345712221034,1.3488015444972972,STOP,1.4338015444972971,0.085,legacy_fixed_r_v1,2022-04-13 05:40:00+00:00,2022-04-13 05:45:00+00:00,2022-04-13 06:05:00+00:00,5
42943,42956,0.93195,0.9324882303824276,-1.0850000000000104,STOP,-1.0000000000000104,0.085,legacy_fixed_r_v1,2022-04-13 08:25:00+00:00,2022-04-13 08:30:00+00:00,2022-04-13 09:30:00+00:00,13
42979,42983,0.933,0.9335504932205022,-1.0850000000000655,STOP,-1.0000000000000655,0.085,legacy_fixed_r_v1,2022-04-13 11:25:00+00:00,2022-04-13 11:30:00+00:00,2022-04-13 11:45:00+00:00,4
43244,43250,0.93425,0.9347136331226638,-1.084999999999928,STOP,-0.999999999999928,0.085,legacy_fixed_r_v1,2022-04-14 09:30:00+00:00,2022-04-14 09:35:00+00:00,2022-04-14 10:00:00+00:00,6
43420,43430,0.94285,0.9432832716559146,-1.0850000000000193,STOP,-1.0000000000000193,0.085,legacy_fixed_r_v1,2022-04-15 00:15:00+00:00,2022-04-15 00:20:00+00:00,2022-04-15 01:05:00+00:00,10
43455,43458,0.94418,0.9431147131621016,1.4946485217576078,STOP,1.5796485217576077,0.085,legacy_fixed_r_v1,2022-04-15 03:10:00+00:00,2022-04-15 03:15:00+00:00,2022-04-15 03:25:00+00:00,3
43498,43501,0.94376,0.9423701643262036,2.383432250039531,STOP,2.468432250039531,0.085,legacy_fixed_r_v1,2022-04-15 06:45:00+00:00,2022-04-15 06:50:00+00:00,2022-04-15 07:00:00+00:00,3
43563,43574,0.94216,0.9420039184663564,0.4726326831097501,STOP,0.5576326831097501,0.085,legacy_fixed_r_v1,2022-04-15 12:10:00+00:00,2022-04-15 12:15:00+00:00,2022-04-15 13:05:00+00:00,11
43632,43635,0.94342,0.9426049873977554,2.7830261931660707,STOP,2.8680261931660707,0.085,legacy_fixed_r_v1,2022-04-15 17:55:00+00:00,2022-04-15 18:00:00+00:00,2022-04-15 18:10:00+00:00,3
43700,43707,0.94243,0.9428468191243441,-1.0850000000000157,STOP,-1.0000000000000158,0.085,legacy_fixed_r_v1,2022-04-17 23:50:00+00:00,2022-04-17 23:55:00+00:00,2022-04-18 00:25:00+00:00,7
43811,43819,0.9441,0.9435678471710307,1.3101158908019535,STOP,1.3951158908019534,0.085,legacy_fixed_r_v1,2022-04-18 09:05:00+00:00,2022-04-18 09:10:00+00:00,2022-04-18 09:45:00+00:00,8
43922,43941,0.94429,0.9446276467548663,-1.0850000000001618,STOP,-1.0000000000001619,0.085,legacy_fixed_r_v1,2022-04-18 18:20:00+00:00,2022-04-18 18:25:00+00:00,2022-04-18 19:55:00+00:00,19
43954,43957,0.9449,0.9432962544815731,5.295653960825301,STOP,5.380653960825301,0.085,legacy_fixed_r_v1,2022-04-18 21:00:00+00:00,2022-04-18 21:05:00+00:00,2022-04-18 21:15:00+00:00,3
44039,44045,0.94516,0.9455881902412557,-1.0849999999999533,STOP,-0.9999999999999534,0.085,legacy_fixed_r_v1,2022-04-19 04:05:00+00:00,2022-04-19 04:10:00+00:00,2022-04-19 04:35:00+00:00,6
44062,44065,0.94544,0.9458426765755241,-1.08500000000001,STOP,-1.00000000000001,0.085,legacy_fixed_r_v1,2022-04-19 06:00:00+00:00,2022-04-19 06:05:00+00:00,2022-04-19 06:15:00+00:00,3
44131,44134,0.94812,0.9469430462606235,1.920514402100665,STOP,2.005514402100665,0.085,legacy_fixed_r_v1,2022-04-19 11:45:00+00:00,2022-04-19 11:50:00+00:00,2022-04-19 12:00:00+00:00,3
44246,44248,0.95226,0.9514670993417159,1.8260355930532404,STOP,1.9110355930532403,0.085,legacy_fixed_r_v1,2022-04-19 21:20:00+00:00,2022-04-19 21:25:00+00:00,2022-04-19 21:30:00+00:00,2
44267,44279,0.95198,0.9522695600822069,-1.0850000000000095,STOP,-1.0000000000000095,0.085,legacy_fixed_r_v1,2022-04-19 23:05:00+00:00,2022-04-19 23:10:00+00:00,2022-04-20 00:05:00+00:00,12
44345,44351,0.95072,0.9511195223411952,-1.0849999999998738,STOP,-0.9999999999998738,0.085,legacy_fixed_r_v1,2022-04-20 05:35:00+00:00,2022-04-20 05:40:00+00:00,2022-04-20 06:05:00+00:00,6
44408,44421,0.94739,0.9462381620519082,1.7240308291573518,STOP,1.8090308291573518,0.085,legacy_fixed_r_v1,2022-04-20 10:50:00+00:00,2022-04-20 10:55:00+00:00,2022-04-20 11:55:00+00:00,13
44494,44501,0.94801,0.9486494963807953,-1.0849999999999984,STOP,-0.9999999999999984,0.085,legacy_fixed_r_v1,2022-04-20 18:00:00+00:00,2022-04-20 18:05:00+00:00,2022-04-20 18:35:00+00:00,7
44626,44630,0.95021,0.9506216525756668,-1.0849999999999873,STOP,-0.9999999999999872,0.085,legacy_fixed_r_v1,2022-04-21 05:00:00+00:00,2022-04-21 05:05:00+00:00,2022-04-21 05:20:00+00:00,4
44689,44700,0.94751,0.9482991594520009,-1.0850000000000433,STOP,-1.0000000000000433,0.085,legacy_fixed_r_v1,2022-04-21 10:15:00+00:00,2022-04-21 10:20:00+00:00,2022-04-21 11:10:00+00:00,11
44721,44726,0.94902,0.9496498867153484,-1.0849999999999511,STOP,-0.9999999999999512,0.085,legacy_fixed_r_v1,2022-04-21 12:55:00+00:00,2022-04-21 13:00:00+00:00,2022-04-21 13:20:00+00:00,5
44805,44811,0.95261,0.9531729911085045,-1.0849999999999909,STOP,-0.9999999999999908,0.085,legacy_fixed_r_v1,2022-04-21 19:55:00+00:00,2022-04-21 20:00:00+00:00,2022-04-21 20:25:00+00:00,6
44982,45000,0.95482,0.955438442443322,-1.0850000000000204,STOP,-1.0000000000000204,0.085,legacy_fixed_r_v1,2022-04-22 10:40:00+00:00,2022-04-22 10:45:00+00:00,2022-04-22 12:10:00+00:00,18
45058,45071,0.9578,0.957257312866693,0.821376602338459,STOP,0.906376602338459,0.085,legacy_fixed_r_v1,2022-04-22 17:00:00+00:00,2022-04-22 17:05:00+00:00,2022-04-22 18:05:00+00:00,13
45079,45092,0.95674,0.957200909199313,-1.0849999999999063,STOP,-0.9999999999999062,0.085,legacy_fixed_r_v1,2022-04-22 18:45:00+00:00,2022-04-22 18:50:00+00:00,2022-04-22 19:50:00+00:00,13
45101,45107,0.95654,0.9569864116336269,-1.085000000000034,STOP,-1.000000000000034,0.085,legacy_fixed_r_v1,2022-04-22 20:35:00+00:00,2022-04-22 20:40:00+00:00,2022-04-24 21:10:00+00:00,6
45181,45194,0.95703,0.9574878774695128,-1.0850000000000404,STOP,-1.0000000000000404,0.085,legacy_fixed_r_v1,2022-04-25 03:25:00+00:00,2022-04-25 03:30:00+00:00,2022-04-25 04:30:00+00:00,13
45239,45244,0.95732,0.9566333220421785,0.715072526200913,STOP,0.800072526200913,0.085,legacy_fixed_r_v1,2022-04-25 08:15:00+00:00,2022-04-25 08:20:00+00:00,2022-04-25 08:40:00+00:00,5
45266,45271,0.95801,0.9586760339296082,-1.0850000000000812,STOP,-1.0000000000000813,0.085,legacy_fixed_r_v1,2022-04-25 10:30:00+00:00,2022-04-25 10:35:00+00:00,2022-04-25 10:55:00+00:00,5
45363,45375,0.95895,0.958542022318507,0.7368278417311791,STOP,0.8218278417311791,0.085,legacy_fixed_r_v1,2022-04-25 18:35:00+00:00,2022-04-25 18:40:00+00:00,2022-04-25 19:35:00+00:00,12
45392,45394,0.95949,0.9587209045660238,1.4016547574592257,STOP,1.4866547574592257,0.085,legacy_fixed_r_v1,2022-04-25 21:00:00+00:00,2022-04-25 21:05:00+00:00,2022-04-25 21:15:00+00:00,2
45424,45431,0.95845,0.9582267599122682,0.5972305828737628,STOP,0.6822305828737628,0.085,legacy_fixed_r_v1,2022-04-25 23:45:00+00:00,2022-04-25 23:50:00+00:00,2022-04-26 00:20:00+00:00,7
45456,45458,0.95724,0.9577738128504772,-1.0850000000001019,STOP,-1.000000000000102,0.085,legacy_fixed_r_v1,2022-04-26 02:25:00+00:00,2022-04-26 02:30:00+00:00,2022-04-26 02:35:00+00:00,2
45493,45496,0.95844,0.9588755264492881,-1.085000000000024,STOP,-1.000000000000024,0.085,legacy_fixed_r_v1,2022-04-26 05:30:00+00:00,2022-04-26 05:35:00+00:00,2022-04-26 05:45:00+00:00,3
45554,45566,0.95783,0.9583883183213365,-1.0849999999999895,STOP,-0.9999999999999896,0.085,legacy_fixed_r_v1,2022-04-26 10:35:00+00:00,2022-04-26 10:40:00+00:00,2022-04-26 11:35:00+00:00,12
45666,45668,0.9622,0.9624872394841025,-1.0850000000000761,STOP,-1.0000000000000762,0.085,legacy_fixed_r_v1,2022-04-26 19:55:00+00:00,2022-04-26 20:00:00+00:00,2022-04-26 20:05:00+00:00,2
45679,45681,0.96275,0.9619830410398422,2.214913155517165,STOP,2.299913155517165,0.085,legacy_fixed_r_v1,2022-04-26 21:00:00+00:00,2022-04-26 21:05:00+00:00,2022-04-26 21:10:00+00:00,2
45774,45787,0.96277,0.963189915231328,-1.0849999999999163,STOP,-0.9999999999999163,0.085,legacy_fixed_r_v1,2022-04-27 04:55:00+00:00,2022-04-27 05:00:00+00:00,2022-04-27 06:00:00+00:00,13
45968,45971,0.96971,0.9678594688900038,4.226165928393014,STOP,4.311165928393014,0.085,legacy_fixed_r_v1,2022-04-27 21:10:00+00:00,2022-04-27 21:15:00+00:00,2022-04-27 21:25:00+00:00,3
45993,46010,0.969,0.9694119172308799,-1.0849999999998872,STOP,-0.9999999999998871,0.085,legacy_fixed_r_v1,2022-04-27 23:15:00+00:00,2022-04-27 23:20:00+00:00,2022-04-28 00:40:00+00:00,17
46071,46075,0.96979,0.9705761707109029,-1.0850000000000453,STOP,-1.0000000000000453,0.085,legacy_fixed_r_v1,2022-04-28 05:45:00+00:00,2022-04-28 05:50:00+00:00,2022-04-28 06:05:00+00:00,4
46181,46253,0.97164,0.97155,-0.015266378519036214,TIME,0.06973362148096379,0.085,legacy_fixed_r_v1,2022-04-28 14:55:00+00:00,2022-04-28 15:00:00+00:00,2022-04-28 20:55:00+00:00,72
46288,46291,0.97181,0.9711815904132316,2.3232760156390504,STOP,2.4082760156390504,0.085,legacy_fixed_r_v1,2022-04-28 23:55:00+00:00,2022-04-29 00:00:00+00:00,2022-04-29 00:10:00+00:00,3
46303,46307,0.97063,0.9701904342826733,1.1776618457645187,STOP,1.2626618457645187,0.085,legacy_fixed_r_v1,2022-04-29 01:10:00+00:00,2022-04-29 01:15:00+00:00,2022-04-29 01:30:00+00:00,4
46406,46409,0.96851,0.9693164623296898,-1.0850000000000628,STOP,-1.0000000000000628,0.085,legacy_fixed_r_v1,2022-04-29 09:45:00+00:00,2022-04-29 09:50:00+00:00,2022-04-29 10:00:00+00:00,3
46541,46543,0.97329,0.97204865731974,1.966178875418509,STOP,2.051178875418509,0.085,legacy_fixed_r_v1,2022-05-01 21:15:00+00:00,2022-05-01 21:40:00+00:00,2022-05-01 21:45:00+00:00,2
46601,46611,0.97402,0.97456076016644,-1.085000000000005,STOP,-1.000000000000005,0.085,legacy_fixed_r_v1,2022-05-02 02:35:00+00:00,2022-05-02 02:40:00+00:00,2022-05-02 03:25:00+00:00,10
46738,46739,0.9755,0.9761311052262768,-1.0850000000000495,STOP,-1.0000000000000495,0.085,legacy_fixed_r_v1,2022-05-02 14:00:00+00:00,2022-05-02 14:05:00+00:00,2022-05-02 14:05:00+00:00,1
46762,46773,0.97716,0.9776801804178219,-1.084999999999908,STOP,-0.9999999999999081,0.085,legacy_fixed_r_v1,2022-05-02 16:00:00+00:00,2022-05-02 16:05:00+00:00,2022-05-02 16:55:00+00:00,11
46803,46806,0.97789,0.9775679253696485,0.7161365119887634,STOP,0.8011365119887633,0.085,legacy_fixed_r_v1,2022-05-02 19:25:00+00:00,2022-05-02 19:30:00+00:00,2022-05-02 19:40:00+00:00,3
46828,46830,0.97793,0.9777213562443168,0.39608920320446384,STOP,0.48108920320446386,0.085,legacy_fixed_r_v1,2022-05-02 21:30:00+00:00,2022-05-02 21:35:00+00:00,2022-05-02 21:45:00+00:00,2
46856,46867,0.97765,0.9770590987324429,1.5750935474834071,STOP,1.660093547483407,0.085,legacy_fixed_r_v1,2022-05-02 23:55:00+00:00,2022-05-03 00:00:00+00:00,2022-05-03 00:50:00+00:00,11
46971,46977,0.97805,0.977595334794962,0.6114267114975536,STOP,0.6964267114975535,0.085,legacy_fixed_r_v1,2022-05-03 09:30:00+00:00,2022-05-03 09:35:00+00:00,2022-05-03 10:00:00+00:00,6
46992,46998,0.9767,0.9755195309598076,2.1410957352678146,STOP,2.2260957352678146,0.085,legacy_fixed_r_v1,2022-05-03 11:15:00+00:00,2022-05-03 11:20:00+00:00,2022-05-03 11:45:00+00:00,6
47062,47076,0.97866,0.9792853422079746,-1.0849999999999824,STOP,-0.9999999999999825,0.085,legacy_fixed_r_v1,2022-05-03 17:05:00+00:00,2022-05-03 17:10:00+00:00,2022-05-03 18:15:00+00:00,14
47083,47110,0.97847,0.9777860294071326,1.2110234998515923,STOP,1.2960234998515923,0.085,legacy_fixed_r_v1,2022-05-03 18:50:00+00:00,2022-05-03 18:55:00+00:00,2022-05-03 21:05:00+00:00,27
47296,47299,0.97922,0.979833174398749,-1.0850000000000855,STOP,-1.0000000000000855,0.085,legacy_fixed_r_v1,2022-05-04 12:35:00+00:00,2022-05-04 12:40:00+00:00,2022-05-04 12:50:00+00:00,3
47329,47332,0.98204,0.982818642829122,-1.0850000000000526,STOP,-1.0000000000000526,0.085,legacy_fixed_r_v1,2022-05-04 15:20:00+00:00,2022-05-04 15:25:00+00:00,2022-05-04 15:35:00+00:00,3
47361,47363,0.98114,0.9820674936786065,-1.084999999999968,STOP,-0.999999999999968,0.085,legacy_fixed_r_v1,2022-05-04 18:00:00+00:00,2022-05-04 18:05:00+00:00,2022-05-04 18:10:00+00:00,2
47429,47432,0.97377,0.9732217112843071,0.8246357327251159,STOP,0.9096357327251159,0.085,legacy_fixed_r_v1,2022-05-04 23:40:00+00:00,2022-05-04 23:45:00+00:00,2022-05-04 23:55:00+00:00,3
47449,47453,0.9724,0.9720102287787511,0.42650726379589116,STOP,0.5115072637958912,0.085,legacy_fixed_r_v1,2022-05-05 01:20:00+00:00,2022-05-05 01:25:00+00:00,2022-05-05 01:40:00+00:00,4
47464,47468,0.97129,0.9719676831715363,-1.0849999999999846,STOP,-0.9999999999999847,0.085,legacy_fixed_r_v1,2022-05-05 02:35:00+00:00,2022-05-05 02:40:00+00:00,2022-05-05 02:55:00+00:00,4
47545,47559,0.9776,0.9758796951805238,1.623428830486911,STOP,1.7084288304869109,0.085,legacy_fixed_r_v1,2022-05-05 09:20:00+00:00,2022-05-05 09:25:00+00:00,2022-05-05 10:30:00+00:00,14
47637,47641,0.98664,0.9876898527345954,-1.0849999999999989,STOP,-0.9999999999999988,0.085,legacy_fixed_r_v1,2022-05-05 17:00:00+00:00,2022-05-05 17:05:00+00:00,2022-05-05 17:20:00+00:00,4
47684,47690,0.98562,0.984262981293354,2.0381138005971655,STOP,2.1231138005971655,0.085,legacy_fixed_r_v1,2022-05-05 20:55:00+00:00,2022-05-05 21:00:00+00:00,2022-05-05 21:30:00+00:00,6
47751,47766,0.987,0.9858150865715691,1.3111601170083875,STOP,1.3961601170083875,0.085,legacy_fixed_r_v1,2022-05-06 02:40:00+00:00,2022-05-06 02:45:00+00:00,2022-05-06 03:55:00+00:00,15
47846,47859,0.98348,0.9844873619828497,-1.0849999999999795,STOP,-0.9999999999999796,0.085,legacy_fixed_r_v1,2022-05-06 10:35:00+00:00,2022-05-06 10:40:00+00:00,2022-05-06 11:40:00+00:00,13
47902,47906,0.98444,0.9835161697922568,0.5032305515971673,STOP,0.5882305515971673,0.085,legacy_fixed_r_v1,2022-05-06 15:15:00+00:00,2022-05-06 15:20:00+00:00,2022-05-06 15:35:00+00:00,4
47971,47975,0.98916,0.9864886435077364,3.51793311674144,STOP,3.60293311674144,0.085,legacy_fixed_r_v1,2022-05-08 21:15:00+00:00,2022-05-08 21:20:00+00:00,2022-05-08 21:40:00+00:00,4
48147,48156,0.99148,0.989860612450406,1.4743362614920854,STOP,1.5593362614920854,0.085,legacy_fixed_r_v1,2022-05-09 12:00:00+00:00,2022-05-09 12:05:00+00:00,2022-05-09 12:45:00+00:00,9
48318,48362,0.99174,0.991298462872785,0.6741874975608995,STOP,0.7591874975608994,0.085,legacy_fixed_r_v1,2022-05-10 02:15:00+00:00,2022-05-10 02:20:00+00:00,2022-05-10 05:55:00+00:00,44
48551,48553,0.99662,0.9952978512333867,2.8307619038191576,STOP,2.9157619038191576,0.085,legacy_fixed_r_v1,2022-05-10 21:45:00+00:00,2022-05-10 21:50:00+00:00,2022-05-10 21:55:00+00:00,2
48603,48611,0.99522,0.9956692879403626,-1.0850000000001223,STOP,-1.0000000000001223,0.085,legacy_fixed_r_v1,2022-05-11 02:05:00+00:00,2022-05-11 02:10:00+00:00,2022-05-11 02:45:00+00:00,8
48827,48840,0.9938,0.993213103564054,1.01002640786279,STOP,1.09502640786279,0.085,legacy_fixed_r_v1,2022-05-11 20:45:00+00:00,2022-05-11 20:50:00+00:00,2022-05-11 21:55:00+00:00,13
48987,48991,0.99526,0.9961006595140793,-1.0850000000000128,STOP,-1.0000000000000129,0.085,legacy_fixed_r_v1,2022-05-12 10:10:00+00:00,2022-05-12 10:15:00+00:00,2022-05-12 10:30:00+00:00,4
49043,49055,0.99872,0.9998679625609338,-1.0850000000000222,STOP,-1.0000000000000222,0.085,legacy_fixed_r_v1,2022-05-12 14:50:00+00:00,2022-05-12 14:55:00+00:00,2022-05-12 15:50:00+00:00,12
49081,49084,1.00336,1.0042556592144316,-1.0849999999998972,STOP,-0.9999999999998971,0.085,legacy_fixed_r_v1,2022-05-12 18:00:00+00:00,2022-05-12 18:05:00+00:00,2022-05-12 18:15:00+00:00,3
49097,49120,1.00385,1.0026636038677312,1.8445526647472879,STOP,1.9295526647472878,0.085,legacy_fixed_r_v1,2022-05-12 19:20:00+00:00,2022-05-12 19:25:00+00:00,2022-05-12 21:15:00+00:00,23
49150,49153,1.00303,1.003375147344186,-1.0849999999999944,STOP,-0.9999999999999943,0.085,legacy_fixed_r_v1,2022-05-12 23:45:00+00:00,2022-05-12 23:50:00+00:00,2022-05-13 00:00:00+00:00,3
49184,49194,1.00266,1.001976307749118,1.2761582543799177,STOP,1.3611582543799177,0.085,legacy_fixed_r_v1,2022-05-13 02:35:00+00:00,2022-05-13 02:40:00+00:00,2022-05-13 03:25:00+00:00,10
49257,49259,0.99975,1.0005116851016278,-1.0850000000001057,STOP,-1.0000000000001057,0.085,legacy_fixed_r_v1,2022-05-13 08:40:00+00:00,2022-05-13 08:45:00+00:00,2022-05-13 08:50:00+00:00,2
49278,49287,1.00028,0.9995549836129477,0.89517083438639,STOP,0.98017083438639,0.085,legacy_fixed_r_v1,2022-05-13 10:25:00+00:00,2022-05-13 10:30:00+00:00,2022-05-13 11:10:00+00:00,9
49637,49642,1.00261,1.0031552379059767,-1.0849999999999167,STOP,-0.9999999999999167,0.085,legacy_fixed_r_v1,2022-05-16 16:50:00+00:00,2022-05-16 16:55:00+00:00,2022-05-16 17:15:00+00:00,5
49657,49663,1.00269,1.0015805108159346,2.6587177727229565,STOP,2.7437177727229565,0.085,legacy_fixed_r_v1,2022-05-16 18:30:00+00:00,2022-05-16 18:35:00+00:00,2022-05-16 19:00:00+00:00,6
49684,49689,1.00191,1.0012227799806708,1.557435605440131,STOP,1.642435605440131,0.085,legacy_fixed_r_v1,2022-05-16 20:45:00+00:00,2022-05-16 20:50:00+00:00,2022-05-16 21:10:00+00:00,5
49773,49787,1.00192,1.0012368631025828,2.1552016605963606,STOP,2.2402016605963606,0.085,legacy_fixed_r_v1,2022-05-17 04:10:00+00:00,2022-05-17 04:15:00+00:00,2022-05-17 05:20:00+00:00,14
49843,49849,0.99619,0.9957663908890347,0.5132305733996716,STOP,0.5982305733996716,0.085,legacy_fixed_r_v1,2022-05-17 10:00:00+00:00,2022-05-17 10:05:00+00:00,2022-05-17 10:30:00+00:00,6
49858,49866,0.99437,0.9922613169800283,2.8622320088136632,STOP,2.947232008813663,0.085,legacy_fixed_r_v1,2022-05-17 11:15:00+00:00,2022-05-17 11:20:00+00:00,2022-05-17 11:55:00+00:00,8
49895,49899,0.99292,0.9925046831616694,0.4293869758905791,STOP,0.5143869758905791,0.085,legacy_fixed_r_v1,2022-05-17 14:20:00+00:00,2022-05-17 14:25:00+00:00,2022-05-17 14:40:00+00:00,4
49974,49976,0.99436,0.9929371578510049,2.9696103262723574,STOP,3.0546103262723574,0.085,legacy_fixed_r_v1,2022-05-17 20:55:00+00:00,2022-05-17 21:00:00+00:00,2022-05-17 21:05:00+00:00,2
50010,50014,0.99375,0.9929629706914157,2.719695123404387,STOP,2.804695123404387,0.085,legacy_fixed_r_v1,2022-05-17 23:55:00+00:00,2022-05-18 00:00:00+00:00,2022-05-18 00:15:00+00:00,4
50072,50083,0.99412,0.9939665743756295,0.4121624117951946,STOP,0.4971624117951946,0.085,legacy_fixed_r_v1,2022-05-18 05:05:00+00:00,2022-05-18 05:10:00+00:00,2022-05-18 06:00:00+00:00,11
50205,50245,0.98673,0.9882861199492879,-1.0849999999999955,STOP,-0.9999999999999956,0.085,legacy_fixed_r_v1,2022-05-18 16:10:00+00:00,2022-05-18 16:15:00+00:00,2022-05-18 19:30:00+00:00,40
50262,50266,0.99076,0.9878537143051519,6.441465793912878,STOP,6.526465793912878,0.085,legacy_fixed_r_v1,2022-05-18 20:55:00+00:00,2022-05-18 21:10:00+00:00,2022-05-18 21:25:00+00:00,4
50321,50331,0.98668,0.9863725990371531,0.4751824380689406,STOP,0.5601824380689406,0.085,legacy_fixed_r_v1,2022-05-19 02:00:00+00:00,2022-05-19 02:05:00+00:00,2022-05-19 02:50:00+00:00,10
50334,50379,0.98582,0.9864021269054629,-1.0849999999999846,STOP,-0.9999999999999846,0.085,legacy_fixed_r_v1,2022-05-19 03:05:00+00:00,2022-05-19 03:10:00+00:00,2022-05-19 06:50:00+00:00,45
50426,50445,0.97662,0.9757171901823795,0.7761855028469832,STOP,0.8611855028469831,0.085,legacy_fixed_r_v1,2022-05-19 10:45:00+00:00,2022-05-19 10:50:00+00:00,2022-05-19 12:20:00+00:00,19
50495,50513,0.97148,0.9701438394073582,1.3744610384266138,STOP,1.4594610384266138,0.085,legacy_fixed_r_v1,2022-05-19 16:30:00+00:00,2022-05-19 16:35:00+00:00,2022-05-19 18:00:00+00:00,18
50573,50576,0.97188,0.9722355464272635,-1.084999999999998,STOP,-0.9999999999999979,0.085,legacy_fixed_r_v1,2022-05-20 00:00:00+00:00,2022-05-20 00:05:00+00:00,2022-05-20 00:15:00+00:00,3
50609,50618,0.97287,0.9711826394577038,3.8342226661341243,STOP,3.9192226661341243,0.085,legacy_fixed_r_v1,2022-05-20 03:00:00+00:00,2022-05-20 03:05:00+00:00,2022-05-20 03:45:00+00:00,9
50640,50645,0.97033,0.9697906659162897,1.0010739222186558,STOP,1.0860739222186557,0.085,legacy_fixed_r_v1,2022-05-20 05:35:00+00:00,2022-05-20 05:40:00+00:00,2022-05-20 06:00:00+00:00,5
50695,50702,0.97136,0.9705594632604231,0.8914398951346564,STOP,0.9764398951346563,0.085,legacy_fixed_r_v1,2022-05-20 10:10:00+00:00,2022-05-20 10:15:00+00:00,2022-05-20 10:45:00+00:00,7
50773,50782,0.97456,0.9752646959640041,-1.084999999999946,STOP,-0.999999999999946,0.085,legacy_fixed_r_v1,2022-05-20 16:40:00+00:00,2022-05-20 16:45:00+00:00,2022-05-20 17:25:00+00:00,9
50818,50824,0.97444,0.9749129096779892,-1.0849999999999471,STOP,-0.9999999999999472,0.085,legacy_fixed_r_v1,2022-05-20 20:25:00+00:00,2022-05-20 20:30:00+00:00,2022-05-20 20:55:00+00:00,6
50863,50868,0.9742,0.9734598238120756,1.7473874899420045,STOP,1.8323874899420045,0.085,legacy_fixed_r_v1,2022-05-23 00:20:00+00:00,2022-05-23 00:25:00+00:00,2022-05-23 00:45:00+00:00,5
50913,50918,0.97155,0.9718991361850907,-1.0849999999999307,STOP,-0.9999999999999307,0.085,legacy_fixed_r_v1,2022-05-23 04:30:00+00:00,2022-05-23 04:35:00+00:00,2022-05-23 04:55:00+00:00,5
51007,51009,0.96553,0.9666932882892288,-1.0850000000000233,STOP,-1.0000000000000233,0.085,legacy_fixed_r_v1,2022-05-23 12:20:00+00:00,2022-05-23 12:25:00+00:00,2022-05-23 12:30:00+00:00,2
51031,51038,0.96453,0.9656138195608239,-1.0849999999999997,STOP,-0.9999999999999998,0.085,legacy_fixed_r_v1,2022-05-23 14:20:00+00:00,2022-05-23 14:25:00+00:00,2022-05-23 14:55:00+00:00,7
51060,51063,0.96585,0.9664342423478214,-1.0849999999999733,STOP,-0.9999999999999732,0.085,legacy_fixed_r_v1,2022-05-23 16:45:00+00:00,2022-05-23 16:50:00+00:00,2022-05-23 17:00:00+00:00,3
51082,51085,0.96591,0.9655613313918859,0.7688381057953816,STOP,0.8538381057953816,0.085,legacy_fixed_r_v1,2022-05-23 18:35:00+00:00,2022-05-23 18:40:00+00:00,2022-05-23 18:50:00+00:00,3
51104,51112,0.96567,0.965371590470916,0.639440166775612,STOP,0.724440166775612,0.085,legacy_fixed_r_v1,2022-05-23 20:25:00+00:00,2022-05-23 20:30:00+00:00,2022-05-23 21:05:00+00:00,8
51139,51145,0.96586,0.9652987969869985,2.048596396089943,STOP,2.133596396089943,0.085,legacy_fixed_r_v1,2022-05-23 23:20:00+00:00,2022-05-23 23:25:00+00:00,2022-05-23 23:50:00+00:00,6
51286,51294,0.96489,0.9642092442899619,0.8602442610748798,STOP,0.9452442610748798,0.085,legacy_fixed_r_v1,2022-05-24 11:35:00+00:00,2022-05-24 11:40:00+00:00,2022-05-24 12:15:00+00:00,8
51395,51400,0.96042,0.9585935536739054,4.566949971139651,STOP,4.651949971139651,0.085,legacy_fixed_r_v1,2022-05-24 20:40:00+00:00,2022-05-24 20:45:00+00:00,2022-05-24 21:25:00+00:00,5
51419,51433,0.96035,0.9607263996173897,-1.0850000000000666,STOP,-1.0000000000000666,0.085,legacy_fixed_r_v1,2022-05-24 23:00:00+00:00,2022-05-24 23:05:00+00:00,2022-05-25 00:10:00+00:00,14
51475,51481,0.96218,0.962612507101494,-1.0849999999999547,STOP,-0.9999999999999546,0.085,legacy_fixed_r_v1,2022-05-25 03:40:00+00:00,2022-05-25 03:45:00+00:00,2022-05-25 04:10:00+00:00,6
51643,51648,0.96244,0.961790194637889,1.1566338097866717,STOP,1.2416338097866717,0.085,legacy_fixed_r_v1,2022-05-25 17:40:00+00:00,2022-05-25 17:45:00+00:00,2022-05-25 18:05:00+00:00,5
51682,51688,0.96309,0.959982646763202,6.635662844546252,STOP,6.720662844546252,0.085,legacy_fixed_r_v1,2022-05-25 20:55:00+00:00,2022-05-25 21:10:00+00:00,2022-05-25 21:35:00+00:00,6
51723,51727,0.96133,0.9609227056406888,1.2378582457755862,STOP,1.3228582457755862,0.085,legacy_fixed_r_v1,2022-05-26 00:30:00+00:00,2022-05-26 00:35:00+00:00,2022-05-26 00:50:00+00:00,4
51765,51770,0.96138,0.9617146015602153,-1.0849999999999207,STOP,-0.9999999999999207,0.085,legacy_fixed_r_v1,2022-05-26 04:00:00+00:00,2022-05-26 04:05:00+00:00,2022-05-26 04:25:00+00:00,5
51867,51869,0.96016,0.9608684829000604,-1.0849999999999227,STOP,-0.9999999999999227,0.085,legacy_fixed_r_v1,2022-05-26 12:30:00+00:00,2022-05-26 12:35:00+00:00,2022-05-26 12:40:00+00:00,2
51928,51947,0.95959,0.9590895329940721,0.7680340087815071,STOP,0.853034008781507,0.085,legacy_fixed_r_v1,2022-05-26 17:35:00+00:00,2022-05-26 17:40:00+00:00,2022-05-26 19:10:00+00:00,19
51975,51977,0.95989,0.958538434991509,4.173259727585888,STOP,4.258259727585888,0.085,legacy_fixed_r_v1,2022-05-26 21:45:00+00:00,2022-05-26 21:50:00+00:00,2022-05-26 21:55:00+00:00,2
51991,51996,0.95887,0.9586056403678118,0.953383063227182,STOP,1.038383063227182,0.085,legacy_fixed_r_v1,2022-05-26 23:05:00+00:00,2022-05-26 23:10:00+00:00,2022-05-26 23:30:00+00:00,5
52069,52071,0.95769,0.9579886487335014,-1.0850000000001463,STOP,-1.0000000000001463,0.085,legacy_fixed_r_v1,2022-05-27 05:35:00+00:00,2022-05-27 05:40:00+00:00,2022-05-27 05:45:00+00:00,2
52099,52123,0.95883,0.959488459120005,-1.0850000000000564,STOP,-1.0000000000000564,0.085,legacy_fixed_r_v1,2022-05-27 08:05:00+00:00,2022-05-27 08:10:00+00:00,2022-05-27 10:05:00+00:00,24
52128,52132,0.95854,0.9591506709612707,-1.0849999999999982,STOP,-0.9999999999999982,0.085,legacy_fixed_r_v1,2022-05-27 10:30:00+00:00,2022-05-27 10:35:00+00:00,2022-05-27 10:50:00+00:00,4
52224,52251,0.95784,0.9572760783364858,1.0630294953485087,STOP,1.1480294953485086,0.085,legacy_fixed_r_v1,2022-05-27 18:30:00+00:00,2022-05-27 18:35:00+00:00,2022-05-27 20:45:00+00:00,27
52292,52296,0.95774,0.9580780173786791,-1.0849999999999564,STOP,-0.9999999999999564,0.085,legacy_fixed_r_v1,2022-05-30 00:20:00+00:00,2022-05-30 00:25:00+00:00,2022-05-30 00:40:00+00:00,4
52485,52488,0.95709,0.9575411078416535,-1.0849999999999822,STOP,-0.9999999999999822,0.085,legacy_fixed_r_v1,2022-05-30 16:25:00+00:00,2022-05-30 16:30:00+00:00,2022-05-30 16:40:00+00:00,3
52539,52542,0.95911,0.955884958661858,13.594218558716012,STOP,13.679218558716013,0.085,legacy_fixed_r_v1,2022-05-30 20:55:00+00:00,2022-05-30 21:15:00+00:00,2022-05-30 21:30:00+00:00,3
52609,52647,0.95961,0.9591077000686934,0.8645473290792223,STOP,0.9495473290792222,0.085,legacy_fixed_r_v1,2022-05-31 03:05:00+00:00,2022-05-31 03:10:00+00:00,2022-05-31 06:15:00+00:00,38
53051,53055,0.96396,0.9635066076196634,0.4161656655437011,STOP,0.5011656655437011,0.085,legacy_fixed_r_v1,2022-06-01 16:05:00+00:00,2022-06-01 16:10:00+00:00,2022-06-01 16:25:00+00:00,4
53065,53098,0.9627,0.9634858197499349,-1.0849999999999438,STOP,-0.9999999999999437,0.085,legacy_fixed_r_v1,2022-06-01 17:15:00+00:00,2022-06-01 17:20:00+00:00,2022-06-01 20:00:00+00:00,33
53109,53113,0.9636,0.9613580149922067,5.661156080465982,STOP,5.746156080465982,0.085,legacy_fixed_r_v1,2022-06-01 20:55:00+00:00,2022-06-01 21:10:00+00:00,2022-06-01 21:25:00+00:00,4
53137,53144,0.96293,0.9632718058469734,-1.0849999999998605,STOP,-0.9999999999998604,0.085,legacy_fixed_r_v1,2022-06-01 23:25:00+00:00,2022-06-01 23:30:00+00:00,2022-06-02 00:00:00+00:00,7
53272,53282,0.96001,0.9592536726910258,1.2446448617819874,STOP,1.3296448617819874,0.085,legacy_fixed_r_v1,2022-06-02 10:40:00+00:00,2022-06-02 10:45:00+00:00,2022-06-02 11:30:00+00:00,10
53340,53392,0.95843,0.9576295412947589,0.9625773193445277,STOP,1.0475773193445277,0.085,legacy_fixed_r_v1,2022-06-02 16:20:00+00:00,2022-06-02 16:25:00+00:00,2022-06-02 20:40:00+00:00,52
53394,53400,0.95766,0.957300354378858,0.9808704924249942,STOP,1.0658704924249942,0.085,legacy_fixed_r_v1,2022-06-02 20:50:00+00:00,2022-06-02 20:55:00+00:00,2022-06-02 21:25:00+00:00,6
53658,53680,0.96251,0.9628786712172678,-1.0850000000000777,STOP,-1.0000000000000777,0.085,legacy_fixed_r_v1,2022-06-03 18:55:00+00:00,2022-06-03 19:00:00+00:00,2022-06-03 20:45:00+00:00,22
53719,53727,0.96223,0.9625808882430791,-1.0850000000001288,STOP,-1.0000000000001288,0.085,legacy_fixed_r_v1,2022-06-06 00:05:00+00:00,2022-06-06 00:10:00+00:00,2022-06-06 00:45:00+00:00,8
53762,53766,0.96168,0.961447894081444,0.9279997591469133,STOP,1.0129997591469133,0.085,legacy_fixed_r_v1,2022-06-06 03:40:00+00:00,2022-06-06 03:45:00+00:00,2022-06-06 04:00:00+00:00,4
53952,53972,0.9706,0.970228973014546,0.7288055707175063,STOP,0.8138055707175063,0.085,legacy_fixed_r_v1,2022-06-06 19:30:00+00:00,2022-06-06 19:35:00+00:00,2022-06-06 21:10:00+00:00,20
54059,54063,0.9712,0.9715311876964373,-1.0850000000000883,STOP,-1.0000000000000884,0.085,legacy_fixed_r_v1,2022-06-07 04:25:00+00:00,2022-06-07 04:30:00+00:00,2022-06-07 04:45:00+00:00,4
54157,54162,0.97579,0.9766093361563757,-1.0850000000000486,STOP,-1.0000000000000486,0.085,legacy_fixed_r_v1,2022-06-07 12:35:00+00:00,2022-06-07 12:40:00+00:00,2022-06-07 13:00:00+00:00,5
54223,54231,0.97288,0.9719178787340851,1.686772029462161,STOP,1.771772029462161,0.085,legacy_fixed_r_v1,2022-06-07 18:05:00+00:00,2022-06-07 18:10:00+00:00,2022-06-07 18:45:00+00:00,8
54257,54261,0.97372,0.9720375292064496,4.193572470059746,STOP,4.278572470059746,0.085,legacy_fixed_r_v1,2022-06-07 20:55:00+00:00,2022-06-07 21:05:00+00:00,2022-06-07 21:20:00+00:00,4
54359,54367,0.97471,0.9741959364039291,1.4641755927570919,STOP,1.5491755927570918,0.085,legacy_fixed_r_v1,2022-06-08 05:30:00+00:00,2022-06-08 05:35:00+00:00,2022-06-08 06:10:00+00:00,8
54410,54417,0.97681,0.9776243747710299,-1.0850000000000641,STOP,-1.0000000000000642,0.085,legacy_fixed_r_v1,2022-06-08 09:45:00+00:00,2022-06-08 09:50:00+00:00,2022-06-08 10:20:00+00:00,7
54426,54429,0.97638,0.9758180097333893,0.6199393982527468,STOP,0.7049393982527468,0.085,legacy_fixed_r_v1,2022-06-08 11:05:00+00:00,2022-06-08 11:10:00+00:00,2022-06-08 11:20:00+00:00,3
54544,54551,0.97881,0.9775874668451092,3.495583680252945,STOP,3.580583680252945,0.085,legacy_fixed_r_v1,2022-06-08 20:55:00+00:00,2022-06-08 21:00:00+00:00,2022-06-08 21:30:00+00:00,7
54613,54618,0.9786,0.9783053983153112,0.729310135108456,STOP,0.814310135108456,0.085,legacy_fixed_r_v1,2022-06-09 02:40:00+00:00,2022-06-09 02:45:00+00:00,2022-06-09 03:05:00+00:00,5
54647,54651,0.97728,0.9776571970674711,-1.0849999999999047,STOP,-0.9999999999999047,0.085,legacy_fixed_r_v1,2022-06-09 05:30:00+00:00,2022-06-09 05:35:00+00:00,2022-06-09 05:50:00+00:00,4
54698,54701,0.97813,0.9775416951024323,0.8933904379241991,STOP,0.9783904379241991,0.085,legacy_fixed_r_v1,2022-06-09 09:45:00+00:00,2022-06-09 09:50:00+00:00,2022-06-09 10:00:00+00:00,3
54769,54788,0.97748,0.9787972374131831,-1.085000000000034,STOP,-1.000000000000034,0.085,legacy_fixed_r_v1,2022-06-09 15:40:00+00:00,2022-06-09 15:45:00+00:00,2022-06-09 17:15:00+00:00,19
54831,54840,0.98036,0.9799761061621506,0.8407896731448679,STOP,0.9257896731448678,0.085,legacy_fixed_r_v1,2022-06-09 20:50:00+00:00,2022-06-09 20:55:00+00:00,2022-06-09 21:35:00+00:00,9
54865,54869,0.98059,0.9804515375824785,0.5033946179062552,STOP,0.5883946179062551,0.085,legacy_fixed_r_v1,2022-06-09 23:40:00+00:00,2022-06-09 23:45:00+00:00,2022-06-10 00:00:00+00:00,4
54898,54901,0.97928,0.9796596936625546,-1.0850000000000077,STOP,-1.0000000000000078,0.085,legacy_fixed_r_v1,2022-06-10 02:25:00+00:00,2022-06-10 02:30:00+00:00,2022-06-10 02:40:00+00:00,3
54910,54920,0.9792,0.9789844619104343,0.6092430263796959,STOP,0.6942430263796958,0.085,legacy_fixed_r_v1,2022-06-10 03:25:00+00:00,2022-06-10 03:30:00+00:00,2022-06-10 04:15:00+00:00,10
55077,55085,0.98809,0.9886903088058084,-1.0849999999999187,STOP,-0.9999999999999187,0.085,legacy_fixed_r_v1,2022-06-10 17:20:00+00:00,2022-06-10 17:25:00+00:00,2022-06-10 18:00:00+00:00,8
55118,55122,0.98762,0.9873915074676601,0.4846542270988374,STOP,0.5696542270988374,0.085,legacy_fixed_r_v1,2022-06-10 20:45:00+00:00,2022-06-10 20:50:00+00:00,2022-06-12 21:10:00+00:00,4
55175,55210,0.98908,0.9896842810505069,-1.0849999999999689,STOP,-0.9999999999999688,0.085,legacy_fixed_r_v1,2022-06-13 01:35:00+00:00,2022-06-13 01:40:00+00:00,2022-06-13 04:30:00+00:00,35
55348,55356,0.99641,0.9947623552124791,1.5430499000128248,STOP,1.6280499000128248,0.085,legacy_fixed_r_v1,2022-06-13 16:00:00+00:00,2022-06-13 16:05:00+00:00,2022-06-13 16:40:00+00:00,8
55427,55444,0.99694,0.997468440294896,-1.0849999999999553,STOP,-0.9999999999999553,0.085,legacy_fixed_r_v1,2022-06-13 22:35:00+00:00,2022-06-13 22:40:00+00:00,2022-06-14 00:00:00+00:00,17
55474,55482,0.99654,0.9961505401133469,0.5157770450672352,STOP,0.6007770450672352,0.085,legacy_fixed_r_v1,2022-06-14 02:30:00+00:00,2022-06-14 02:35:00+00:00,2022-06-14 03:10:00+00:00,8
55496,55499,0.99508,0.9957482987610238,-1.0849999999999986,STOP,-0.9999999999999986,0.085,legacy_fixed_r_v1,2022-06-14 04:20:00+00:00,2022-06-14 04:25:00+00:00,2022-06-14 04:35:00+00:00,3
55514,55517,0.99527,0.9959543918935727,-1.085000000000039,STOP,-1.000000000000039,0.085,legacy_fixed_r_v1,2022-06-14 05:50:00+00:00,2022-06-14 05:55:00+00:00,2022-06-14 06:05:00+00:00,3
55696,55698,1.00258,1.0012227572661696,2.2435841075571568,STOP,2.3285841075571567,0.085,legacy_fixed_r_v1,2022-06-14 21:00:00+00:00,2022-06-14 21:05:00+00:00,2022-06-14 21:10:00+00:00,2
55899,55912,0.99998,1.0011651653416578,-1.0850000000000588,STOP,-1.0000000000000588,0.085,legacy_fixed_r_v1,2022-06-15 13:55:00+00:00,2022-06-15 14:00:00+00:00,2022-06-15 15:00:00+00:00,13
55943,55948,1.0021,1.0007515447458295,2.129385138229564,STOP,2.214385138229564,0.085,legacy_fixed_r_v1,2022-06-15 17:35:00+00:00,2022-06-15 17:40:00+00:00,2022-06-15 18:00:00+00:00,5
56014,56021,0.99503,0.9936746999301246,2.482563878086636,STOP,2.567563878086636,0.085,legacy_fixed_r_v1,2022-06-15 23:30:00+00:00,2022-06-15 23:35:00+00:00,2022-06-16 00:05:00+00:00,7
56130,56136,0.97775,0.9809342523240587,-1.0849999999999922,STOP,-0.9999999999999922,0.085,legacy_fixed_r_v1,2022-06-16 09:10:00+00:00,2022-06-16 09:15:00+00:00,2022-06-16 09:40:00+00:00,6
56157,56167,0.97968,0.9759680188742699,2.1092129066331196,STOP,2.1942129066331195,0.085,legacy_fixed_r_v1,2022-06-16 11:25:00+00:00,2022-06-16 11:30:00+00:00,2022-06-16 12:15:00+00:00,10
56222,56265,0.96458,0.966196770237339,-1.0850000000000126,STOP,-1.0000000000000127,0.085,legacy_fixed_r_v1,2022-06-16 16:50:00+00:00,2022-06-16 16:55:00+00:00,2022-06-16 20:25:00+00:00,43
56307,56309,0.96642,0.967021981249457,-1.0849999999999917,STOP,-0.9999999999999917,0.085,legacy_fixed_r_v1,2022-06-17 00:00:00+00:00,2022-06-17 00:05:00+00:00,2022-06-17 00:10:00+00:00,2
56511,56529,0.97053,0.9697477100693948,0.6741794673715132,STOP,0.7591794673715132,0.085,legacy_fixed_r_v1,2022-06-17 17:00:00+00:00,2022-06-17 17:05:00+00:00,2022-06-17 18:30:00+00:00,18
56543,56546,0.96945,0.9700821908298366,-1.0849999999999125,STOP,-0.9999999999999125,0.085,legacy_fixed_r_v1,2022-06-17 19:40:00+00:00,2022-06-17 19:45:00+00:00,2022-06-17 19:55:00+00:00,3
56610,56625,0.96925,0.9670266641700886,3.533577483966711,STOP,3.618577483966711,0.085,legacy_fixed_r_v1,2022-06-20 01:20:00+00:00,2022-06-20 01:25:00+00:00,2022-06-20 02:35:00+00:00,15
56640,56653,0.96633,0.9669048047123285,-1.0850000000000666,STOP,-1.0000000000000666,0.085,legacy_fixed_r_v1,2022-06-20 03:50:00+00:00,2022-06-20 03:55:00+00:00,2022-06-20 04:55:00+00:00,13
56663,56668,0.96605,0.9654262726060546,1.1825437774136172,STOP,1.2675437774136171,0.085,legacy_fixed_r_v1,2022-06-20 05:45:00+00:00,2022-06-20 05:50:00+00:00,2022-06-20 06:10:00+00:00,5
56702,56713,0.96468,0.9640086942505691,0.6460637609906764,STOP,0.7310637609906764,0.085,legacy_fixed_r_v1,2022-06-20 09:00:00+00:00,2022-06-20 09:05:00+00:00,2022-06-20 09:55:00+00:00,11
56721,56723,0.96326,0.9626945704058721,0.6494729971744235,STOP,0.7344729971744235,0.085,legacy_fixed_r_v1,2022-06-20 10:35:00+00:00,2022-06-20 10:40:00+00:00,2022-06-20 10:45:00+00:00,2
56829,56841,0.96855,0.9676255963157615,2.9737501505364725,STOP,3.0587501505364725,0.085,legacy_fixed_r_v1,2022-06-20 19:35:00+00:00,2022-06-20 19:40:00+00:00,2022-06-20 20:35:00+00:00,12
56879,56883,0.96731,0.9670870267523499,0.4646136843739797,STOP,0.5496136843739797,0.085,legacy_fixed_r_v1,2022-06-20 23:45:00+00:00,2022-06-20 23:50:00+00:00,2022-06-21 00:05:00+00:00,4
56928,56939,0.96686,0.9665670105178651,0.6748942956348027,STOP,0.7598942956348027,0.085,legacy_fixed_r_v1,2022-06-21 03:50:00+00:00,2022-06-21 03:55:00+00:00,2022-06-21 04:45:00+00:00,11
57011,57013,0.96535,0.9661048602001121,-1.0850000000000026,STOP,-1.0000000000000027,0.085,legacy_fixed_r_v1,2022-06-21 10:45:00+00:00,2022-06-21 10:50:00+00:00,2022-06-21 10:55:00+00:00,2
57199,57215,0.96682,0.9659620215406794,1.5147992609218732,STOP,1.5997992609218732,0.085,legacy_fixed_r_v1,2022-06-22 02:25:00+00:00,2022-06-22 02:30:00+00:00,2022-06-22 03:45:00+00:00,16
57283,57293,0.96601,0.9669589343342675,-1.0850000000000453,STOP,-1.0000000000000453,0.085,legacy_fixed_r_v1,2022-06-22 09:25:00+00:00,2022-06-22 09:30:00+00:00,2022-06-22 10:15:00+00:00,10
57318,57322,0.96418,0.9650721007825879,-1.084999999999959,STOP,-0.9999999999999591,0.085,legacy_fixed_r_v1,2022-06-22 12:20:00+00:00,2022-06-22 12:25:00+00:00,2022-06-22 12:40:00+00:00,4
57379,57395,0.96058,0.9614754275533023,-1.0849999999999604,STOP,-0.9999999999999604,0.085,legacy_fixed_r_v1,2022-06-22 17:25:00+00:00,2022-06-22 17:30:00+00:00,2022-06-22 18:45:00+00:00,16
57491,57497,0.96047,0.9611090018296422,-1.084999999999938,STOP,-0.999999999999938,0.085,legacy_fixed_r_v1,2022-06-23 02:45:00+00:00,2022-06-23 02:50:00+00:00,2022-06-23 03:15:00+00:00,6
57511,57527,0.9609,0.9614452314625368,-1.0849999999999664,STOP,-0.9999999999999664,0.085,legacy_fixed_r_v1,2022-06-23 04:25:00+00:00,2022-06-23 04:30:00+00:00,2022-06-23 05:45:00+00:00,16
57568,57600,0.96611,0.9651251797882983,0.6847398877304369,STOP,0.7697398877304369,0.085,legacy_fixed_r_v1,2022-06-23 09:10:00+00:00,2022-06-23 09:15:00+00:00,2022-06-23 11:50:00+00:00,32
57737,57740,0.96103,0.9613144060783225,-1.0849999999998916,STOP,-0.9999999999998915,0.085,legacy_fixed_r_v1,2022-06-23 23:20:00+00:00,2022-06-23 23:25:00+00:00,2022-06-23 23:35:00+00:00,3
57801,57805,0.96072,0.9605215773693987,0.37836252096937883,STOP,0.46336252096937885,0.085,legacy_fixed_r_v1,2022-06-24 04:40:00+00:00,2022-06-24 04:45:00+00:00,2022-06-24 05:00:00+00:00,4
57996,58001,0.95913,0.9577362889806698,2.4611815712499827,STOP,2.5461815712499827,0.085,legacy_fixed_r_v1,2022-06-24 20:55:00+00:00,2022-06-26 21:30:00+00:00,2022-06-26 21:50:00+00:00,5
58074,58089,0.95753,0.9569751226351365,1.0951253799490899,STOP,1.1801253799490898,0.085,legacy_fixed_r_v1,2022-06-27 03:55:00+00:00,2022-06-27 04:00:00+00:00,2022-06-27 05:10:00+00:00,15
58203,58214,0.95638,0.954859706739996,1.3429158336023739,STOP,1.4279158336023738,0.085,legacy_fixed_r_v1,2022-06-27 14:40:00+00:00,2022-06-27 14:45:00+00:00,2022-06-27 15:35:00+00:00,11
58278,58281,0.95677,0.9553689862972918,3.5747513147139456,STOP,3.6597513147139455,0.085,legacy_fixed_r_v1,2022-06-27 20:55:00+00:00,2022-06-27 21:00:00+00:00,2022-06-27 21:10:00+00:00,3
58303,58311,0.95612,0.9564767860469667,-1.084999999999863,STOP,-0.999999999999863,0.085,legacy_fixed_r_v1,2022-06-27 23:00:00+00:00,2022-06-27 23:05:00+00:00,2022-06-27 23:40:00+00:00,8
58329,58336,0.95558,0.9559388279519452,-1.0849999999998794,STOP,-0.9999999999998794,0.085,legacy_fixed_r_v1,2022-06-28 01:10:00+00:00,2022-06-28 01:15:00+00:00,2022-06-28 01:45:00+00:00,7
58531,58537,0.95587,0.9564932944506552,-1.0849999999999718,STOP,-0.9999999999999718,0.085,legacy_fixed_r_v1,2022-06-28 18:00:00+00:00,2022-06-28 18:05:00+00:00,2022-06-28 18:30:00+00:00,6
58592,58619,0.95688,0.9560925994468923,2.099910471262618,STOP,2.184910471262618,0.085,legacy_fixed_r_v1,2022-06-28 23:05:00+00:00,2022-06-28 23:10:00+00:00,2022-06-29 01:20:00+00:00,27
58702,58716,0.95541,0.9530347893577776,1.9512735467082791,STOP,2.036273546708279,0.085,legacy_fixed_r_v1,2022-06-29 08:15:00+00:00,2022-06-29 08:20:00+00:00,2022-06-29 09:25:00+00:00,14
58834,58842,0.95461,0.9551072350473693,-1.0850000000000253,STOP,-1.0000000000000253,0.085,legacy_fixed_r_v1,2022-06-29 19:15:00+00:00,2022-06-29 19:20:00+00:00,2022-06-29 19:55:00+00:00,8
58886,58891,0.95437,0.9547305963739712,-1.084999999999972,STOP,-0.999999999999972,0.085,legacy_fixed_r_v1,2022-06-29 23:35:00+00:00,2022-06-29 23:40:00+00:00,2022-06-30 00:00:00+00:00,5
58920,58960,0.95401,0.9545430669718269,-1.0850000000000015,STOP,-1.0000000000000016,0.085,legacy_fixed_r_v1,2022-06-30 02:25:00+00:00,2022-06-30 02:30:00+00:00,2022-06-30 05:45:00+00:00,40
59025,59041,0.95816,0.9577420613440211,0.34743181206681195,STOP,0.43243181206681197,0.085,legacy_fixed_r_v1,2022-06-30 11:10:00+00:00,2022-06-30 11:15:00+00:00,2022-06-30 12:30:00+00:00,16
59118,59121,0.95371,0.954215363767165,-1.0850000000000597,STOP,-1.0000000000000597,0.085,legacy_fixed_r_v1,2022-06-30 18:55:00+00:00,2022-06-30 19:00:00+00:00,2022-06-30 19:10:00+00:00,3
59144,59147,0.95558,0.9544806654228236,2.16340423529065,STOP,2.24840423529065,0.085,legacy_fixed_r_v1,2022-06-30 21:05:00+00:00,2022-06-30 21:10:00+00:00,2022-06-30 21:20:00+00:00,3
59287,59291,0.95724,0.9583670430941672,-1.084999999999972,STOP,-0.9999999999999719,0.085,legacy_fixed_r_v1,2022-07-01 09:00:00+00:00,2022-07-01 09:05:00+00:00,2022-07-01 09:20:00+00:00,4
59344,59348,0.96131,0.9622817680181344,-1.0849999999999536,STOP,-0.9999999999999536,0.085,legacy_fixed_r_v1,2022-07-01 13:45:00+00:00,2022-07-01 13:50:00+00:00,2022-07-01 14:05:00+00:00,4
59394,59406,0.96094,0.9597316625299621,1.5901399511693157,STOP,1.6751399511693157,0.085,legacy_fixed_r_v1,2022-07-01 17:55:00+00:00,2022-07-01 18:00:00+00:00,2022-07-01 18:55:00+00:00,12
59422,59432,0.9596,0.9592194138565453,0.7297302183467314,STOP,0.8147302183467313,0.085,legacy_fixed_r_v1,2022-07-01 20:15:00+00:00,2022-07-01 20:20:00+00:00,2022-07-03 21:15:00+00:00,10
59579,59595,0.95905,0.959822552779903,-1.0850000000000344,STOP,-1.0000000000000344,0.085,legacy_fixed_r_v1,2022-07-04 09:30:00+00:00,2022-07-04 09:35:00+00:00,2022-07-04 10:50:00+00:00,16
59641,59644,0.96061,0.9612601895335826,-1.085000000000085,STOP,-1.000000000000085,0.085,legacy_fixed_r_v1,2022-07-04 14:40:00+00:00,2022-07-04 14:45:00+00:00,2022-07-04 14:55:00+00:00,3
59705,59715,0.96114,0.960952351567497,0.7516327949978572,STOP,0.8366327949978571,0.085,legacy_fixed_r_v1,2022-07-04 20:00:00+00:00,2022-07-04 20:05:00+00:00,2022-07-04 20:50:00+00:00,10
59744,59751,0.96061,0.9609168757105405,-1.084999999999891,STOP,-0.999999999999891,0.085,legacy_fixed_r_v1,2022-07-04 23:20:00+00:00,2022-07-04 23:25:00+00:00,2022-07-04 23:55:00+00:00,7
59794,59806,0.9606,0.9609393214646047,-1.084999999999959,STOP,-0.9999999999999591,0.085,legacy_fixed_r_v1,2022-07-05 03:30:00+00:00,2022-07-05 03:35:00+00:00,2022-07-05 04:30:00+00:00,12
59900,59902,0.96501,0.9659028793500555,-1.0849999999999531,STOP,-0.9999999999999531,0.085,legacy_fixed_r_v1,2022-07-05 12:20:00+00:00,2022-07-05 12:25:00+00:00,2022-07-05 12:30:00+00:00,2
59939,59946,0.9685,0.9695736051799373,-1.085000000000031,STOP,-1.000000000000031,0.085,legacy_fixed_r_v1,2022-07-05 15:35:00+00:00,2022-07-05 15:40:00+00:00,2022-07-05 16:10:00+00:00,7
59973,60005,0.96849,0.967973276713098,0.8182978223993083,STOP,0.9032978223993082,0.085,legacy_fixed_r_v1,2022-07-05 18:25:00+00:00,2022-07-05 18:30:00+00:00,2022-07-05 21:05:00+00:00,32
60034,60039,0.96806,0.9684350866859157,-1.0849999999999222,STOP,-0.9999999999999223,0.085,legacy_fixed_r_v1,2022-07-05 23:30:00+00:00,2022-07-05 23:35:00+00:00,2022-07-05 23:55:00+00:00,5
60239,60249,0.97151,0.9709271295276344,0.5249056895744746,STOP,0.6099056895744746,0.085,legacy_fixed_r_v1,2022-07-06 16:35:00+00:00,2022-07-06 16:40:00+00:00,2022-07-06 17:25:00+00:00,10
60255,60256,0.97051,0.9712508360731043,-1.0850000000000732,STOP,-1.0000000000000733,0.085,legacy_fixed_r_v1,2022-07-06 17:55:00+00:00,2022-07-06 18:00:00+00:00,2022-07-06 18:00:00+00:00,1
60279,60296,0.97068,0.9691457397417684,1.821058418412508,STOP,1.906058418412508,0.085,legacy_fixed_r_v1,2022-07-06 19:55:00+00:00,2022-07-06 20:00:00+00:00,2022-07-06 21:20:00+00:00,17
60339,60344,0.97015,0.9696341461766583,0.9248025002013698,STOP,1.0098025002013697,0.085,legacy_fixed_r_v1,2022-07-07 00:55:00+00:00,2022-07-07 01:00:00+00:00,2022-07-07 01:20:00+00:00,5
60356,60361,0.96912,0.9687375962292607,0.602276146478107,STOP,0.687276146478107,0.085,legacy_fixed_r_v1,2022-07-07 02:20:00+00:00,2022-07-07 02:25:00+00:00,2022-07-07 02:45:00+00:00,5
60505,60508,0.97212,0.9731242329588364,-1.084999999999953,STOP,-0.9999999999999529,0.085,legacy_fixed_r_v1,2022-07-07 14:45:00+00:00,2022-07-07 14:50:00+00:00,2022-07-07 15:00:00+00:00,3
60549,60556,0.97413,0.9746173800960164,-1.0849999999999524,STOP,-0.9999999999999524,0.085,legacy_fixed_r_v1,2022-07-07 18:25:00+00:00,2022-07-07 18:30:00+00:00,2022-07-07 19:00:00+00:00,7
60565,60581,0.97428,0.9728152055993728,3.4600117729726914,STOP,3.5450117729726913,0.085,legacy_fixed_r_v1,2022-07-07 19:45:00+00:00,2022-07-07 19:50:00+00:00,2022-07-07 21:05:00+00:00,16
60612,60617,0.97386,0.974130317965329,-1.0850000000000233,STOP,-1.0000000000000233,0.085,legacy_fixed_r_v1,2022-07-07 23:40:00+00:00,2022-07-07 23:45:00+00:00,2022-07-08 00:05:00+00:00,5
60737,60765,0.97689,0.9755918811033947,1.179256302367138,STOP,1.264256302367138,0.085,legacy_fixed_r_v1,2022-07-08 10:05:00+00:00,2022-07-08 10:10:00+00:00,2022-07-08 12:25:00+00:00,28
60790,60800,0.97573,0.9771406046217512,-1.0850000000000224,STOP,-1.0000000000000224,0.085,legacy_fixed_r_v1,2022-07-08 14:30:00+00:00,2022-07-08 14:35:00+00:00,2022-07-08 15:20:00+00:00,10
60837,60845,0.97773,0.9773219564589025,0.7006068058482534,STOP,0.7856068058482534,0.085,legacy_fixed_r_v1,2022-07-08 18:25:00+00:00,2022-07-08 18:30:00+00:00,2022-07-08 19:05:00+00:00,8
60929,60933,0.97888,0.9782290693613932,1.3181985861654986,STOP,1.4031985861654985,0.085,legacy_fixed_r_v1,2022-07-11 02:15:00+00:00,2022-07-11 02:20:00+00:00,2022-07-11 02:35:00+00:00,4
60942,60946,0.9778,0.9782723355374613,-1.0849999999999786,STOP,-0.9999999999999787,0.085,legacy_fixed_r_v1,2022-07-11 03:20:00+00:00,2022-07-11 03:25:00+00:00,2022-07-11 03:40:00+00:00,4
61108,61129,0.97905,0.9797632692487245,-1.0849999999999613,STOP,-0.9999999999999614,0.085,legacy_fixed_r_v1,2022-07-11 17:10:00+00:00,2022-07-11 17:15:00+00:00,2022-07-11 18:55:00+00:00,21
61190,61195,0.98203,0.9825156957838882,-1.0849999999999806,STOP,-0.9999999999999806,0.085,legacy_fixed_r_v1,2022-07-12 00:00:00+00:00,2022-07-12 00:05:00+00:00,2022-07-12 00:25:00+00:00,5
61325,61332,0.9839,0.9847069652802403,-1.0849999999999744,STOP,-0.9999999999999745,0.085,legacy_fixed_r_v1,2022-07-12 11:15:00+00:00,2022-07-12 11:20:00+00:00,2022-07-12 11:50:00+00:00,7
61405,61417,0.98125,0.9817690810877817,-1.0849999999999462,STOP,-0.9999999999999463,0.085,legacy_fixed_r_v1,2022-07-12 17:55:00+00:00,2022-07-12 18:00:00+00:00,2022-07-12 18:55:00+00:00,12
61442,61444,0.98355,0.9815713799029444,4.424764556889907,STOP,4.509764556889907,0.085,legacy_fixed_r_v1,2022-07-12 21:10:00+00:00,2022-07-12 21:15:00+00:00,2022-07-12 21:20:00+00:00,2
61468,61478,0.98192,0.9822899536322856,-1.0850000000000173,STOP,-1.0000000000000173,0.085,legacy_fixed_r_v1,2022-07-12 23:20:00+00:00,2022-07-12 23:25:00+00:00,2022-07-13 00:10:00+00:00,10
61510,61513,0.98242,0.9820185178840779,0.8229354305015818,STOP,0.9079354305015818,0.085,legacy_fixed_r_v1,2022-07-13 02:50:00+00:00,2022-07-13 02:55:00+00:00,2022-07-13 03:05:00+00:00,3
61603,61612,0.97751,0.9769992533899546,0.5300623255464434,STOP,0.6150623255464434,0.085,legacy_fixed_r_v1,2022-07-13 10:35:00+00:00,2022-07-13 10:40:00+00:00,2022-07-13 11:20:00+00:00,9
61619,61623,0.97584,0.9766446879586521,-1.0849999999999773,STOP,-0.9999999999999772,0.085,legacy_fixed_r_v1,2022-07-13 11:55:00+00:00,2022-07-13 12:00:00+00:00,2022-07-13 12:15:00+00:00,4
61649,61653,0.97938,0.9779731739963632,0.6485132728540811,STOP,0.7335132728540811,0.085,legacy_fixed_r_v1,2022-07-13 14:25:00+00:00,2022-07-13 14:30:00+00:00,2022-07-13 14:45:00+00:00,4
61672,61692,0.9772,0.9784459630823868,-1.0850000000000228,STOP,-1.0000000000000229,0.085,legacy_fixed_r_v1,2022-07-13 16:20:00+00:00,2022-07-13 16:25:00+00:00,2022-07-13 18:00:00+00:00,20
61902,61910,0.98314,0.9840078122509015,-1.0850000000000315,STOP,-1.0000000000000315,0.085,legacy_fixed_r_v1,2022-07-14 11:40:00+00:00,2022-07-14 11:45:00+00:00,2022-07-14 12:20:00+00:00,8
61942,61945,0.9839,0.9853136997662362,-1.0850000000000393,STOP,-1.0000000000000393,0.085,legacy_fixed_r_v1,2022-07-14 15:00:00+00:00,2022-07-14 15:05:00+00:00,2022-07-14 15:15:00+00:00,3
61981,62018,0.98337,0.9826230915049484,0.6756451934908079,STOP,0.7606451934908078,0.085,legacy_fixed_r_v1,2022-07-14 18:15:00+00:00,2022-07-14 18:20:00+00:00,2022-07-14 21:35:00+00:00,37
62041,62048,0.98324,0.9828980534923286,0.7583933911282793,STOP,0.8433933911282793,0.085,legacy_fixed_r_v1,2022-07-14 23:30:00+00:00,2022-07-14 23:35:00+00:00,2022-07-15 00:05:00+00:00,7
62103,62108,0.98267,0.9830405227618662,-1.085000000000008,STOP,-1.000000000000008,0.085,legacy_fixed_r_v1,2022-07-15 04:40:00+00:00,2022-07-15 04:45:00+00:00,2022-07-15 05:05:00+00:00,5
62185,62197,0.97924,0.9798360175522287,-1.0849999999999895,STOP,-0.9999999999999895,0.085,legacy_fixed_r_v1,2022-07-15 11:30:00+00:00,2022-07-15 11:35:00+00:00,2022-07-15 12:30:00+00:00,12
62232,62298,0.97785,0.9765279812810624,0.9325705203538759,STOP,1.0175705203538759,0.085,legacy_fixed_r_v1,2022-07-15 15:25:00+00:00,2022-07-15 15:30:00+00:00,2022-07-15 20:55:00+00:00,66
62323,62331,0.97642,0.9758786178030162,1.234930197481775,STOP,1.319930197481775,0.085,legacy_fixed_r_v1,2022-07-17 23:05:00+00:00,2022-07-17 23:10:00+00:00,2022-07-17 23:45:00+00:00,8
62563,62568,0.97682,0.977314237325895,-1.0850000000000928,STOP,-1.0000000000000928,0.085,legacy_fixed_r_v1,2022-07-18 19:05:00+00:00,2022-07-18 19:10:00+00:00,2022-07-18 19:30:00+00:00,5
62678,62680,0.97732,0.9767862305270298,1.420384804638934,STOP,1.505384804638934,0.085,legacy_fixed_r_v1,2022-07-19 04:40:00+00:00,2022-07-19 04:45:00+00:00,2022-07-19 04:50:00+00:00,2
62737,62740,0.96961,0.969051678090644,0.48485102402012653,STOP,0.5698510240201266,0.085,legacy_fixed_r_v1,2022-07-19 09:35:00+00:00,2022-07-19 09:40:00+00:00,2022-07-19 09:50:00+00:00,3
62779,62793,0.96712,0.9678851066449755,-1.084999999999976,STOP,-0.9999999999999759,0.085,legacy_fixed_r_v1,2022-07-19 13:05:00+00:00,2022-07-19 13:10:00+00:00,2022-07-19 14:15:00+00:00,14
62853,62875,0.96876,0.9683529247029085,0.7284587466920304,STOP,0.8134587466920303,0.085,legacy_fixed_r_v1,2022-07-19 19:15:00+00:00,2022-07-19 19:20:00+00:00,2022-07-19 21:05:00+00:00,22
62915,62921,0.96873,0.9681376536467865,1.3368061578251889,STOP,1.4218061578251888,0.085,legacy_fixed_r_v1,2022-07-20 00:25:00+00:00,2022-07-20 00:30:00+00:00,2022-07-20 00:55:00+00:00,6
62949,62964,0.96822,0.9686299813256999,-1.0849999999999087,STOP,-0.9999999999999087,0.085,legacy_fixed_r_v1,2022-07-20 03:15:00+00:00,2022-07-20 03:20:00+00:00,2022-07-20 04:30:00+00:00,15
63019,63022,0.96894,0.9684411116890969,0.5457446040317068,STOP,0.6307446040317067,0.085,legacy_fixed_r_v1,2022-07-20 09:05:00+00:00,2022-07-20 09:10:00+00:00,2022-07-20 09:20:00+00:00,3
63066,63079,0.96942,0.9703200546871379,-1.0850000000000037,STOP,-1.0000000000000038,0.085,legacy_fixed_r_v1,2022-07-20 13:00:00+00:00,2022-07-20 13:05:00+00:00,2022-07-20 14:05:00+00:00,13
63137,63158,0.97214,0.9717248662709979,0.697343192229252,STOP,0.782343192229252,0.085,legacy_fixed_r_v1,2022-07-20 18:55:00+00:00,2022-07-20 19:00:00+00:00,2022-07-20 20:40:00+00:00,21
63248,63251,0.97021,0.9700797854563543,0.31682409714411086,STOP,0.4018240971441109,0.085,legacy_fixed_r_v1,2022-07-21 04:20:00+00:00,2022-07-21 04:25:00+00:00,2022-07-21 04:35:00+00:00,3
63375,63436,0.96946,0.9675888704110281,1.1478416365951531,STOP,1.2328416365951531,0.085,legacy_fixed_r_v1,2022-07-21 14:55:00+00:00,2022-07-21 15:00:00+00:00,2022-07-21 20:00:00+00:00,61
63473,63477,0.96639,0.9661511930613397,0.7914508657924727,STOP,0.8764508657924727,0.085,legacy_fixed_r_v1,2022-07-21 23:05:00+00:00,2022-07-21 23:10:00+00:00,2022-07-21 23:25:00+00:00,4
63613,63628,0.96589,0.9652434880480905,0.6313671446374471,STOP,0.7163671446374471,0.085,legacy_fixed_r_v1,2022-07-22 10:45:00+00:00,2022-07-22 10:50:00+00:00,2022-07-22 12:00:00+00:00,15
63720,63724,0.96296,0.9622494579773712,1.263910424386602,STOP,1.348910424386602,0.085,legacy_fixed_r_v1,2022-07-22 19:40:00+00:00,2022-07-22 19:45:00+00:00,2022-07-22 20:00:00+00:00,4
63745,63747,0.96226,0.9615492987341938,1.1954781216457395,STOP,1.2804781216457395,0.085,legacy_fixed_r_v1,2022-07-24 21:55:00+00:00,2022-07-24 22:00:00+00:00,2022-07-24 22:05:00+00:00,2
63971,63980,0.96509,0.964489125435148,1.0007943009306988,STOP,1.0857943009306987,0.085,legacy_fixed_r_v1,2022-07-25 16:45:00+00:00,2022-07-25 16:50:00+00:00,2022-07-25 17:30:00+00:00,9
64022,64024,0.96474,0.9639170475514577,1.9082403931113325,STOP,1.9932403931113325,0.085,legacy_fixed_r_v1,2022-07-25 21:00:00+00:00,2022-07-25 21:05:00+00:00,2022-07-25 21:10:00+00:00,2
64058,64062,0.96432,0.9639795334226445,1.137491338435893,STOP,1.2224913384358929,0.085,legacy_fixed_r_v1,2022-07-26 00:00:00+00:00,2022-07-26 00:05:00+00:00,2022-07-26 00:20:00+00:00,4
64200,64206,0.96448,0.9652476888431387,-1.0850000000000073,STOP,-1.0000000000000073,0.085,legacy_fixed_r_v1,2022-07-26 11:50:00+00:00,2022-07-26 11:55:00+00:00,2022-07-26 12:20:00+00:00,6
64310,64312,0.96345,0.9622758218868828,3.143484357084592,STOP,3.228484357084592,0.085,legacy_fixed_r_v1,2022-07-26 21:00:00+00:00,2022-07-26 21:05:00+00:00,2022-07-26 21:10:00+00:00,2
64337,64342,0.96212,0.9623725526613733,-1.0849999999999385,STOP,-0.9999999999999384,0.085,legacy_fixed_r_v1,2022-07-26 23:15:00+00:00,2022-07-26 23:20:00+00:00,2022-07-26 23:40:00+00:00,5
64401,64419,0.96164,0.9614702378928132,0.549449623674479,STOP,0.634449623674479,0.085,legacy_fixed_r_v1,2022-07-27 04:35:00+00:00,2022-07-27 04:40:00+00:00,2022-07-27 06:05:00+00:00,18
64704,64715,0.95843,0.9589241409690866,-1.0849999999999618,STOP,-0.9999999999999618,0.085,legacy_fixed_r_v1,2022-07-28 05:50:00+00:00,2022-07-28 05:55:00+00:00,2022-07-28 06:45:00+00:00,11
64745,64748,0.95707,0.957941318041795,-1.0850000000000055,STOP,-1.0000000000000056,0.085,legacy_fixed_r_v1,2022-07-28 09:15:00+00:00,2022-07-28 09:20:00+00:00,2022-07-28 09:30:00+00:00,3
64782,64783,0.96027,0.961394688397162,-1.0850000000000004,STOP,-1.0000000000000004,0.085,legacy_fixed_r_v1,2022-07-28 12:20:00+00:00,2022-07-28 12:25:00+00:00,2022-07-28 12:25:00+00:00,1
64837,64841,0.95661,0.9561586862951856,0.474568618953445,STOP,0.559568618953445,0.085,legacy_fixed_r_v1,2022-07-28 16:55:00+00:00,2022-07-28 17:00:00+00:00,2022-07-28 17:15:00+00:00,4
64854,64864,0.95595,0.9547373549482286,1.9393202148326592,STOP,2.024320214832659,0.085,legacy_fixed_r_v1,2022-07-28 18:20:00+00:00,2022-07-28 18:25:00+00:00,2022-07-28 19:10:00+00:00,10
64921,64924,0.95451,0.9548181192413476,-1.0850000000000788,STOP,-1.0000000000000788,0.085,legacy_fixed_r_v1,2022-07-28 23:55:00+00:00,2022-07-29 00:00:00+00:00,2022-07-29 00:10:00+00:00,3
64959,64963,0.95382,0.9530663933443786,1.721103293448118,STOP,1.806103293448118,0.085,legacy_fixed_r_v1,2022-07-29 03:05:00+00:00,2022-07-29 03:10:00+00:00,2022-07-29 03:25:00+00:00,4
64986,65001,0.95147,0.9511223143051738,0.5170774143725034,STOP,0.6020774143725034,0.085,legacy_fixed_r_v1,2022-07-29 05:20:00+00:00,2022-07-29 05:25:00+00:00,2022-07-29 06:35:00+00:00,15
65050,65057,0.95222,0.9530923249877914,-1.0850000000000188,STOP,-1.0000000000000189,0.085,legacy_fixed_r_v1,2022-07-29 10:40:00+00:00,2022-07-29 10:45:00+00:00,2022-07-29 11:15:00+00:00,7
65149,65155,0.95194,0.9525445878556292,-1.0850000000000561,STOP,-1.0000000000000562,0.085,legacy_fixed_r_v1,2022-07-29 18:55:00+00:00,2022-07-29 19:00:00+00:00,2022-07-29 19:25:00+00:00,6
65164,65183,0.95134,0.9519031252205835,-1.08499999999994,STOP,-0.9999999999999399,0.085,legacy_fixed_r_v1,2022-07-29 20:10:00+00:00,2022-07-29 20:15:00+00:00,2022-07-31 22:05:00+00:00,19
65208,65212,0.95214,0.9517207704370141,0.7372857738325536,STOP,0.8222857738325535,0.085,legacy_fixed_r_v1,2022-08-01 00:10:00+00:00,2022-08-01 00:15:00+00:00,2022-08-01 00:30:00+00:00,4
65233,65246,0.9505,0.9509990062985417,-1.0850000000000215,STOP,-1.0000000000000215,0.085,legacy_fixed_r_v1,2022-08-01 02:15:00+00:00,2022-08-01 02:20:00+00:00,2022-08-01 03:20:00+00:00,13
65260,65265,0.95077,0.951185745676611,-1.0849999999998667,STOP,-0.9999999999998668,0.085,legacy_fixed_r_v1,2022-08-01 04:30:00+00:00,2022-08-01 04:35:00+00:00,2022-08-01 04:55:00+00:00,5
65278,65282,0.95076,0.9511574012553538,-1.0849999999999376,STOP,-0.9999999999999375,0.085,legacy_fixed_r_v1,2022-08-01 06:00:00+00:00,2022-08-01 06:05:00+00:00,2022-08-01 06:20:00+00:00,4
65353,65355,0.94897,0.9496791529138972,-1.0849999999999875,STOP,-0.9999999999999875,0.085,legacy_fixed_r_v1,2022-08-01 12:15:00+00:00,2022-08-01 12:20:00+00:00,2022-08-01 12:25:00+00:00,2
65433,65459,0.95044,0.9489478056640215,2.6517303261471703,STOP,2.7367303261471703,0.085,legacy_fixed_r_v1,2022-08-01 18:55:00+00:00,2022-08-01 19:00:00+00:00,2022-08-01 21:05:00+00:00,26
65483,65491,0.94989,0.9502769638112977,-1.0850000000001345,STOP,-1.0000000000001346,0.085,legacy_fixed_r_v1,2022-08-01 23:05:00+00:00,2022-08-01 23:10:00+00:00,2022-08-01 23:45:00+00:00,8
65608,65620,0.95105,0.9518384121713083,-1.0849999999999524,STOP,-0.9999999999999524,0.085,legacy_fixed_r_v1,2022-08-02 09:30:00+00:00,2022-08-02 09:35:00+00:00,2022-08-02 10:30:00+00:00,12
65828,65836,0.95539,0.9545890125181863,1.5190635175541416,STOP,1.6040635175541416,0.085,legacy_fixed_r_v1,2022-08-03 03:50:00+00:00,2022-08-03 03:55:00+00:00,2022-08-03 04:30:00+00:00,8
65997,66006,0.96179,0.9624009534668686,-1.085000000000036,STOP,-1.000000000000036,0.085,legacy_fixed_r_v1,2022-08-03 17:55:00+00:00,2022-08-03 18:00:00+00:00,2022-08-03 18:40:00+00:00,9
66013,66033,0.9617,0.9604114766895037,2.2770260407118554,STOP,2.3620260407118554,0.085,legacy_fixed_r_v1,2022-08-03 19:15:00+00:00,2022-08-03 19:20:00+00:00,2022-08-03 20:55:00+00:00,20
66034,66036,0.96099,0.9600965810659339,2.1904373285391436,STOP,2.2754373285391436,0.085,legacy_fixed_r_v1,2022-08-03 21:00:00+00:00,2022-08-03 21:05:00+00:00,2022-08-03 21:10:00+00:00,2
66070,66071,0.96096,0.961277284773092,-1.08499999999988,STOP,-0.9999999999998801,0.085,legacy_fixed_r_v1,2022-08-04 00:00:00+00:00,2022-08-04 00:05:00+00:00,2022-08-04 00:05:00+00:00,1
66123,66127,0.9611,0.960916646993094,0.5861161959876018,STOP,0.6711161959876017,0.085,legacy_fixed_r_v1,2022-08-04 04:25:00+00:00,2022-08-04 04:30:00+00:00,2022-08-04 04:45:00+00:00,4
66135,66137,0.96085,0.9611341724264403,-1.085000000000044,STOP,-1.000000000000044,0.085,legacy_fixed_r_v1,2022-08-04 05:25:00+00:00,2022-08-04 05:30:00+00:00,2022-08-04 05:35:00+00:00,2
66261,66266,0.9565,0.9559085975628026,0.566997428011664,STOP,0.6519974280116639,0.085,legacy_fixed_r_v1,2022-08-04 15:55:00+00:00,2022-08-04 16:00:00+00:00,2022-08-04 16:20:00+00:00,5
66283,66294,0.95537,0.9550077306648456,0.5446063261384143,STOP,0.6296063261384143,0.085,legacy_fixed_r_v1,2022-08-04 17:45:00+00:00,2022-08-04 17:50:00+00:00,2022-08-04 18:40:00+00:00,11
66296,66314,0.95476,0.9552477527482987,-1.0849999999999862,STOP,-0.9999999999999862,0.085,legacy_fixed_r_v1,2022-08-04 18:50:00+00:00,2022-08-04 18:55:00+00:00,2022-08-04 20:20:00+00:00,18
66321,66325,0.95582,0.9545978620465133,2.908930099646661,STOP,2.993930099646661,0.085,legacy_fixed_r_v1,2022-08-04 20:55:00+00:00,2022-08-04 21:00:00+00:00,2022-08-04 21:15:00+00:00,4
66481,66486,0.95427,0.9548510579612647,-1.0849999999999542,STOP,-0.9999999999999543,0.085,legacy_fixed_r_v1,2022-08-05 10:15:00+00:00,2022-08-05 10:20:00+00:00,2022-08-05 10:40:00+00:00,5
66673,66704,0.96166,0.9612284168491997,0.9873285669620488,STOP,1.0723285669620488,0.085,legacy_fixed_r_v1,2022-08-08 02:20:00+00:00,2022-08-08 02:25:00+00:00,2022-08-08 04:55:00+00:00,31
66766,66781,0.95803,0.9570697364535763,1.4687696591115806,STOP,1.5537696591115806,0.085,legacy_fixed_r_v1,2022-08-08 10:05:00+00:00,2022-08-08 10:10:00+00:00,2022-08-08 11:20:00+00:00,15
66805,66812,0.95681,0.9545202672069748,3.489183749432124,STOP,3.574183749432124,0.085,legacy_fixed_r_v1,2022-08-08 13:20:00+00:00,2022-08-08 13:25:00+00:00,2022-08-08 13:55:00+00:00,7
66896,66898,0.95603,0.9551643107772527,2.026159167384287,STOP,2.111159167384287,0.085,legacy_fixed_r_v1,2022-08-08 20:55:00+00:00,2022-08-08 21:00:00+00:00,2022-08-08 21:05:00+00:00,2
66923,66933,0.95507,0.9553175678802106,-1.0849999999998474,STOP,-0.9999999999998473,0.085,legacy_fixed_r_v1,2022-08-08 23:10:00+00:00,2022-08-08 23:15:00+00:00,2022-08-09 00:00:00+00:00,10
66972,66982,0.95522,0.9554360658297648,-1.084999999999986,STOP,-0.9999999999999859,0.085,legacy_fixed_r_v1,2022-08-09 03:15:00+00:00,2022-08-09 03:20:00+00:00,2022-08-09 04:05:00+00:00,10
66993,67002,0.95507,0.9549644208346715,0.4602023053522301,STOP,0.5452023053522301,0.085,legacy_fixed_r_v1,2022-08-09 05:00:00+00:00,2022-08-09 05:05:00+00:00,2022-08-09 05:45:00+00:00,9
67184,67188,0.95422,0.9531332393305212,2.9532075174860273,STOP,3.0382075174860272,0.085,legacy_fixed_r_v1,2022-08-09 20:55:00+00:00,2022-08-09 21:00:00+00:00,2022-08-09 21:15:00+00:00,4
67347,67360,0.9494,0.9485934888453013,1.2569010842689907,STOP,1.3419010842689907,0.085,legacy_fixed_r_v1,2022-08-10 10:30:00+00:00,2022-08-10 10:35:00+00:00,2022-08-10 11:35:00+00:00,13
67424,67440,0.94067,0.9414887191144925,-1.085000000000003,STOP,-1.000000000000003,0.085,legacy_fixed_r_v1,2022-08-10 16:55:00+00:00,2022-08-10 17:00:00+00:00,2022-08-10 18:15:00+00:00,16
67472,67476,0.94331,0.9424457026002905,1.4443900159391854,STOP,1.5293900159391853,0.085,legacy_fixed_r_v1,2022-08-10 20:55:00+00:00,2022-08-10 21:00:00+00:00,2022-08-10 21:15:00+00:00,4
67552,67560,0.94375,0.9434963759100499,0.7315576042519484,STOP,0.8165576042519483,0.085,legacy_fixed_r_v1,2022-08-11 03:35:00+00:00,2022-08-11 03:40:00+00:00,2022-08-11 04:15:00+00:00,8
67756,67767,0.9415,0.9410826386619687,0.9259291400943042,STOP,1.0109291400943041,0.085,legacy_fixed_r_v1,2022-08-11 20:35:00+00:00,2022-08-11 20:40:00+00:00,2022-08-11 21:30:00+00:00,11
67835,67839,0.94209,0.9417265240288367,1.1398150733119041,STOP,1.224815073311904,0.085,legacy_fixed_r_v1,2022-08-12 03:10:00+00:00,2022-08-12 03:15:00+00:00,2022-08-12 03:30:00+00:00,4
67848,67853,0.94127,0.9415518610787462,-1.085000000000008,STOP,-1.000000000000008,0.085,legacy_fixed_r_v1,2022-08-12 04:15:00+00:00,2022-08-12 04:20:00+00:00,2022-08-12 04:40:00+00:00,5
67986,68008,0.94284,0.9416657810735698,1.1158015743491811,STOP,1.2008015743491811,0.085,legacy_fixed_r_v1,2022-08-12 15:45:00+00:00,2022-08-12 15:50:00+00:00,2022-08-12 17:35:00+00:00,22
68021,68026,0.94162,0.9420910187047766,-1.0850000000000308,STOP,-1.0000000000000309,0.085,legacy_fixed_r_v1,2022-08-12 18:40:00+00:00,2022-08-12 18:45:00+00:00,2022-08-12 19:05:00+00:00,5
68045,68051,0.94163,0.9407415666263452,2.4213455375072432,STOP,2.506345537507243,0.085,legacy_fixed_r_v1,2022-08-12 20:40:00+00:00,2022-08-12 20:45:00+00:00,2022-08-14 21:20:00+00:00,6
68134,68141,0.94198,0.9422614494986509,-1.084999999999992,STOP,-0.9999999999999919,0.085,legacy_fixed_r_v1,2022-08-15 04:15:00+00:00,2022-08-15 04:20:00+00:00,2022-08-15 04:50:00+00:00,7
68226,68234,0.94459,0.9426842183503126,2.8843351120724967,STOP,2.9693351120724967,0.085,legacy_fixed_r_v1,2022-08-15 11:55:00+00:00,2022-08-15 12:00:00+00:00,2022-08-15 12:35:00+00:00,8
68334,68338,0.94685,0.945278721134962,4.710892344295555,STOP,4.795892344295555,0.085,legacy_fixed_r_v1,2022-08-15 20:55:00+00:00,2022-08-15 21:00:00+00:00,2022-08-15 21:15:00+00:00,4
68360,68374,0.94588,0.9463255513251607,-1.0849999999999536,STOP,-0.9999999999999535,0.085,legacy_fixed_r_v1,2022-08-15 23:05:00+00:00,2022-08-15 23:10:00+00:00,2022-08-16 00:15:00+00:00,14
68575,68580,0.95053,0.9501933436790129,0.5286159955769101,STOP,0.61361599557691,0.085,legacy_fixed_r_v1,2022-08-16 17:00:00+00:00,2022-08-16 17:05:00+00:00,2022-08-16 17:25:00+00:00,5
68715,68719,0.94924,0.94901248803328,0.7538625096276855,STOP,0.8388625096276855,0.085,legacy_fixed_r_v1,2022-08-17 04:40:00+00:00,2022-08-17 04:45:00+00:00,2022-08-17 05:00:00+00:00,4
68859,68876,0.95311,0.9516162059350716,2.102581828248023,STOP,2.187581828248023,0.085,legacy_fixed_r_v1,2022-08-17 16:40:00+00:00,2022-08-17 16:45:00+00:00,2022-08-17 18:05:00+00:00,17
68911,68916,0.95201,0.9516726689308446,0.7009366834385037,STOP,0.7859366834385036,0.085,legacy_fixed_r_v1,2022-08-17 21:00:00+00:00,2022-08-17 21:05:00+00:00,2022-08-17 21:25:00+00:00,5
68943,68949,0.95152,0.9509036856464873,2.17424420945148,STOP,2.25924420945148,0.085,legacy_fixed_r_v1,2022-08-17 23:40:00+00:00,2022-08-17 23:45:00+00:00,2022-08-18 00:10:00+00:00,6
69012,69014,0.95167,0.9514086285012036,0.772691632379693,STOP,0.8576916323796929,0.085,legacy_fixed_r_v1,2022-08-18 05:25:00+00:00,2022-08-18 05:30:00+00:00,2022-08-18 05:35:00+00:00,2
69066,69069,0.95326,0.9523860631916068,1.262993731332491,STOP,1.347993731332491,0.085,legacy_fixed_r_v1,2022-08-18 09:55:00+00:00,2022-08-18 10:00:00+00:00,2022-08-18 10:10:00+00:00,3
69129,69138,0.95362,0.9544759585162045,-1.0850000000000293,STOP,-1.0000000000000293,0.085,legacy_fixed_r_v1,2022-08-18 15:10:00+00:00,2022-08-18 15:15:00+00:00,2022-08-18 15:55:00+00:00,9
69173,69178,0.95637,0.9558788319525493,0.9645351091468577,STOP,1.0495351091468577,0.085,legacy_fixed_r_v1,2022-08-18 18:50:00+00:00,2022-08-18 18:55:00+00:00,2022-08-18 19:15:00+00:00,5
69199,69201,0.95722,0.9559809884463726,2.397730173282248,STOP,2.4827301732822478,0.085,legacy_fixed_r_v1,2022-08-18 21:00:00+00:00,2022-08-18 21:05:00+00:00,2022-08-18 21:10:00+00:00,2
69232,69235,0.95656,0.9568499860518472,-1.0849999999998658,STOP,-0.9999999999998658,0.085,legacy_fixed_r_v1,2022-08-18 23:45:00+00:00,2022-08-18 23:50:00+00:00,2022-08-19 00:00:00+00:00,3
69303,69307,0.95867,0.9589957059900813,-1.085000000000048,STOP,-1.000000000000048,0.085,legacy_fixed_r_v1,2022-08-19 05:40:00+00:00,2022-08-19 05:45:00+00:00,2022-08-19 06:00:00+00:00,4
69441,69462,0.95863,0.9592351606621371,-1.085000000000066,STOP,-1.000000000000066,0.085,legacy_fixed_r_v1,2022-08-19 17:10:00+00:00,2022-08-19 17:15:00+00:00,2022-08-19 18:55:00+00:00,21
69487,69489,0.95993,0.9576493646711556,4.405656267641109,STOP,4.490656267641109,0.085,legacy_fixed_r_v1,2022-08-21 21:30:00+00:00,2022-08-21 21:35:00+00:00,2022-08-21 21:40:00+00:00,2
69534,69553,0.95925,0.9587564754097574,0.9249006569040139,STOP,1.0099006569040139,0.085,legacy_fixed_r_v1,2022-08-22 01:25:00+00:00,2022-08-22 01:30:00+00:00,2022-08-22 03:00:00+00:00,19
69636,69661,0.95868,0.9578380632784513,1.1199369165239985,STOP,1.2049369165239985,0.085,legacy_fixed_r_v1,2022-08-22 09:55:00+00:00,2022-08-22 10:00:00+00:00,2022-08-22 12:00:00+00:00,25
69713,69741,0.96406,0.9649742772805244,-1.0849999999999855,STOP,-0.9999999999999856,0.085,legacy_fixed_r_v1,2022-08-22 16:20:00+00:00,2022-08-22 16:25:00+00:00,2022-08-22 18:40:00+00:00,28
69747,69771,0.96429,0.9638801473448145,0.7802826824355937,STOP,0.8652826824355937,0.085,legacy_fixed_r_v1,2022-08-22 19:10:00+00:00,2022-08-22 19:15:00+00:00,2022-08-22 21:10:00+00:00,24
69838,69858,0.96369,0.9640880134679476,-1.0849999999999165,STOP,-0.9999999999999165,0.085,legacy_fixed_r_v1,2022-08-23 02:45:00+00:00,2022-08-23 02:50:00+00:00,2022-08-23 04:25:00+00:00,20
70040,70059,0.96429,0.9633006693078098,1.9563555335282614,STOP,2.0413555335282614,0.085,legacy_fixed_r_v1,2022-08-23 19:35:00+00:00,2022-08-23 19:40:00+00:00,2022-08-23 21:10:00+00:00,19
70146,70154,0.96519,0.9644840809560601,1.9756941640581642,STOP,2.060694164058164,0.085,legacy_fixed_r_v1,2022-08-24 04:25:00+00:00,2022-08-24 04:30:00+00:00,2022-08-24 05:05:00+00:00,8
70198,70204,0.9626,0.9615040405948799,1.5081144343149637,STOP,1.5931144343149637,0.085,legacy_fixed_r_v1,2022-08-24 08:45:00+00:00,2022-08-24 08:50:00+00:00,2022-08-24 09:15:00+00:00,6
70271,70289,0.96563,0.9667927648158565,-1.0850000000000326,STOP,-1.0000000000000326,0.085,legacy_fixed_r_v1,2022-08-24 14:50:00+00:00,2022-08-24 14:55:00+00:00,2022-08-24 16:20:00+00:00,18
70301,70319,0.96618,0.9668697437690111,-1.0849999999999795,STOP,-0.9999999999999796,0.085,legacy_fixed_r_v1,2022-08-24 17:20:00+00:00,2022-08-24 17:25:00+00:00,2022-08-24 18:50:00+00:00,18
70434,70439,0.96417,0.9629881789560552,3.0415302312642853,STOP,3.1265302312642853,0.085,legacy_fixed_r_v1,2022-08-25 04:25:00+00:00,2022-08-25 04:30:00+00:00,2022-08-25 04:50:00+00:00,5
70477,70494,0.96172,0.9624937043300986,-1.0849999999999687,STOP,-0.9999999999999686,0.085,legacy_fixed_r_v1,2022-08-25 08:00:00+00:00,2022-08-25 08:05:00+00:00,2022-08-25 09:25:00+00:00,17
70517,70519,0.96305,0.9636652246332591,-1.085000000000013,STOP,-1.000000000000013,0.085,legacy_fixed_r_v1,2022-08-25 11:20:00+00:00,2022-08-25 11:25:00+00:00,2022-08-25 11:30:00+00:00,2
70603,70609,0.96303,0.9635860912730052,-1.0850000000000157,STOP,-1.0000000000000158,0.085,legacy_fixed_r_v1,2022-08-25 18:30:00+00:00,2022-08-25 18:35:00+00:00,2022-08-25 19:00:00+00:00,6
70631,70634,0.96349,0.962554231387424,2.504834639927603,STOP,2.589834639927603,0.085,legacy_fixed_r_v1,2022-08-25 20:50:00+00:00,2022-08-25 20:55:00+00:00,2022-08-25 21:10:00+00:00,3
70705,70719,0.9641,0.9638534218521289,0.7187255474491617,STOP,0.8037255474491617,0.085,legacy_fixed_r_v1,2022-08-26 03:05:00+00:00,2022-08-26 03:10:00+00:00,2022-08-26 04:15:00+00:00,14
70776,70782,0.96448,0.9635726059672013,1.2916026649902708,STOP,1.3766026649902707,0.085,legacy_fixed_r_v1,2022-08-26 09:00:00+00:00,2022-08-26 09:05:00+00:00,2022-08-26 09:30:00+00:00,6
70909,70915,0.96617,0.9657041234801645,0.8001203450311879,STOP,0.8851203450311879,0.085,legacy_fixed_r_v1,2022-08-26 20:05:00+00:00,2022-08-26 20:10:00+00:00,2022-08-26 20:35:00+00:00,6
70984,71007,0.96887,0.9694426981912319,-1.085000000000028,STOP,-1.000000000000028,0.085,legacy_fixed_r_v1,2022-08-29 02:30:00+00:00,2022-08-29 02:35:00+00:00,2022-08-29 04:25:00+00:00,23
71155,71161,0.96849,0.9680411871273037,0.4513834278744227,STOP,0.5363834278744227,0.085,legacy_fixed_r_v1,2022-08-29 16:45:00+00:00,2022-08-29 16:50:00+00:00,2022-08-29 17:15:00+00:00,6
71205,71208,0.96874,0.9677744705478998,2.3732816251965905,STOP,2.4582816251965904,0.085,legacy_fixed_r_v1,2022-08-29 20:55:00+00:00,2022-08-29 21:00:00+00:00,2022-08-29 21:10:00+00:00,3
71238,71244,0.9677,0.9670124949810015,2.158929616855647,STOP,2.243929616855647,0.085,legacy_fixed_r_v1,2022-08-29 23:40:00+00:00,2022-08-29 23:45:00+00:00,2022-08-30 00:10:00+00:00,6
71310,71317,0.9671,0.9674695951894899,-1.0849999999998932,STOP,-0.9999999999998931,0.085,legacy_fixed_r_v1,2022-08-30 05:40:00+00:00,2022-08-30 05:45:00+00:00,2022-08-30 06:15:00+00:00,7
71368,71370,0.9698,0.9706913870501837,-1.0850000000000308,STOP,-1.0000000000000309,0.085,legacy_fixed_r_v1,2022-08-30 10:30:00+00:00,2022-08-30 10:35:00+00:00,2022-08-30 10:40:00+00:00,2
71456,71460,0.97366,0.9743331809733018,-1.0849999999999536,STOP,-0.9999999999999535,0.085,legacy_fixed_r_v1,2022-08-30 17:50:00+00:00,2022-08-30 17:55:00+00:00,2022-08-30 18:10:00+00:00,4
71470,71483,0.97313,0.9737715413685049,-1.0849999999999755,STOP,-0.9999999999999755,0.085,legacy_fixed_r_v1,2022-08-30 19:00:00+00:00,2022-08-30 19:05:00+00:00,2022-08-30 20:05:00+00:00,13
71494,71496,0.97492,0.9735008816386962,3.0473467943605903,STOP,3.1323467943605903,0.085,legacy_fixed_r_v1,2022-08-30 21:00:00+00:00,2022-08-30 21:05:00+00:00,2022-08-30 21:10:00+00:00,2
71530,71535,0.97384,0.9735923903967807,0.6533020493981357,STOP,0.7383020493981357,0.085,legacy_fixed_r_v1,2022-08-31 00:00:00+00:00,2022-08-31 00:05:00+00:00,2022-08-31 00:25:00+00:00,5
71577,71587,0.97307,0.9728368319177386,0.6357387516163444,STOP,0.7207387516163444,0.085,legacy_fixed_r_v1,2022-08-31 03:55:00+00:00,2022-08-31 04:00:00+00:00,2022-08-31 04:45:00+00:00,10
71677,71699,0.97907,0.9798891827360318,-1.085000000000028,STOP,-1.000000000000028,0.085,legacy_fixed_r_v1,2022-08-31 12:15:00+00:00,2022-08-31 12:20:00+00:00,2022-08-31 14:05:00+00:00,22
72007,72030,0.98312,0.9816325780874346,1.0563547084248768,STOP,1.1413547084248767,0.085,legacy_fixed_r_v1,2022-09-01 16:00:00+00:00,2022-09-01 16:05:00+00:00,2022-09-01 17:55:00+00:00,23
72066,72070,0.98216,0.9812018805791621,2.209419217151341,STOP,2.294419217151341,0.085,legacy_fixed_r_v1,2022-09-01 20:55:00+00:00,2022-09-01 21:00:00+00:00,2022-09-01 21:15:00+00:00,4
72093,72102,0.98159,0.9812418515692412,0.9835572113201405,STOP,1.0685572113201405,0.085,legacy_fixed_r_v1,2022-09-01 23:10:00+00:00,2022-09-01 23:15:00+00:00,2022-09-01 23:55:00+00:00,9
72136,72159,0.98082,0.9811227236461362,-1.0849999999998614,STOP,-0.9999999999998614,0.085,legacy_fixed_r_v1,2022-09-02 02:45:00+00:00,2022-09-02 02:50:00+00:00,2022-09-02 04:40:00+00:00,23
72324,72337,0.98049,0.9812691067626705,-1.084999999999944,STOP,-0.999999999999944,0.085,legacy_fixed_r_v1,2022-09-02 18:25:00+00:00,2022-09-02 18:30:00+00:00,2022-09-02 19:30:00+00:00,13
72392,72404,0.98259,0.9822696205788437,0.46746141622046194,STOP,0.552461416220462,0.085,legacy_fixed_r_v1,2022-09-05 00:05:00+00:00,2022-09-05 00:10:00+00:00,2022-09-05 01:05:00+00:00,12
72405,72419,0.98195,0.9824854426308631,-1.084999999999968,STOP,-0.999999999999968,0.085,legacy_fixed_r_v1,2022-09-05 01:10:00+00:00,2022-09-05 01:15:00+00:00,2022-09-05 02:20:00+00:00,14
72506,72510,0.98184,0.9801632331303047,1.9133697511364423,STOP,1.9983697511364422,0.085,legacy_fixed_r_v1,2022-09-05 09:35:00+00:00,2022-09-05 09:40:00+00:00,2022-09-05 09:55:00+00:00,4
72543,72552,0.98164,0.9802964368609044,1.8630714535880468,STOP,1.9480714535880468,0.085,legacy_fixed_r_v1,2022-09-05 12:40:00+00:00,2022-09-05 12:45:00+00:00,2022-09-05 13:25:00+00:00,9
72579,72585,0.98088,0.9801684355281458,1.164636830469174,STOP,1.249636830469174,0.085,legacy_fixed_r_v1,2022-09-05 15:40:00+00:00,2022-09-05 15:45:00+00:00,2022-09-05 16:10:00+00:00,6
72607,72638,0.98028,0.9798924402754934,1.214655203359422,STOP,1.299655203359422,0.085,legacy_fixed_r_v1,2022-09-05 18:00:00+00:00,2022-09-05 18:05:00+00:00,2022-09-05 20:35:00+00:00,31
72674,72680,0.97888,0.9780289440466462,1.7320157177837079,STOP,1.8170157177837079,0.085,legacy_fixed_r_v1,2022-09-05 23:40:00+00:00,2022-09-05 23:45:00+00:00,2022-09-06 00:10:00+00:00,6
72901,72933,0.98467,0.9835301140881905,1.772025563222687,STOP,1.8570255632226869,0.085,legacy_fixed_r_v1,2022-09-06 18:35:00+00:00,2022-09-06 18:40:00+00:00,2022-09-06 21:30:00+00:00,32
73149,73165,0.98074,0.9800260381035142,0.5838446633814344,STOP,0.6688446633814343,0.085,legacy_fixed_r_v1,2022-09-07 15:30:00+00:00,2022-09-07 15:35:00+00:00,2022-09-07 16:50:00+00:00,16
73194,73203,0.97753,0.97646459060894,1.8005518404996508,STOP,1.8855518404996507,0.085,legacy_fixed_r_v1,2022-09-07 19:15:00+00:00,2022-09-07 19:20:00+00:00,2022-09-07 20:00:00+00:00,9
73314,73317,0.97692,0.9767015103609993,0.4604593940630815,STOP,0.5454593940630815,0.085,legacy_fixed_r_v1,2022-09-08 05:15:00+00:00,2022-09-08 05:20:00+00:00,2022-09-08 05:30:00+00:00,3
73374,73376,0.97384,0.9732827473072938,0.5872033670293159,STOP,0.6722033670293158,0.085,legacy_fixed_r_v1,2022-09-08 10:15:00+00:00,2022-09-08 10:20:00+00:00,2022-09-08 10:25:00+00:00,2
73390,73397,0.97171,0.9726731706251508,-1.0850000000000062,STOP,-1.0000000000000062,0.085,legacy_fixed_r_v1,2022-09-08 11:35:00+00:00,2022-09-08 11:40:00+00:00,2022-09-08 12:10:00+00:00,7
73447,73458,0.97199,0.9714090159794155,0.4452246824881076,STOP,0.5302246824881076,0.085,legacy_fixed_r_v1,2022-09-08 16:20:00+00:00,2022-09-08 16:25:00+00:00,2022-09-08 17:15:00+00:00,11
73460,73521,0.97085,0.9698453291185216,0.9429069681458977,STOP,1.0279069681458977,0.085,legacy_fixed_r_v1,2022-09-08 17:25:00+00:00,2022-09-08 17:30:00+00:00,2022-09-08 22:30:00+00:00,61
73530,73542,0.9696,0.9681299790045762,4.932736055318291,STOP,5.017736055318291,0.085,legacy_fixed_r_v1,2022-09-08 23:15:00+00:00,2022-09-08 23:20:00+00:00,2022-09-09 00:15:00+00:00,12
73614,73619,0.96454,0.9638336494460071,1.2736048199555474,STOP,1.3586048199555474,0.085,legacy_fixed_r_v1,2022-09-09 06:15:00+00:00,2022-09-09 06:20:00+00:00,2022-09-09 06:40:00+00:00,5
73658,73661,0.9561,0.9554343616220761,0.5092332361893046,STOP,0.5942332361893046,0.085,legacy_fixed_r_v1,2022-09-09 09:55:00+00:00,2022-09-09 10:00:00+00:00,2022-09-09 10:10:00+00:00,3
73690,73695,0.9592,0.9604132455787822,-1.0849999999999909,STOP,-0.9999999999999909,0.085,legacy_fixed_r_v1,2022-09-09 12:35:00+00:00,2022-09-09 12:40:00+00:00,2022-09-09 13:00:00+00:00,5
73742,73754,0.95999,0.9609823447813042,-1.0849999999999562,STOP,-0.9999999999999563,0.085,legacy_fixed_r_v1,2022-09-09 16:55:00+00:00,2022-09-09 17:00:00+00:00,2022-09-09 17:55:00+00:00,12
73819,73849,0.96004,0.9585412172538391,1.8152235191423345,STOP,1.9002235191423344,0.085,legacy_fixed_r_v1,2022-09-11 23:20:00+00:00,2022-09-11 23:25:00+00:00,2022-09-12 01:50:00+00:00,30
73888,73891,0.95957,0.9593314208751835,0.4622519423684582,STOP,0.5472519423684582,0.085,legacy_fixed_r_v1,2022-09-12 05:05:00+00:00,2022-09-12 05:10:00+00:00,2022-09-12 05:20:00+00:00,3
73955,73960,0.95481,0.9539648062749797,0.8250032550920445,STOP,0.9100032550920445,0.085,legacy_fixed_r_v1,2022-09-12 10:40:00+00:00,2022-09-12 10:45:00+00:00,2022-09-12 11:05:00+00:00,5
73971,73974,0.95299,0.9521865664936641,0.793153432262521,STOP,0.878153432262521,0.085,legacy_fixed_r_v1,2022-09-12 12:00:00+00:00,2022-09-12 12:05:00+00:00,2022-09-12 12:15:00+00:00,3
74029,74031,0.95119,0.951895178320301,-1.0850000000000732,STOP,-1.0000000000000733,0.085,legacy_fixed_r_v1,2022-09-12 16:50:00+00:00,2022-09-12 16:55:00+00:00,2022-09-12 17:00:00+00:00,2
74074,74080,0.95382,0.9529593122582899,2.085104557184053,STOP,2.170104557184053,0.085,legacy_fixed_r_v1,2022-09-12 20:35:00+00:00,2022-09-12 20:40:00+00:00,2022-09-12 21:05:00+00:00,6
74109,74115,0.95328,0.9530965089791106,0.496271621008666,STOP,0.581271621008666,0.085,legacy_fixed_r_v1,2022-09-12 23:30:00+00:00,2022-09-12 23:35:00+00:00,2022-09-13 00:00:00+00:00,6
74153,74158,0.95184,0.9522457915825718,-1.0850000000000621,STOP,-1.0000000000000622,0.085,legacy_fixed_r_v1,2022-09-13 03:10:00+00:00,2022-09-13 03:15:00+00:00,2022-09-13 03:35:00+00:00,5
74169,74171,0.95195,0.9523396051405092,-1.0850000000001285,STOP,-1.0000000000001286,0.085,legacy_fixed_r_v1,2022-09-13 04:30:00+00:00,2022-09-13 04:35:00+00:00,2022-09-13 04:40:00+00:00,2
74241,74248,0.94952,0.9487928217308745,0.9035823970110002,STOP,0.9885823970110001,0.085,legacy_fixed_r_v1,2022-09-13 10:30:00+00:00,2022-09-13 10:35:00+00:00,2022-09-13 11:05:00+00:00,7
74302,74322,0.96022,0.9589782361932855,0.8494855800909263,STOP,0.9344855800909263,0.085,legacy_fixed_r_v1,2022-09-13 15:35:00+00:00,2022-09-13 15:40:00+00:00,2022-09-13 17:15:00+00:00,20
74367,74369,0.96189,0.9616321540478973,0.37668770132141677,STOP,0.4616877013214168,0.085,legacy_fixed_r_v1,2022-09-13 21:00:00+00:00,2022-09-13 21:05:00+00:00,2022-09-13 21:10:00+00:00,2
74382,74401,0.96123,0.960690130309347,0.8247827000942369,STOP,0.9097827000942369,0.085,legacy_fixed_r_v1,2022-09-13 22:15:00+00:00,2022-09-13 22:20:00+00:00,2022-09-13 23:50:00+00:00,19
74429,74435,0.96084,0.9614998110008961,-1.0850000000000635,STOP,-1.0000000000000635,0.085,legacy_fixed_r_v1,2022-09-14 02:10:00+00:00,2022-09-14 02:15:00+00:00,2022-09-14 02:40:00+00:00,6
74457,74459,0.96101,0.9604383072827745,1.0180635541552971,STOP,1.103063554155297,0.085,legacy_fixed_r_v1,2022-09-14 04:30:00+00:00,2022-09-14 04:35:00+00:00,2022-09-14 04:40:00+00:00,2
74793,74798,0.96201,0.9609647182433169,1.5063609222533612,STOP,1.5913609222533611,0.085,legacy_fixed_r_v1,2022-09-15 08:35:00+00:00,2022-09-15 08:40:00+00:00,2022-09-15 09:00:00+00:00,5
74893,74902,0.96048,0.9595216731984225,1.2972887197448901,STOP,1.38228871974489,0.085,legacy_fixed_r_v1,2022-09-15 16:55:00+00:00,2022-09-15 17:00:00+00:00,2022-09-15 17:40:00+00:00,9
74944,74946,0.96239,0.9598388148203121,5.86735260360227,STOP,5.95235260360227,0.085,legacy_fixed_r_v1,2022-09-15 21:10:00+00:00,2022-09-15 21:15:00+00:00,2022-09-15 21:20:00+00:00,2
74982,74987,0.96151,0.9606950509399982,1.8696676737458717,STOP,1.9546676737458717,0.085,legacy_fixed_r_v1,2022-09-16 00:20:00+00:00,2022-09-16 00:25:00+00:00,2022-09-16 00:45:00+00:00,5
75019,75039,0.96172,0.9621463486739382,-1.0850000000000002,STOP,-1.0000000000000002,0.085,legacy_fixed_r_v1,2022-09-16 03:25:00+00:00,2022-09-16 03:30:00+00:00,2022-09-16 05:05:00+00:00,20
75089,75094,0.9639,0.9632417478944648,0.7709408759205971,STOP,0.8559408759205971,0.085,legacy_fixed_r_v1,2022-09-16 09:15:00+00:00,2022-09-16 09:20:00+00:00,2022-09-16 09:40:00+00:00,5
75102,75112,0.96265,0.9617656327624077,1.1791594645811814,STOP,1.2641594645811813,0.085,legacy_fixed_r_v1,2022-09-16 10:20:00+00:00,2022-09-16 10:25:00+00:00,2022-09-16 11:10:00+00:00,10
75215,75223,0.96438,0.9648911008671262,-1.085000000000089,STOP,-1.000000000000089,0.085,legacy_fixed_r_v1,2022-09-16 19:45:00+00:00,2022-09-16 19:50:00+00:00,2022-09-16 20:25:00+00:00,8
75229,75231,0.96469,0.9625091342248773,3.7329609333257627,STOP,3.8179609333257627,0.085,legacy_fixed_r_v1,2022-09-16 20:55:00+00:00,2022-09-18 21:05:00+00:00,2022-09-18 21:10:00+00:00,2
75385,75396,0.96635,0.9656153467794903,0.8941610752435786,STOP,0.9791610752435785,0.085,legacy_fixed_r_v1,2022-09-19 10:00:00+00:00,2022-09-19 10:05:00+00:00,2022-09-19 10:55:00+00:00,11
75421,75426,0.9661,0.966990072835309,-1.0850000000000244,STOP,-1.0000000000000244,0.085,legacy_fixed_r_v1,2022-09-19 13:00:00+00:00,2022-09-19 13:05:00+00:00,2022-09-19 13:25:00+00:00,5
75442,75508,0.96536,0.964394896571446,0.8505437985548631,STOP,0.935543798554863,0.085,legacy_fixed_r_v1,2022-09-19 14:45:00+00:00,2022-09-19 14:50:00+00:00,2022-09-19 20:15:00+00:00,66
75515,75522,0.96425,0.9637998207935733,1.1577774916226147,STOP,1.2427774916226146,0.085,legacy_fixed_r_v1,2022-09-19 20:50:00+00:00,2022-09-19 20:55:00+00:00,2022-09-19 21:25:00+00:00,7
75583,75590,0.96461,0.9642366087067765,0.8013543659463986,STOP,0.8863543659463986,0.085,legacy_fixed_r_v1,2022-09-20 02:30:00+00:00,2022-09-20 02:35:00+00:00,2022-09-20 03:05:00+00:00,7
75678,75693,0.9652,0.9661180098391473,-1.085000000000033,STOP,-1.000000000000033,0.085,legacy_fixed_r_v1,2022-09-20 10:25:00+00:00,2022-09-20 10:30:00+00:00,2022-09-20 11:40:00+00:00,15
75790,75792,0.96383,0.9643740239452138,-1.084999999999902,STOP,-0.999999999999902,0.085,legacy_fixed_r_v1,2022-09-20 19:45:00+00:00,2022-09-20 19:50:00+00:00,2022-09-20 19:55:00+00:00,2
75865,75877,0.96376,0.9642444251188047,-1.0849999999998892,STOP,-0.9999999999998892,0.085,legacy_fixed_r_v1,2022-09-21 02:05:00+00:00,2022-09-21 02:10:00+00:00,2022-09-21 03:05:00+00:00,12
75943,75946,0.9657,0.9649005510948288,0.6487140754607028,STOP,0.7337140754607028,0.085,legacy_fixed_r_v1,2022-09-21 08:35:00+00:00,2022-09-21 08:40:00+00:00,2022-09-21 08:50:00+00:00,3
75956,75981,0.96379,0.9629052481992154,0.7200381040711736,STOP,0.8050381040711736,0.085,legacy_fixed_r_v1,2022-09-21 09:40:00+00:00,2022-09-21 09:45:00+00:00,2022-09-21 11:45:00+00:00,25
76053,76055,0.965,0.9657008862482845,-1.0849999999999944,STOP,-0.9999999999999944,0.085,legacy_fixed_r_v1,2022-09-21 17:45:00+00:00,2022-09-21 17:50:00+00:00,2022-09-21 17:55:00+00:00,2
76092,76127,0.96658,0.9678449671522266,-1.0849999999999809,STOP,-0.9999999999999808,0.085,legacy_fixed_r_v1,2022-09-21 21:00:00+00:00,2022-09-21 21:05:00+00:00,2022-09-21 23:55:00+00:00,35
76160,76190,0.96619,0.965609277647983,0.5796179262435796,STOP,0.6646179262435795,0.085,legacy_fixed_r_v1,2022-09-22 02:40:00+00:00,2022-09-22 02:45:00+00:00,2022-09-22 05:10:00+00:00,30
76274,76284,0.97979,0.9770394306280483,1.348013218450288,STOP,1.433013218450288,0.085,legacy_fixed_r_v1,2022-09-22 12:10:00+00:00,2022-09-22 12:15:00+00:00,2022-09-22 13:00:00+00:00,10
76318,76331,0.98055,0.9797007633550912,0.569848177848338,STOP,0.6548481778483379,0.085,legacy_fixed_r_v1,2022-09-22 15:50:00+00:00,2022-09-22 15:55:00+00:00,2022-09-22 16:55:00+00:00,13
76349,76353,0.97817,0.9789017145154048,-1.0850000000000002,STOP,-1.0000000000000002,0.085,legacy_fixed_r_v1,2022-09-22 18:25:00+00:00,2022-09-22 18:30:00+00:00,2022-09-22 18:45:00+00:00,4
76379,76381,0.9793,0.9764212568609463,4.354241755696067,STOP,4.439241755696067,0.085,legacy_fixed_r_v1,2022-09-22 20:55:00+00:00,2022-09-22 21:10:00+00:00,2022-09-22 21:15:00+00:00,2
76467,76486,0.9782,0.9786301871274051,-1.08500000000003,STOP,-1.00000000000003,0.085,legacy_fixed_r_v1,2022-09-23 04:25:00+00:00,2022-09-23 04:30:00+00:00,2022-09-23 06:00:00+00:00,19
76570,76573,0.97855,0.977520985042085,0.7396323384555326,STOP,0.8246323384555325,0.085,legacy_fixed_r_v1,2022-09-23 13:00:00+00:00,2022-09-23 13:05:00+00:00,2022-09-23 13:15:00+00:00,3
76643,76651,0.98233,0.9816000860974515,0.6375502978517564,STOP,0.7225502978517564,0.085,legacy_fixed_r_v1,2022-09-23 19:05:00+00:00,2022-09-23 19:10:00+00:00,2022-09-23 19:45:00+00:00,8
76662,76663,0.98087,0.9817112196891558,-1.0849999999999533,STOP,-0.9999999999999534,0.085,legacy_fixed_r_v1,2022-09-23 20:40:00+00:00,2022-09-23 20:45:00+00:00,2022-09-23 20:45:00+00:00,1
76678,76681,0.98124,0.9794740345159575,1.4229877681614924,STOP,1.5079877681614924,0.085,legacy_fixed_r_v1,2022-09-25 22:10:00+00:00,2022-09-25 22:15:00+00:00,2022-09-25 22:25:00+00:00,3
76769,76777,0.98463,0.9852162043090763,-1.0849999999999616,STOP,-0.9999999999999615,0.085,legacy_fixed_r_v1,2022-09-26 05:45:00+00:00,2022-09-26 05:50:00+00:00,2022-09-26 06:25:00+00:00,8
76925,76939,0.99436,0.9932281127044824,0.8792175313259516,STOP,0.9642175313259516,0.085,legacy_fixed_r_v1,2022-09-26 18:45:00+00:00,2022-09-26 18:50:00+00:00,2022-09-26 19:55:00+00:00,14
76964,76966,0.99283,0.993497551750019,-1.0850000000000466,STOP,-1.0000000000000466,0.085,legacy_fixed_r_v1,2022-09-26 22:10:00+00:00,2022-09-26 22:15:00+00:00,2022-09-26 22:20:00+00:00,2
76980,76994,0.9928,0.991642591356556,1.8185505643802722,STOP,1.9035505643802721,0.085,legacy_fixed_r_v1,2022-09-26 23:30:00+00:00,2022-09-26 23:35:00+00:00,2022-09-27 00:40:00+00:00,14
77109,77117,0.98841,0.9872598359840501,0.8012320782979583,STOP,0.8862320782979582,0.085,legacy_fixed_r_v1,2022-09-27 10:15:00+00:00,2022-09-27 10:20:00+00:00,2022-09-27 10:55:00+00:00,8
77122,77128,0.98633,0.9857185477606463,0.4566764127577965,STOP,0.5416764127577965,0.085,legacy_fixed_r_v1,2022-09-27 11:20:00+00:00,2022-09-27 11:25:00+00:00,2022-09-27 11:50:00+00:00,6
77210,77221,0.99129,0.9920097692706635,-1.0850000000000306,STOP,-1.0000000000000306,0.085,legacy_fixed_r_v1,2022-09-27 18:40:00+00:00,2022-09-27 18:45:00+00:00,2022-09-27 19:35:00+00:00,11
77237,77242,0.99239,0.9908700023334672,2.8615019953159235,STOP,2.9465019953159235,0.085,legacy_fixed_r_v1,2022-09-27 20:55:00+00:00,2022-09-27 21:00:00+00:00,2022-09-27 21:30:00+00:00,5
77272,77277,0.99163,0.9920257633091476,-1.0849999999999744,STOP,-0.9999999999999744,0.085,legacy_fixed_r_v1,2022-09-28 00:00:00+00:00,2022-09-28 00:05:00+00:00,2022-09-28 00:25:00+00:00,5
77498,77503,0.97541,0.9764215514723553,-1.0850000000000437,STOP,-1.0000000000000437,0.085,legacy_fixed_r_v1,2022-09-28 18:50:00+00:00,2022-09-28 18:55:00+00:00,2022-09-28 19:15:00+00:00,5
77523,77525,0.97649,0.9753678482392151,1.5569113361784743,STOP,1.6419113361784743,0.085,legacy_fixed_r_v1,2022-09-28 20:55:00+00:00,2022-09-28 21:05:00+00:00,2022-09-28 21:10:00+00:00,2
77614,77622,0.97907,0.979569529559299,-1.0850000000000195,STOP,-1.0000000000000195,0.085,legacy_fixed_r_v1,2022-09-29 04:35:00+00:00,2022-09-29 04:40:00+00:00,2022-09-29 05:15:00+00:00,8
77667,77677,0.98263,0.9803062756563015,2.0678715243982912,STOP,2.152871524398291,0.085,legacy_fixed_r_v1,2022-09-29 09:00:00+00:00,2022-09-29 09:05:00+00:00,2022-09-29 09:50:00+00:00,10
77690,77698,0.97881,0.9800135385076477,-1.0849999999999718,STOP,-0.9999999999999717,0.085,legacy_fixed_r_v1,2022-09-29 10:55:00+00:00,2022-09-29 11:00:00+00:00,2022-09-29 11:35:00+00:00,8
77782,77795,0.97806,0.9773805615469654,0.6204532324400319,STOP,0.7054532324400319,0.085,legacy_fixed_r_v1,2022-09-29 18:35:00+00:00,2022-09-29 18:40:00+00:00,2022-09-29 19:40:00+00:00,13
77838,77851,0.97494,0.9755405058108695,-1.0849999999999314,STOP,-0.9999999999999314,0.085,legacy_fixed_r_v1,2022-09-29 23:30:00+00:00,2022-09-29 23:35:00+00:00,2022-09-30 00:35:00+00:00,13
77854,77864,0.97426,0.9750005402858735,-1.0849999999999707,STOP,-0.9999999999999707,0.085,legacy_fixed_r_v1,2022-09-30 00:50:00+00:00,2022-09-30 00:55:00+00:00,2022-09-30 01:40:00+00:00,10
77899,77917,0.97597,0.9752203080259143,1.556623250594828,STOP,1.641623250594828,0.085,legacy_fixed_r_v1,2022-09-30 04:35:00+00:00,2022-09-30 04:40:00+00:00,2022-09-30 06:05:00+00:00,18
77955,77957,0.97551,0.9766762016559671,-1.0850000000000264,STOP,-1.0000000000000264,0.085,legacy_fixed_r_v1,2022-09-30 09:15:00+00:00,2022-09-30 09:20:00+00:00,2022-09-30 09:25:00+00:00,2
78109,78131,0.98569,0.9866043730317674,-1.0850000000000193,STOP,-1.0000000000000193,0.085,legacy_fixed_r_v1,2022-10-02 22:15:00+00:00,2022-10-02 22:20:00+00:00,2022-10-03 00:05:00+00:00,22
78146,78158,0.98522,0.9839461275928839,1.8833972777275547,STOP,1.9683972777275547,0.085,legacy_fixed_r_v1,2022-10-03 01:20:00+00:00,2022-10-03 01:25:00+00:00,2022-10-03 02:20:00+00:00,12
78197,78203,0.98575,0.9840709344773589,2.9653778741244983,STOP,3.0503778741244982,0.085,legacy_fixed_r_v1,2022-10-03 05:35:00+00:00,2022-10-03 05:40:00+00:00,2022-10-03 06:05:00+00:00,6
78269,78290,0.9886,0.9880614124007701,0.4773619862888992,STOP,0.5623619862888992,0.085,legacy_fixed_r_v1,2022-10-03 11:35:00+00:00,2022-10-03 11:40:00+00:00,2022-10-03 13:20:00+00:00,21
78352,78387,0.99311,0.9920170819710072,1.0846214173444448,STOP,1.1696214173444448,0.085,legacy_fixed_r_v1,2022-10-03 18:30:00+00:00,2022-10-03 18:35:00+00:00,2022-10-03 21:30:00+00:00,35
78401,78416,0.99193,0.992430336834527,-1.0850000000000617,STOP,-1.0000000000000617,0.085,legacy_fixed_r_v1,2022-10-03 22:40:00+00:00,2022-10-03 22:45:00+00:00,2022-10-03 23:55:00+00:00,15
78521,78526,0.98754,0.9886636050805818,-1.084999999999991,STOP,-0.9999999999999911,0.085,legacy_fixed_r_v1,2022-10-04 08:40:00+00:00,2022-10-04 08:45:00+00:00,2022-10-04 09:05:00+00:00,5
78585,78603,0.98284,0.9804084884231196,1.5575973631203897,STOP,1.6425973631203896,0.085,legacy_fixed_r_v1,2022-10-04 14:00:00+00:00,2022-10-04 14:05:00+00:00,2022-10-04 15:30:00+00:00,18
78614,78619,0.97878,0.9801810323843226,-1.085000000000039,STOP,-1.000000000000039,0.085,legacy_fixed_r_v1,2022-10-04 16:25:00+00:00,2022-10-04 16:30:00+00:00,2022-10-04 16:50:00+00:00,5
78637,78646,0.98002,0.9790993332546016,0.9521630803089962,STOP,1.0371630803089962,0.085,legacy_fixed_r_v1,2022-10-04 18:20:00+00:00,2022-10-04 18:25:00+00:00,2022-10-04 19:05:00+00:00,9
78763,78766,0.97989,0.9796316505098794,0.4395706446695163,STOP,0.5245706446695163,0.085,legacy_fixed_r_v1,2022-10-05 05:05:00+00:00,2022-10-05 05:10:00+00:00,2022-10-05 05:20:00+00:00,3
78833,78836,0.9829,0.9838116531066678,-1.0849999999999889,STOP,-0.9999999999999889,0.085,legacy_fixed_r_v1,2022-10-05 10:55:00+00:00,2022-10-05 11:00:00+00:00,2022-10-05 11:10:00+00:00,3
78889,78898,0.98456,0.9831505533437527,0.9465759261290272,STOP,1.0315759261290272,0.085,legacy_fixed_r_v1,2022-10-05 15:35:00+00:00,2022-10-05 15:40:00+00:00,2022-10-05 16:20:00+00:00,9
78954,78957,0.98389,0.9826667099356093,1.8370477346724983,STOP,1.9220477346724982,0.085,legacy_fixed_r_v1,2022-10-05 21:00:00+00:00,2022-10-05 21:05:00+00:00,2022-10-05 21:15:00+00:00,3
79047,79051,0.98066,0.9811068892297695,-1.0850000000000626,STOP,-1.0000000000000626,0.085,legacy_fixed_r_v1,2022-10-06 04:50:00+00:00,2022-10-06 04:55:00+00:00,2022-10-06 05:10:00+00:00,4
79172,79180,0.98855,0.9897927866405227,-1.0850000000000055,STOP,-1.0000000000000056,0.085,legacy_fixed_r_v1,2022-10-06 15:15:00+00:00,2022-10-06 15:20:00+00:00,2022-10-06 15:55:00+00:00,8
79195,79216,0.98968,0.9906584862712888,-1.0849999999999709,STOP,-0.9999999999999708,0.085,legacy_fixed_r_v1,2022-10-06 17:10:00+00:00,2022-10-06 17:15:00+00:00,2022-10-06 18:55:00+00:00,21
79241,79244,0.99126,0.9884239184331327,4.9382419642520485,STOP,5.0232419642520485,0.085,legacy_fixed_r_v1,2022-10-06 21:00:00+00:00,2022-10-06 21:10:00+00:00,2022-10-06 21:20:00+00:00,3
79275,79277,0.99018,0.989877252310441,0.5469330576485087,STOP,0.6319330576485087,0.085,legacy_fixed_r_v1,2022-10-06 23:55:00+00:00,2022-10-07 00:00:00+00:00,2022-10-07 00:05:00+00:00,2
79307,79323,0.98991,0.9894951854018738,0.7180371700543948,STOP,0.8030371700543948,0.085,legacy_fixed_r_v1,2022-10-07 02:35:00+00:00,2022-10-07 02:40:00+00:00,2022-10-07 03:55:00+00:00,16
79344,79348,0.98946,0.9898290643826614,-1.08500000000004,STOP,-1.00000000000004,0.085,legacy_fixed_r_v1,2022-10-07 05:40:00+00:00,2022-10-07 05:45:00+00:00,2022-10-07 06:00:00+00:00,4
79422,79425,0.99021,0.9909440806082404,-1.0849999999999647,STOP,-0.9999999999999646,0.085,legacy_fixed_r_v1,2022-10-07 12:10:00+00:00,2022-10-07 12:15:00+00:00,2022-10-07 12:25:00+00:00,3
79453,79460,0.99222,0.9937548724138889,-1.084999999999996,STOP,-0.9999999999999959,0.085,legacy_fixed_r_v1,2022-10-07 14:45:00+00:00,2022-10-07 14:50:00+00:00,2022-10-07 15:20:00+00:00,7
79562,79564,0.99451,0.9938687030626523,1.2753014609976585,STOP,1.3603014609976585,0.085,legacy_fixed_r_v1,2022-10-10 00:35:00+00:00,2022-10-10 00:40:00+00:00,2022-10-10 00:45:00+00:00,2
79576,79581,0.99358,0.9940767153004096,-1.0849999999999762,STOP,-0.9999999999999762,0.085,legacy_fixed_r_v1,2022-10-10 01:45:00+00:00,2022-10-10 01:50:00+00:00,2022-10-10 02:10:00+00:00,5
79699,79715,0.99813,0.9989755088995587,-1.0849999999999618,STOP,-0.9999999999999618,0.085,legacy_fixed_r_v1,2022-10-10 12:00:00+00:00,2022-10-10 12:05:00+00:00,2022-10-10 13:20:00+00:00,16
79729,79730,0.99857,0.9994445089578202,-1.0850000000000064,STOP,-1.0000000000000064,0.085,legacy_fixed_r_v1,2022-10-10 14:30:00+00:00,2022-10-10 14:35:00+00:00,2022-10-10 14:35:00+00:00,1
79765,79772,0.99983,0.9991832822421063,0.8638736082079445,STOP,0.9488736082079444,0.085,legacy_fixed_r_v1,2022-10-10 17:30:00+00:00,2022-10-10 17:35:00+00:00,2022-10-10 18:05:00+00:00,7
79800,79806,0.99955,1.0000309335073843,-1.084999999999942,STOP,-0.999999999999942,0.085,legacy_fixed_r_v1,2022-10-10 20:25:00+00:00,2022-10-10 20:30:00+00:00,2022-10-10 20:55:00+00:00,6
79846,79849,0.99938,0.9989750203440555,0.811559831085314,STOP,0.896559831085314,0.085,legacy_fixed_r_v1,2022-10-11 00:15:00+00:00,2022-10-11 00:20:00+00:00,2022-10-11 00:30:00+00:00,3
79903,79905,1.00141,1.0009981893139095,0.79779574266402,STOP,0.88279574266402,0.085,legacy_fixed_r_v1,2022-10-11 05:00:00+00:00,2022-10-11 05:05:00+00:00,2022-10-11 05:10:00+00:00,2
79967,79975,0.99865,0.997198796021048,1.588410155875233,STOP,1.673410155875233,0.085,legacy_fixed_r_v1,2022-10-11 10:20:00+00:00,2022-10-11 10:25:00+00:00,2022-10-11 11:00:00+00:00,8
80100,80102,0.99765,0.9971737752614243,0.5922913063326619,STOP,0.6772913063326619,0.085,legacy_fixed_r_v1,2022-10-11 21:25:00+00:00,2022-10-11 21:30:00+00:00,2022-10-11 21:35:00+00:00,2
80199,80202,0.99619,0.9956007684073982,0.9496932800601652,STOP,1.0346932800601651,0.085,legacy_fixed_r_v1,2022-10-12 05:40:00+00:00,2022-10-12 05:45:00+00:00,2022-10-12 05:55:00+00:00,3
80382,80384,0.99797,0.997338696729769,1.1946338537719317,STOP,1.2796338537719316,0.085,legacy_fixed_r_v1,2022-10-12 20:55:00+00:00,2022-10-12 21:00:00+00:00,2022-10-12 21:05:00+00:00,2
80471,80477,0.99785,0.9975866652333677,0.7669438634086495,STOP,0.8519438634086495,0.085,legacy_fixed_r_v1,2022-10-13 04:40:00+00:00,2022-10-13 04:45:00+00:00,2022-10-13 05:10:00+00:00,6
80522,80530,0.99872,0.997404335336658,1.817612078477053,STOP,1.902612078477053,0.085,legacy_fixed_r_v1,2022-10-13 08:55:00+00:00,2022-10-13 09:00:00+00:00,2022-10-13 09:35:00+00:00,8
80550,80556,0.99789,0.9970918072470063,1.0823392369595368,STOP,1.1673392369595368,0.085,legacy_fixed_r_v1,2022-10-13 11:15:00+00:00,2022-10-13 11:20:00+00:00,2022-10-13 11:45:00+00:00,6
80592,80603,1.00333,0.998802905597201,2.231046064328105,STOP,2.316046064328105,0.085,legacy_fixed_r_v1,2022-10-13 14:45:00+00:00,2022-10-13 14:50:00+00:00,2022-10-13 15:40:00+00:00,11
80624,80655,0.9984,0.9997915464982658,-1.0849999999999946,STOP,-0.9999999999999947,0.085,legacy_fixed_r_v1,2022-10-13 17:25:00+00:00,2022-10-13 17:30:00+00:00,2022-10-13 20:00:00+00:00,31
80740,80750,0.99864,0.9991883974384966,-1.0849999999999023,STOP,-0.9999999999999023,0.085,legacy_fixed_r_v1,2022-10-14 03:30:00+00:00,2022-10-14 03:35:00+00:00,2022-10-14 04:20:00+00:00,10
80765,80771,0.99887,0.9981803555824781,1.3796763705308186,STOP,1.4646763705308186,0.085,legacy_fixed_r_v1,2022-10-14 05:35:00+00:00,2022-10-14 05:40:00+00:00,2022-10-14 06:05:00+00:00,6
80932,80957,1.00509,1.0043856500644925,0.8590663271163627,STOP,0.9440663271163626,0.085,legacy_fixed_r_v1,2022-10-14 19:30:00+00:00,2022-10-14 19:35:00+00:00,2022-10-16 22:05:00+00:00,25
80974,80982,1.00366,1.003153255450319,0.7032793192462247,STOP,0.7882793192462246,0.085,legacy_fixed_r_v1,2022-10-16 23:30:00+00:00,2022-10-16 23:35:00+00:00,2022-10-17 00:10:00+00:00,8
81101,81106,1.0009,1.0018602814252207,-1.08500000000001,STOP,-1.00000000000001,0.085,legacy_fixed_r_v1,2022-10-17 10:05:00+00:00,2022-10-17 10:10:00+00:00,2022-10-17 10:30:00+00:00,5
81128,81135,1.00089,0.9982505839722101,2.8367211680247473,STOP,2.9217211680247472,0.085,legacy_fixed_r_v1,2022-10-17 12:20:00+00:00,2022-10-17 12:25:00+00:00,2022-10-17 12:55:00+00:00,7
81169,81180,0.9955,0.9965424513703968,-1.0849999999999735,STOP,-0.9999999999999736,0.085,legacy_fixed_r_v1,2022-10-17 15:45:00+00:00,2022-10-17 15:50:00+00:00,2022-10-17 16:40:00+00:00,11
81188,81199,0.99538,0.9962525203365665,-1.0849999999999533,STOP,-0.9999999999999533,0.085,legacy_fixed_r_v1,2022-10-17 17:20:00+00:00,2022-10-17 17:25:00+00:00,2022-10-17 18:15:00+00:00,11
81255,81267,0.99564,0.9954036790104341,0.48517006100747445,STOP,0.5701700610074745,0.085,legacy_fixed_r_v1,2022-10-17 23:20:00+00:00,2022-10-17 23:25:00+00:00,2022-10-18 00:20:00+00:00,12
81411,81419,0.99537,0.9938568804788597,1.612118026344423,STOP,1.697118026344423,0.085,legacy_fixed_r_v1,2022-10-18 12:20:00+00:00,2022-10-18 12:25:00+00:00,2022-10-18 13:00:00+00:00,8
81462,81467,0.99575,0.9968354328247175,-1.0849999999999616,STOP,-0.9999999999999615,0.085,legacy_fixed_r_v1,2022-10-18 16:35:00+00:00,2022-10-18 16:40:00+00:00,2022-10-18 17:00:00+00:00,5
81497,81513,0.99476,0.9939956488326546,1.1124656157459052,STOP,1.1974656157459052,0.085,legacy_fixed_r_v1,2022-10-18 19:30:00+00:00,2022-10-18 19:35:00+00:00,2022-10-18 20:50:00+00:00,16
81528,81535,0.99359,0.99322394147413,0.8038057802322831,STOP,0.8888057802322831,0.085,legacy_fixed_r_v1,2022-10-18 22:30:00+00:00,2022-10-18 22:35:00+00:00,2022-10-18 23:05:00+00:00,7
81777,81799,1.00463,1.0041744680433264,0.6421684308858396,STOP,0.7271684308858396,0.085,legacy_fixed_r_v1,2022-10-19 19:15:00+00:00,2022-10-19 19:20:00+00:00,2022-10-19 21:05:00+00:00,22
81885,81888,1.0049,1.0054119882779202,-1.085000000000176,STOP,-1.000000000000176,0.085,legacy_fixed_r_v1,2022-10-20 04:15:00+00:00,2022-10-20 04:20:00+00:00,2022-10-20 04:30:00+00:00,3
81962,81972,1.00386,1.0020846882236207,1.8529742665676203,STOP,1.9379742665676203,0.085,legacy_fixed_r_v1,2022-10-20 10:40:00+00:00,2022-10-20 10:45:00+00:00,2022-10-20 11:30:00+00:00,10
81982,81985,1.00113,1.0020362606579607,-1.0850000000000009,STOP,-1.0000000000000009,0.085,legacy_fixed_r_v1,2022-10-20 12:20:00+00:00,2022-10-20 12:25:00+00:00,2022-10-20 12:35:00+00:00,3
82003,82007,1.00287,1.0010268520906174,1.4693934799712924,STOP,1.5543934799712924,0.085,legacy_fixed_r_v1,2022-10-20 14:05:00+00:00,2022-10-20 14:10:00+00:00,2022-10-20 14:25:00+00:00,4
82186,82197,1.00589,1.0062886652257763,-1.0850000000002336,STOP,-1.0000000000002336,0.085,legacy_fixed_r_v1,2022-10-21 05:30:00+00:00,2022-10-21 05:35:00+00:00,2022-10-21 06:25:00+00:00,11
82255,82260,1.01076,1.0117306629484164,-1.084999999999998,STOP,-0.999999999999998,0.085,legacy_fixed_r_v1,2022-10-21 11:15:00+00:00,2022-10-21 11:20:00+00:00,2022-10-21 11:40:00+00:00,5
82344,82354,0.9992,0.9979852505377947,0.8037174340930372,STOP,0.8887174340930372,0.085,legacy_fixed_r_v1,2022-10-21 18:40:00+00:00,2022-10-21 18:45:00+00:00,2022-10-21 19:30:00+00:00,10
82372,82380,0.9966,0.9953191732020324,1.422837794593063,STOP,1.507837794593063,0.085,legacy_fixed_r_v1,2022-10-23 21:00:00+00:00,2022-10-23 21:05:00+00:00,2022-10-23 21:40:00+00:00,8
82403,82405,0.99798,0.9954517193465291,1.7421842104723124,STOP,1.8271842104723124,0.085,legacy_fixed_r_v1,2022-10-23 23:35:00+00:00,2022-10-23 23:40:00+00:00,2022-10-23 23:45:00+00:00,2
82442,82447,0.99843,0.9992690116987787,-1.0849999999999649,STOP,-0.9999999999999648,0.085,legacy_fixed_r_v1,2022-10-24 02:50:00+00:00,2022-10-24 02:55:00+00:00,2022-10-24 03:15:00+00:00,5
82459,82467,0.9989,0.9980271908585375,1.3881762589328477,STOP,1.4731762589328476,0.085,legacy_fixed_r_v1,2022-10-24 04:15:00+00:00,2022-10-24 04:20:00+00:00,2022-10-24 04:55:00+00:00,8
82480,82485,0.99761,0.9982512117233842,-1.0850000000000513,STOP,-1.0000000000000513,0.085,legacy_fixed_r_v1,2022-10-24 06:00:00+00:00,2022-10-24 06:05:00+00:00,2022-10-24 06:25:00+00:00,5
82549,82551,1.00063,1.0016518759243087,-1.084999999999956,STOP,-0.999999999999956,0.085,legacy_fixed_r_v1,2022-10-24 11:45:00+00:00,2022-10-24 11:50:00+00:00,2022-10-24 11:55:00+00:00,2
82633,82637,1.00143,1.0009581521806776,0.7190692713171908,STOP,0.8040692713171907,0.085,legacy_fixed_r_v1,2022-10-24 18:45:00+00:00,2022-10-24 18:50:00+00:00,2022-10-24 19:05:00+00:00,4
82655,82665,1.00074,1.0003399418984373,0.753071141971532,STOP,0.838071141971532,0.085,legacy_fixed_r_v1,2022-10-24 20:35:00+00:00,2022-10-24 20:40:00+00:00,2022-10-24 21:30:00+00:00,10
82674,82677,0.99998,0.9995234811754131,0.9966219199127462,STOP,1.0816219199127461,0.085,legacy_fixed_r_v1,2022-10-24 22:15:00+00:00,2022-10-24 22:20:00+00:00,2022-10-24 22:30:00+00:00,3
82734,82751,0.99977,1.0002986395870312,-1.085000000000128,STOP,-1.0000000000001281,0.085,legacy_fixed_r_v1,2022-10-25 03:15:00+00:00,2022-10-25 03:20:00+00:00,2022-10-25 04:40:00+00:00,17
82808,82812,1.00204,1.0027597623665216,-1.0850000000000461,STOP,-1.0000000000000462,0.085,legacy_fixed_r_v1,2022-10-25 09:25:00+00:00,2022-10-25 09:30:00+00:00,2022-10-25 09:45:00+00:00,4
82880,82886,0.9949,0.9963950944988688,-1.0849999999999989,STOP,-0.9999999999999989,0.085,legacy_fixed_r_v1,2022-10-25 15:25:00+00:00,2022-10-25 15:30:00+00:00,2022-10-25 15:55:00+00:00,6
83115,83128,0.98906,0.9901302505399894,-1.085000000000015,STOP,-1.000000000000015,0.085,legacy_fixed_r_v1,2022-10-26 11:00:00+00:00,2022-10-26 11:05:00+00:00,2022-10-26 12:05:00+00:00,13
83164,83236,0.98689,0.98588,0.5299574989069196,TIME,0.6149574989069195,0.085,legacy_fixed_r_v1,2022-10-26 15:05:00+00:00,2022-10-26 15:10:00+00:00,2022-10-26 21:10:00+00:00,72
83260,83270,0.98573,0.9849022345226722,1.7045453989220762,STOP,1.7895453989220762,0.085,legacy_fixed_r_v1,2022-10-26 23:10:00+00:00,2022-10-26 23:15:00+00:00,2022-10-27 00:00:00+00:00,10
83328,83333,0.98618,0.9859089142691133,0.5122169566321827,STOP,0.5972169566321827,0.085,legacy_fixed_r_v1,2022-10-27 04:50:00+00:00,2022-10-27 04:55:00+00:00,2022-10-27 05:15:00+00:00,5
83476,83483,0.98944,0.9904750338315981,-1.0850000000000184,STOP,-1.0000000000000184,0.085,legacy_fixed_r_v1,2022-10-27 17:10:00+00:00,2022-10-27 17:15:00+00:00,2022-10-27 17:45:00+00:00,7
83516,83528,0.99115,0.9904972605061014,1.0672660238677087,STOP,1.1522660238677087,0.085,legacy_fixed_r_v1,2022-10-27 20:30:00+00:00,2022-10-27 20:35:00+00:00,2022-10-27 21:30:00+00:00,12
83536,83543,0.99134,0.9906028821614737,1.20095816205396,STOP,1.28595816205396,0.085,legacy_fixed_r_v1,2022-10-27 22:10:00+00:00,2022-10-27 22:15:00+00:00,2022-10-27 22:45:00+00:00,7
83777,83799,0.99629,0.9956933348700638,0.8536219133239075,STOP,0.9386219133239074,0.085,legacy_fixed_r_v1,2022-10-28 18:15:00+00:00,2022-10-28 18:20:00+00:00,2022-10-28 20:05:00+00:00,22
83981,83988,0.99957,1.0003574338546364,-1.0850000000000974,STOP,-1.0000000000000975,0.085,legacy_fixed_r_v1,2022-10-31 11:55:00+00:00,2022-10-31 12:00:00+00:00,2022-10-31 12:30:00+00:00,7
84027,84088,1.00086,1.0020542801392662,-1.0850000000000424,STOP,-1.0000000000000424,0.085,legacy_fixed_r_v1,2022-10-31 15:45:00+00:00,2022-10-31 15:50:00+00:00,2022-10-31 20:50:00+00:00,61
84091,84094,1.00209,1.0003851811165336,3.1843461508151614,STOP,3.2693461508151613,0.085,legacy_fixed_r_v1,2022-10-31 21:15:00+00:00,2022-10-31 21:20:00+00:00,2022-10-31 21:30:00+00:00,3
84192,84194,0.99994,0.9993456825131469,1.4287069482974726,STOP,1.5137069482974725,0.085,legacy_fixed_r_v1,2022-11-01 05:40:00+00:00,2022-11-01 05:45:00+00:00,2022-11-01 05:50:00+00:00,2
84375,84380,1.00091,0.9988511552238061,3.921874956341907,STOP,4.006874956341907,0.085,legacy_fixed_r_v1,2022-11-01 20:55:00+00:00,2022-11-01 21:05:00+00:00,2022-11-01 21:45:00+00:00,5
84442,84459,0.99798,0.9985582512397274,-1.0849999999999405,STOP,-0.9999999999999404,0.085,legacy_fixed_r_v1,2022-11-02 02:55:00+00:00,2022-11-02 03:00:00+00:00,2022-11-02 04:20:00+00:00,17
84474,84482,0.99827,0.9987049569310505,-1.084999999999975,STOP,-0.999999999999975,0.085,legacy_fixed_r_v1,2022-11-02 05:35:00+00:00,2022-11-02 05:40:00+00:00,2022-11-02 06:15:00+00:00,8
84542,84545,0.99645,0.9972116193569976,-1.0849999999999824,STOP,-0.9999999999999823,0.085,legacy_fixed_r_v1,2022-11-02 11:15:00+00:00,2022-11-02 11:20:00+00:00,2022-11-02 11:30:00+00:00,3
84617,84622,0.99882,0.9980478327631136,1.0816305731924387,STOP,1.1666305731924387,0.085,legacy_fixed_r_v1,2022-11-02 17:30:00+00:00,2022-11-02 17:35:00+00:00,2022-11-02 17:55:00+00:00,5
84673,84675,1.00199,1.0015621345789756,0.4042140604749517,STOP,0.4892140604749517,0.085,legacy_fixed_r_v1,2022-11-02 22:10:00+00:00,2022-11-02 22:15:00+00:00,2022-11-02 22:20:00+00:00,2
84704,84710,1.00291,1.0021424093685396,1.0795162608602744,STOP,1.1645162608602744,0.085,legacy_fixed_r_v1,2022-11-03 00:45:00+00:00,2022-11-03 00:50:00+00:00,2022-11-03 01:15:00+00:00,6
84917,84935,1.0125,1.0132466179019952,-1.0850000000000546,STOP,-1.0000000000000546,0.085,legacy_fixed_r_v1,2022-11-03 18:30:00+00:00,2022-11-03 18:35:00+00:00,2022-11-03 20:00:00+00:00,18
84948,84950,1.01396,1.012893486977599,2.3852601131855686,STOP,2.4702601131855686,0.085,legacy_fixed_r_v1,2022-11-03 21:05:00+00:00,2022-11-03 21:10:00+00:00,2022-11-03 21:15:00+00:00,2
85019,85022,1.01161,1.0113513584595573,0.4467083204040851,STOP,0.5317083204040851,0.085,legacy_fixed_r_v1,2022-11-04 03:00:00+00:00,2022-11-04 03:05:00+00:00,2022-11-04 03:15:00+00:00,3
85103,85111,1.00929,1.0073934466363845,2.319846465945108,STOP,2.404846465945108,0.085,legacy_fixed_r_v1,2022-11-04 10:00:00+00:00,2022-11-04 10:05:00+00:00,2022-11-04 10:40:00+00:00,8
85204,85211,0.99595,0.9947300467207014,1.3480517296129697,STOP,1.4330517296129697,0.085,legacy_fixed_r_v1,2022-11-04 18:25:00+00:00,2022-11-04 18:30:00+00:00,2022-11-04 19:00:00+00:00,7
85294,85296,0.99629,0.9968831083593187,-1.0849999999999276,STOP,-0.9999999999999276,0.085,legacy_fixed_r_v1,2022-11-07 02:55:00+00:00,2022-11-07 03:00:00+00:00,2022-11-07 03:05:00+00:00,2
85319,85326,0.99559,0.9948130872774422,1.6957912130691868,STOP,1.7807912130691868,0.085,legacy_fixed_r_v1,2022-11-07 05:00:00+00:00,2022-11-07 05:05:00+00:00,2022-11-07 05:35:00+00:00,7
85383,85398,0.99052,0.9898262373837816,0.6326217159248926,STOP,0.7176217159248925,0.085,legacy_fixed_r_v1,2022-11-07 10:20:00+00:00,2022-11-07 10:25:00+00:00,2022-11-07 11:35:00+00:00,15
85414,85419,0.98856,0.9881579558062424,0.3872156918272503,STOP,0.4722156918272503,0.085,legacy_fixed_r_v1,2022-11-07 12:55:00+00:00,2022-11-07 13:00:00+00:00,2022-11-07 13:20:00+00:00,5
85449,85458,0.98943,0.9907038129155015,-1.0849999999999997,STOP,-0.9999999999999997,0.085,legacy_fixed_r_v1,2022-11-07 15:50:00+00:00,2022-11-07 15:55:00+00:00,2022-11-07 16:35:00+00:00,9
85464,85480,0.98928,0.9884658068033387,0.6756171843898042,STOP,0.7606171843898042,0.085,legacy_fixed_r_v1,2022-11-07 17:05:00+00:00,2022-11-07 17:10:00+00:00,2022-11-07 18:25:00+00:00,16
85522,85529,0.98878,0.9877933428167426,2.039595648311459,STOP,2.124595648311459,0.085,legacy_fixed_r_v1,2022-11-07 21:55:00+00:00,2022-11-07 22:00:00+00:00,2022-11-07 22:30:00+00:00,7
85551,85554,0.98854,0.987937040883976,1.3307701016154756,STOP,1.4157701016154756,0.085,legacy_fixed_r_v1,2022-11-08 00:20:00+00:00,2022-11-08 00:25:00+00:00,2022-11-08 00:35:00+00:00,3
85790,85814,0.98541,0.9846645848401671,0.7949813990243876,STOP,0.8799813990243875,0.085,legacy_fixed_r_v1,2022-11-08 20:15:00+00:00,2022-11-08 20:20:00+00:00,2022-11-08 22:15:00+00:00,24
85862,85868,0.98566,0.9852611644632908,0.6397468369070562,STOP,0.7247468369070562,0.085,legacy_fixed_r_v1,2022-11-09 02:15:00+00:00,2022-11-09 02:20:00+00:00,2022-11-09 02:45:00+00:00,6
85919,85933,0.98616,0.9835734309425878,4.601429927085008,STOP,4.686429927085008,0.085,legacy_fixed_r_v1,2022-11-09 07:00:00+00:00,2022-11-09 07:05:00+00:00,2022-11-09 08:10:00+00:00,14
85967,85978,0.9847,0.9825577797572339,1.9789383010277315,STOP,2.0639383010277315,0.085,legacy_fixed_r_v1,2022-11-09 11:00:00+00:00,2022-11-09 11:05:00+00:00,2022-11-09 11:55:00+00:00,11
86030,86035,0.98185,0.9834193524692441,-1.085000000000004,STOP,-1.000000000000004,0.085,legacy_fixed_r_v1,2022-11-09 16:15:00+00:00,2022-11-09 16:20:00+00:00,2022-11-09 16:40:00+00:00,5
86076,86098,0.98541,0.984166346940911,1.4846433205303198,STOP,1.5696433205303197,0.085,legacy_fixed_r_v1,2022-11-09 20:05:00+00:00,2022-11-09 20:10:00+00:00,2022-11-09 21:55:00+00:00,22
86122,86129,0.98372,0.9833533151890821,0.8428224142009053,STOP,0.9278224142009053,0.085,legacy_fixed_r_v1,2022-11-09 23:55:00+00:00,2022-11-10 00:00:00+00:00,2022-11-10 00:30:00+00:00,7
86161,86186,0.98391,0.9828666642046755,1.6950789631706065,STOP,1.7800789631706064,0.085,legacy_fixed_r_v1,2022-11-10 03:10:00+00:00,2022-11-10 03:15:00+00:00,2022-11-10 05:15:00+00:00,25
86270,86282,0.98879,0.9882675922162675,0.5925455959907604,STOP,0.6775455959907604,0.085,legacy_fixed_r_v1,2022-11-10 12:15:00+00:00,2022-11-10 12:20:00+00:00,2022-11-10 13:15:00+00:00,12
86355,86368,0.9677,0.966145589776604,1.54157825580134,STOP,1.62657825580134,0.085,legacy_fixed_r_v1,2022-11-10 19:20:00+00:00,2022-11-10 19:25:00+00:00,2022-11-10 20:25:00+00:00,13
86469,86473,0.96609,0.965705122451782,0.5037030441887618,STOP,0.5887030441887617,0.085,legacy_fixed_r_v1,2022-11-11 04:55:00+00:00,2022-11-11 05:00:00+00:00,2022-11-11 05:15:00+00:00,4
86514,86520,0.96198,0.9611736861902032,0.6434421981261348,STOP,0.7284421981261348,0.085,legacy_fixed_r_v1,2022-11-11 08:40:00+00:00,2022-11-11 08:45:00+00:00,2022-11-11 09:10:00+00:00,6
86527,86530,0.96041,0.959816253997806,0.432855457997069,STOP,0.517855457997069,0.085,legacy_fixed_r_v1,2022-11-11 09:45:00+00:00,2022-11-11 09:50:00+00:00,2022-11-11 10:00:00+00:00,3
86548,86558,0.95788,0.9562485677996331,1.139579765945499,STOP,1.2245797659454989,0.085,legacy_fixed_r_v1,2022-11-11 11:30:00+00:00,2022-11-11 11:35:00+00:00,2022-11-11 12:20:00+00:00,10
86645,86646,0.93987,0.9407747027130864,-1.0850000000000255,STOP,-1.0000000000000255,0.085,legacy_fixed_r_v1,2022-11-11 19:35:00+00:00,2022-11-11 19:40:00+00:00,2022-11-11 19:40:00+00:00,1
86660,86674,0.94039,0.9412069364023963,-1.0850000000000382,STOP,-1.0000000000000382,0.085,legacy_fixed_r_v1,2022-11-11 20:50:00+00:00,2022-11-11 20:55:00+00:00,2022-11-13 22:00:00+00:00,14
86846,86854,0.94661,0.944554183515915,2.003234320833905,STOP,2.088234320833905,0.085,legacy_fixed_r_v1,2022-11-14 12:20:00+00:00,2022-11-14 12:25:00+00:00,2022-11-14 13:00:00+00:00,8
86894,86906,0.94447,0.9423722841558536,1.8251221899467984,STOP,1.9101221899467984,0.085,legacy_fixed_r_v1,2022-11-14 16:20:00+00:00,2022-11-14 16:25:00+00:00,2022-11-14 17:20:00+00:00,12
87001,87004,0.94366,0.944331368734072,-1.0849999999999491,STOP,-0.9999999999999492,0.085,legacy_fixed_r_v1,2022-11-15 01:15:00+00:00,2022-11-15 01:20:00+00:00,2022-11-15 01:30:00+00:00,3
87113,87125,0.93907,0.9402330667990343,-1.0849999999999589,STOP,-0.9999999999999588,0.085,legacy_fixed_r_v1,2022-11-15 10:35:00+00:00,2022-11-15 10:40:00+00:00,2022-11-15 11:35:00+00:00,12
87224,87229,0.94411,0.9431297873521631,0.5739138116612611,STOP,0.6589138116612611,0.085,legacy_fixed_r_v1,2022-11-15 19:50:00+00:00,2022-11-15 19:55:00+00:00,2022-11-15 20:15:00+00:00,5
87251,87254,0.94462,0.9437201810909295,1.030116029639,STOP,1.115116029639,0.085,legacy_fixed_r_v1,2022-11-15 22:05:00+00:00,2022-11-15 22:10:00+00:00,2022-11-15 22:20:00+00:00,3
87266,87274,0.94353,0.9431888707429822,0.4790922473629325,STOP,0.5640922473629325,0.085,legacy_fixed_r_v1,2022-11-15 23:20:00+00:00,2022-11-15 23:25:00+00:00,2022-11-16 00:00:00+00:00,8
87351,87361,0.94342,0.944178189010636,-1.0850000000000284,STOP,-1.0000000000000284,0.085,legacy_fixed_r_v1,2022-11-16 06:25:00+00:00,2022-11-16 06:30:00+00:00,2022-11-16 07:15:00+00:00,10
87386,87405,0.94113,0.9393302018758594,1.4350410030733345,STOP,1.5200410030733345,0.085,legacy_fixed_r_v1,2022-11-16 09:20:00+00:00,2022-11-16 09:25:00+00:00,2022-11-16 10:55:00+00:00,19
87538,87542,0.94528,0.9440115651630575,2.6382462822926818,STOP,2.7232462822926817,0.085,legacy_fixed_r_v1,2022-11-16 22:00:00+00:00,2022-11-16 22:05:00+00:00,2022-11-16 22:20:00+00:00,4
87625,87637,0.94595,0.9452669700818489,1.501069510289341,STOP,1.586069510289341,0.085,legacy_fixed_r_v1,2022-11-17 05:15:00+00:00,2022-11-17 05:20:00+00:00,2022-11-17 06:15:00+00:00,12
87765,87774,0.95422,0.9536401594034354,0.4849343900026026,STOP,0.5699343900026026,0.085,legacy_fixed_r_v1,2022-11-17 16:55:00+00:00,2022-11-17 17:00:00+00:00,2022-11-17 17:40:00+00:00,9
87816,87826,0.95171,0.9512971913520087,0.6745079774580884,STOP,0.7595079774580884,0.085,legacy_fixed_r_v1,2022-11-17 21:10:00+00:00,2022-11-17 21:15:00+00:00,2022-11-17 22:00:00+00:00,10
87854,87860,0.95207,0.9516354692709807,0.8862584192629985,STOP,0.9712584192629985,0.085,legacy_fixed_r_v1,2022-11-18 00:25:00+00:00,2022-11-18 00:30:00+00:00,2022-11-18 00:55:00+00:00,6
87894,87900,0.95098,0.9515361402564635,-1.0849999999999511,STOP,-0.999999999999951,0.085,legacy_fixed_r_v1,2022-11-18 03:45:00+00:00,2022-11-18 03:50:00+00:00,2022-11-18 04:15:00+00:00,6
88089,88101,0.95343,0.9539230059860307,-1.0850000000000808,STOP,-1.0000000000000808,0.085,legacy_fixed_r_v1,2022-11-18 20:00:00+00:00,2022-11-18 20:05:00+00:00,2022-11-18 21:00:00+00:00,12
88113,88116,0.95474,0.9535546548857122,2.5389317782761918,STOP,2.6239317782761917,0.085,legacy_fixed_r_v1,2022-11-20 22:00:00+00:00,2022-11-20 22:05:00+00:00,2022-11-20 22:15:00+00:00,3
88174,88188,0.95457,0.9551056441478332,-1.0850000000000797,STOP,-1.0000000000000797,0.085,legacy_fixed_r_v1,2022-11-21 03:20:00+00:00,2022-11-21 03:25:00+00:00,2022-11-21 04:30:00+00:00,14
88209,88213,0.95561,0.9560766603636857,-1.0849999999999533,STOP,-0.9999999999999533,0.085,legacy_fixed_r_v1,2022-11-21 06:15:00+00:00,2022-11-21 06:20:00+00:00,2022-11-21 06:35:00+00:00,4
88268,88276,0.9582,0.957623573918342,0.5974042847823446,STOP,0.6824042847823446,0.085,legacy_fixed_r_v1,2022-11-21 11:10:00+00:00,2022-11-21 11:15:00+00:00,2022-11-21 11:50:00+00:00,8
88293,88309,0.95789,0.957452521811744,0.47150762549317154,STOP,0.5565076254931716,0.085,legacy_fixed_r_v1,2022-11-21 13:15:00+00:00,2022-11-21 13:20:00+00:00,2022-11-21 14:35:00+00:00,16
88397,88402,0.95949,0.9582840673764607,2.6189020702012096,STOP,2.7039020702012095,0.085,legacy_fixed_r_v1,2022-11-21 21:55:00+00:00,2022-11-21 22:00:00+00:00,2022-11-21 22:25:00+00:00,5
88423,88431,0.95783,0.9576099344552826,0.4190176899139439,STOP,0.5040176899139439,0.085,legacy_fixed_r_v1,2022-11-22 00:10:00+00:00,2022-11-22 00:15:00+00:00,2022-11-22 00:50:00+00:00,8
88456,88487,0.95668,0.9571467775356061,-1.085000000000022,STOP,-1.000000000000022,0.085,legacy_fixed_r_v1,2022-11-22 02:55:00+00:00,2022-11-22 03:00:00+00:00,2022-11-22 05:30:00+00:00,31
88575,88588,0.95455,0.9516149459513192,3.746178280685272,STOP,3.831178280685272,0.085,legacy_fixed_r_v1,2022-11-22 12:50:00+00:00,2022-11-22 12:55:00+00:00,2022-11-22 13:55:00+00:00,13
88632,88637,0.95308,0.9522937216607812,1.1608353525577433,STOP,1.2458353525577432,0.085,legacy_fixed_r_v1,2022-11-22 17:35:00+00:00,2022-11-22 17:40:00+00:00,2022-11-22 18:00:00+00:00,5
88648,88650,0.95172,0.9522677939333428,-1.0850000000000504,STOP,-1.0000000000000504,0.085,legacy_fixed_r_v1,2022-11-22 18:55:00+00:00,2022-11-22 19:00:00+00:00,2022-11-22 19:05:00+00:00,2
88668,88672,0.95216,0.9518527001637956,0.7595677427947958,STOP,0.8445677427947957,0.085,legacy_fixed_r_v1,2022-11-22 20:35:00+00:00,2022-11-22 20:40:00+00:00,2022-11-22 20:55:00+00:00,4
88686,88688,0.95261,0.9514720730236543,3.139260394407465,STOP,3.224260394407465,0.085,legacy_fixed_r_v1,2022-11-22 22:05:00+00:00,2022-11-22 22:10:00+00:00,2022-11-22 22:15:00+00:00,2
88770,88775,0.95148,0.9505102735324319,2.5040335733190466,STOP,2.5890335733190466,0.085,legacy_fixed_r_v1,2022-11-23 05:05:00+00:00,2022-11-23 05:10:00+00:00,2022-11-23 05:30:00+00:00,5
88825,88831,0.95157,0.9522974807830723,-1.0849999999999926,STOP,-0.9999999999999926,0.085,legacy_fixed_r_v1,2022-11-23 09:40:00+00:00,2022-11-23 09:45:00+00:00,2022-11-23 10:10:00+00:00,6
88937,88938,0.94174,0.942746577524395,-1.0850000000000515,STOP,-1.0000000000000515,0.085,legacy_fixed_r_v1,2022-11-23 19:00:00+00:00,2022-11-23 19:05:00+00:00,2022-11-23 19:05:00+00:00,1
88975,88977,0.94353,0.9417593911681125,3.616847842629517,STOP,3.701847842629517,0.085,legacy_fixed_r_v1,2022-11-23 22:10:00+00:00,2022-11-23 22:15:00+00:00,2022-11-23 22:20:00+00:00,2
89009,89016,0.94074,0.9412463591237193,-1.0850000000000428,STOP,-1.0000000000000429,0.085,legacy_fixed_r_v1,2022-11-24 01:00:00+00:00,2022-11-24 01:05:00+00:00,2022-11-24 01:35:00+00:00,7
89034,89039,0.93963,0.9392836756594822,0.5252903121708744,STOP,0.6102903121708744,0.085,legacy_fixed_r_v1,2022-11-24 03:05:00+00:00,2022-11-24 03:10:00+00:00,2022-11-24 03:30:00+00:00,5
89139,89142,0.94253,0.9434372306678767,-1.0850000000000302,STOP,-1.0000000000000302,0.085,legacy_fixed_r_v1,2022-11-24 11:50:00+00:00,2022-11-24 11:55:00+00:00,2022-11-24 12:05:00+00:00,3
89213,89267,0.94322,0.9420601033582295,2.753267414682271,STOP,2.838267414682271,0.085,legacy_fixed_r_v1,2022-11-24 18:00:00+00:00,2022-11-24 18:05:00+00:00,2022-11-24 22:30:00+00:00,54
89301,89303,0.94365,0.9441020635170021,-1.0850000000000355,STOP,-1.0000000000000355,0.085,legacy_fixed_r_v1,2022-11-25 01:20:00+00:00,2022-11-25 01:25:00+00:00,2022-11-25 01:30:00+00:00,2
89331,89336,0.94349,0.9427034377008477,1.786498908131115,STOP,1.8714989081311149,0.085,legacy_fixed_r_v1,2022-11-25 03:50:00+00:00,2022-11-25 03:55:00+00:00,2022-11-25 04:15:00+00:00,5
89461,89479,0.94824,0.9463486909185358,1.8444382096860945,STOP,1.9294382096860945,0.085,legacy_fixed_r_v1,2022-11-25 14:40:00+00:00,2022-11-25 14:45:00+00:00,2022-11-25 16:10:00+00:00,18
89574,89646,0.94643,0.94609,0.2465642536118714,TIME,0.3315642536118714,0.085,legacy_fixed_r_v1,2022-11-28 00:20:00+00:00,2022-11-28 00:25:00+00:00,2022-11-28 06:20:00+00:00,72
89827,89862,0.94896,0.9483991239191583,1.0733736471020592,STOP,1.1583736471020591,0.085,legacy_fixed_r_v1,2022-11-28 21:25:00+00:00,2022-11-28 21:30:00+00:00,2022-11-29 00:20:00+00:00,35
89896,89902,0.94802,0.9470142896887701,1.7203657692717875,STOP,1.8053657692717875,0.085,legacy_fixed_r_v1,2022-11-29 03:10:00+00:00,2022-11-29 03:15:00+00:00,2022-11-29 03:40:00+00:00,6
89915,89937,0.94652,0.9470636876570723,-1.0849999999999334,STOP,-0.9999999999999334,0.085,legacy_fixed_r_v1,2022-11-29 04:45:00+00:00,2022-11-29 04:50:00+00:00,2022-11-29 06:35:00+00:00,22
89986,89990,0.9499,0.949300904819374,0.5397504279251747,STOP,0.6247504279251747,0.085,legacy_fixed_r_v1,2022-11-29 10:40:00+00:00,2022-11-29 10:45:00+00:00,2022-11-29 11:00:00+00:00,4
90121,90123,0.95432,0.95192167994191,5.9084507431003965,STOP,5.9934507431003965,0.085,legacy_fixed_r_v1,2022-11-29 21:55:00+00:00,2022-11-29 22:00:00+00:00,2022-11-29 22:05:00+00:00,2
90147,90154,0.95414,0.9536419473805177,0.9307831267204678,STOP,1.0157831267204678,0.085,legacy_fixed_r_v1,2022-11-30 00:10:00+00:00,2022-11-30 00:15:00+00:00,2022-11-30 00:45:00+00:00,7
90192,90205,0.95283,0.9521837553466308,1.5910824184296117,STOP,1.6760824184296117,0.085,legacy_fixed_r_v1,2022-11-30 03:55:00+00:00,2022-11-30 04:00:00+00:00,2022-11-30 05:00:00+00:00,13
90265,90277,0.94932,0.9503767436691815,-1.0850000000000333,STOP,-1.0000000000000333,0.085,legacy_fixed_r_v1,2022-11-30 10:00:00+00:00,2022-11-30 10:05:00+00:00,2022-11-30 11:00:00+00:00,12
90285,90296,0.94972,0.9505353233774636,-1.0849999999999704,STOP,-0.9999999999999705,0.085,legacy_fixed_r_v1,2022-11-30 11:40:00+00:00,2022-11-30 11:45:00+00:00,2022-11-30 12:35:00+00:00,11
90304,90307,0.9491,0.9499478777076331,-1.0849999999999629,STOP,-0.9999999999999628,0.085,legacy_fixed_r_v1,2022-11-30 13:15:00+00:00,2022-11-30 13:20:00+00:00,2022-11-30 13:30:00+00:00,3
90414,90423,0.94589,0.9445655834080936,1.4743685654976528,STOP,1.5593685654976528,0.085,legacy_fixed_r_v1,2022-11-30 22:25:00+00:00,2022-11-30 22:30:00+00:00,2022-11-30 23:10:00+00:00,9
90443,90447,0.94308,0.9419738820174884,1.6382239057114656,STOP,1.7232239057114656,0.085,legacy_fixed_r_v1,2022-12-01 00:50:00+00:00,2022-12-01 00:55:00+00:00,2022-12-01 01:10:00+00:00,4
90487,90507,0.94282,0.9432621798160611,-1.0850000000001014,STOP,-1.0000000000001015,0.085,legacy_fixed_r_v1,2022-12-01 04:30:00+00:00,2022-12-01 04:35:00+00:00,2022-12-01 06:10:00+00:00,20
90660,90702,0.93728,0.936182083571857,1.0319886699676466,STOP,1.1169886699676466,0.085,legacy_fixed_r_v1,2022-12-01 18:55:00+00:00,2022-12-01 19:00:00+00:00,2022-12-01 22:30:00+00:00,42
90782,90787,0.93735,0.9377065024981205,-1.0849999999998827,STOP,-0.9999999999998826,0.085,legacy_fixed_r_v1,2022-12-02 05:10:00+00:00,2022-12-02 05:15:00+00:00,2022-12-02 05:35:00+00:00,5
90842,90846,0.93502,0.9342647939638848,0.7051968768076243,STOP,0.7901968768076243,0.085,legacy_fixed_r_v1,2022-12-02 10:10:00+00:00,2022-12-02 10:15:00+00:00,2022-12-02 10:30:00+00:00,4
90863,90882,0.93351,0.9342724055692397,-1.0850000000000037,STOP,-1.0000000000000038,0.085,legacy_fixed_r_v1,2022-12-02 11:55:00+00:00,2022-12-02 12:00:00+00:00,2022-12-02 13:30:00+00:00,19
90913,90927,0.9401,0.937191959315062,1.684151331648616,STOP,1.769151331648616,0.085,legacy_fixed_r_v1,2022-12-02 16:05:00+00:00,2022-12-02 16:10:00+00:00,2022-12-02 17:15:00+00:00,14
90959,90983,0.9375,0.9369834242939031,0.6372041254433276,STOP,0.7222041254433276,0.085,legacy_fixed_r_v1,2022-12-02 19:55:00+00:00,2022-12-02 20:00:00+00:00,2022-12-02 21:55:00+00:00,24
91007,91009,0.93661,0.9372722714994174,-1.0850000000000821,STOP,-1.0000000000000822,0.085,legacy_fixed_r_v1,2022-12-04 23:55:00+00:00,2022-12-05 00:00:00+00:00,2022-12-05 00:05:00+00:00,2
91043,91061,0.93512,0.9346242933917183,0.965528747692433,STOP,1.050528747692433,0.085,legacy_fixed_r_v1,2022-12-05 02:55:00+00:00,2022-12-05 03:00:00+00:00,2022-12-05 04:25:00+00:00,18
91299,91304,0.94219,0.9417166323062709,0.9348337499868831,STOP,1.019833749986883,0.085,legacy_fixed_r_v1,2022-12-06 00:15:00+00:00,2022-12-06 00:20:00+00:00,2022-12-06 00:40:00+00:00,5
91417,91432,0.94249,0.9405000239337299,1.9773438245220691,STOP,2.062343824522069,0.085,legacy_fixed_r_v1,2022-12-06 10:05:00+00:00,2022-12-06 10:10:00+00:00,2022-12-06 11:20:00+00:00,15
91560,91563,0.9423,0.9408989053172069,2.914143117347357,STOP,2.999143117347357,0.085,legacy_fixed_r_v1,2022-12-06 22:00:00+00:00,2022-12-06 22:05:00+00:00,2022-12-06 22:15:00+00:00,3
91644,91648,0.94231,0.9419550216347492,0.9012458752028256,STOP,0.9862458752028256,0.085,legacy_fixed_r_v1,2022-12-07 05:00:00+00:00,2022-12-07 05:05:00+00:00,2022-12-07 05:20:00+00:00,4
91735,91740,0.94039,0.9393547452731175,1.0438599115270506,STOP,1.1288599115270506,0.085,legacy_fixed_r_v1,2022-12-07 12:35:00+00:00,2022-12-07 12:40:00+00:00,2022-12-07 13:00:00+00:00,5
91803,91828,0.93947,0.9403089836944896,-1.0850000000000366,STOP,-1.0000000000000366,0.085,legacy_fixed_r_v1,2022-12-07 18:15:00+00:00,2022-12-07 18:20:00+00:00,2022-12-07 20:20:00+00:00,25
91848,91851,0.94122,0.9395850974306151,2.855966994553187,STOP,2.940966994553187,0.085,legacy_fixed_r_v1,2022-12-07 22:00:00+00:00,2022-12-07 22:05:00+00:00,2022-12-07 22:15:00+00:00,3
92018,92026,0.94105,0.9404145751848854,0.9037542943135579,STOP,0.9887542943135579,0.085,legacy_fixed_r_v1,2022-12-08 12:10:00+00:00,2022-12-08 12:15:00+00:00,2022-12-08 12:50:00+00:00,8
92071,92074,0.9345,0.9354406626640259,-1.0850000000000064,STOP,-1.0000000000000064,0.085,legacy_fixed_r_v1,2022-12-08 16:35:00+00:00,2022-12-08 16:40:00+00:00,2022-12-08 16:50:00+00:00,3
92096,92138,0.9365,0.9359400539512795,0.6898044650313647,STOP,0.7748044650313647,0.085,legacy_fixed_r_v1,2022-12-08 18:40:00+00:00,2022-12-08 18:45:00+00:00,2022-12-08 22:10:00+00:00,42
92170,92174,0.93595,0.9346005537207582,3.049418945207446,STOP,3.134418945207446,0.085,legacy_fixed_r_v1,2022-12-09 00:55:00+00:00,2022-12-09 01:00:00+00:00,2022-12-09 01:15:00+00:00,4
92221,92224,0.93355,0.9333082315773134,0.5791905600165989,STOP,0.6641905600165988,0.085,legacy_fixed_r_v1,2022-12-09 05:10:00+00:00,2022-12-09 05:15:00+00:00,2022-12-09 05:25:00+00:00,3
92478,92508,0.93604,0.9364379786266754,-1.085000000000076,STOP,-1.000000000000076,0.085,legacy_fixed_r_v1,2022-12-12 02:40:00+00:00,2022-12-12 02:45:00+00:00,2022-12-12 05:10:00+00:00,30
92650,92652,0.93508,0.9358090786738177,-1.085000000000044,STOP,-1.000000000000044,0.085,legacy_fixed_r_v1,2022-12-12 17:00:00+00:00,2022-12-12 17:05:00+00:00,2022-12-12 17:10:00+00:00,2
92685,92694,0.93706,0.9365999468391515,0.6704890707061077,STOP,0.7554890707061077,0.085,legacy_fixed_r_v1,2022-12-12 19:55:00+00:00,2022-12-12 20:00:00+00:00,2022-12-12 20:40:00+00:00,9
92702,92716,0.93617,0.9354353369171865,1.497257117090987,STOP,1.582257117090987,0.085,legacy_fixed_r_v1,2022-12-12 21:20:00+00:00,2022-12-12 21:25:00+00:00,2022-12-12 22:30:00+00:00,14
92741,92768,0.93568,0.9353684254587903,0.7723732300087196,STOP,0.8573732300087196,0.085,legacy_fixed_r_v1,2022-12-13 00:35:00+00:00,2022-12-13 00:40:00+00:00,2022-12-13 02:50:00+00:00,27
92792,92815,0.93621,0.9351022156263893,3.5764417816382097,STOP,3.6614417816382097,0.085,legacy_fixed_r_v1,2022-12-13 04:50:00+00:00,2022-12-13 04:55:00+00:00,2022-12-13 06:45:00+00:00,23
92870,92872,0.93634,0.9369708894543594,-1.0850000000000333,STOP,-1.0000000000000333,0.085,legacy_fixed_r_v1,2022-12-13 11:20:00+00:00,2022-12-13 11:25:00+00:00,2022-12-13 11:30:00+00:00,2
92931,92935,0.92466,0.9262678146080285,-1.0850000000000344,STOP,-1.0000000000000344,0.085,legacy_fixed_r_v1,2022-12-13 16:25:00+00:00,2022-12-13 16:30:00+00:00,2022-12-13 16:45:00+00:00,4
92969,92972,0.92907,0.9287106403764186,0.447449844495763,STOP,0.532449844495763,0.085,legacy_fixed_r_v1,2022-12-13 19:35:00+00:00,2022-12-13 19:40:00+00:00,2022-12-13 19:50:00+00:00,3
93083,93103,0.9289,0.9285584880969299,1.0275909175930174,STOP,1.1125909175930173,0.085,legacy_fixed_r_v1,2022-12-14 05:10:00+00:00,2022-12-14 05:15:00+00:00,2022-12-14 06:50:00+00:00,20
93176,93181,0.92695,0.9264422651949802,0.537511740258561,STOP,0.6225117402585609,0.085,legacy_fixed_r_v1,2022-12-14 12:55:00+00:00,2022-12-14 13:00:00+00:00,2022-12-14 13:20:00+00:00,5
93238,93246,0.92381,0.9222653796263397,1.855624366955719,STOP,1.940624366955719,0.085,legacy_fixed_r_v1,2022-12-14 18:05:00+00:00,2022-12-14 18:10:00+00:00,2022-12-14 18:45:00+00:00,8
93287,93297,0.92483,0.9242082147839307,0.4590633904718083,STOP,0.5440633904718083,0.085,legacy_fixed_r_v1,2022-12-14 22:10:00+00:00,2022-12-14 22:15:00+00:00,2022-12-14 23:00:00+00:00,10
93319,93321,0.92372,0.924267150343216,-1.0850000000000242,STOP,-1.0000000000000242,0.085,legacy_fixed_r_v1,2022-12-15 00:50:00+00:00,2022-12-15 00:55:00+00:00,2022-12-15 01:00:00+00:00,2
93376,93387,0.92593,0.9253697881288613,1.554805949172705,STOP,1.639805949172705,0.085,legacy_fixed_r_v1,2022-12-15 05:35:00+00:00,2022-12-15 05:40:00+00:00,2022-12-15 06:30:00+00:00,11
93446,93467,0.92829,0.929341647159216,-1.085000000000052,STOP,-1.000000000000052,0.085,legacy_fixed_r_v1,2022-12-15 11:25:00+00:00,2022-12-15 11:30:00+00:00,2022-12-15 13:10:00+00:00,21
93534,93547,0.92975,0.9289422169007368,0.7977540912031275,STOP,0.8827540912031274,0.085,legacy_fixed_r_v1,2022-12-15 18:45:00+00:00,2022-12-15 18:50:00+00:00,2022-12-15 19:50:00+00:00,13
93572,93584,0.92857,0.9278419444115021,1.0700970820681317,STOP,1.1550970820681317,0.085,legacy_fixed_r_v1,2022-12-15 21:55:00+00:00,2022-12-15 22:00:00+00:00,2022-12-15 23:00:00+00:00,12
93623,93628,0.92662,0.925830109637456,1.7781215936242933,STOP,1.8631215936242933,0.085,legacy_fixed_r_v1,2022-12-16 02:15:00+00:00,2022-12-16 02:20:00+00:00,2022-12-16 02:40:00+00:00,5
93802,93830,0.93204,0.932930758277562,-1.0850000000000433,STOP,-1.0000000000000433,0.085,legacy_fixed_r_v1,2022-12-16 17:10:00+00:00,2022-12-16 17:15:00+00:00,2022-12-16 19:30:00+00:00,28
93860,93863,0.93387,0.9329084635531663,1.5671293025318083,STOP,1.6521293025318082,0.085,legacy_fixed_r_v1,2022-12-18 22:00:00+00:00,2022-12-18 22:05:00+00:00,2022-12-18 22:15:00+00:00,3
93887,93908,0.93318,0.931938045801478,1.8763646961124532,STOP,1.9613646961124531,0.085,legacy_fixed_r_v1,2022-12-19 00:20:00+00:00,2022-12-19 00:25:00+00:00,2022-12-19 02:05:00+00:00,21
93962,93965,0.93251,0.9322526429872542,0.7362170284500437,STOP,0.8212170284500436,0.085,legacy_fixed_r_v1,2022-12-19 06:35:00+00:00,2022-12-19 06:40:00+00:00,2022-12-19 06:50:00+00:00,3
94096,94111,0.92955,0.9304073929010787,-1.084999999999996,STOP,-0.999999999999996,0.085,legacy_fixed_r_v1,2022-12-19 17:45:00+00:00,2022-12-19 17:50:00+00:00,2022-12-19 19:00:00+00:00,15
94135,94148,0.92964,0.9285715736679504,2.0217788119590065,STOP,2.1067788119590065,0.085,legacy_fixed_r_v1,2022-12-19 21:00:00+00:00,2022-12-19 21:05:00+00:00,2022-12-19 22:05:00+00:00,13
94206,94209,0.92949,0.926696653404767,6.163779945641387,STOP,6.248779945641387,0.085,legacy_fixed_r_v1,2022-12-20 02:55:00+00:00,2022-12-20 03:00:00+00:00,2022-12-20 03:10:00+00:00,3
94244,94250,0.92801,0.9288837068083141,-1.084999999999975,STOP,-0.9999999999999751,0.085,legacy_fixed_r_v1,2022-12-20 06:05:00+00:00,2022-12-20 06:10:00+00:00,2022-12-20 06:35:00+00:00,6
94311,94319,0.92582,0.9267688381552788,-1.0850000000000055,STOP,-1.0000000000000056,0.085,legacy_fixed_r_v1,2022-12-20 11:40:00+00:00,2022-12-20 11:45:00+00:00,2022-12-20 12:20:00+00:00,8
94408,94441,0.92649,0.9257643961408962,1.189319190168991,STOP,1.274319190168991,0.085,legacy_fixed_r_v1,2022-12-20 19:45:00+00:00,2022-12-20 19:50:00+00:00,2022-12-20 22:30:00+00:00,33
94530,94540,0.92837,0.9286521831704255,-1.0849999999998137,STOP,-0.9999999999998137,0.085,legacy_fixed_r_v1,2022-12-21 05:55:00+00:00,2022-12-21 06:00:00+00:00,2022-12-21 06:45:00+00:00,10
94687,94700,0.92587,0.926530722621696,-1.0849999999999336,STOP,-0.9999999999999335,0.085,legacy_fixed_r_v1,2022-12-21 19:00:00+00:00,2022-12-21 19:05:00+00:00,2022-12-21 20:05:00+00:00,13
94723,94725,0.92725,0.9257388564567625,4.196810880222614,STOP,4.281810880222614,0.085,legacy_fixed_r_v1,2022-12-21 22:00:00+00:00,2022-12-21 22:05:00+00:00,2022-12-21 22:10:00+00:00,2
94756,94759,0.92643,0.9256581022004038,1.935266090774066,STOP,2.020266090774066,0.085,legacy_fixed_r_v1,2022-12-22 00:45:00+00:00,2022-12-22 00:50:00+00:00,2022-12-22 01:00:00+00:00,3
94772,94785,0.92489,0.9245719889791065,0.6528138489407159,STOP,0.7378138489407159,0.085,legacy_fixed_r_v1,2022-12-22 02:05:00+00:00,2022-12-22 02:10:00+00:00,2022-12-22 03:10:00+00:00,13
94790,94799,0.92429,0.9240335699729759,0.5621993377048211,STOP,0.6471993377048211,0.085,legacy_fixed_r_v1,2022-12-22 03:35:00+00:00,2022-12-22 03:40:00+00:00,2022-12-22 04:20:00+00:00,9
94810,94816,0.92384,0.9241809018552911,-1.085000000000029,STOP,-1.000000000000029,0.085,legacy_fixed_r_v1,2022-12-22 05:15:00+00:00,2022-12-22 05:20:00+00:00,2022-12-22 05:45:00+00:00,6
94864,94875,0.92332,0.9240638857918363,-1.0849999999999613,STOP,-0.9999999999999613,0.085,legacy_fixed_r_v1,2022-12-22 09:45:00+00:00,2022-12-22 09:50:00+00:00,2022-12-22 10:40:00+00:00,11
94901,94907,0.92649,0.9261796792241663,0.40607198578138537,STOP,0.4910719857813854,0.085,legacy_fixed_r_v1,2022-12-22 12:50:00+00:00,2022-12-22 12:55:00+00:00,2022-12-22 13:20:00+00:00,6
94985,94994,0.9314,0.9309772057670427,0.8345958484228503,STOP,0.9195958484228502,0.085,legacy_fixed_r_v1,2022-12-22 19:50:00+00:00,2022-12-22 19:55:00+00:00,2022-12-22 20:35:00+00:00,9
95011,95022,0.93145,0.930722589848716,1.6300662680493427,STOP,1.7150662680493427,0.085,legacy_fixed_r_v1,2022-12-22 22:00:00+00:00,2022-12-22 22:05:00+00:00,2022-12-22 22:55:00+00:00,11
95159,95185,0.93018,0.930835771184927,-1.0849999999999538,STOP,-0.9999999999999537,0.085,legacy_fixed_r_v1,2022-12-23 10:20:00+00:00,2022-12-23 10:25:00+00:00,2022-12-23 12:30:00+00:00,26
95245,95255,0.9326,0.9333971990881059,-1.0849999999999747,STOP,-0.9999999999999747,0.085,legacy_fixed_r_v1,2022-12-23 17:30:00+00:00,2022-12-23 17:35:00+00:00,2022-12-23 18:20:00+00:00,10
95275,95288,0.93363,0.9332573419532396,0.5108626006787681,STOP,0.5958626006787681,0.085,legacy_fixed_r_v1,2022-12-23 20:00:00+00:00,2022-12-23 20:05:00+00:00,2022-12-23 21:05:00+00:00,13
95343,95363,0.93385,0.9328203615273928,1.399383324605896,STOP,1.484383324605896,0.085,legacy_fixed_r_v1,2022-12-26 02:05:00+00:00,2022-12-26 02:10:00+00:00,2022-12-26 03:45:00+00:00,20
95407,95410,0.93343,0.931647406342818,4.380515159551672,STOP,4.465515159551672,0.085,legacy_fixed_r_v1,2022-12-26 07:35:00+00:00,2022-12-26 07:40:00+00:00,2022-12-26 07:50:00+00:00,3
95425,95429,0.93278,0.9317583129679363,1.864541287766472,STOP,1.949541287766472,0.085,legacy_fixed_r_v1,2022-12-26 09:05:00+00:00,2022-12-26 09:10:00+00:00,2022-12-26 09:25:00+00:00,4
95440,95442,0.93333,0.9316348071257793,3.9625901444270344,STOP,4.047590144427034,0.085,legacy_fixed_r_v1,2022-12-26 10:20:00+00:00,2022-12-26 10:25:00+00:00,2022-12-26 10:30:00+00:00,2
95653,95666,0.93111,0.9309013758728385,0.6713597827089569,STOP,0.7563597827089569,0.085,legacy_fixed_r_v1,2022-12-27 04:25:00+00:00,2022-12-27 04:30:00+00:00,2022-12-27 05:30:00+00:00,13
95821,95831,0.92949,0.9290014681992872,0.8040042951089799,STOP,0.8890042951089798,0.085,legacy_fixed_r_v1,2022-12-27 18:25:00+00:00,2022-12-27 18:30:00+00:00,2022-12-27 19:15:00+00:00,10
95863,95865,0.92963,0.9283572459764577,3.0146911792304274,STOP,3.0996911792304274,0.085,legacy_fixed_r_v1,2022-12-27 21:55:00+00:00,2022-12-27 22:00:00+00:00,2022-12-27 22:15:00+00:00,2
95922,95927,0.92958,0.9299790519830652,-1.085000000000054,STOP,-1.000000000000054,0.085,legacy_fixed_r_v1,2022-12-28 03:05:00+00:00,2022-12-28 03:10:00+00:00,2022-12-28 03:30:00+00:00,5
95942,95957,0.92992,0.9293562841747671,1.6816767252062272,STOP,1.7666767252062272,0.085,legacy_fixed_r_v1,2022-12-28 04:45:00+00:00,2022-12-28 04:50:00+00:00,2022-12-28 06:00:00+00:00,15
96006,96015,0.92959,0.9287638343328158,1.0718971613999886,STOP,1.1568971613999885,0.085,legacy_fixed_r_v1,2022-12-28 10:05:00+00:00,2022-12-28 10:10:00+00:00,2022-12-28 10:50:00+00:00,9
96054,96061,0.92593,0.9254544285247078,0.5203106086708612,STOP,0.6053106086708612,0.085,legacy_fixed_r_v1,2022-12-28 14:05:00+00:00,2022-12-28 14:10:00+00:00,2022-12-28 14:40:00+00:00,7
96093,96111,0.92668,0.9275840011609673,-1.0850000000000055,STOP,-1.0000000000000056,0.085,legacy_fixed_r_v1,2022-12-28 17:20:00+00:00,2022-12-28 17:25:00+00:00,2022-12-28 18:50:00+00:00,18
96230,96234,0.9271,0.9269819590407905,0.4389415527096961,STOP,0.5239415527096961,0.085,legacy_fixed_r_v1,2022-12-29 04:55:00+00:00,2022-12-29 05:00:00+00:00,2022-12-29 05:15:00+00:00,4
96309,96312,0.92488,0.9256521065427875,-1.0850000000000042,STOP,-1.0000000000000042,0.085,legacy_fixed_r_v1,2022-12-29 11:30:00+00:00,2022-12-29 11:35:00+00:00,2022-12-29 11:45:00+00:00,3
96370,96411,0.92306,0.9218600339868401,1.152696257878817,STOP,1.2376962578788169,0.085,legacy_fixed_r_v1,2022-12-29 16:35:00+00:00,2022-12-29 16:40:00+00:00,2022-12-29 20:00:00+00:00,41
96437,96440,0.92422,0.9220624423132323,4.292677998302203,STOP,4.377677998302203,0.085,legacy_fixed_r_v1,2022-12-29 22:10:00+00:00,2022-12-29 22:15:00+00:00,2022-12-29 22:25:00+00:00,3
96467,96471,0.92294,0.9225070716517294,0.9146629998980577,STOP,0.9996629998980576,0.085,legacy_fixed_r_v1,2022-12-30 00:40:00+00:00,2022-12-30 00:45:00+00:00,2022-12-30 01:00:00+00:00,4
96520,96526,0.92318,0.9230065351582621,0.5441336315785049,STOP,0.6291336315785049,0.085,legacy_fixed_r_v1,2022-12-30 05:05:00+00:00,2022-12-30 05:10:00+00:00,2022-12-30 05:35:00+00:00,6
96662,96667,0.92414,0.9232216866342655,0.7126871989297746,STOP,0.7976871989297746,0.085,legacy_fixed_r_v1,2022-12-30 16:55:00+00:00,2022-12-30 17:00:00+00:00,2022-12-30 17:20:00+00:00,5
96674,96679,0.92184,0.9228231192899817,-1.084999999999971,STOP,-0.9999999999999711,0.085,legacy_fixed_r_v1,2022-12-30 17:55:00+00:00,2022-12-30 18:00:00+00:00,2022-12-30 18:20:00+00:00,5
96724,96727,0.92583,0.9229387132846355,2.221254088211969,STOP,2.306254088211969,0.085,legacy_fixed_r_v1,2023-01-01 23:10:00+00:00,2023-01-01 23:15:00+00:00,2023-01-01 23:30:00+00:00,3
96782,96784,0.9234,0.9227803307887533,1.6365748123763944,STOP,1.7215748123763943,0.085,legacy_fixed_r_v1,2023-01-02 04:10:00+00:00,2023-01-02 04:15:00+00:00,2023-01-02 04:20:00+00:00,2
96815,96818,0.92473,0.9236081676065093,1.951043705732085,STOP,2.036043705732085,0.085,legacy_fixed_r_v1,2023-01-02 06:55:00+00:00,2023-01-02 07:00:00+00:00,2023-01-02 07:10:00+00:00,3
96960,96962,0.92567,0.9252015092026946,2.6494749698740523,STOP,2.7344749698740523,0.085,legacy_fixed_r_v1,2023-01-02 19:00:00+00:00,2023-01-02 19:05:00+00:00,2023-01-02 19:10:00+00:00,2
97041,97049,0.92418,0.9235081738085331,0.826234315067158,STOP,0.911234315067158,0.085,legacy_fixed_r_v1,2023-01-03 02:30:00+00:00,2023-01-03 02:35:00+00:00,2023-01-03 03:10:00+00:00,8
97157,97174,0.93829,0.9355834198684229,2.6066525084302135,STOP,2.6916525084302134,0.085,legacy_fixed_r_v1,2023-01-03 12:10:00+00:00,2023-01-03 12:15:00+00:00,2023-01-03 13:35:00+00:00,17
97214,97252,0.93698,0.935265343626452,1.245708500585768,STOP,1.330708500585768,0.085,legacy_fixed_r_v1,2023-01-03 16:55:00+00:00,2023-01-03 17:00:00+00:00,2023-01-03 20:05:00+00:00,38
97275,97278,0.93731,0.9359132230523294,2.516355555501396,STOP,2.601355555501396,0.085,legacy_fixed_r_v1,2023-01-03 22:00:00+00:00,2023-01-03 22:05:00+00:00,2023-01-03 22:15:00+00:00,3
97358,97361,0.93279,0.9331213371240066,-1.0849999999999607,STOP,-0.9999999999999607,0.085,legacy_fixed_r_v1,2023-01-04 04:55:00+00:00,2023-01-04 05:00:00+00:00,2023-01-04 05:10:00+00:00,3
97498,97515,0.92773,0.9289404235726176,-1.0849999999999758,STOP,-0.9999999999999757,0.085,legacy_fixed_r_v1,2023-01-04 16:35:00+00:00,2023-01-04 16:40:00+00:00,2023-01-04 18:00:00+00:00,17
97795,97839,0.93566,0.9366948536206524,-1.0849999999999553,STOP,-0.9999999999999554,0.085,legacy_fixed_r_v1,2023-01-05 17:20:00+00:00,2023-01-05 17:25:00+00:00,2023-01-05 21:00:00+00:00,44
97850,97854,0.93671,0.9353951904343824,2.9296171533091386,STOP,3.0146171533091386,0.085,legacy_fixed_r_v1,2023-01-05 21:55:00+00:00,2023-01-05 22:00:00+00:00,2023-01-05 22:15:00+00:00,4
97882,97885,0.93575,0.9355826017332971,0.3939294871603645,STOP,0.47892948716036454,0.085,legacy_fixed_r_v1,2023-01-06 00:35:00+00:00,2023-01-06 00:40:00+00:00,2023-01-06 00:50:00+00:00,3
97901,97906,0.93553,0.9359539580015007,-1.0849999999998992,STOP,-0.9999999999998992,0.085,legacy_fixed_r_v1,2023-01-06 02:10:00+00:00,2023-01-06 02:15:00+00:00,2023-01-06 02:35:00+00:00,5
98010,98016,0.93904,0.9398925448198051,-1.0849999999999727,STOP,-0.9999999999999726,0.085,legacy_fixed_r_v1,2023-01-06 11:15:00+00:00,2023-01-06 11:20:00+00:00,2023-01-06 11:45:00+00:00,6
98074,98106,0.92984,0.9277350417980094,1.1845787967636228,STOP,1.2695787967636227,0.085,legacy_fixed_r_v1,2023-01-06 16:35:00+00:00,2023-01-06 16:40:00+00:00,2023-01-06 19:15:00+00:00,32
98216,98222,0.92561,0.9260094814757065,-1.0849999999999593,STOP,-0.9999999999999593,0.085,legacy_fixed_r_v1,2023-01-09 04:30:00+00:00,2023-01-09 04:35:00+00:00,2023-01-09 05:00:00+00:00,6
98295,98314,0.92407,0.9228492823758024,1.31488041881792,STOP,1.39988041881792,0.085,legacy_fixed_r_v1,2023-01-09 11:05:00+00:00,2023-01-09 11:10:00+00:00,2023-01-09 12:40:00+00:00,19
98340,98352,0.9185,0.9174420531963504,0.8961782899525182,STOP,0.9811782899525182,0.085,legacy_fixed_r_v1,2023-01-09 14:50:00+00:00,2023-01-09 14:55:00+00:00,2023-01-09 15:50:00+00:00,12
98426,98431,0.92146,0.9209508796659971,0.968462093833848,STOP,1.053462093833848,0.085,legacy_fixed_r_v1,2023-01-09 22:00:00+00:00,2023-01-09 22:05:00+00:00,2023-01-09 22:25:00+00:00,5
98510,98520,0.92166,0.9209340741381742,2.012621070261398,STOP,2.0976210702613978,0.085,legacy_fixed_r_v1,2023-01-10 05:00:00+00:00,2023-01-10 05:05:00+00:00,2023-01-10 05:50:00+00:00,10
98618,98633,0.92222,0.921508198547796,0.6744530839163984,STOP,0.7594530839163983,0.085,legacy_fixed_r_v1,2023-01-10 14:00:00+00:00,2023-01-10 14:05:00+00:00,2023-01-10 15:15:00+00:00,15
98661,98665,0.92193,0.9227188310149785,-1.0850000000000282,STOP,-1.0000000000000282,0.085,legacy_fixed_r_v1,2023-01-10 17:35:00+00:00,2023-01-10 17:40:00+00:00,2023-01-10 17:55:00+00:00,4
98678,98686,0.9225,0.9231285673034451,-1.084999999999962,STOP,-0.999999999999962,0.085,legacy_fixed_r_v1,2023-01-10 19:00:00+00:00,2023-01-10 19:05:00+00:00,2023-01-10 19:40:00+00:00,8
98693,98698,0.92253,0.9229805700363468,-1.0849999999998923,STOP,-0.9999999999998923,0.085,legacy_fixed_r_v1,2023-01-10 20:15:00+00:00,2023-01-10 20:20:00+00:00,2023-01-10 20:40:00+00:00,5
98713,98715,0.92358,0.9217411544647764,4.776381318320683,STOP,4.861381318320683,0.085,legacy_fixed_r_v1,2023-01-10 21:55:00+00:00,2023-01-10 22:00:00+00:00,2023-01-10 22:05:00+00:00,2
98748,98750,0.922,0.9224202307037255,-1.0849999999999251,STOP,-0.9999999999999251,0.085,legacy_fixed_r_v1,2023-01-11 00:50:00+00:00,2023-01-11 00:55:00+00:00,2023-01-11 01:00:00+00:00,2
98790,98808,0.92268,0.9213335322178138,3.999171035261109,STOP,4.084171035261109,0.085,legacy_fixed_r_v1,2023-01-11 04:20:00+00:00,2023-01-11 04:25:00+00:00,2023-01-11 05:50:00+00:00,18
98987,98990,0.93101,0.9315504034781351,-1.084999999999952,STOP,-0.999999999999952,0.085,legacy_fixed_r_v1,2023-01-11 20:45:00+00:00,2023-01-11 20:50:00+00:00,2023-01-11 21:00:00+00:00,3
99186,99188,0.93245,0.9320918511848878,0.3512825504575982,STOP,0.43628255045759823,0.085,legacy_fixed_r_v1,2023-01-12 13:20:00+00:00,2023-01-12 13:25:00+00:00,2023-01-12 13:30:00+00:00,2
99314,99319,0.92678,0.9264027579029412,0.49187107415355497,STOP,0.576871074153555,0.085,legacy_fixed_r_v1,2023-01-13 00:00:00+00:00,2023-01-13 00:05:00+00:00,2023-01-13 00:25:00+00:00,5
99438,99451,0.92727,0.9282237068603869,-1.0849999999999536,STOP,-0.9999999999999536,0.085,legacy_fixed_r_v1,2023-01-13 10:20:00+00:00,2023-01-13 10:25:00+00:00,2023-01-13 11:25:00+00:00,13
99608,99619,0.92601,0.9248089743258122,1.351825019913693,STOP,1.436825019913693,0.085,legacy_fixed_r_v1,2023-01-16 00:30:00+00:00,2023-01-16 00:35:00+00:00,2023-01-16 01:25:00+00:00,11
99929,99941,0.92627,0.9255840387126588,1.2153666216079868,STOP,1.3003666216079868,0.085,legacy_fixed_r_v1,2023-01-17 03:25:00+00:00,2023-01-17 03:30:00+00:00,2023-01-17 04:25:00+00:00,12
100011,100015,0.92262,0.9235810890760723,-1.085000000000012,STOP,-1.000000000000012,0.085,legacy_fixed_r_v1,2023-01-17 10:15:00+00:00,2023-01-17 10:20:00+00:00,2023-01-17 10:35:00+00:00,4
100121,100155,0.92202,0.9214744312611544,0.803004834461045,STOP,0.888004834461045,0.085,legacy_fixed_r_v1,2023-01-17 19:25:00+00:00,2023-01-17 19:30:00+00:00,2023-01-17 22:15:00+00:00,34
100197,100204,0.92201,0.9224437864492949,-1.0849999999999742,STOP,-0.9999999999999742,0.085,legacy_fixed_r_v1,2023-01-18 01:55:00+00:00,2023-01-18 02:00:00+00:00,2023-01-18 02:30:00+00:00,7
100244,100254,0.92276,0.9232976809696367,-1.0849999999999465,STOP,-0.9999999999999464,0.085,legacy_fixed_r_v1,2023-01-18 05:50:00+00:00,2023-01-18 05:55:00+00:00,2023-01-18 06:40:00+00:00,10
100288,100294,0.91477,0.9135141897612883,1.0292762859111548,STOP,1.1142762859111548,0.085,legacy_fixed_r_v1,2023-01-18 09:30:00+00:00,2023-01-18 09:35:00+00:00,2023-01-18 10:00:00+00:00,6
100336,100341,0.91351,0.9121899889556095,0.9548990780712372,STOP,1.0398990780712372,0.085,legacy_fixed_r_v1,2023-01-18 13:30:00+00:00,2023-01-18 13:35:00+00:00,2023-01-18 13:55:00+00:00,5
100413,100425,0.91604,0.9167719995291242,-1.0850000000000608,STOP,-1.0000000000000608,0.085,legacy_fixed_r_v1,2023-01-18 19:55:00+00:00,2023-01-18 20:00:00+00:00,2023-01-18 20:55:00+00:00,12
100434,100439,0.91642,0.915812102949884,1.1201628895849647,STOP,1.2051628895849646,0.085,legacy_fixed_r_v1,2023-01-18 21:40:00+00:00,2023-01-18 21:45:00+00:00,2023-01-18 22:05:00+00:00,5
100605,100617,0.91654,0.9172998923141765,-1.0850000000000146,STOP,-1.0000000000000147,0.085,legacy_fixed_r_v1,2023-01-19 11:55:00+00:00,2023-01-19 12:00:00+00:00,2023-01-19 12:55:00+00:00,12
100685,100690,0.9155,0.9162477867171027,-1.0849999999999262,STOP,-0.9999999999999262,0.085,legacy_fixed_r_v1,2023-01-19 18:35:00+00:00,2023-01-19 18:40:00+00:00,2023-01-19 19:00:00+00:00,5
100697,100721,0.91515,0.9157908035917252,-1.085000000000041,STOP,-1.000000000000041,0.085,legacy_fixed_r_v1,2023-01-19 19:35:00+00:00,2023-01-19 19:40:00+00:00,2023-01-19 21:35:00+00:00,24
100727,100729,0.9163,0.9152339585255244,1.9816377104835903,STOP,2.0666377104835902,0.085,legacy_fixed_r_v1,2023-01-19 22:05:00+00:00,2023-01-19 22:10:00+00:00,2023-01-19 22:15:00+00:00,2
100876,100889,0.91921,0.9202854176247673,-1.0850000000000297,STOP,-1.0000000000000298,0.085,legacy_fixed_r_v1,2023-01-20 10:30:00+00:00,2023-01-20 10:35:00+00:00,2023-01-20 11:35:00+00:00,13
100966,100969,0.92135,0.9221184335305989,-1.0849999999999727,STOP,-0.9999999999999726,0.085,legacy_fixed_r_v1,2023-01-20 18:00:00+00:00,2023-01-20 18:05:00+00:00,2023-01-20 18:15:00+00:00,3
100980,101001,0.92062,0.9201485743097441,0.5821679617817102,STOP,0.6671679617817101,0.085,legacy_fixed_r_v1,2023-01-20 19:10:00+00:00,2023-01-20 19:15:00+00:00,2023-01-20 20:55:00+00:00,21
101014,101017,0.91998,0.9187274049309769,2.010088473530568,STOP,2.095088473530568,0.085,legacy_fixed_r_v1,2023-01-22 22:00:00+00:00,2023-01-22 22:05:00+00:00,2023-01-22 22:15:00+00:00,3
101191,101199,0.92077,0.9215984593706518,-1.0849999999999798,STOP,-0.9999999999999798,0.085,legacy_fixed_r_v1,2023-01-23 12:50:00+00:00,2023-01-23 12:55:00+00:00,2023-01-23 13:30:00+00:00,8
101328,101346,0.92141,0.9212280430773281,0.43289426389837454,STOP,0.5178942638983746,0.085,legacy_fixed_r_v1,2023-01-24 00:15:00+00:00,2023-01-24 00:20:00+00:00,2023-01-24 01:45:00+00:00,18
101368,101373,0.92143,0.9217032301544569,-1.0849999999999975,STOP,-0.9999999999999974,0.085,legacy_fixed_r_v1,2023-01-24 03:35:00+00:00,2023-01-24 03:40:00+00:00,2023-01-24 04:00:00+00:00,5
101461,101473,0.92278,0.9235776549132328,-1.0850000000000193,STOP,-1.0000000000000193,0.085,legacy_fixed_r_v1,2023-01-24 11:20:00+00:00,2023-01-24 11:25:00+00:00,2023-01-24 12:20:00+00:00,12
101661,101665,0.92233,0.9226692404205763,-1.0850000000001125,STOP,-1.0000000000001126,0.085,legacy_fixed_r_v1,2023-01-25 04:00:00+00:00,2023-01-25 04:05:00+00:00,2023-01-25 04:20:00+00:00,4
101972,101984,0.91721,0.9164746604494457,2.4806687654929913,STOP,2.5656687654929913,0.085,legacy_fixed_r_v1,2023-01-26 05:55:00+00:00,2023-01-26 06:00:00+00:00,2023-01-26 06:55:00+00:00,12
102041,102045,0.91753,0.9181797855568214,-1.0849999999999758,STOP,-0.9999999999999757,0.085,legacy_fixed_r_v1,2023-01-26 11:40:00+00:00,2023-01-26 11:45:00+00:00,2023-01-26 12:00:00+00:00,4
102059,102063,0.91814,0.9188192670520625,-1.0850000000000017,STOP,-1.0000000000000018,0.085,legacy_fixed_r_v1,2023-01-26 13:10:00+00:00,2023-01-26 13:15:00+00:00,2023-01-26 13:30:00+00:00,4
102106,102112,0.92067,0.9216746670630268,-1.085000000000027,STOP,-1.000000000000027,0.085,legacy_fixed_r_v1,2023-01-26 17:05:00+00:00,2023-01-26 17:10:00+00:00,2023-01-26 17:35:00+00:00,6
102122,102144,0.92062,0.9199385890052518,0.8689827129736165,STOP,0.9539827129736165,0.085,legacy_fixed_r_v1,2023-01-26 18:25:00+00:00,2023-01-26 18:30:00+00:00,2023-01-26 20:15:00+00:00,22
102166,102169,0.92079,0.9188757589021019,4.741118608448544,STOP,4.826118608448544,0.085,legacy_fixed_r_v1,2023-01-26 22:10:00+00:00,2023-01-26 22:15:00+00:00,2023-01-26 22:25:00+00:00,3
102198,102204,0.91955,0.9199836054729006,-1.085,STOP,-1.0,0.085,legacy_fixed_r_v1,2023-01-27 00:50:00+00:00,2023-01-27 00:55:00+00:00,2023-01-27 01:20:00+00:00,6
102256,102260,0.92204,0.9218618598196632,0.7102546191024818,STOP,0.7952546191024817,0.085,legacy_fixed_r_v1,2023-01-27 05:40:00+00:00,2023-01-27 05:45:00+00:00,2023-01-27 06:00:00+00:00,4
102386,102390,0.92073,0.921751542766319,-1.085000000000003,STOP,-1.000000000000003,0.085,legacy_fixed_r_v1,2023-01-27 16:30:00+00:00,2023-01-27 16:35:00+00:00,2023-01-27 16:50:00+00:00,4
102443,102451,0.9209,0.9212697771652677,-1.0850000000001256,STOP,-1.0000000000001257,0.085,legacy_fixed_r_v1,2023-01-27 21:15:00+00:00,2023-01-27 21:20:00+00:00,2023-01-27 21:55:00+00:00,8
102524,102527,0.92121,0.9203351562337063,2.000716338857033,STOP,2.085716338857033,0.085,legacy_fixed_r_v1,2023-01-30 04:00:00+00:00,2023-01-30 04:05:00+00:00,2023-01-30 04:15:00+00:00,3
102682,102692,0.92305,0.9236980576554277,-1.0849999999999513,STOP,-0.9999999999999513,0.085,legacy_fixed_r_v1,2023-01-30 17:10:00+00:00,2023-01-30 17:15:00+00:00,2023-01-30 18:00:00+00:00,10
102766,102777,0.92499,0.9246949407870113,0.6711546682150499,STOP,0.7561546682150498,0.085,legacy_fixed_r_v1,2023-01-31 00:10:00+00:00,2023-01-31 00:15:00+00:00,2023-01-31 01:05:00+00:00,11
102783,102807,0.92434,0.9247501020036344,-1.0850000000000863,STOP,-1.0000000000000864,0.085,legacy_fixed_r_v1,2023-01-31 01:35:00+00:00,2023-01-31 01:40:00+00:00,2023-01-31 03:35:00+00:00,24
102906,102911,0.92712,0.9263537881653978,0.9896845051215071,STOP,1.074684505121507,0.085,legacy_fixed_r_v1,2023-01-31 11:50:00+00:00,2023-01-31 11:55:00+00:00,2023-01-31 12:15:00+00:00,5
103028,103031,0.91644,0.9153346900180843,2.4047299931744477,STOP,2.4897299931744477,0.085,legacy_fixed_r_v1,2023-01-31 22:00:00+00:00,2023-01-31 22:05:00+00:00,2023-01-31 22:15:00+00:00,3
103062,103066,0.9162,0.9165433660144253,-1.0850000000000206,STOP,-1.0000000000000207,0.085,legacy_fixed_r_v1,2023-02-01 00:50:00+00:00,2023-02-01 00:55:00+00:00,2023-02-01 01:10:00+00:00,4
103093,103099,0.91665,0.9164487430796069,0.6240018119787684,STOP,0.7090018119787683,0.085,legacy_fixed_r_v1,2023-02-01 03:25:00+00:00,2023-02-01 03:30:00+00:00,2023-02-01 03:55:00+00:00,6
103211,103226,0.91538,0.916017331859221,-1.0849999999999564,STOP,-0.9999999999999565,0.085,legacy_fixed_r_v1,2023-02-01 13:15:00+00:00,2023-02-01 13:20:00+00:00,2023-02-01 14:30:00+00:00,15
103315,103319,0.90978,0.9083201269021544,1.4799294445740696,STOP,1.5649294445740696,0.085,legacy_fixed_r_v1,2023-02-01 21:55:00+00:00,2023-02-01 22:00:00+00:00,2023-02-01 22:15:00+00:00,4
103346,103354,0.90642,0.9072110593419008,-1.0850000000000013,STOP,-1.0000000000000013,0.085,legacy_fixed_r_v1,2023-02-02 00:30:00+00:00,2023-02-02 00:35:00+00:00,2023-02-02 01:10:00+00:00,8
103394,103418,0.90696,0.9073196524940127,-1.0849999999999231,STOP,-0.9999999999999232,0.085,legacy_fixed_r_v1,2023-02-02 04:30:00+00:00,2023-02-02 04:35:00+00:00,2023-02-02 06:30:00+00:00,24
103477,103491,0.90934,0.9086636772622838,0.7752912451336528,STOP,0.8602912451336527,0.085,legacy_fixed_r_v1,2023-02-02 11:25:00+00:00,2023-02-02 11:30:00+00:00,2023-02-02 12:35:00+00:00,14
103567,103579,0.91277,0.9135644861761005,-1.0849999999999822,STOP,-0.9999999999999821,0.085,legacy_fixed_r_v1,2023-02-02 18:55:00+00:00,2023-02-02 19:00:00+00:00,2023-02-02 19:55:00+00:00,12
103603,103606,0.91351,0.9123299331945626,2.577854033975091,STOP,2.662854033975091,0.085,legacy_fixed_r_v1,2023-02-02 21:55:00+00:00,2023-02-02 22:00:00+00:00,2023-02-02 22:10:00+00:00,3
103694,103698,0.9141,0.9143624787639985,-1.0850000000000406,STOP,-1.0000000000000406,0.085,legacy_fixed_r_v1,2023-02-03 05:30:00+00:00,2023-02-03 05:35:00+00:00,2023-02-03 05:50:00+00:00,4
103840,103845,0.92398,0.9250744339699355,-1.0849999999999775,STOP,-0.9999999999999776,0.085,legacy_fixed_r_v1,2023-02-03 17:40:00+00:00,2023-02-03 17:45:00+00:00,2023-02-03 18:05:00+00:00,5
103882,103892,0.92579,0.9262866799444743,-1.0849999999999842,STOP,-0.9999999999999842,0.085,legacy_fixed_r_v1,2023-02-03 21:10:00+00:00,2023-02-03 21:15:00+00:00,2023-02-05 22:00:00+00:00,10
103930,103949,0.92676,0.9263021841115674,0.5763307744657921,STOP,0.661330774465792,0.085,legacy_fixed_r_v1,2023-02-06 01:10:00+00:00,2023-02-06 01:15:00+00:00,2023-02-06 02:45:00+00:00,19
103987,103994,0.92508,0.9254460163153304,-1.0850000000000433,STOP,-1.0000000000000433,0.085,legacy_fixed_r_v1,2023-02-06 05:55:00+00:00,2023-02-06 06:00:00+00:00,2023-02-06 06:30:00+00:00,7
104143,104150,0.92804,0.9272483105033726,1.256693369922144,STOP,1.341693369922144,0.085,legacy_fixed_r_v1,2023-02-06 18:55:00+00:00,2023-02-06 19:00:00+00:00,2023-02-06 19:30:00+00:00,7
104180,104183,0.92826,0.9273399505901392,1.7915864377537194,STOP,1.8765864377537194,0.085,legacy_fixed_r_v1,2023-02-06 22:00:00+00:00,2023-02-06 22:05:00+00:00,2023-02-06 22:15:00+00:00,3
104206,104219,0.92762,0.9272284537378644,0.8699177319648843,STOP,0.9549177319648843,0.085,legacy_fixed_r_v1,2023-02-07 00:10:00+00:00,2023-02-07 00:15:00+00:00,2023-02-07 01:15:00+00:00,13
104267,104272,0.9269,0.9267033484619976,0.5851849296934969,STOP,0.6701849296934969,0.085,legacy_fixed_r_v1,2023-02-07 05:15:00+00:00,2023-02-07 05:20:00+00:00,2023-02-07 05:40:00+00:00,5
104416,104420,0.92276,0.920354098392474,2.439584691979146,STOP,2.524584691979146,0.085,legacy_fixed_r_v1,2023-02-07 17:40:00+00:00,2023-02-07 17:45:00+00:00,2023-02-07 18:00:00+00:00,4
104454,104526,0.92185,0.92198,-0.2485708577601764,TIME,-0.16357085776017638,0.085,legacy_fixed_r_v1,2023-02-07 20:50:00+00:00,2023-02-07 20:55:00+00:00,2023-02-08 02:50:00+00:00,72
104551,104557,0.9216,0.9218670835760888,-1.0850000000000108,STOP,-1.0000000000000109,0.085,legacy_fixed_r_v1,2023-02-08 04:55:00+00:00,2023-02-08 05:00:00+00:00,2023-02-08 05:25:00+00:00,6
104564,104568,0.92144,0.9217242371667905,-1.0850000000000564,STOP,-1.0000000000000564,0.085,legacy_fixed_r_v1,2023-02-08 06:00:00+00:00,2023-02-08 06:05:00+00:00,2023-02-08 06:20:00+00:00,4
104631,104645,0.91887,0.9195638988484169,-1.0850000000000513,STOP,-1.0000000000000513,0.085,legacy_fixed_r_v1,2023-02-08 11:35:00+00:00,2023-02-08 11:40:00+00:00,2023-02-08 12:45:00+00:00,14
104659,104663,0.9198,0.9192797669778088,0.6662989335225454,STOP,0.7512989335225454,0.085,legacy_fixed_r_v1,2023-02-08 13:55:00+00:00,2023-02-08 14:00:00+00:00,2023-02-08 14:15:00+00:00,4
104698,104733,0.91972,0.9205570593788601,-1.085000000000034,STOP,-1.000000000000034,0.085,legacy_fixed_r_v1,2023-02-08 17:10:00+00:00,2023-02-08 17:15:00+00:00,2023-02-08 20:05:00+00:00,35
104756,104758,0.92151,0.9202124274610564,2.885858642394796,STOP,2.970858642394796,0.085,legacy_fixed_r_v1,2023-02-08 22:00:00+00:00,2023-02-08 22:05:00+00:00,2023-02-08 22:10:00+00:00,2
104836,104841,0.91988,0.9196427940423583,0.8053429575424037,STOP,0.8903429575424037,0.085,legacy_fixed_r_v1,2023-02-09 04:40:00+00:00,2023-02-09 04:45:00+00:00,2023-02-09 05:05:00+00:00,5
104942,104948,0.91796,0.9164686600642195,1.9262851446154658,STOP,2.011285144615466,0.085,legacy_fixed_r_v1,2023-02-09 13:30:00+00:00,2023-02-09 13:35:00+00:00,2023-02-09 14:00:00+00:00,6
105038,105049,0.92232,0.9216935535314547,1.3416849981462309,STOP,1.4266849981462308,0.085,legacy_fixed_r_v1,2023-02-09 21:30:00+00:00,2023-02-09 21:35:00+00:00,2023-02-09 22:25:00+00:00,11
105120,105127,0.92318,0.9235322037695809,-1.084999999999905,STOP,-0.9999999999999049,0.085,legacy_fixed_r_v1,2023-02-10 04:20:00+00:00,2023-02-10 04:25:00+00:00,2023-02-10 04:55:00+00:00,7
105284,105296,0.9244,0.924989803046608,-1.084999999999975,STOP,-0.9999999999999751,0.085,legacy_fixed_r_v1,2023-02-10 18:00:00+00:00,2023-02-10 18:05:00+00:00,2023-02-10 19:00:00+00:00,12
105331,105333,0.92467,0.9231008501574797,4.2105965742133025,STOP,4.295596574213302,0.085,legacy_fixed_r_v1,2023-02-10 21:55:00+00:00,2023-02-12 22:00:00+00:00,2023-02-12 22:05:00+00:00,2
105531,105539,0.92182,0.9205950556681394,1.4326201114748607,STOP,1.5176201114748606,0.085,legacy_fixed_r_v1,2023-02-13 14:35:00+00:00,2023-02-13 14:40:00+00:00,2023-02-13 15:15:00+00:00,8
105569,105582,0.92015,0.9194163337893514,1.297871298456637,STOP,1.382871298456637,0.085,legacy_fixed_r_v1,2023-02-13 17:45:00+00:00,2023-02-13 17:50:00+00:00,2023-02-13 18:50:00+00:00,13
105607,105640,0.91945,0.9190298940882263,0.9318306795545972,STOP,1.0168306795545972,0.085,legacy_fixed_r_v1,2023-02-13 20:55:00+00:00,2023-02-13 21:00:00+00:00,2023-02-13 23:40:00+00:00,33
105683,105709,0.91825,0.9178844877977286,1.0128370142431582,STOP,1.0978370142431582,0.085,legacy_fixed_r_v1,2023-02-14 03:15:00+00:00,2023-02-14 03:20:00+00:00,2023-02-14 05:25:00+00:00,26
105860,105868,0.92038,0.9214950312518297,-1.0850000000000133,STOP,-1.0000000000000133,0.085,legacy_fixed_r_v1,2023-02-14 18:00:00+00:00,2023-02-14 18:05:00+00:00,2023-02-14 18:40:00+00:00,8
105883,105910,0.92144,0.920841890647351,0.8617624155726797,STOP,0.9467624155726797,0.085,legacy_fixed_r_v1,2023-02-14 19:55:00+00:00,2023-02-14 20:00:00+00:00,2023-02-14 22:10:00+00:00,27
106115,106122,0.92425,0.92537543089353,-1.0849999999999622,STOP,-0.9999999999999623,0.085,legacy_fixed_r_v1,2023-02-15 15:15:00+00:00,2023-02-15 15:20:00+00:00,2023-02-15 15:50:00+00:00,7
106132,106141,0.92404,0.9250377561844731,-1.0850000000000335,STOP,-1.0000000000000335,0.085,legacy_fixed_r_v1,2023-02-15 16:40:00+00:00,2023-02-15 16:45:00+00:00,2023-02-15 17:25:00+00:00,9
106156,106169,0.92487,0.9242637585323301,0.8918992556156735,STOP,0.9768992556156735,0.085,legacy_fixed_r_v1,2023-02-15 18:40:00+00:00,2023-02-15 18:45:00+00:00,2023-02-15 19:45:00+00:00,13
106183,106222,0.92377,0.9231945466099211,1.4745344846981436,STOP,1.5595344846981436,0.085,legacy_fixed_r_v1,2023-02-15 20:55:00+00:00,2023-02-15 21:00:00+00:00,2023-02-16 00:10:00+00:00,39
106277,106284,0.922,0.922292127909535,-1.0850000000000033,STOP,-1.0000000000000033,0.085,legacy_fixed_r_v1,2023-02-16 04:45:00+00:00,2023-02-16 04:50:00+00:00,2023-02-16 05:20:00+00:00,7
106342,106369,0.92202,0.9226840256225101,-1.0850000000000386,STOP,-1.0000000000000386,0.085,legacy_fixed_r_v1,2023-02-16 10:10:00+00:00,2023-02-16 10:15:00+00:00,2023-02-16 12:25:00+00:00,27
106407,106410,0.92508,0.9262037768497438,-1.084999999999969,STOP,-0.9999999999999691,0.085,legacy_fixed_r_v1,2023-02-16 15:35:00+00:00,2023-02-16 15:40:00+00:00,2023-02-16 15:50:00+00:00,3
106483,106487,0.92575,0.9249173438175643,1.5995874424299057,STOP,1.6845874424299057,0.085,legacy_fixed_r_v1,2023-02-16 21:55:00+00:00,2023-02-16 22:00:00+00:00,2023-02-16 22:15:00+00:00,4
106656,106672,0.93226,0.9299470583435636,3.4316026695889446,STOP,3.5166026695889445,0.085,legacy_fixed_r_v1,2023-02-17 12:20:00+00:00,2023-02-17 12:25:00+00:00,2023-02-17 13:40:00+00:00,16
106733,106741,0.92559,0.9250130230972363,0.7702729752779574,STOP,0.8552729752779573,0.085,legacy_fixed_r_v1,2023-02-17 18:45:00+00:00,2023-02-17 18:50:00+00:00,2023-02-17 19:25:00+00:00,8
106765,106773,0.92423,0.9246124607257046,-1.084999999999932,STOP,-0.999999999999932,0.085,legacy_fixed_r_v1,2023-02-17 21:25:00+00:00,2023-02-17 21:30:00+00:00,2023-02-19 22:05:00+00:00,8
106813,106815,0.92545,0.9258417121442131,-1.085000000000084,STOP,-1.000000000000084,0.085,legacy_fixed_r_v1,2023-02-20 01:25:00+00:00,2023-02-20 01:30:00+00:00,2023-02-20 01:35:00+00:00,2
106825,106849,0.92521,0.9244729217201614,1.8548443377475565,STOP,1.9398443377475565,0.085,legacy_fixed_r_v1,2023-02-20 02:25:00+00:00,2023-02-20 02:30:00+00:00,2023-02-20 04:25:00+00:00,24
106865,106877,0.92432,0.9246355285241168,-1.085000000000039,STOP,-1.000000000000039,0.085,legacy_fixed_r_v1,2023-02-20 05:45:00+00:00,2023-02-20 05:50:00+00:00,2023-02-20 06:45:00+00:00,12
106935,106944,0.9228,0.9234816164788335,-1.0850000000000046,STOP,-1.0000000000000047,0.085,legacy_fixed_r_v1,2023-02-20 11:35:00+00:00,2023-02-20 11:40:00+00:00,2023-02-20 12:20:00+00:00,9
106995,107053,0.92272,0.9233220463016114,-1.08500000000009,STOP,-1.00000000000009,0.085,legacy_fixed_r_v1,2023-02-20 16:35:00+00:00,2023-02-20 16:40:00+00:00,2023-02-20 21:25:00+00:00,58
107131,107144,0.92412,0.9236806266153345,1.198118893125109,STOP,1.283118893125109,0.085,legacy_fixed_r_v1,2023-02-21 03:55:00+00:00,2023-02-21 04:00:00+00:00,2023-02-21 05:00:00+00:00,13
107220,107245,0.92432,0.9251766577648441,-1.0849999999999411,STOP,-0.999999999999941,0.085,legacy_fixed_r_v1,2023-02-21 11:20:00+00:00,2023-02-21 11:25:00+00:00,2023-02-21 13:25:00+00:00,25
107319,107349,0.9276,0.9267057584029045,1.651069902901982,STOP,1.736069902901982,0.085,legacy_fixed_r_v1,2023-02-21 19:35:00+00:00,2023-02-21 19:40:00+00:00,2023-02-21 22:05:00+00:00,30
107519,107529,0.927,0.9276094388321539,-1.0850000000000872,STOP,-1.0000000000000873,0.085,legacy_fixed_r_v1,2023-02-22 12:20:00+00:00,2023-02-22 12:25:00+00:00,2023-02-22 13:10:00+00:00,10
107591,107593,0.92908,0.9297073083522348,-1.0850000000000024,STOP,-1.0000000000000024,0.085,legacy_fixed_r_v1,2023-02-22 18:20:00+00:00,2023-02-22 18:25:00+00:00,2023-02-22 18:30:00+00:00,2
107630,107638,0.93149,0.9304415965664385,2.196249348050863,STOP,2.281249348050863,0.085,legacy_fixed_r_v1,2023-02-22 21:35:00+00:00,2023-02-22 21:40:00+00:00,2023-02-22 22:15:00+00:00,8
107661,107683,0.93092,0.9300529440184108,1.6391116970438078,STOP,1.7241116970438077,0.085,legacy_fixed_r_v1,2023-02-23 00:10:00+00:00,2023-02-23 00:15:00+00:00,2023-02-23 02:00:00+00:00,22
107907,107911,0.9332,0.9336055427920505,-1.0849999999999627,STOP,-0.9999999999999626,0.085,legacy_fixed_r_v1,2023-02-23 20:40:00+00:00,2023-02-23 20:45:00+00:00,2023-02-23 21:00:00+00:00,4
107923,107925,0.93404,0.9328801489085689,2.705079836728783,STOP,2.790079836728783,0.085,legacy_fixed_r_v1,2023-02-23 22:00:00+00:00,2023-02-23 22:05:00+00:00,2023-02-23 22:10:00+00:00,2
107957,107960,0.93326,0.9328166377338026,0.9062846291548785,STOP,0.9912846291548785,0.085,legacy_fixed_r_v1,2023-02-24 00:50:00+00:00,2023-02-24 00:55:00+00:00,2023-02-24 01:05:00+00:00,3
108063,108073,0.93486,0.9344699746752158,0.508426345174381,STOP,0.593426345174381,0.085,legacy_fixed_r_v1,2023-02-24 09:40:00+00:00,2023-02-24 09:45:00+00:00,2023-02-24 10:30:00+00:00,10
108210,108212,0.94101,0.9394257696774102,3.2848474091482016,STOP,3.3698474091482016,0.085,legacy_fixed_r_v1,2023-02-24 21:55:00+00:00,2023-02-26 22:00:00+00:00,2023-02-26 22:05:00+00:00,2
108259,108267,0.94014,0.9404567026385076,-1.0849999999998412,STOP,-0.9999999999998411,0.085,legacy_fixed_r_v1,2023-02-27 02:00:00+00:00,2023-02-27 02:05:00+00:00,2023-02-27 02:40:00+00:00,8
108354,108368,0.94121,0.9407849429015376,0.5184028047114003,STOP,0.6034028047114003,0.085,legacy_fixed_r_v1,2023-02-27 09:55:00+00:00,2023-02-27 10:00:00+00:00,2023-02-27 11:05:00+00:00,14
108416,108421,0.93631,0.9350432807072968,1.3301080276975301,STOP,1.41510802769753,0.085,legacy_fixed_r_v1,2023-02-27 15:05:00+00:00,2023-02-27 15:10:00+00:00,2023-02-27 15:30:00+00:00,5
108442,108458,0.93719,0.9364286695352921,0.9302242381196868,STOP,1.0152242381196868,0.085,legacy_fixed_r_v1,2023-02-27 17:15:00+00:00,2023-02-27 17:20:00+00:00,2023-02-27 18:35:00+00:00,16
108525,108535,0.93553,0.9358101497991138,-1.084999999999949,STOP,-0.9999999999999489,0.085,legacy_fixed_r_v1,2023-02-28 00:10:00+00:00,2023-02-28 00:15:00+00:00,2023-02-28 01:00:00+00:00,10
108663,108667,0.93769,0.9383903126471561,-1.0849999999999647,STOP,-0.9999999999999646,0.085,legacy_fixed_r_v1,2023-02-28 11:40:00+00:00,2023-02-28 11:45:00+00:00,2023-02-28 12:00:00+00:00,4
108677,108682,0.93731,0.9368052599990003,0.7234454360077334,STOP,0.8084454360077333,0.085,legacy_fixed_r_v1,2023-02-28 12:50:00+00:00,2023-02-28 12:55:00+00:00,2023-02-28 13:15:00+00:00,5
108885,108890,0.94036,0.9396257984043517,2.92115260985516,STOP,3.00615260985516,0.085,legacy_fixed_r_v1,2023-03-01 06:10:00+00:00,2023-03-01 06:15:00+00:00,2023-03-01 06:35:00+00:00,5
108926,108932,0.93702,0.9378442447098344,-1.0849999999999662,STOP,-0.9999999999999662,0.085,legacy_fixed_r_v1,2023-03-01 09:35:00+00:00,2023-03-01 09:40:00+00:00,2023-03-01 10:05:00+00:00,6
109050,109080,0.94038,0.9392293894268935,2.0730024546469505,STOP,2.1580024546469505,0.085,legacy_fixed_r_v1,2023-03-01 19:55:00+00:00,2023-03-01 20:00:00+00:00,2023-03-01 22:25:00+00:00,30
109102,109108,0.93941,0.9397057781046191,-1.084999999999942,STOP,-0.999999999999942,0.085,legacy_fixed_r_v1,2023-03-02 00:15:00+00:00,2023-03-02 00:20:00+00:00,2023-03-02 00:45:00+00:00,6
109322,109330,0.94286,0.9419850702215846,1.206620975239029,STOP,1.2916209752390289,0.085,legacy_fixed_r_v1,2023-03-02 18:35:00+00:00,2023-03-02 18:40:00+00:00,2023-03-02 19:15:00+00:00,8
109346,109350,0.94137,0.941888264517876,-1.0849999999998992,STOP,-0.9999999999998992,0.085,legacy_fixed_r_v1,2023-03-02 20:35:00+00:00,2023-03-02 20:40:00+00:00,2023-03-02 20:55:00+00:00,4
109363,109366,0.94253,0.9412177310192003,1.9803997868146634,STOP,2.0653997868146634,0.085,legacy_fixed_r_v1,2023-03-02 22:00:00+00:00,2023-03-02 22:05:00+00:00,2023-03-02 22:15:00+00:00,3
109391,109402,0.9418,0.9411924665901473,1.4097265944034865,STOP,1.4947265944034864,0.085,legacy_fixed_r_v1,2023-03-03 00:20:00+00:00,2023-03-03 00:25:00+00:00,2023-03-03 01:15:00+00:00,11
109447,109458,0.94096,0.9405845378891629,1.4796539702576652,STOP,1.5646539702576652,0.085,legacy_fixed_r_v1,2023-03-03 05:00:00+00:00,2023-03-03 05:05:00+00:00,2023-03-03 05:55:00+00:00,11
109604,109622,0.93763,0.9370391777766877,0.793751783050517,STOP,0.8787517830505169,0.085,legacy_fixed_r_v1,2023-03-03 18:05:00+00:00,2023-03-03 18:10:00+00:00,2023-03-03 19:35:00+00:00,18
109650,109654,0.93714,0.9362741241244231,2.3119578659839704,STOP,2.3969578659839703,0.085,legacy_fixed_r_v1,2023-03-03 21:55:00+00:00,2023-03-05 22:00:00+00:00,2023-03-05 22:20:00+00:00,4
109678,109685,0.9364,0.9367395051568774,-1.0849999999999702,STOP,-0.9999999999999701,0.085,legacy_fixed_r_v1,2023-03-06 00:20:00+00:00,2023-03-06 00:25:00+00:00,2023-03-06 00:55:00+00:00,7
109705,109709,0.93628,0.9358171866331835,1.0585648530753038,STOP,1.1435648530753038,0.085,legacy_fixed_r_v1,2023-03-06 02:35:00+00:00,2023-03-06 02:40:00+00:00,2023-03-06 02:55:00+00:00,4
109821,109835,0.93461,0.9335679716984234,1.2153457619309322,STOP,1.3003457619309322,0.085,legacy_fixed_r_v1,2023-03-06 12:15:00+00:00,2023-03-06 12:20:00+00:00,2023-03-06 13:25:00+00:00,14
109978,109982,0.93089,0.9311958902143791,-1.085000000000119,STOP,-1.000000000000119,0.085,legacy_fixed_r_v1,2023-03-07 01:25:00+00:00,2023-03-07 01:30:00+00:00,2023-03-07 01:45:00+00:00,4
110116,110122,0.93332,0.9339504555489773,-1.0850000000000612,STOP,-1.0000000000000613,0.085,legacy_fixed_r_v1,2023-03-07 12:55:00+00:00,2023-03-07 13:00:00+00:00,2023-03-07 13:25:00+00:00,6
110224,110228,0.94215,0.9412735857431652,2.065298980336651,STOP,2.150298980336651,0.085,legacy_fixed_r_v1,2023-03-07 21:55:00+00:00,2023-03-07 22:00:00+00:00,2023-03-07 22:15:00+00:00,4
110260,110272,0.94194,0.9423642805796574,-1.084999999999947,STOP,-0.9999999999999468,0.085,legacy_fixed_r_v1,2023-03-08 00:55:00+00:00,2023-03-08 01:00:00+00:00,2023-03-08 01:55:00+00:00,12
110333,110341,0.94274,0.942352031751826,0.9510578971676509,STOP,1.0360578971676508,0.085,legacy_fixed_r_v1,2023-03-08 07:00:00+00:00,2023-03-08 07:05:00+00:00,2023-03-08 07:40:00+00:00,8
110400,110407,0.94251,0.9420933178053748,0.6630166194362794,STOP,0.7480166194362794,0.085,legacy_fixed_r_v1,2023-03-08 12:35:00+00:00,2023-03-08 12:40:00+00:00,2023-03-08 13:10:00+00:00,7
110480,110514,0.94129,0.9404857888064111,1.171484631126947,STOP,1.2564846311269469,0.085,legacy_fixed_r_v1,2023-03-08 19:15:00+00:00,2023-03-08 19:20:00+00:00,2023-03-08 22:05:00+00:00,34
110568,110572,0.94099,0.9408175719696756,0.46457841192672705,STOP,0.5495784119267271,0.085,legacy_fixed_r_v1,2023-03-09 02:35:00+00:00,2023-03-09 02:40:00+00:00,2023-03-09 02:55:00+00:00,4
110595,110605,0.94033,0.9399526700796291,1.557346443741057,STOP,1.6423464437410569,0.085,legacy_fixed_r_v1,2023-03-09 04:50:00+00:00,2023-03-09 04:55:00+00:00,2023-03-09 05:40:00+00:00,10
110674,110680,0.93685,0.9374319399263173,-1.0850000000000786,STOP,-1.0000000000000786,0.085,legacy_fixed_r_v1,2023-03-09 11:25:00+00:00,2023-03-09 11:30:00+00:00,2023-03-09 11:55:00+00:00,6
110753,110765,0.93604,0.9349685443682441,1.5300805267212305,STOP,1.6150805267212305,0.085,legacy_fixed_r_v1,2023-03-09 18:00:00+00:00,2023-03-09 18:05:00+00:00,2023-03-09 19:00:00+00:00,12
110826,110832,0.93251,0.9319311718576461,1.093936982115625,STOP,1.178936982115625,0.085,legacy_fixed_r_v1,2023-03-10 00:05:00+00:00,2023-03-10 00:10:00+00:00,2023-03-10 00:35:00+00:00,6
110953,110966,0.92907,0.9274041643612791,1.967361901937759,STOP,2.052361901937759,0.085,legacy_fixed_r_v1,2023-03-10 10:40:00+00:00,2023-03-10 10:45:00+00:00,2023-03-10 11:45:00+00:00,13
111037,111040,0.91924,0.9185206220283667,0.5247835111261252,STOP,0.6097835111261252,0.085,legacy_fixed_r_v1,2023-03-10 17:40:00+00:00,2023-03-10 17:45:00+00:00,2023-03-10 17:55:00+00:00,3
111088,111092,0.92187,0.9182669858140391,7.099164265940528,STOP,7.184164265940528,0.085,legacy_fixed_r_v1,2023-03-10 21:55:00+00:00,2023-03-12 21:10:00+00:00,2023-03-12 21:35:00+00:00,4
111149,111152,0.91807,0.9160735021104727,2.4348925936325605,STOP,2.5198925936325605,0.085,legacy_fixed_r_v1,2023-03-13 02:20:00+00:00,2023-03-13 02:25:00+00:00,2023-03-13 02:35:00+00:00,3
111194,111197,0.91657,0.9171931917628593,-1.0850000000000448,STOP,-1.0000000000000449,0.085,legacy_fixed_r_v1,2023-03-13 06:05:00+00:00,2023-03-13 06:10:00+00:00,2023-03-13 06:20:00+00:00,3
111262,111266,0.9136,0.915037368459261,-1.085000000000003,STOP,-1.000000000000003,0.085,legacy_fixed_r_v1,2023-03-13 11:45:00+00:00,2023-03-13 11:50:00+00:00,2023-03-13 12:05:00+00:00,4
111289,111294,0.90888,0.9107019320268216,-1.085000000000012,STOP,-1.000000000000012,0.085,legacy_fixed_r_v1,2023-03-13 14:00:00+00:00,2023-03-13 14:05:00+00:00,2023-03-13 14:25:00+00:00,5
111314,111350,0.91028,0.9118461387144196,-1.0849999999999862,STOP,-0.9999999999999861,0.085,legacy_fixed_r_v1,2023-03-13 16:05:00+00:00,2023-03-13 16:10:00+00:00,2023-03-13 19:05:00+00:00,36
111373,111375,0.9136,0.9113190159237463,2.9586702859329552,STOP,3.043670285932955,0.085,legacy_fixed_r_v1,2023-03-13 21:00:00+00:00,2023-03-13 21:05:00+00:00,2023-03-13 21:10:00+00:00,2
111525,111541,0.91192,0.9105093409596092,1.2404635889471425,STOP,1.3254635889471424,0.085,legacy_fixed_r_v1,2023-03-14 09:40:00+00:00,2023-03-14 09:45:00+00:00,2023-03-14 11:00:00+00:00,16
111555,111556,0.91076,0.9115894013370245,-1.0849999999999662,STOP,-0.9999999999999661,0.085,legacy_fixed_r_v1,2023-03-14 12:10:00+00:00,2023-03-14 12:15:00+00:00,2023-03-14 12:15:00+00:00,1
111596,111609,0.91457,0.9158288552257751,-1.0850000000000326,STOP,-1.0000000000000326,0.085,legacy_fixed_r_v1,2023-03-14 15:35:00+00:00,2023-03-14 15:40:00+00:00,2023-03-14 16:40:00+00:00,13
111616,111688,0.91317,0.91408,-0.84046494643459,TIME,-0.7554649464345901,0.085,legacy_fixed_r_v1,2023-03-14 17:15:00+00:00,2023-03-14 17:20:00+00:00,2023-03-14 23:15:00+00:00,72
111707,111720,0.91425,0.9139804428431675,0.5612709834043862,STOP,0.6462709834043862,0.085,legacy_fixed_r_v1,2023-03-15 00:50:00+00:00,2023-03-15 00:55:00+00:00,2023-03-15 01:55:00+00:00,13
111721,111724,0.91363,0.9127305493295425,2.1482536589639576,STOP,2.2332536589639576,0.085,legacy_fixed_r_v1,2023-03-15 02:00:00+00:00,2023-03-15 02:05:00+00:00,2023-03-15 02:15:00+00:00,3
111925,111933,0.92809,0.9295914542569004,-1.084999999999964,STOP,-0.9999999999999639,0.085,legacy_fixed_r_v1,2023-03-15 19:00:00+00:00,2023-03-15 19:05:00+00:00,2023-03-15 19:40:00+00:00,8
111967,111982,0.9325,0.9313689889990251,1.3672510744623807,STOP,1.4522510744623807,0.085,legacy_fixed_r_v1,2023-03-15 22:30:00+00:00,2023-03-15 22:35:00+00:00,2023-03-15 23:45:00+00:00,15
112010,112014,0.93066,0.9314975029648662,-1.0849999999999793,STOP,-0.9999999999999792,0.085,legacy_fixed_r_v1,2023-03-16 02:05:00+00:00,2023-03-16 02:10:00+00:00,2023-03-16 02:25:00+00:00,4
112025,112037,0.93072,0.9302626118173982,0.603513361914565,STOP,0.6885133619145649,0.085,legacy_fixed_r_v1,2023-03-16 03:20:00+00:00,2023-03-16 03:25:00+00:00,2023-03-16 04:20:00+00:00,12
112049,112067,0.92982,0.9290027692214138,1.4312489471775818,STOP,1.5162489471775817,0.085,legacy_fixed_r_v1,2023-03-16 05:20:00+00:00,2023-03-16 05:25:00+00:00,2023-03-16 06:50:00+00:00,18
112182,112196,0.92875,0.9303376027936471,-1.0850000000000262,STOP,-1.0000000000000262,0.085,legacy_fixed_r_v1,2023-03-16 16:25:00+00:00,2023-03-16 16:30:00+00:00,2023-03-16 17:35:00+00:00,14
112210,112246,0.92974,0.929026348602272,0.6934267901611073,STOP,0.7784267901611073,0.085,legacy_fixed_r_v1,2023-03-16 18:45:00+00:00,2023-03-16 18:50:00+00:00,2023-03-16 21:45:00+00:00,36
112265,112269,0.92927,0.9290212886527937,0.6213033169861646,STOP,0.7063033169861646,0.085,legacy_fixed_r_v1,2023-03-16 23:20:00+00:00,2023-03-16 23:25:00+00:00,2023-03-16 23:40:00+00:00,4
112525,112527,0.9276,0.9254049310571049,2.8438404406712707,STOP,2.9288404406712707,0.085,legacy_fixed_r_v1,2023-03-19 21:05:00+00:00,2023-03-19 21:10:00+00:00,2023-03-19 21:30:00+00:00,2
112589,112593,0.92578,0.9263535622612998,-1.0850000000000124,STOP,-1.0000000000000124,0.085,legacy_fixed_r_v1,2023-03-20 02:40:00+00:00,2023-03-20 02:45:00+00:00,2023-03-20 03:00:00+00:00,4
112680,112701,0.92845,0.9272059548017858,0.8648241551162501,STOP,0.9498241551162501,0.085,legacy_fixed_r_v1,2023-03-20 10:15:00+00:00,2023-03-20 10:20:00+00:00,2023-03-20 12:00:00+00:00,21
112720,112741,0.92517,0.9262277893111708,-1.0849999999999655,STOP,-0.9999999999999656,0.085,legacy_fixed_r_v1,2023-03-20 13:35:00+00:00,2023-03-20 13:40:00+00:00,2023-03-20 15:20:00+00:00,21
112754,112765,0.92582,0.9266444319343861,-1.0849999999999385,STOP,-0.9999999999999385,0.085,legacy_fixed_r_v1,2023-03-20 16:25:00+00:00,2023-03-20 16:30:00+00:00,2023-03-20 17:20:00+00:00,11
112809,112811,0.9294,0.9274599292366683,2.8881067480963316,STOP,2.9731067480963316,0.085,legacy_fixed_r_v1,2023-03-20 21:00:00+00:00,2023-03-20 21:05:00+00:00,2023-03-20 21:10:00+00:00,2
112845,112846,0.92884,0.9292426724126712,-1.0850000000000466,STOP,-1.0000000000000466,0.085,legacy_fixed_r_v1,2023-03-21 00:00:00+00:00,2023-03-21 00:05:00+00:00,2023-03-21 00:05:00+00:00,1
112875,112893,0.92878,0.929139084587776,-1.0850000000000843,STOP,-1.0000000000000844,0.085,legacy_fixed_r_v1,2023-03-21 02:30:00+00:00,2023-03-21 02:35:00+00:00,2023-03-21 04:00:00+00:00,18
112971,112975,0.92638,0.925308319332877,1.237827285457658,STOP,1.322827285457658,0.085,legacy_fixed_r_v1,2023-03-21 10:30:00+00:00,2023-03-21 10:35:00+00:00,2023-03-21 10:50:00+00:00,4
112985,113003,0.92427,0.9250491140043234,-1.0849999999999844,STOP,-0.9999999999999845,0.085,legacy_fixed_r_v1,2023-03-21 11:40:00+00:00,2023-03-21 11:45:00+00:00,2023-03-21 13:10:00+00:00,18
113083,113106,0.92249,0.9221317661788172,0.7294275528114407,STOP,0.8144275528114406,0.085,legacy_fixed_r_v1,2023-03-21 19:50:00+00:00,2023-03-21 19:55:00+00:00,2023-03-21 21:45:00+00:00,23
113200,113208,0.92259,0.922851565074895,-1.0849999999999551,STOP,-0.999999999999955,0.085,legacy_fixed_r_v1,2023-03-22 05:35:00+00:00,2023-03-22 05:40:00+00:00,2023-03-22 06:15:00+00:00,8
113386,113391,0.9182,0.9169250960395646,1.1493604910895632,STOP,1.2343604910895631,0.085,legacy_fixed_r_v1,2023-03-22 21:05:00+00:00,2023-03-22 21:10:00+00:00,2023-03-22 21:30:00+00:00,5
113411,113421,0.91718,0.9167195702143773,0.872656298178669,STOP,0.9576562981786689,0.085,legacy_fixed_r_v1,2023-03-22 23:10:00+00:00,2023-03-22 23:15:00+00:00,2023-03-23 00:00:00+00:00,10
113431,113433,0.91641,0.91606056084059,0.6192191671980917,STOP,0.7042191671980916,0.085,legacy_fixed_r_v1,2023-03-23 00:50:00+00:00,2023-03-23 00:55:00+00:00,2023-03-23 01:00:00+00:00,2
113480,113496,0.91534,0.9158289452514966,-1.084999999999959,STOP,-0.9999999999999591,0.085,legacy_fixed_r_v1,2023-03-23 04:55:00+00:00,2023-03-23 05:00:00+00:00,2023-03-23 06:15:00+00:00,16
113568,113573,0.91592,0.9166726095395633,-1.0850000000000164,STOP,-1.0000000000000164,0.085,legacy_fixed_r_v1,2023-03-23 12:15:00+00:00,2023-03-23 12:20:00+00:00,2023-03-23 12:40:00+00:00,5
113581,113583,0.91514,0.9158749059350042,-1.0850000000000006,STOP,-1.0000000000000007,0.085,legacy_fixed_r_v1,2023-03-23 13:20:00+00:00,2023-03-23 13:25:00+00:00,2023-03-23 13:30:00+00:00,2
113753,113757,0.91698,0.9165221634346441,1.009722339592169,STOP,1.094722339592169,0.085,legacy_fixed_r_v1,2023-03-24 03:40:00+00:00,2023-03-24 03:45:00+00:00,2023-03-24 04:00:00+00:00,4
113854,113871,0.91947,0.9181243412794934,1.3822723495896667,STOP,1.4672723495896667,0.085,legacy_fixed_r_v1,2023-03-24 12:05:00+00:00,2023-03-24 12:10:00+00:00,2023-03-24 13:30:00+00:00,17
113898,113916,0.91827,0.9191217451875385,-1.084999999999937,STOP,-0.9999999999999368,0.085,legacy_fixed_r_v1,2023-03-24 15:45:00+00:00,2023-03-24 15:50:00+00:00,2023-03-24 17:15:00+00:00,18
113949,113960,0.91944,0.9199114584526333,-1.0850000000000166,STOP,-1.0000000000000167,0.085,legacy_fixed_r_v1,2023-03-24 20:00:00+00:00,2023-03-24 20:05:00+00:00,2023-03-24 20:55:00+00:00,11
113961,113963,0.91958,0.9171543923049664,3.2314652199315748,STOP,3.3164652199315747,0.085,legacy_fixed_r_v1,2023-03-26 21:05:00+00:00,2023-03-26 21:10:00+00:00,2023-03-26 21:15:00+00:00,2
114013,114015,0.91896,0.9194591429042701,-1.0849999999998898,STOP,-0.9999999999998899,0.085,legacy_fixed_r_v1,2023-03-27 01:25:00+00:00,2023-03-27 01:30:00+00:00,2023-03-27 01:35:00+00:00,2
114272,114278,0.91547,0.9151934030438097,0.8326750582011943,STOP,0.9176750582011942,0.085,legacy_fixed_r_v1,2023-03-27 23:00:00+00:00,2023-03-27 23:05:00+00:00,2023-03-27 23:30:00+00:00,6
114286,114295,0.91488,0.9144900965622945,1.2054655798420186,STOP,1.2904655798420186,0.085,legacy_fixed_r_v1,2023-03-28 00:10:00+00:00,2023-03-28 00:15:00+00:00,2023-03-28 00:55:00+00:00,9
114464,114475,0.92016,0.9195975643188571,0.46425419687342345,STOP,0.5492541968734235,0.085,legacy_fixed_r_v1,2023-03-28 15:00:00+00:00,2023-03-28 15:05:00+00:00,2023-03-28 15:55:00+00:00,11
114487,114523,0.91945,0.918975117394422,0.6893418638343788,STOP,0.7743418638343788,0.085,legacy_fixed_r_v1,2023-03-28 16:55:00+00:00,2023-03-28 17:00:00+00:00,2023-03-28 19:55:00+00:00,36
114536,114540,0.91997,0.9192146699804189,1.6224771318425386,STOP,1.7074771318425386,0.085,legacy_fixed_r_v1,2023-03-28 21:05:00+00:00,2023-03-28 21:10:00+00:00,2023-03-28 21:25:00+00:00,4
114671,114675,0.91955,0.9202200041556868,-1.085000000000019,STOP,-1.000000000000019,0.085,legacy_fixed_r_v1,2023-03-29 08:20:00+00:00,2023-03-29 08:25:00+00:00,2023-03-29 08:40:00+00:00,4
114780,114787,0.91974,0.9190504150509464,1.0137733008330032,STOP,1.0987733008330032,0.085,legacy_fixed_r_v1,2023-03-29 17:25:00+00:00,2023-03-29 17:30:00+00:00,2023-03-29 18:00:00+00:00,7
114843,114860,0.9183,0.9186565555210123,-1.085000000000008,STOP,-1.000000000000008,0.085,legacy_fixed_r_v1,2023-03-29 22:40:00+00:00,2023-03-29 22:45:00+00:00,2023-03-30 00:05:00+00:00,17
114972,114989,0.9158,0.9150366150635625,0.8862988945365836,STOP,0.9712988945365836,0.085,legacy_fixed_r_v1,2023-03-30 09:25:00+00:00,2023-03-30 09:30:00+00:00,2023-03-30 10:50:00+00:00,17
115035,115045,0.91315,0.9139635452128503,-1.0850000000000355,STOP,-1.0000000000000355,0.085,legacy_fixed_r_v1,2023-03-30 14:40:00+00:00,2023-03-30 14:45:00+00:00,2023-03-30 15:30:00+00:00,10
115109,115112,0.91365,0.9131215239518528,1.5231499966409459,STOP,1.6081499966409458,0.085,legacy_fixed_r_v1,2023-03-30 20:50:00+00:00,2023-03-30 20:55:00+00:00,2023-03-30 21:05:00+00:00,3
115193,115205,0.91368,0.9139897394360263,-1.085000000000166,STOP,-1.000000000000166,0.085,legacy_fixed_r_v1,2023-03-31 03:50:00+00:00,2023-03-31 03:55:00+00:00,2023-03-31 04:50:00+00:00,12
115275,115279,0.91671,0.9174549935134821,-1.0850000000000009,STOP,-1.0000000000000009,0.085,legacy_fixed_r_v1,2023-03-31 10:40:00+00:00,2023-03-31 10:45:00+00:00,2023-03-31 11:00:00+00:00,4
115296,115299,0.91654,0.9151794710686761,2.1569523984133987,STOP,2.2419523984133987,0.085,legacy_fixed_r_v1,2023-03-31 12:25:00+00:00,2023-03-31 12:30:00+00:00,2023-03-31 12:40:00+00:00,3
115400,115402,0.91671,0.9136746018432553,4.698717527946712,STOP,4.783717527946712,0.085,legacy_fixed_r_v1,2023-04-02 21:05:00+00:00,2023-04-02 21:10:00+00:00,2023-04-02 21:15:00+00:00,2
115559,115569,0.91632,0.9170105182232252,-1.0850000000000561,STOP,-1.0000000000000562,0.085,legacy_fixed_r_v1,2023-04-03 10:20:00+00:00,2023-04-03 10:25:00+00:00,2023-04-03 11:10:00+00:00,10
115573,115576,0.91587,0.9148772542141483,1.4358819112508563,STOP,1.5208819112508563,0.085,legacy_fixed_r_v1,2023-04-03 11:30:00+00:00,2023-04-03 11:35:00+00:00,2023-04-03 11:45:00+00:00,3
115596,115605,0.91433,0.913253887250994,1.3103391914916185,STOP,1.3953391914916184,0.085,legacy_fixed_r_v1,2023-04-03 13:25:00+00:00,2023-04-03 13:30:00+00:00,2023-04-03 14:10:00+00:00,9
115686,115688,0.91307,0.9122697228193803,1.9421081421411306,STOP,2.0271081421411306,0.085,legacy_fixed_r_v1,2023-04-03 20:55:00+00:00,2023-04-03 21:00:00+00:00,2023-04-03 21:05:00+00:00,2
115779,115785,0.91317,0.913494669931323,-1.0850000000000755,STOP,-1.0000000000000755,0.085,legacy_fixed_r_v1,2023-04-04 04:40:00+00:00,2023-04-04 04:45:00+00:00,2023-04-04 05:10:00+00:00,6
115832,115844,0.91117,0.9120307926118387,-1.0849999999999862,STOP,-0.9999999999999862,0.085,legacy_fixed_r_v1,2023-04-04 09:05:00+00:00,2023-04-04 09:10:00+00:00,2023-04-04 10:05:00+00:00,12
115974,115976,0.90656,0.9052751285238454,4.318030118170565,STOP,4.403030118170565,0.085,legacy_fixed_r_v1,2023-04-04 20:55:00+00:00,2023-04-04 21:00:00+00:00,2023-04-04 21:05:00+00:00,2
116082,116098,0.90556,0.9050733763139308,1.8167195536871892,STOP,1.9017195536871891,0.085,legacy_fixed_r_v1,2023-04-05 05:55:00+00:00,2023-04-05 06:00:00+00:00,2023-04-05 07:15:00+00:00,16
116156,116160,0.90502,0.9042473588467379,1.5090533998963516,STOP,1.5940533998963515,0.085,legacy_fixed_r_v1,2023-04-05 12:05:00+00:00,2023-04-05 12:10:00+00:00,2023-04-05 12:25:00+00:00,4
116225,116239,0.90683,0.9059656490188185,1.47505277485309,STOP,1.56005277485309,0.085,legacy_fixed_r_v1,2023-04-05 17:50:00+00:00,2023-04-05 17:55:00+00:00,2023-04-05 19:00:00+00:00,14
116263,116265,0.90744,0.906120644056572,4.695230413940387,STOP,4.780230413940387,0.085,legacy_fixed_r_v1,2023-04-05 21:00:00+00:00,2023-04-05 21:05:00+00:00,2023-04-05 21:10:00+00:00,2
116288,116309,0.90625,0.9066116320219781,-1.0849999999999682,STOP,-0.9999999999999682,0.085,legacy_fixed_r_v1,2023-04-05 23:05:00+00:00,2023-04-05 23:10:00+00:00,2023-04-06 00:50:00+00:00,21
116433,116437,0.90453,0.905056214370975,-1.084999999999971,STOP,-0.9999999999999711,0.085,legacy_fixed_r_v1,2023-04-06 11:10:00+00:00,2023-04-06 11:15:00+00:00,2023-04-06 11:30:00+00:00,4
116492,116527,0.90385,0.9044106180025427,-1.0849999999999613,STOP,-0.9999999999999614,0.085,legacy_fixed_r_v1,2023-04-06 16:05:00+00:00,2023-04-06 16:10:00+00:00,2023-04-06 19:00:00+00:00,35
116583,116588,0.9045,0.9043438993015144,0.5948390485132544,STOP,0.6798390485132544,0.085,legacy_fixed_r_v1,2023-04-06 23:40:00+00:00,2023-04-06 23:45:00+00:00,2023-04-07 00:05:00+00:00,5
116608,116621,0.90449,0.9042398754333438,1.0636165665601527,STOP,1.1486165665601527,0.085,legacy_fixed_r_v1,2023-04-07 01:45:00+00:00,2023-04-07 01:50:00+00:00,2023-04-07 02:50:00+00:00,13
116710,116715,0.90397,0.9037902253588035,0.49691128237050625,STOP,0.5819112823705063,0.085,legacy_fixed_r_v1,2023-04-07 10:15:00+00:00,2023-04-07 10:20:00+00:00,2023-04-07 10:40:00+00:00,5
116755,116762,0.90611,0.9045400488715305,1.9116278700764062,STOP,1.9966278700764062,0.085,legacy_fixed_r_v1,2023-04-07 14:00:00+00:00,2023-04-07 14:05:00+00:00,2023-04-07 14:35:00+00:00,7
116808,116818,0.90541,0.9040298908391683,2.750945499125982,STOP,2.835945499125982,0.085,legacy_fixed_r_v1,2023-04-07 18:25:00+00:00,2023-04-07 18:30:00+00:00,2023-04-07 19:15:00+00:00,10
116855,116857,0.90377,0.9045776323508581,-1.0850000000000264,STOP,-1.0000000000000264,0.085,legacy_fixed_r_v1,2023-04-09 22:20:00+00:00,2023-04-09 22:25:00+00:00,2023-04-09 22:30:00+00:00,2
117056,117066,0.91057,0.9113036130991278,-1.0850000000000737,STOP,-1.0000000000000737,0.085,legacy_fixed_r_v1,2023-04-10 15:05:00+00:00,2023-04-10 15:10:00+00:00,2023-04-10 15:55:00+00:00,10
117073,117085,0.91052,0.9100121117706099,0.9173025502728822,STOP,1.0023025502728822,0.085,legacy_fixed_r_v1,2023-04-10 16:30:00+00:00,2023-04-10 16:35:00+00:00,2023-04-10 17:30:00+00:00,12
117102,117114,0.9098,0.9095071297099874,0.8556223899183599,STOP,0.9406223899183599,0.085,legacy_fixed_r_v1,2023-04-10 18:55:00+00:00,2023-04-10 19:00:00+00:00,2023-04-10 19:55:00+00:00,12
117126,117128,0.90994,0.9084743067039489,5.243917758707942,STOP,5.328917758707942,0.085,legacy_fixed_r_v1,2023-04-10 20:55:00+00:00,2023-04-10 21:00:00+00:00,2023-04-10 21:05:00+00:00,2
117202,117205,0.90784,0.90812455449638,-1.0849999999998856,STOP,-0.9999999999998856,0.085,legacy_fixed_r_v1,2023-04-11 03:15:00+00:00,2023-04-11 03:20:00+00:00,2023-04-11 03:30:00+00:00,3
117223,117227,0.90776,0.9076029846121532,0.5206286988579122,STOP,0.6056286988579122,0.085,legacy_fixed_r_v1,2023-04-11 05:00:00+00:00,2023-04-11 05:05:00+00:00,2023-04-11 05:20:00+00:00,4
117293,117296,0.90404,0.9045764198762861,-1.0850000000000808,STOP,-1.0000000000000808,0.085,legacy_fixed_r_v1,2023-04-11 10:50:00+00:00,2023-04-11 10:55:00+00:00,2023-04-11 11:05:00+00:00,3
117330,117338,0.90494,0.9043968643783822,0.764892686914947,STOP,0.849892686914947,0.085,legacy_fixed_r_v1,2023-04-11 13:55:00+00:00,2023-04-11 14:00:00+00:00,2023-04-11 14:35:00+00:00,8
117372,117385,0.90431,0.9032128314315229,2.706941578815302,STOP,2.791941578815302,0.085,legacy_fixed_r_v1,2023-04-11 17:25:00+00:00,2023-04-11 17:30:00+00:00,2023-04-11 18:30:00+00:00,13
117396,117400,0.90305,0.9033819825327506,-1.0849999999999143,STOP,-0.9999999999999143,0.085,legacy_fixed_r_v1,2023-04-11 19:25:00+00:00,2023-04-11 19:30:00+00:00,2023-04-11 19:45:00+00:00,4
117427,117436,0.90327,0.9028780228520713,1.967369016911877,STOP,2.052369016911877,0.085,legacy_fixed_r_v1,2023-04-11 22:00:00+00:00,2023-04-11 22:05:00+00:00,2023-04-11 22:45:00+00:00,9
117561,117574,0.90232,0.9015898043000526,1.369868173881943,STOP,1.454868173881943,0.085,legacy_fixed_r_v1,2023-04-12 09:10:00+00:00,2023-04-12 09:15:00+00:00,2023-04-12 10:15:00+00:00,13
117601,117604,0.89758,0.8986162366538155,-1.08499999999996,STOP,-0.99999999999996,0.085,legacy_fixed_r_v1,2023-04-12 12:30:00+00:00,2023-04-12 12:35:00+00:00,2023-04-12 12:45:00+00:00,3
117702,117704,0.89675,0.8944467955881314,6.643044329769354,STOP,6.728044329769354,0.085,legacy_fixed_r_v1,2023-04-12 20:55:00+00:00,2023-04-12 21:00:00+00:00,2023-04-12 21:05:00+00:00,2
117729,117740,0.89577,0.8961282152176999,-1.0850000000000388,STOP,-1.0000000000000389,0.085,legacy_fixed_r_v1,2023-04-12 23:10:00+00:00,2023-04-12 23:15:00+00:00,2023-04-13 00:05:00+00:00,11
117790,117793,0.89658,0.8968027265148691,-1.0850000000000868,STOP,-1.0000000000000868,0.085,legacy_fixed_r_v1,2023-04-13 04:15:00+00:00,2023-04-13 04:20:00+00:00,2023-04-13 04:30:00+00:00,3
117854,117862,0.88981,0.8905841599715087,-1.085000000000064,STOP,-1.000000000000064,0.085,legacy_fixed_r_v1,2023-04-13 09:35:00+00:00,2023-04-13 09:40:00+00:00,2023-04-13 10:15:00+00:00,8
117888,117890,0.88999,0.8893295583184585,1.0160702801226718,STOP,1.1010702801226717,0.085,legacy_fixed_r_v1,2023-04-13 12:25:00+00:00,2023-04-13 12:30:00+00:00,2023-04-13 12:35:00+00:00,2
117922,117978,0.88773,0.8888554100121429,-1.0850000000000162,STOP,-1.0000000000000162,0.085,legacy_fixed_r_v1,2023-04-13 15:15:00+00:00,2023-04-13 15:20:00+00:00,2023-04-13 19:55:00+00:00,56
118016,118020,0.88939,0.8892464824964406,0.5392659517097192,STOP,0.6242659517097192,0.085,legacy_fixed_r_v1,2023-04-13 23:05:00+00:00,2023-04-13 23:10:00+00:00,2023-04-13 23:25:00+00:00,4
118066,118094,0.88763,0.8879412853068746,-1.0850000000000986,STOP,-1.0000000000000986,0.085,legacy_fixed_r_v1,2023-04-14 03:15:00+00:00,2023-04-14 03:20:00+00:00,2023-04-14 05:35:00+00:00,28
118152,118159,0.88721,0.8877444469780884,-1.0850000000000681,STOP,-1.0000000000000682,0.085,legacy_fixed_r_v1,2023-04-14 10:25:00+00:00,2023-04-14 10:30:00+00:00,2023-04-14 11:00:00+00:00,7
118232,118254,0.89492,0.8941788024468174,1.1196877754250434,STOP,1.2046877754250434,0.085,legacy_fixed_r_v1,2023-04-14 17:05:00+00:00,2023-04-14 17:10:00+00:00,2023-04-14 18:55:00+00:00,22
118264,118279,0.89387,0.8934559923102646,1.1866386613387268,STOP,1.2716386613387267,0.085,legacy_fixed_r_v1,2023-04-14 19:45:00+00:00,2023-04-14 19:50:00+00:00,2023-04-16 21:00:00+00:00,15
118445,118450,0.89367,0.8941717484852497,-1.0849999999999893,STOP,-0.9999999999999892,0.085,legacy_fixed_r_v1,2023-04-17 10:50:00+00:00,2023-04-17 10:55:00+00:00,2023-04-17 11:15:00+00:00,5
118460,118465,0.89364,0.8941141269583178,-1.0850000000001163,STOP,-1.0000000000001164,0.085,legacy_fixed_r_v1,2023-04-17 12:05:00+00:00,2023-04-17 12:10:00+00:00,2023-04-17 12:30:00+00:00,5
118537,118550,0.89915,0.8984680983503278,1.9144473079607982,STOP,1.9994473079607982,0.085,legacy_fixed_r_v1,2023-04-17 18:30:00+00:00,2023-04-17 18:35:00+00:00,2023-04-17 19:35:00+00:00,13
118566,118571,0.89917,0.897965179843782,4.4976833168616555,STOP,4.582683316861655,0.085,legacy_fixed_r_v1,2023-04-17 20:55:00+00:00,2023-04-17 21:00:00+00:00,2023-04-17 21:20:00+00:00,5
118601,118613,0.8986,0.8981347473810747,2.2150834742215277,STOP,2.3000834742215277,0.085,legacy_fixed_r_v1,2023-04-17 23:50:00+00:00,2023-04-17 23:55:00+00:00,2023-04-18 00:50:00+00:00,12
118842,118851,0.89676,0.8964243724328231,1.0511756914799586,STOP,1.1361756914799586,0.085,legacy_fixed_r_v1,2023-04-18 19:55:00+00:00,2023-04-18 20:00:00+00:00,2023-04-18 20:40:00+00:00,9
119046,119058,0.89805,0.8972357352920898,1.2267905499906864,STOP,1.3117905499906863,0.085,legacy_fixed_r_v1,2023-04-19 12:55:00+00:00,2023-04-19 13:00:00+00:00,2023-04-19 13:55:00+00:00,12
119090,119094,0.89764,0.8973670391993037,0.4436537879568418,STOP,0.5286537879568418,0.085,legacy_fixed_r_v1,2023-04-19 16:35:00+00:00,2023-04-19 16:40:00+00:00,2023-04-19 16:55:00+00:00,4
119180,119189,0.89736,0.8976112961774619,-1.0849999999998512,STOP,-0.9999999999998511,0.085,legacy_fixed_r_v1,2023-04-20 00:05:00+00:00,2023-04-20 00:10:00+00:00,2023-04-20 00:50:00+00:00,9
119237,119241,0.89676,0.8964351738475933,1.2645670427833133,STOP,1.3495670427833133,0.085,legacy_fixed_r_v1,2023-04-20 04:50:00+00:00,2023-04-20 04:55:00+00:00,2023-04-20 05:10:00+00:00,4
119385,119396,0.89405,0.893748315235133,0.6266615550596836,STOP,0.7116615550596835,0.085,legacy_fixed_r_v1,2023-04-20 17:10:00+00:00,2023-04-20 17:15:00+00:00,2023-04-20 18:05:00+00:00,11
119421,119431,0.89338,0.8920854481398502,3.611194411867371,STOP,3.696194411867371,0.085,legacy_fixed_r_v1,2023-04-20 20:10:00+00:00,2023-04-20 20:15:00+00:00,2023-04-20 21:00:00+00:00,10
119594,119604,0.89351,0.892760545236518,1.303170384806407,STOP,1.3881703848064069,0.085,legacy_fixed_r_v1,2023-04-21 10:35:00+00:00,2023-04-21 10:40:00+00:00,2023-04-21 11:25:00+00:00,10
119704,119719,0.89247,0.8922634993071397,0.4724809954217026,STOP,0.5574809954217026,0.085,legacy_fixed_r_v1,2023-04-21 19:45:00+00:00,2023-04-21 19:50:00+00:00,2023-04-23 21:00:00+00:00,15
119811,119816,0.89229,0.8925236643443389,-1.0850000000001327,STOP,-1.0000000000001328,0.085,legacy_fixed_r_v1,2023-04-24 04:40:00+00:00,2023-04-24 04:45:00+00:00,2023-04-24 05:05:00+00:00,5
119907,119914,0.88927,0.8887233028021255,0.8638015165360818,STOP,0.9488015165360818,0.085,legacy_fixed_r_v1,2023-04-24 12:40:00+00:00,2023-04-24 12:45:00+00:00,2023-04-24 13:15:00+00:00,7
119930,119969,0.88862,0.8879398858424378,0.9895086373050312,STOP,1.0745086373050312,0.085,legacy_fixed_r_v1,2023-04-24 14:35:00+00:00,2023-04-24 14:40:00+00:00,2023-04-24 17:50:00+00:00,39
119998,120024,0.88776,0.8875315086805667,0.8168485960351843,STOP,0.9018485960351843,0.085,legacy_fixed_r_v1,2023-04-24 20:15:00+00:00,2023-04-24 20:20:00+00:00,2023-04-24 22:25:00+00:00,26
120030,120038,0.88751,0.8872027350154981,1.7941000319923202,STOP,1.8791000319923201,0.085,legacy_fixed_r_v1,2023-04-24 22:55:00+00:00,2023-04-24 23:00:00+00:00,2023-04-24 23:35:00+00:00,8
120294,120296,0.89206,0.8899677032278139,7.16696038367304,STOP,7.2519603836730395,0.085,legacy_fixed_r_v1,2023-04-25 20:55:00+00:00,2023-04-25 21:00:00+00:00,2023-04-25 21:05:00+00:00,2
120375,120397,0.89131,0.890600180372454,3.2479563578855397,STOP,3.3329563578855397,0.085,legacy_fixed_r_v1,2023-04-26 03:40:00+00:00,2023-04-26 03:45:00+00:00,2023-04-26 05:30:00+00:00,22
120456,120461,0.88879,0.8882026374315374,0.8931536721694073,STOP,0.9781536721694073,0.085,legacy_fixed_r_v1,2023-04-26 10:25:00+00:00,2023-04-26 10:30:00+00:00,2023-04-26 10:50:00+00:00,5
120558,120566,0.89095,0.891393142084903,-1.0849999999998765,STOP,-0.9999999999998765,0.085,legacy_fixed_r_v1,2023-04-26 18:55:00+00:00,2023-04-26 19:00:00+00:00,2023-04-26 19:35:00+00:00,8
120582,120586,0.89131,0.8901226327338935,3.8393487878095036,STOP,3.9243487878095036,0.085,legacy_fixed_r_v1,2023-04-26 20:55:00+00:00,2023-04-26 21:00:00+00:00,2023-04-26 21:15:00+00:00,4
120802,120844,0.89561,0.8938403992623009,1.7932797241768073,STOP,1.8782797241768072,0.085,legacy_fixed_r_v1,2023-04-27 15:15:00+00:00,2023-04-27 15:20:00+00:00,2023-04-27 18:45:00+00:00,42
120871,120873,0.89537,0.8931521329617025,6.973562357454273,STOP,7.058562357454273,0.085,legacy_fixed_r_v1,2023-04-27 21:00:00+00:00,2023-04-27 21:05:00+00:00,2023-04-27 21:15:00+00:00,2
120969,120976,0.89448,0.8949009832466932,-1.0849999999999766,STOP,-0.9999999999999766,0.085,legacy_fixed_r_v1,2023-04-28 05:15:00+00:00,2023-04-28 05:20:00+00:00,2023-04-28 05:50:00+00:00,7
121030,121039,0.89511,0.8957779982449948,-1.084999999999976,STOP,-0.999999999999976,0.085,legacy_fixed_r_v1,2023-04-28 10:20:00+00:00,2023-04-28 10:25:00+00:00,2023-04-28 11:05:00+00:00,9
121142,121145,0.89333,0.8936884496345723,-1.0849999999999205,STOP,-0.9999999999999204,0.085,legacy_fixed_r_v1,2023-04-28 19:40:00+00:00,2023-04-28 19:45:00+00:00,2023-04-28 19:55:00+00:00,3
121191,121194,0.89451,0.89497313510119,-1.0850000000000177,STOP,-1.0000000000000178,0.085,legacy_fixed_r_v1,2023-05-01 00:00:00+00:00,2023-05-01 00:05:00+00:00,2023-05-01 00:15:00+00:00,3
121226,121232,0.89465,0.8940822872777829,2.0445210751701826,STOP,2.1295210751701825,0.085,legacy_fixed_r_v1,2023-05-01 02:55:00+00:00,2023-05-01 03:00:00+00:00,2023-05-01 03:25:00+00:00,6
121243,121247,0.89392,0.8941902473358692,-1.0850000000001918,STOP,-1.0000000000001918,0.085,legacy_fixed_r_v1,2023-05-01 04:20:00+00:00,2023-05-01 04:25:00+00:00,2023-05-01 04:40:00+00:00,4
121308,121312,0.89339,0.8930726696117273,0.5917368490704925,STOP,0.6767368490704925,0.085,legacy_fixed_r_v1,2023-05-01 09:45:00+00:00,2023-05-01 09:50:00+00:00,2023-05-01 10:05:00+00:00,4
121390,121401,0.89609,0.8957541079049514,0.5435447373106482,STOP,0.6285447373106482,0.085,legacy_fixed_r_v1,2023-05-01 16:35:00+00:00,2023-05-01 16:40:00+00:00,2023-05-01 17:30:00+00:00,11
121480,121488,0.89564,0.8959037690360486,-1.0850000000000304,STOP,-1.0000000000000304,0.085,legacy_fixed_r_v1,2023-05-02 00:05:00+00:00,2023-05-02 00:10:00+00:00,2023-05-02 00:45:00+00:00,8
121611,121617,0.89825,0.8973268557764372,1.466388766846931,STOP,1.551388766846931,0.085,legacy_fixed_r_v1,2023-05-02 11:00:00+00:00,2023-05-02 11:05:00+00:00,2023-05-02 11:30:00+00:00,6
121707,121718,0.8931,0.8927283613826158,0.8880659710451719,STOP,0.9730659710451719,0.085,legacy_fixed_r_v1,2023-05-02 19:00:00+00:00,2023-05-02 19:05:00+00:00,2023-05-02 19:55:00+00:00,11
121731,121734,0.89339,0.8927266930465622,1.9416033064364515,STOP,2.0266033064364515,0.085,legacy_fixed_r_v1,2023-05-02 21:00:00+00:00,2023-05-02 21:05:00+00:00,2023-05-02 21:15:00+00:00,3
121801,121807,0.89118,0.8909735821936244,0.7315124153107839,STOP,0.8165124153107839,0.085,legacy_fixed_r_v1,2023-05-03 02:50:00+00:00,2023-05-03 02:55:00+00:00,2023-05-03 03:20:00+00:00,6
121912,121914,0.88836,0.888917564427841,-1.085000000000043,STOP,-1.000000000000043,0.085,legacy_fixed_r_v1,2023-05-03 12:05:00+00:00,2023-05-03 12:10:00+00:00,2023-05-03 12:15:00+00:00,2
121964,121971,0.88654,0.8871473115648968,-1.0850000000000406,STOP,-1.0000000000000406,0.085,legacy_fixed_r_v1,2023-05-03 16:25:00+00:00,2023-05-03 16:30:00+00:00,2023-05-03 17:00:00+00:00,7
121982,121984,0.88666,0.8844916022762269,4.766950355110604,STOP,4.851950355110604,0.085,legacy_fixed_r_v1,2023-05-03 17:55:00+00:00,2023-05-03 18:00:00+00:00,2023-05-03 18:05:00+00:00,2
122016,122021,0.88521,0.8840696591343966,1.4335612237943436,STOP,1.5185612237943436,0.085,legacy_fixed_r_v1,2023-05-03 20:45:00+00:00,2023-05-03 20:50:00+00:00,2023-05-03 21:10:00+00:00,5
122032,122057,0.88332,0.8826554313938059,0.7430937505472585,STOP,0.8280937505472584,0.085,legacy_fixed_r_v1,2023-05-03 22:05:00+00:00,2023-05-03 22:10:00+00:00,2023-05-04 00:10:00+00:00,25
122075,122098,0.88237,0.8829018891270933,-1.085000000000067,STOP,-1.000000000000067,0.085,legacy_fixed_r_v1,2023-05-04 01:40:00+00:00,2023-05-04 01:45:00+00:00,2023-05-04 03:35:00+00:00,23
122177,122190,0.88699,0.8847758236080997,3.4740953116836475,STOP,3.5590953116836475,0.085,legacy_fixed_r_v1,2023-05-04 10:10:00+00:00,2023-05-04 10:15:00+00:00,2023-05-04 11:15:00+00:00,13
122247,122256,0.88555,0.884802926079568,0.5397352976553309,STOP,0.6247352976553309,0.085,legacy_fixed_r_v1,2023-05-04 16:00:00+00:00,2023-05-04 16:05:00+00:00,2023-05-04 16:45:00+00:00,9
122330,122343,0.88569,0.8855012498476073,0.600434001006039,STOP,0.685434001006039,0.085,legacy_fixed_r_v1,2023-05-04 22:55:00+00:00,2023-05-04 23:00:00+00:00,2023-05-05 00:00:00+00:00,13
122351,122360,0.88515,0.8847325968925976,1.9254296372662831,STOP,2.010429637266283,0.085,legacy_fixed_r_v1,2023-05-05 00:40:00+00:00,2023-05-05 00:45:00+00:00,2023-05-05 01:25:00+00:00,9
122383,122386,0.88437,0.88417582678555,0.6440808589606323,STOP,0.7290808589606322,0.085,legacy_fixed_r_v1,2023-05-05 03:20:00+00:00,2023-05-05 03:25:00+00:00,2023-05-05 03:35:00+00:00,3
122396,122406,0.88395,0.8836308427105396,1.3437666916006734,STOP,1.4287666916006734,0.085,legacy_fixed_r_v1,2023-05-05 04:25:00+00:00,2023-05-05 04:30:00+00:00,2023-05-05 05:15:00+00:00,10
122514,122527,0.89362,0.8921048650010921,1.3312548416028052,STOP,1.4162548416028051,0.085,legacy_fixed_r_v1,2023-05-05 14:15:00+00:00,2023-05-05 14:20:00+00:00,2023-05-05 15:20:00+00:00,13
122544,122558,0.89092,0.8915131414413564,-1.0850000000000832,STOP,-1.0000000000000833,0.085,legacy_fixed_r_v1,2023-05-05 16:45:00+00:00,2023-05-05 16:50:00+00:00,2023-05-05 17:55:00+00:00,14
122566,122571,0.89082,0.8904863472340825,0.6559195325382617,STOP,0.7409195325382617,0.085,legacy_fixed_r_v1,2023-05-05 18:35:00+00:00,2023-05-05 18:40:00+00:00,2023-05-05 19:00:00+00:00,5
122595,122597,0.89193,0.8898574698379932,5.203981127000467,STOP,5.288981127000467,0.085,legacy_fixed_r_v1,2023-05-07 21:05:00+00:00,2023-05-07 21:10:00+00:00,2023-05-07 21:15:00+00:00,2
122631,122638,0.89079,0.8904230740909809,1.0867697916903902,STOP,1.1717697916903902,0.085,legacy_fixed_r_v1,2023-05-08 00:05:00+00:00,2023-05-08 00:10:00+00:00,2023-05-08 00:40:00+00:00,7
122674,122676,0.88905,0.8889221594538219,0.41930735816351056,STOP,0.5043073581635106,0.085,legacy_fixed_r_v1,2023-05-08 03:40:00+00:00,2023-05-08 03:45:00+00:00,2023-05-08 03:50:00+00:00,2
122752,122771,0.88852,0.889070371684806,-1.0850000000000921,STOP,-1.0000000000000921,0.085,legacy_fixed_r_v1,2023-05-08 10:10:00+00:00,2023-05-08 10:15:00+00:00,2023-05-08 11:45:00+00:00,19
122948,122972,0.89013,0.8893928592091767,2.834527367516259,STOP,2.919527367516259,0.085,legacy_fixed_r_v1,2023-05-09 02:30:00+00:00,2023-05-09 02:35:00+00:00,2023-05-09 04:30:00+00:00,24
123029,123046,0.89158,0.8921735086988821,-1.084999999999989,STOP,-0.999999999999989,0.085,legacy_fixed_r_v1,2023-05-09 09:15:00+00:00,2023-05-09 09:20:00+00:00,2023-05-09 10:40:00+00:00,17
123112,123120,0.89094,0.8914708881449837,-1.0849999999999653,STOP,-0.9999999999999653,0.085,legacy_fixed_r_v1,2023-05-09 16:10:00+00:00,2023-05-09 16:15:00+00:00,2023-05-09 16:50:00+00:00,8
123170,123173,0.89246,0.8899786070074198,9.71692831201966,STOP,9.80192831201966,0.085,legacy_fixed_r_v1,2023-05-09 21:00:00+00:00,2023-05-09 21:05:00+00:00,2023-05-09 21:15:00+00:00,3
123197,123203,0.88999,0.8901972675212673,-1.0850000000000106,STOP,-1.0000000000000107,0.085,legacy_fixed_r_v1,2023-05-09 23:15:00+00:00,2023-05-09 23:20:00+00:00,2023-05-09 23:45:00+00:00,6
123210,123252,0.88984,0.889686375305113,0.6786678928109443,STOP,0.7636678928109443,0.085,legacy_fixed_r_v1,2023-05-10 00:20:00+00:00,2023-05-10 00:25:00+00:00,2023-05-10 03:50:00+00:00,42
123418,123432,0.89045,0.8892316633430564,2.414387832190927,STOP,2.499387832190927,0.085,legacy_fixed_r_v1,2023-05-10 17:40:00+00:00,2023-05-10 17:45:00+00:00,2023-05-10 18:50:00+00:00,14
123459,123463,0.89107,0.8880671860556423,6.63644787087253,STOP,6.72144787087253,0.085,legacy_fixed_r_v1,2023-05-10 21:05:00+00:00,2023-05-10 21:10:00+00:00,2023-05-10 21:25:00+00:00,4
123497,123512,0.88901,0.8888695557863505,0.4237514288639233,STOP,0.5087514288639233,0.085,legacy_fixed_r_v1,2023-05-11 00:15:00+00:00,2023-05-11 00:20:00+00:00,2023-05-11 01:30:00+00:00,15
123561,123567,0.89033,0.8905755332925923,-1.085000000000191,STOP,-1.000000000000191,0.085,legacy_fixed_r_v1,2023-05-11 05:35:00+00:00,2023-05-11 05:40:00+00:00,2023-05-11 06:05:00+00:00,6
123626,123631,0.8939,0.8927721989201828,2.096247969550628,STOP,2.181247969550628,0.085,legacy_fixed_r_v1,2023-05-11 11:00:00+00:00,2023-05-11 11:05:00+00:00,2023-05-11 11:25:00+00:00,5
123672,123682,0.89462,0.8953874372210998,-1.0849999999999693,STOP,-0.9999999999999692,0.085,legacy_fixed_r_v1,2023-05-11 14:50:00+00:00,2023-05-11 14:55:00+00:00,2023-05-11 15:40:00+00:00,10
123723,123730,0.89429,0.894023023983017,0.8955268870576393,STOP,0.9805268870576392,0.085,legacy_fixed_r_v1,2023-05-11 19:05:00+00:00,2023-05-11 19:10:00+00:00,2023-05-11 19:40:00+00:00,7
123746,123748,0.89468,0.8936653889081211,3.577968402779119,STOP,3.662968402779119,0.085,legacy_fixed_r_v1,2023-05-11 21:00:00+00:00,2023-05-11 21:05:00+00:00,2023-05-11 21:10:00+00:00,2
123786,123790,0.89391,0.8937870738839683,0.5622951573375942,STOP,0.6472951573375941,0.085,legacy_fixed_r_v1,2023-05-12 00:20:00+00:00,2023-05-12 00:25:00+00:00,2023-05-12 00:40:00+00:00,4
123845,123848,0.89262,0.8922430564589593,1.9371309618911923,STOP,2.0221309618911922,0.085,legacy_fixed_r_v1,2023-05-12 05:15:00+00:00,2023-05-12 05:20:00+00:00,2023-05-12 05:30:00+00:00,3
123936,123940,0.89379,0.893236946390708,0.8780545654745203,STOP,0.9630545654745203,0.085,legacy_fixed_r_v1,2023-05-12 12:50:00+00:00,2023-05-12 12:55:00+00:00,2023-05-12 13:10:00+00:00,4
123990,124018,0.89778,0.8982192337579025,-1.0850000000001137,STOP,-1.0000000000001137,0.085,legacy_fixed_r_v1,2023-05-12 17:20:00+00:00,2023-05-12 17:25:00+00:00,2023-05-12 19:40:00+00:00,28
124082,124093,0.89807,0.8974939785523348,1.5888635209632496,STOP,1.6738635209632495,0.085,legacy_fixed_r_v1,2023-05-15 01:05:00+00:00,2023-05-15 01:10:00+00:00,2023-05-15 02:00:00+00:00,11
124236,124269,0.89545,0.894963054659661,0.6538420236100462,STOP,0.7388420236100461,0.085,legacy_fixed_r_v1,2023-05-15 13:55:00+00:00,2023-05-15 14:00:00+00:00,2023-05-15 16:40:00+00:00,33
124346,124362,0.89543,0.8951659340508711,1.050602495474014,STOP,1.135602495474014,0.085,legacy_fixed_r_v1,2023-05-15 23:10:00+00:00,2023-05-15 23:15:00+00:00,2023-05-16 00:30:00+00:00,16
124608,124612,0.89689,0.895830957965651,3.4126770677413556,STOP,3.4976770677413556,0.085,legacy_fixed_r_v1,2023-05-16 21:00:00+00:00,2023-05-16 21:05:00+00:00,2023-05-16 21:20:00+00:00,4
124644,124651,0.89637,0.8960111292662917,1.8365897621094203,STOP,1.9215897621094202,0.085,legacy_fixed_r_v1,2023-05-17 00:00:00+00:00,2023-05-17 00:05:00+00:00,2023-05-17 00:35:00+00:00,7
124782,124786,0.89886,0.8993881421796,-1.0849999999999063,STOP,-0.9999999999999062,0.085,legacy_fixed_r_v1,2023-05-17 11:30:00+00:00,2023-05-17 11:35:00+00:00,2023-05-17 11:50:00+00:00,4
124844,124916,0.89829,0.89844,-0.3230125305333706,TIME,-0.23801253053337057,0.085,legacy_fixed_r_v1,2023-05-17 16:40:00+00:00,2023-05-17 16:45:00+00:00,2023-05-17 22:40:00+00:00,72
124932,124935,0.8985,0.8986819947581892,-1.0850000000000544,STOP,-1.0000000000000544,0.085,legacy_fixed_r_v1,2023-05-18 00:00:00+00:00,2023-05-18 00:05:00+00:00,2023-05-18 00:15:00+00:00,3
125121,125126,0.90493,0.9044855162723778,0.647863871621842,STOP,0.732863871621842,0.085,legacy_fixed_r_v1,2023-05-18 15:45:00+00:00,2023-05-18 15:50:00+00:00,2023-05-18 16:10:00+00:00,5
125167,125196,0.90496,0.9047623032812279,0.568737899886849,STOP,0.6537378998868489,0.085,legacy_fixed_r_v1,2023-05-18 19:35:00+00:00,2023-05-18 19:40:00+00:00,2023-05-18 22:00:00+00:00,29
125223,125225,0.90468,0.904467390974672,0.7809031861895246,STOP,0.8659031861895246,0.085,legacy_fixed_r_v1,2023-05-19 00:15:00+00:00,2023-05-19 00:20:00+00:00,2023-05-19 00:25:00+00:00,2
125253,125256,0.90519,0.9049223380933284,0.739002174594226,STOP,0.824002174594226,0.085,legacy_fixed_r_v1,2023-05-19 02:45:00+00:00,2023-05-19 02:50:00+00:00,2023-05-19 03:00:00+00:00,3
125289,125292,0.90479,0.9045987885430362,0.7178699448335771,STOP,0.8028699448335771,0.085,legacy_fixed_r_v1,2023-05-19 05:45:00+00:00,2023-05-19 05:50:00+00:00,2023-05-19 06:00:00+00:00,3
125360,125366,0.90213,0.9011748258411452,1.989572865545746,STOP,2.074572865545746,0.085,legacy_fixed_r_v1,2023-05-19 11:40:00+00:00,2023-05-19 11:45:00+00:00,2023-05-19 12:10:00+00:00,6
125402,125405,0.90048,0.8987804012319284,1.973922857132088,STOP,2.058922857132088,0.085,legacy_fixed_r_v1,2023-05-19 15:10:00+00:00,2023-05-19 15:15:00+00:00,2023-05-19 15:25:00+00:00,3
125464,125468,0.89973,0.8995280371113401,0.4866414372474925,STOP,0.5716414372474925,0.085,legacy_fixed_r_v1,2023-05-19 20:20:00+00:00,2023-05-19 20:25:00+00:00,2023-05-19 20:40:00+00:00,4
125490,125499,0.89844,0.8982601007563722,0.494856241618369,STOP,0.579856241618369,0.085,legacy_fixed_r_v1,2023-05-21 22:30:00+00:00,2023-05-21 22:35:00+00:00,2023-05-21 23:15:00+00:00,9
125703,125715,0.89846,0.8976955252019722,0.9925342710845022,STOP,1.0775342710845022,0.085,legacy_fixed_r_v1,2023-05-22 16:15:00+00:00,2023-05-22 16:20:00+00:00,2023-05-22 17:15:00+00:00,12
125771,125787,0.89793,0.8981794189111435,-1.0849999999998796,STOP,-0.9999999999998795,0.085,legacy_fixed_r_v1,2023-05-22 21:55:00+00:00,2023-05-22 22:00:00+00:00,2023-05-22 23:15:00+00:00,16
125829,125841,0.89855,0.8983568585143747,0.556994869807834,STOP,0.6419948698078339,0.085,legacy_fixed_r_v1,2023-05-23 02:45:00+00:00,2023-05-23 02:50:00+00:00,2023-05-23 03:45:00+00:00,12
126018,126029,0.90121,0.9016082904422159,-1.0849999999998792,STOP,-0.9999999999998791,0.085,legacy_fixed_r_v1,2023-05-23 18:30:00+00:00,2023-05-23 18:35:00+00:00,2023-05-23 19:25:00+00:00,11
126041,126049,0.90147,0.9010938592001119,1.3209673975414271,STOP,1.405967397541427,0.085,legacy_fixed_r_v1,2023-05-23 20:25:00+00:00,2023-05-23 20:30:00+00:00,2023-05-23 21:05:00+00:00,8
126073,126091,0.90131,0.9009165362899412,1.3900544991221997,STOP,1.4750544991221997,0.085,legacy_fixed_r_v1,2023-05-23 23:05:00+00:00,2023-05-23 23:10:00+00:00,2023-05-24 00:35:00+00:00,18
126113,126155,0.90093,0.9007394464209617,0.5627221154051054,STOP,0.6477221154051054,0.085,legacy_fixed_r_v1,2023-05-24 02:25:00+00:00,2023-05-24 02:30:00+00:00,2023-05-24 05:55:00+00:00,42
126218,126229,0.9026,0.9022747660169848,0.42554082673248134,STOP,0.5105408267324814,0.085,legacy_fixed_r_v1,2023-05-24 11:10:00+00:00,2023-05-24 11:15:00+00:00,2023-05-24 12:05:00+00:00,11
126431,126435,0.90613,0.9063949774718623,-1.0849999999999165,STOP,-0.9999999999999165,0.085,legacy_fixed_r_v1,2023-05-25 05:00:00+00:00,2023-05-25 05:05:00+00:00,2023-05-25 05:20:00+00:00,4
126509,126518,0.9055,0.9042268142918467,2.9736589568479954,STOP,3.0586589568479954,0.085,legacy_fixed_r_v1,2023-05-25 11:30:00+00:00,2023-05-25 11:35:00+00:00,2023-05-25 12:15:00+00:00,9
126610,126630,0.90617,0.9051871417437243,2.55557590670299,STOP,2.64057590670299,0.085,legacy_fixed_r_v1,2023-05-25 19:55:00+00:00,2023-05-25 20:00:00+00:00,2023-05-25 21:35:00+00:00,20
126706,126709,0.90473,0.9045470251717307,0.5728066594983241,STOP,0.6578066594983241,0.085,legacy_fixed_r_v1,2023-05-26 03:55:00+00:00,2023-05-26 04:00:00+00:00,2023-05-26 04:10:00+00:00,3
126723,126725,0.90435,0.9046234112279761,-1.0850000000000177,STOP,-1.0000000000000178,0.085,legacy_fixed_r_v1,2023-05-26 05:20:00+00:00,2023-05-26 05:25:00+00:00,2023-05-26 05:30:00+00:00,2
126784,126809,0.90279,0.9034471565372693,-1.0850000000000088,STOP,-1.0000000000000089,0.085,legacy_fixed_r_v1,2023-05-26 10:25:00+00:00,2023-05-26 10:30:00+00:00,2023-05-26 12:30:00+00:00,25
126865,126912,0.90511,0.9041675895996835,1.6227582798220688,STOP,1.7077582798220687,0.085,legacy_fixed_r_v1,2023-05-26 17:10:00+00:00,2023-05-26 17:15:00+00:00,2023-05-28 21:05:00+00:00,47
126996,127005,0.90517,0.9049553317981603,0.969876344649796,STOP,1.054876344649796,0.085,legacy_fixed_r_v1,2023-05-29 04:05:00+00:00,2023-05-29 04:10:00+00:00,2023-05-29 04:50:00+00:00,9
127080,127089,0.90346,0.9030567781964064,0.8987934804795447,STOP,0.9837934804795446,0.085,legacy_fixed_r_v1,2023-05-29 11:05:00+00:00,2023-05-29 11:10:00+00:00,2023-05-29 11:50:00+00:00,9
127137,127171,0.90367,0.9039584232222192,-1.0850000000001294,STOP,-1.0000000000001295,0.085,legacy_fixed_r_v1,2023-05-29 15:50:00+00:00,2023-05-29 15:55:00+00:00,2023-05-29 18:40:00+00:00,34
127235,127238,0.9041,0.9037612788201502,1.2798571410102215,STOP,1.3648571410102215,0.085,legacy_fixed_r_v1,2023-05-30 00:00:00+00:00,2023-05-30 00:05:00+00:00,2023-05-30 00:15:00+00:00,3
127346,127356,0.90465,0.9021308975150818,3.0960865089828435,STOP,3.1810865089828435,0.085,legacy_fixed_r_v1,2023-05-30 09:15:00+00:00,2023-05-30 09:20:00+00:00,2023-05-30 10:05:00+00:00,10
127380,127383,0.90192,0.9026426169815347,-1.0849999999999531,STOP,-0.9999999999999531,0.085,legacy_fixed_r_v1,2023-05-30 12:05:00+00:00,2023-05-30 12:10:00+00:00,2023-05-30 12:20:00+00:00,3
127460,127471,0.90628,0.9057750643224536,1.329037176872212,STOP,1.414037176872212,0.085,legacy_fixed_r_v1,2023-05-30 18:45:00+00:00,2023-05-30 18:50:00+00:00,2023-05-30 19:40:00+00:00,11
127486,127488,0.90614,0.9054490870186748,2.4068926162744155,STOP,2.4918926162744155,0.085,legacy_fixed_r_v1,2023-05-30 20:55:00+00:00,2023-05-30 21:00:00+00:00,2023-05-30 21:05:00+00:00,2
127517,127524,0.90601,0.9062703961186167,-1.0849999999998943,STOP,-0.9999999999998942,0.085,legacy_fixed_r_v1,2023-05-30 23:30:00+00:00,2023-05-30 23:35:00+00:00,2023-05-31 00:05:00+00:00,7
127660,127671,0.91001,0.9105593267408121,-1.085000000000087,STOP,-1.000000000000087,0.085,legacy_fixed_r_v1,2023-05-31 11:25:00+00:00,2023-05-31 11:30:00+00:00,2023-05-31 12:20:00+00:00,11
127732,127748,0.91295,0.9108391855042447,3.098528489834437,STOP,3.183528489834437,0.085,legacy_fixed_r_v1,2023-05-31 17:25:00+00:00,2023-05-31 17:30:00+00:00,2023-05-31 18:45:00+00:00,16
127761,127776,0.91048,0.910011705894563,0.8728426549679312,STOP,0.9578426549679312,0.085,legacy_fixed_r_v1,2023-05-31 19:50:00+00:00,2023-05-31 19:55:00+00:00,2023-05-31 21:05:00+00:00,15
127796,127821,0.91021,0.9105000745312949,-1.084999999999839,STOP,-0.9999999999998389,0.085,legacy_fixed_r_v1,2023-05-31 22:45:00+00:00,2023-05-31 22:50:00+00:00,2023-06-01 00:50:00+00:00,25
127848,127854,0.91045,0.9107385497885866,-1.085000000000031,STOP,-1.000000000000031,0.085,legacy_fixed_r_v1,2023-06-01 03:05:00+00:00,2023-06-01 03:10:00+00:00,2023-06-01 03:35:00+00:00,6
127917,127934,0.91025,0.9086719337668138,2.783021707161901,STOP,2.8680217071619007,0.085,legacy_fixed_r_v1,2023-06-01 08:50:00+00:00,2023-06-01 08:55:00+00:00,2023-06-01 10:15:00+00:00,17
127997,128015,0.90785,0.9072381229424554,0.5865193367384877,STOP,0.6715193367384876,0.085,legacy_fixed_r_v1,2023-06-01 15:30:00+00:00,2023-06-01 15:35:00+00:00,2023-06-01 17:00:00+00:00,18
128025,128030,0.90668,0.9057627855599862,1.9306868203506844,STOP,2.0156868203506844,0.085,legacy_fixed_r_v1,2023-06-01 17:50:00+00:00,2023-06-01 17:55:00+00:00,2023-06-01 18:15:00+00:00,5
128248,128249,0.90665,0.9071995816582609,-1.0850000000000046,STOP,-1.0000000000000047,0.085,legacy_fixed_r_v1,2023-06-02 12:25:00+00:00,2023-06-02 12:30:00+00:00,2023-06-02 12:30:00+00:00,1
128350,128352,0.90986,0.9073377458077725,8.5736535178908,STOP,8.658653517890802,0.085,legacy_fixed_r_v1,2023-06-02 20:55:00+00:00,2023-06-04 21:00:00+00:00,2023-06-04 21:05:00+00:00,2
128423,128447,0.9098,0.9100876904381185,-1.084999999999861,STOP,-0.9999999999998609,0.085,legacy_fixed_r_v1,2023-06-05 03:00:00+00:00,2023-06-05 03:05:00+00:00,2023-06-05 05:00:00+00:00,24
128501,128509,0.91028,0.91094741022957,-1.0849999999999502,STOP,-0.9999999999999502,0.085,legacy_fixed_r_v1,2023-06-05 09:30:00+00:00,2023-06-05 09:35:00+00:00,2023-06-05 10:10:00+00:00,8
128529,128534,0.9107,0.9103863834299961,0.5367444479634876,STOP,0.6217444479634876,0.085,legacy_fixed_r_v1,2023-06-05 11:50:00+00:00,2023-06-05 11:55:00+00:00,2023-06-05 12:15:00+00:00,5
128578,128642,0.90586,0.9052902800973577,0.6522691805771685,STOP,0.7372691805771685,0.085,legacy_fixed_r_v1,2023-06-05 15:55:00+00:00,2023-06-05 16:00:00+00:00,2023-06-05 21:15:00+00:00,64
128681,128693,0.90599,0.9058324245514411,0.5663774044694481,STOP,0.651377404469448,0.085,legacy_fixed_r_v1,2023-06-06 00:30:00+00:00,2023-06-06 00:35:00+00:00,2023-06-06 01:30:00+00:00,12
128699,128702,0.90574,0.9051372199459726,2.82264072718774,STOP,2.90764072718774,0.085,legacy_fixed_r_v1,2023-06-06 02:00:00+00:00,2023-06-06 02:05:00+00:00,2023-06-06 02:15:00+00:00,3
128728,128732,0.90548,0.9051134602673933,1.6886446616614543,STOP,1.7736446616614543,0.085,legacy_fixed_r_v1,2023-06-06 04:25:00+00:00,2023-06-06 04:30:00+00:00,2023-06-06 04:45:00+00:00,4
128859,128870,0.90828,0.9076675324263,0.8913057938511318,STOP,0.9763057938511318,0.085,legacy_fixed_r_v1,2023-06-06 15:20:00+00:00,2023-06-06 15:25:00+00:00,2023-06-06 16:15:00+00:00,11
128900,128910,0.90758,0.9078569664959568,-1.0849999999999362,STOP,-0.9999999999999362,0.085,legacy_fixed_r_v1,2023-06-06 18:45:00+00:00,2023-06-06 18:50:00+00:00,2023-06-06 19:35:00+00:00,10
128961,128968,0.90728,0.9066556632130961,3.686954918723521,STOP,3.771954918723521,0.085,legacy_fixed_r_v1,2023-06-06 23:50:00+00:00,2023-06-06 23:55:00+00:00,2023-06-07 00:25:00+00:00,7
129110,129112,0.90519,0.9057657683375276,-1.08499999999996,STOP,-0.9999999999999599,0.085,legacy_fixed_r_v1,2023-06-07 12:15:00+00:00,2023-06-07 12:20:00+00:00,2023-06-07 12:25:00+00:00,2
129310,129313,0.90941,0.909011989375125,1.9370691160751492,STOP,2.022069116075149,0.085,legacy_fixed_r_v1,2023-06-08 04:55:00+00:00,2023-06-08 05:00:00+00:00,2023-06-08 05:10:00+00:00,3
129387,129399,0.90898,0.9076034216048018,2.5565437942274007,STOP,2.6415437942274007,0.085,legacy_fixed_r_v1,2023-06-08 11:20:00+00:00,2023-06-08 11:25:00+00:00,2023-06-08 12:20:00+00:00,12
129448,129479,0.89988,0.899360855860015,0.6628621804500843,STOP,0.7478621804500842,0.085,legacy_fixed_r_v1,2023-06-08 16:25:00+00:00,2023-06-08 16:30:00+00:00,2023-06-08 19:00:00+00:00,31
129502,129506,0.89922,0.8986868485371636,1.5567253922468158,STOP,1.6417253922468158,0.085,legacy_fixed_r_v1,2023-06-08 20:55:00+00:00,2023-06-08 21:00:00+00:00,2023-06-08 21:15:00+00:00,4
129681,129690,0.90148,0.900857708881835,1.108682758211513,STOP,1.193682758211513,0.085,legacy_fixed_r_v1,2023-06-09 11:50:00+00:00,2023-06-09 11:55:00+00:00,2023-06-09 12:35:00+00:00,9
129868,129885,0.90399,0.9042573333077293,-1.0850000000001068,STOP,-1.0000000000001068,0.085,legacy_fixed_r_v1,2023-06-12 03:30:00+00:00,2023-06-12 03:35:00+00:00,2023-06-12 04:55:00+00:00,17
130040,130060,0.90976,0.9087707473590816,1.616675931885863,STOP,1.701675931885863,0.085,legacy_fixed_r_v1,2023-06-12 17:50:00+00:00,2023-06-12 17:55:00+00:00,2023-06-12 19:30:00+00:00,20
130078,130084,0.909,0.9084923542687204,1.3812325045337586,STOP,1.4662325045337585,0.085,legacy_fixed_r_v1,2023-06-12 21:00:00+00:00,2023-06-12 21:05:00+00:00,2023-06-12 21:30:00+00:00,6
130172,130183,0.90696,0.9058461820113316,5.529428921814534,STOP,5.614428921814534,0.085,legacy_fixed_r_v1,2023-06-13 04:50:00+00:00,2023-06-13 04:55:00+00:00,2023-06-13 05:45:00+00:00,11
130290,130299,0.90517,0.906145833425326,-1.0849999999999969,STOP,-0.9999999999999968,0.085,legacy_fixed_r_v1,2023-06-13 14:40:00+00:00,2023-06-13 14:45:00+00:00,2023-06-13 15:25:00+00:00,9
130307,130328,0.90434,0.905303021133195,-1.0850000000000204,STOP,-1.0000000000000204,0.085,legacy_fixed_r_v1,2023-06-13 16:05:00+00:00,2023-06-13 16:10:00+00:00,2023-06-13 17:50:00+00:00,21
130352,130369,0.90537,0.9048240563140539,1.2212135752471958,STOP,1.3062135752471957,0.085,legacy_fixed_r_v1,2023-06-13 19:50:00+00:00,2023-06-13 19:55:00+00:00,2023-06-13 21:15:00+00:00,17
130540,130553,0.90234,0.9003519793929035,4.2052563421484415,STOP,4.290256342148441,0.085,legacy_fixed_r_v1,2023-06-14 11:30:00+00:00,2023-06-14 11:35:00+00:00,2023-06-14 12:35:00+00:00,13
131042,131048,0.8921,0.8917435594476466,1.29321461273532,STOP,1.3782146127353199,0.085,legacy_fixed_r_v1,2023-06-16 05:20:00+00:00,2023-06-16 05:25:00+00:00,2023-06-16 05:50:00+00:00,6
131104,131108,0.89135,0.89203336590186,-1.0850000000000575,STOP,-1.0000000000000575,0.085,legacy_fixed_r_v1,2023-06-16 10:30:00+00:00,2023-06-16 10:35:00+00:00,2023-06-16 10:50:00+00:00,4
131119,131130,0.8911,0.8917547333630665,-1.0850000000000475,STOP,-1.0000000000000475,0.085,legacy_fixed_r_v1,2023-06-16 11:45:00+00:00,2023-06-16 11:50:00+00:00,2023-06-16 12:40:00+00:00,11
131228,131231,0.89395,0.8933521059978093,1.5529183602821937,STOP,1.6379183602821936,0.085,legacy_fixed_r_v1,2023-06-16 20:50:00+00:00,2023-06-16 20:55:00+00:00,2023-06-18 21:05:00+00:00,3
131266,131276,0.89411,0.8944496491598102,-1.08500000000006,STOP,-1.00000000000006,0.085,legacy_fixed_r_v1,2023-06-19 00:00:00+00:00,2023-06-19 00:05:00+00:00,2023-06-19 00:50:00+00:00,10
131325,131336,0.89431,0.893651462376326,3.098104285306191,STOP,3.183104285306191,0.085,legacy_fixed_r_v1,2023-06-19 04:55:00+00:00,2023-06-19 05:00:00+00:00,2023-06-19 05:50:00+00:00,11
131483,131511,0.89612,0.8959234868330015,0.7503719241657768,STOP,0.8353719241657768,0.085,legacy_fixed_r_v1,2023-06-19 18:05:00+00:00,2023-06-19 18:10:00+00:00,2023-06-19 20:25:00+00:00,28
131676,131685,0.89661,0.8972463511394662,-1.0850000000000166,STOP,-1.0000000000000167,0.085,legacy_fixed_r_v1,2023-06-20 10:10:00+00:00,2023-06-20 10:15:00+00:00,2023-06-20 10:55:00+00:00,9
131754,131783,0.89857,0.8979755165207004,0.9178703731920648,STOP,1.0028703731920647,0.085,legacy_fixed_r_v1,2023-06-20 16:40:00+00:00,2023-06-20 16:45:00+00:00,2023-06-20 19:05:00+00:00,29
131893,131899,0.8986,0.8983499880480385,1.1667279489965936,STOP,1.2517279489965936,0.085,legacy_fixed_r_v1,2023-06-21 04:15:00+00:00,2023-06-21 04:20:00+00:00,2023-06-21 04:45:00+00:00,6
131978,131982,0.89698,0.897477913475999,-1.0850000000000675,STOP,-1.0000000000000675,0.085,legacy_fixed_r_v1,2023-06-21 11:20:00+00:00,2023-06-21 11:25:00+00:00,2023-06-21 11:40:00+00:00,4
132042,132065,0.89397,0.8924095878179381,2.137349496283397,STOP,2.222349496283397,0.085,legacy_fixed_r_v1,2023-06-21 16:40:00+00:00,2023-06-21 16:45:00+00:00,2023-06-21 18:35:00+00:00,23
132098,132100,0.89325,0.8927001338723615,2.2481744859858095,STOP,2.3331744859858095,0.085,legacy_fixed_r_v1,2023-06-21 21:20:00+00:00,2023-06-21 21:25:00+00:00,2023-06-21 21:30:00+00:00,2
132249,132252,0.89348,0.8929182821247473,0.6313655421524877,STOP,0.7163655421524877,0.085,legacy_fixed_r_v1,2023-06-22 09:55:00+00:00,2023-06-22 10:00:00+00:00,2023-06-22 10:10:00+00:00,3
132265,132267,0.89227,0.8930322469607073,-1.0849999999999977,STOP,-0.9999999999999978,0.085,legacy_fixed_r_v1,2023-06-22 11:15:00+00:00,2023-06-22 11:20:00+00:00,2023-06-22 11:25:00+00:00,2
132345,132368,0.89658,0.8953686735301548,2.2511945350513916,STOP,2.3361945350513915,0.085,legacy_fixed_r_v1,2023-06-22 17:55:00+00:00,2023-06-22 18:00:00+00:00,2023-06-22 19:50:00+00:00,23
132381,132387,0.89505,0.8944773106672343,1.356360682838637,STOP,1.441360682838637,0.085,legacy_fixed_r_v1,2023-06-22 20:55:00+00:00,2023-06-22 21:00:00+00:00,2023-06-22 21:25:00+00:00,6
132535,132542,0.89978,0.8993242259768057,0.5631203809501458,STOP,0.6481203809501458,0.085,legacy_fixed_r_v1,2023-06-23 09:45:00+00:00,2023-06-23 09:50:00+00:00,2023-06-23 10:20:00+00:00,7
132646,132658,0.89725,0.8970592198127664,0.46666167952395815,STOP,0.5516616795239582,0.085,legacy_fixed_r_v1,2023-06-23 19:00:00+00:00,2023-06-23 19:05:00+00:00,2023-06-23 20:00:00+00:00,12
132691,132712,0.89585,0.8954601494540165,1.0490983595114427,STOP,1.1340983595114427,0.085,legacy_fixed_r_v1,2023-06-25 22:55:00+00:00,2023-06-25 23:00:00+00:00,2023-06-26 00:40:00+00:00,21
132768,132772,0.89589,0.895566381437581,1.330539806625145,STOP,1.415539806625145,0.085,legacy_fixed_r_v1,2023-06-26 05:20:00+00:00,2023-06-26 05:25:00+00:00,2023-06-26 05:40:00+00:00,4
132815,132827,0.89478,0.8941580586814455,1.045853747968529,STOP,1.130853747968529,0.085,legacy_fixed_r_v1,2023-06-26 09:15:00+00:00,2023-06-26 09:20:00+00:00,2023-06-26 10:15:00+00:00,12
132829,132840,0.89323,0.8923286585378117,1.4150320189883168,STOP,1.5000320189883167,0.085,legacy_fixed_r_v1,2023-06-26 10:25:00+00:00,2023-06-26 10:30:00+00:00,2023-06-26 11:20:00+00:00,11
132958,132965,0.89637,0.8952750868335938,2.369224526026247,STOP,2.454224526026247,0.085,legacy_fixed_r_v1,2023-06-26 21:10:00+00:00,2023-06-26 21:15:00+00:00,2023-06-26 21:45:00+00:00,7
133117,133123,0.89459,0.8942025991411048,0.6354573648175936,STOP,0.7204573648175936,0.085,legacy_fixed_r_v1,2023-06-27 10:25:00+00:00,2023-06-27 10:30:00+00:00,2023-06-27 10:55:00+00:00,6
133179,133212,0.89419,0.8931838351123421,1.0091674521959755,STOP,1.0941674521959754,0.085,legacy_fixed_r_v1,2023-06-27 15:35:00+00:00,2023-06-27 15:40:00+00:00,2023-06-27 18:20:00+00:00,33
133282,133286,0.89348,0.8933420769830808,0.6078340934217716,STOP,0.6928340934217716,0.085,legacy_fixed_r_v1,2023-06-28 00:10:00+00:00,2023-06-28 00:15:00+00:00,2023-06-28 00:30:00+00:00,4
133314,133323,0.89424,0.8940173111135881,0.7393129409184697,STOP,0.8243129409184696,0.085,legacy_fixed_r_v1,2023-06-28 02:50:00+00:00,2023-06-28 02:55:00+00:00,2023-06-28 03:35:00+00:00,9
133405,133407,0.89473,0.8952426465767007,-1.0850000000000795,STOP,-1.0000000000000795,0.085,legacy_fixed_r_v1,2023-06-28 10:25:00+00:00,2023-06-28 10:30:00+00:00,2023-06-28 10:35:00+00:00,2
133505,133507,0.89594,0.8962517476885613,-1.0850000000000448,STOP,-1.0000000000000449,0.085,legacy_fixed_r_v1,2023-06-28 18:45:00+00:00,2023-06-28 18:50:00+00:00,2023-06-28 18:55:00+00:00,2
133533,133536,0.89757,0.8962598057657921,4.0515129911806005,STOP,4.1365129911806005,0.085,legacy_fixed_r_v1,2023-06-28 21:05:00+00:00,2023-06-28 21:10:00+00:00,2023-06-28 21:20:00+00:00,3
133621,133627,0.89815,0.8983954797240731,-1.085000000000046,STOP,-1.000000000000046,0.085,legacy_fixed_r_v1,2023-06-29 04:25:00+00:00,2023-06-29 04:30:00+00:00,2023-06-29 04:55:00+00:00,6
133686,133695,0.8965,0.8959067545824658,0.9741641989457825,STOP,1.0591641989457825,0.085,legacy_fixed_r_v1,2023-06-29 09:50:00+00:00,2023-06-29 09:55:00+00:00,2023-06-29 10:35:00+00:00,9
133819,133821,0.89961,0.8983783584523239,4.768338033283221,STOP,4.8533380332832206,0.085,legacy_fixed_r_v1,2023-06-29 20:55:00+00:00,2023-06-29 21:00:00+00:00,2023-06-29 21:05:00+00:00,2
133886,133926,0.8986,0.8982533252017275,0.9423245647502214,STOP,1.0273245647502214,0.085,legacy_fixed_r_v1,2023-06-30 02:30:00+00:00,2023-06-30 02:35:00+00:00,2023-06-30 05:50:00+00:00,40
134003,134009,0.90007,0.8986088457623371,2.652380361859833,STOP,2.737380361859833,0.085,legacy_fixed_r_v1,2023-06-30 12:15:00+00:00,2023-06-30 12:20:00+00:00,2023-06-30 12:45:00+00:00,6
134060,134069,0.89459,0.8951694736401582,-1.0849999999999664,STOP,-0.9999999999999664,0.085,legacy_fixed_r_v1,2023-06-30 17:00:00+00:00,2023-06-30 17:05:00+00:00,2023-06-30 17:45:00+00:00,9
134108,134110,0.89578,0.8937757106389014,3.6452995845392784,STOP,3.7302995845392783,0.085,legacy_fixed_r_v1,2023-07-02 21:05:00+00:00,2023-07-02 21:10:00+00:00,2023-07-02 21:15:00+00:00,2
134187,134198,0.89508,0.8949460342742132,0.5581614385898701,STOP,0.6431614385898701,0.085,legacy_fixed_r_v1,2023-07-03 03:40:00+00:00,2023-07-03 03:45:00+00:00,2023-07-03 04:35:00+00:00,11
134202,134206,0.89468,0.8944132206722314,1.4532159313939066,STOP,1.5382159313939066,0.085,legacy_fixed_r_v1,2023-07-03 04:55:00+00:00,2023-07-03 05:00:00+00:00,2023-07-03 05:15:00+00:00,4
134271,134275,0.89926,0.8997638111148794,-1.0849999999999853,STOP,-0.9999999999999853,0.085,legacy_fixed_r_v1,2023-07-03 10:40:00+00:00,2023-07-03 10:45:00+00:00,2023-07-03 11:00:00+00:00,4
134371,134375,0.89618,0.896476602956183,-1.0850000000001407,STOP,-1.0000000000001408,0.085,legacy_fixed_r_v1,2023-07-03 19:00:00+00:00,2023-07-03 19:05:00+00:00,2023-07-03 19:20:00+00:00,4
134584,134587,0.89564,0.8954146782877943,0.4896191017151443,STOP,0.5746191017151443,0.085,legacy_fixed_r_v1,2023-07-04 12:45:00+00:00,2023-07-04 12:50:00+00:00,2023-07-04 13:00:00+00:00,3
134601,134606,0.89521,0.8955773353289909,-1.085000000000148,STOP,-1.000000000000148,0.085,legacy_fixed_r_v1,2023-07-04 14:10:00+00:00,2023-07-04 14:15:00+00:00,2023-07-04 14:35:00+00:00,5
134683,134687,0.89747,0.8962204904893935,3.8595713633158306,STOP,3.9445713633158306,0.085,legacy_fixed_r_v1,2023-07-04 21:00:00+00:00,2023-07-04 21:05:00+00:00,2023-07-04 21:20:00+00:00,4
134713,134721,0.89688,0.8966367925805575,0.9844003146382361,STOP,1.069400314638236,0.085,legacy_fixed_r_v1,2023-07-04 23:30:00+00:00,2023-07-04 23:35:00+00:00,2023-07-05 00:10:00+00:00,8
134851,134855,0.89833,0.8988331975396396,-1.0849999999999471,STOP,-0.999999999999947,0.085,legacy_fixed_r_v1,2023-07-05 11:00:00+00:00,2023-07-05 11:05:00+00:00,2023-07-05 11:20:00+00:00,4
134869,134872,0.8981,0.8974464553329443,1.1543227202316846,STOP,1.2393227202316845,0.085,legacy_fixed_r_v1,2023-07-05 12:30:00+00:00,2023-07-05 12:35:00+00:00,2023-07-05 12:45:00+00:00,3
134925,134938,0.89807,0.8984938428972965,-1.0849999999999966,STOP,-0.9999999999999966,0.085,legacy_fixed_r_v1,2023-07-05 17:10:00+00:00,2023-07-05 17:15:00+00:00,2023-07-05 18:15:00+00:00,13
134971,134973,0.89908,0.8978932700392984,4.652356067857663,STOP,4.737356067857663,0.085,legacy_fixed_r_v1,2023-07-05 21:00:00+00:00,2023-07-05 21:05:00+00:00,2023-07-05 21:10:00+00:00,2
135010,135017,0.89843,0.898684200265806,-1.0850000000001776,STOP,-1.0000000000001776,0.085,legacy_fixed_r_v1,2023-07-06 00:15:00+00:00,2023-07-06 00:20:00+00:00,2023-07-06 00:50:00+00:00,7
135130,135142,0.89698,0.895491009461563,2.614046227664179,STOP,2.699046227664179,0.085,legacy_fixed_r_v1,2023-07-06 10:15:00+00:00,2023-07-06 10:20:00+00:00,2023-07-06 11:15:00+00:00,12
135199,135255,0.89627,0.8953993863239905,0.8351917637764369,STOP,0.9201917637764369,0.085,legacy_fixed_r_v1,2023-07-06 16:00:00+00:00,2023-07-06 16:05:00+00:00,2023-07-06 20:40:00+00:00,56
135283,135285,0.89525,0.8951162651521606,0.4775612781184257,STOP,0.5625612781184257,0.085,legacy_fixed_r_v1,2023-07-06 23:00:00+00:00,2023-07-06 23:05:00+00:00,2023-07-06 23:10:00+00:00,2
135328,135335,0.89614,0.8957854376012322,1.5144500723819496,STOP,1.5994500723819496,0.085,legacy_fixed_r_v1,2023-07-07 02:45:00+00:00,2023-07-07 02:50:00+00:00,2023-07-07 03:20:00+00:00,7
135404,135408,0.89548,0.8959830273857875,-1.0850000000000521,STOP,-1.0000000000000522,0.085,legacy_fixed_r_v1,2023-07-07 09:05:00+00:00,2023-07-07 09:10:00+00:00,2023-07-07 09:25:00+00:00,4
135486,135499,0.88889,0.888218614755915,0.7407104772603588,STOP,0.8257104772603587,0.085,legacy_fixed_r_v1,2023-07-07 15:55:00+00:00,2023-07-07 16:00:00+00:00,2023-07-07 17:00:00+00:00,13
135509,135514,0.88782,0.888318522285244,-1.0850000000000595,STOP,-1.0000000000000595,0.085,legacy_fixed_r_v1,2023-07-07 17:50:00+00:00,2023-07-07 17:55:00+00:00,2023-07-07 18:15:00+00:00,5
135546,135548,0.88979,0.8874880108191119,7.084067462656041,STOP,7.169067462656041,0.085,legacy_fixed_r_v1,2023-07-07 20:55:00+00:00,2023-07-09 21:10:00+00:00,2023-07-09 21:15:00+00:00,2
135694,135697,0.88877,0.8892380398309332,-1.0850000000000974,STOP,-1.0000000000000975,0.085,legacy_fixed_r_v1,2023-07-10 09:25:00+00:00,2023-07-10 09:30:00+00:00,2023-07-10 09:40:00+00:00,3
135782,135810,0.88646,0.8855130726161543,1.8462056390398787,STOP,1.9312056390398786,0.085,legacy_fixed_r_v1,2023-07-10 16:45:00+00:00,2023-07-10 16:50:00+00:00,2023-07-10 19:05:00+00:00,28
135872,135876,0.88491,0.8851244159222782,-1.0850000000000353,STOP,-1.0000000000000353,0.085,legacy_fixed_r_v1,2023-07-11 00:15:00+00:00,2023-07-11 00:20:00+00:00,2023-07-11 00:35:00+00:00,4
135901,135905,0.88462,0.8842576387668774,1.3697380000203532,STOP,1.4547380000203531,0.085,legacy_fixed_r_v1,2023-07-11 02:40:00+00:00,2023-07-11 02:45:00+00:00,2023-07-11 03:00:00+00:00,4
135990,136016,0.88176,0.8823136151208218,-1.0850000000000855,STOP,-1.0000000000000855,0.085,legacy_fixed_r_v1,2023-07-11 10:05:00+00:00,2023-07-11 10:10:00+00:00,2023-07-11 12:15:00+00:00,26
136055,136065,0.88112,0.8805252167286383,0.9890542597253797,STOP,1.0740542597253797,0.085,legacy_fixed_r_v1,2023-07-11 15:30:00+00:00,2023-07-11 15:35:00+00:00,2023-07-11 16:20:00+00:00,10
136207,136217,0.87802,0.8776235495334682,1.1214184998336074,STOP,1.2064184998336074,0.085,legacy_fixed_r_v1,2023-07-12 04:10:00+00:00,2023-07-12 04:15:00+00:00,2023-07-12 05:00:00+00:00,10
136376,136381,0.86756,0.8672332804823553,0.5947649125436576,STOP,0.6797649125436576,0.085,legacy_fixed_r_v1,2023-07-12 18:15:00+00:00,2023-07-12 18:20:00+00:00,2023-07-12 18:40:00+00:00,5
136401,136408,0.86719,0.8675258537754769,-1.0849999999999833,STOP,-0.9999999999999832,0.085,legacy_fixed_r_v1,2023-07-12 20:20:00+00:00,2023-07-12 20:25:00+00:00,2023-07-12 20:55:00+00:00,7
136440,136450,0.86684,0.8662387366863389,2.115945335677822,STOP,2.200945335677822,0.085,legacy_fixed_r_v1,2023-07-12 23:35:00+00:00,2023-07-12 23:40:00+00:00,2023-07-13 00:25:00+00:00,10
136499,136502,0.86544,0.8652862986479753,0.6056719173803646,STOP,0.6906719173803646,0.085,legacy_fixed_r_v1,2023-07-13 04:30:00+00:00,2023-07-13 04:35:00+00:00,2023-07-13 04:45:00+00:00,3
136577,136593,0.86274,0.8623246922019085,0.6804372723781096,STOP,0.7654372723781095,0.085,legacy_fixed_r_v1,2023-07-13 11:00:00+00:00,2023-07-13 11:05:00+00:00,2023-07-13 12:20:00+00:00,16
136697,136700,0.85971,0.8586811417729053,3.475091837054268,STOP,3.560091837054268,0.085,legacy_fixed_r_v1,2023-07-13 21:00:00+00:00,2023-07-13 21:05:00+00:00,2023-07-13 21:15:00+00:00,3
136774,136785,0.85725,0.8575920467074933,-1.0849999999999584,STOP,-0.9999999999999585,0.085,legacy_fixed_r_v1,2023-07-14 03:25:00+00:00,2023-07-14 03:30:00+00:00,2023-07-14 04:20:00+00:00,11
136982,136984,0.86219,0.8619158671599503,1.1378496696891947,STOP,1.2228496696891946,0.085,legacy_fixed_r_v1,2023-07-14 20:45:00+00:00,2023-07-14 20:50:00+00:00,2023-07-14 20:55:00+00:00,2
137025,137035,0.86181,0.8616465247629547,0.48386117543360235,STOP,0.5688611754336024,0.085,legacy_fixed_r_v1,2023-07-17 00:35:00+00:00,2023-07-17 00:40:00+00:00,2023-07-17 01:25:00+00:00,10
137230,137233,0.86017,0.8605522976270005,-1.0850000000000743,STOP,-1.0000000000000744,0.085,legacy_fixed_r_v1,2023-07-17 17:40:00+00:00,2023-07-17 17:45:00+00:00,2023-07-17 17:55:00+00:00,3
137242,137258,0.85985,0.8601664958606384,-1.0850000000000404,STOP,-1.0000000000000404,0.085,legacy_fixed_r_v1,2023-07-17 18:40:00+00:00,2023-07-17 18:45:00+00:00,2023-07-17 20:00:00+00:00,16
137271,137276,0.86157,0.8597840690746896,4.6063338510209295,STOP,4.6913338510209295,0.085,legacy_fixed_r_v1,2023-07-17 21:05:00+00:00,2023-07-17 21:10:00+00:00,2023-07-17 21:30:00+00:00,5
137312,137316,0.86011,0.8599476764075226,0.6174280834111013,STOP,0.7024280834111013,0.085,legacy_fixed_r_v1,2023-07-18 00:30:00+00:00,2023-07-18 00:35:00+00:00,2023-07-18 00:50:00+00:00,4
137368,137374,0.85827,0.8581343232352605,0.47750353053327105,STOP,0.5625035305332711,0.085,legacy_fixed_r_v1,2023-07-18 05:10:00+00:00,2023-07-18 05:15:00+00:00,2023-07-18 05:40:00+00:00,6
137487,137497,0.85722,0.8584164392283629,-1.0849999999999789,STOP,-0.9999999999999788,0.085,legacy_fixed_r_v1,2023-07-18 15:05:00+00:00,2023-07-18 15:10:00+00:00,2023-07-18 15:55:00+00:00,10
137554,137560,0.85766,0.8571017527535442,1.8893294876701494,STOP,1.9743294876701494,0.085,legacy_fixed_r_v1,2023-07-18 20:40:00+00:00,2023-07-18 20:45:00+00:00,2023-07-18 21:10:00+00:00,6
137598,137611,0.85748,0.8577429707245732,-1.0850000000001678,STOP,-1.0000000000001679,0.085,legacy_fixed_r_v1,2023-07-19 00:20:00+00:00,2023-07-19 00:25:00+00:00,2023-07-19 01:25:00+00:00,13
137658,137662,0.85794,0.857566863870727,1.3858033455887928,STOP,1.4708033455887928,0.085,legacy_fixed_r_v1,2023-07-19 05:20:00+00:00,2023-07-19 05:25:00+00:00,2023-07-19 05:40:00+00:00,4
137705,137711,0.8583,0.8576530180994653,0.8588910161200084,STOP,0.9438910161200084,0.085,legacy_fixed_r_v1,2023-07-19 09:15:00+00:00,2023-07-19 09:20:00+00:00,2023-07-19 09:45:00+00:00,6
137735,137753,0.85829,0.8576387448236328,1.0649503901865545,STOP,1.1499503901865544,0.085,legacy_fixed_r_v1,2023-07-19 11:45:00+00:00,2023-07-19 11:50:00+00:00,2023-07-19 13:15:00+00:00,18
137795,137798,0.85919,0.8598173242187438,-1.0850000000000326,STOP,-1.0000000000000326,0.085,legacy_fixed_r_v1,2023-07-19 16:45:00+00:00,2023-07-19 16:50:00+00:00,2023-07-19 17:00:00+00:00,3
137809,137823,0.85921,0.8587080384711959,0.9320086612690797,STOP,1.0170086612690796,0.085,legacy_fixed_r_v1,2023-07-19 17:55:00+00:00,2023-07-19 18:00:00+00:00,2023-07-19 19:05:00+00:00,14
137834,137845,0.85849,0.8588546519392077,-1.0849999999999247,STOP,-0.9999999999999247,0.085,legacy_fixed_r_v1,2023-07-19 20:00:00+00:00,2023-07-19 20:05:00+00:00,2023-07-19 20:55:00+00:00,11
137847,137849,0.86016,0.8579926051145746,5.447387140262739,STOP,5.532387140262739,0.085,legacy_fixed_r_v1,2023-07-19 21:05:00+00:00,2023-07-19 21:10:00+00:00,2023-07-19 21:15:00+00:00,2
137868,137882,0.85835,0.8580886920838422,0.6163648826541194,STOP,0.7013648826541193,0.085,legacy_fixed_r_v1,2023-07-19 22:50:00+00:00,2023-07-19 22:55:00+00:00,2023-07-20 00:00:00+00:00,14
137888,137896,0.85761,0.8573077798837593,1.0111034071302492,STOP,1.0961034071302491,0.085,legacy_fixed_r_v1,2023-07-20 00:30:00+00:00,2023-07-20 00:35:00+00:00,2023-07-20 01:10:00+00:00,8
137922,137943,0.85622,0.8565672681100595,-1.0849999999999673,STOP,-0.9999999999999674,0.085,legacy_fixed_r_v1,2023-07-20 03:20:00+00:00,2023-07-20 03:25:00+00:00,2023-07-20 05:05:00+00:00,21
138094,138120,0.86713,0.8667248690448368,0.5974485690163014,STOP,0.6824485690163014,0.085,legacy_fixed_r_v1,2023-07-20 17:40:00+00:00,2023-07-20 17:45:00+00:00,2023-07-20 19:50:00+00:00,26
138166,138170,0.86618,0.8664286033917419,-1.08499999999998,STOP,-0.9999999999999799,0.085,legacy_fixed_r_v1,2023-07-20 23:40:00+00:00,2023-07-20 23:45:00+00:00,2023-07-21 00:00:00+00:00,4
138231,138233,0.86617,0.8663739160625354,-1.0850000000000046,STOP,-1.0000000000000047,0.085,legacy_fixed_r_v1,2023-07-21 05:05:00+00:00,2023-07-21 05:10:00+00:00,2023-07-21 05:15:00+00:00,2
138351,138362,0.86529,0.8660285959645683,-1.084999999999939,STOP,-0.9999999999999389,0.085,legacy_fixed_r_v1,2023-07-21 15:05:00+00:00,2023-07-21 15:10:00+00:00,2023-07-21 16:00:00+00:00,11
138386,138391,0.86554,0.8659162578942371,-1.0849999999999569,STOP,-0.9999999999999568,0.085,legacy_fixed_r_v1,2023-07-21 18:00:00+00:00,2023-07-21 18:05:00+00:00,2023-07-21 18:25:00+00:00,5
138410,138422,0.86594,0.8655921319123838,1.2399794194679912,STOP,1.3249794194679911,0.085,legacy_fixed_r_v1,2023-07-21 20:00:00+00:00,2023-07-21 20:05:00+00:00,2023-07-23 21:05:00+00:00,12
138519,138522,0.86606,0.8663292845412627,-1.0849999999999094,STOP,-0.9999999999999094,0.085,legacy_fixed_r_v1,2023-07-24 05:10:00+00:00,2023-07-24 05:15:00+00:00,2023-07-24 05:25:00+00:00,3
138568,138573,0.86676,0.8660195311373213,0.8826359279938009,STOP,0.9676359279938008,0.085,legacy_fixed_r_v1,2023-07-24 09:15:00+00:00,2023-07-24 09:20:00+00:00,2023-07-24 09:40:00+00:00,5
138592,138598,0.86451,0.8640397161715583,0.7038070667285715,STOP,0.7888070667285715,0.085,legacy_fixed_r_v1,2023-07-24 11:15:00+00:00,2023-07-24 11:20:00+00:00,2023-07-24 11:45:00+00:00,6
138745,138753,0.86977,0.8693177226369223,1.7552848739707714,STOP,1.8402848739707713,0.085,legacy_fixed_r_v1,2023-07-25 00:00:00+00:00,2023-07-25 00:05:00+00:00,2023-07-25 00:40:00+00:00,8
138876,138877,0.86902,0.8694459745975051,-1.0850000000000581,STOP,-1.0000000000000582,0.085,legacy_fixed_r_v1,2023-07-25 10:55:00+00:00,2023-07-25 11:00:00+00:00,2023-07-25 11:00:00+00:00,1
138985,138998,0.86428,0.8630395651138641,3.650528516863658,STOP,3.735528516863658,0.085,legacy_fixed_r_v1,2023-07-25 20:00:00+00:00,2023-07-25 20:05:00+00:00,2023-07-25 21:10:00+00:00,13
139214,139233,0.86263,0.863326887849366,-1.0850000000000215,STOP,-1.0000000000000215,0.085,legacy_fixed_r_v1,2023-07-26 15:10:00+00:00,2023-07-26 15:15:00+00:00,2023-07-26 16:45:00+00:00,19
139248,139252,0.86314,0.863668067608734,-1.0850000000000042,STOP,-1.0000000000000042,0.085,legacy_fixed_r_v1,2023-07-26 18:00:00+00:00,2023-07-26 18:05:00+00:00,2023-07-26 18:20:00+00:00,4
139372,139379,0.859,0.8593435322849114,-1.0849999999999613,STOP,-0.9999999999999614,0.085,legacy_fixed_r_v1,2023-07-27 04:20:00+00:00,2023-07-27 04:25:00+00:00,2023-07-27 04:55:00+00:00,7
139516,139527,0.86809,0.8667274569424597,1.501865550274535,STOP,1.586865550274535,0.085,legacy_fixed_r_v1,2023-07-27 16:20:00+00:00,2023-07-27 16:25:00+00:00,2023-07-27 17:15:00+00:00,11
139569,139577,0.86935,0.8681012481266001,3.584849991923326,STOP,3.669849991923326,0.085,legacy_fixed_r_v1,2023-07-27 20:45:00+00:00,2023-07-27 20:50:00+00:00,2023-07-27 21:25:00+00:00,8
139710,139726,0.87116,0.8702782646092,0.7574530709992647,STOP,0.8424530709992647,0.085,legacy_fixed_r_v1,2023-07-28 08:30:00+00:00,2023-07-28 08:35:00+00:00,2023-07-28 09:50:00+00:00,16
139737,139746,0.86976,0.8674342226565313,2.9941699726445767,STOP,3.0791699726445767,0.085,legacy_fixed_r_v1,2023-07-28 10:45:00+00:00,2023-07-28 10:50:00+00:00,2023-07-28 11:30:00+00:00,9
139828,139848,0.86902,0.8695599256887592,-1.0850000000000473,STOP,-1.0000000000000473,0.085,legacy_fixed_r_v1,2023-07-28 18:20:00+00:00,2023-07-28 18:25:00+00:00,2023-07-28 20:00:00+00:00,20
139860,139862,0.87013,0.8691038878963396,1.7413569322439932,STOP,1.8263569322439932,0.085,legacy_fixed_r_v1,2023-07-30 21:05:00+00:00,2023-07-30 21:10:00+00:00,2023-07-30 21:15:00+00:00,2
139964,139967,0.87157,0.8713596353954319,0.7071117320134087,STOP,0.7921117320134087,0.085,legacy_fixed_r_v1,2023-07-31 05:45:00+00:00,2023-07-31 05:50:00+00:00,2023-07-31 06:00:00+00:00,3
140004,140012,0.87023,0.8698279698325557,0.5709613287317408,STOP,0.6559613287317407,0.085,legacy_fixed_r_v1,2023-07-31 09:05:00+00:00,2023-07-31 09:10:00+00:00,2023-07-31 09:45:00+00:00,8
140025,140027,0.86975,0.8701963704923151,-1.0850000000000577,STOP,-1.0000000000000577,0.085,legacy_fixed_r_v1,2023-07-31 10:50:00+00:00,2023-07-31 10:55:00+00:00,2023-07-31 11:00:00+00:00,2
140320,140327,0.87512,0.8755427976062439,-1.0849999999999451,STOP,-0.9999999999999452,0.085,legacy_fixed_r_v1,2023-08-01 11:25:00+00:00,2023-08-01 11:30:00+00:00,2023-08-01 12:00:00+00:00,7
140378,140394,0.8758,0.8764581306106044,-1.0850000000000832,STOP,-1.0000000000000833,0.085,legacy_fixed_r_v1,2023-08-01 16:15:00+00:00,2023-08-01 16:20:00+00:00,2023-08-01 17:35:00+00:00,16
140463,140472,0.87259,0.8733554196500893,-1.085000000000004,STOP,-1.000000000000004,0.085,legacy_fixed_r_v1,2023-08-01 23:20:00+00:00,2023-08-01 23:25:00+00:00,2023-08-02 00:05:00+00:00,9
140490,140493,0.87272,0.8732155937234195,-1.0850000000000155,STOP,-1.0000000000000155,0.085,legacy_fixed_r_v1,2023-08-02 01:35:00+00:00,2023-08-02 01:40:00+00:00,2023-08-02 01:50:00+00:00,3
140531,140535,0.87486,0.8742838797788416,1.2943125468122114,STOP,1.3793125468122114,0.085,legacy_fixed_r_v1,2023-08-02 05:00:00+00:00,2023-08-02 05:05:00+00:00,2023-08-02 05:20:00+00:00,4
140722,140725,0.87778,0.8764057884007221,5.397694804868825,STOP,5.482694804868825,0.085,legacy_fixed_r_v1,2023-08-02 20:55:00+00:00,2023-08-02 21:00:00+00:00,2023-08-02 21:10:00+00:00,3
140749,140759,0.87719,0.8774270810976871,-1.0850000000001252,STOP,-1.0000000000001252,0.085,legacy_fixed_r_v1,2023-08-02 23:10:00+00:00,2023-08-02 23:15:00+00:00,2023-08-03 00:00:00+00:00,10
140890,140892,0.87569,0.8763167353991475,-1.0850000000000701,STOP,-1.0000000000000702,0.085,legacy_fixed_r_v1,2023-08-03 10:55:00+00:00,2023-08-03 11:00:00+00:00,2023-08-03 11:05:00+00:00,2
141110,141118,0.87438,0.873944277171315,1.5180077720820981,STOP,1.603007772082098,0.085,legacy_fixed_r_v1,2023-08-04 05:15:00+00:00,2023-08-04 05:20:00+00:00,2023-08-04 05:55:00+00:00,8
141172,141193,0.87736,0.8770269178272375,0.6308266909317606,STOP,0.7158266909317605,0.085,legacy_fixed_r_v1,2023-08-04 10:25:00+00:00,2023-08-04 10:30:00+00:00,2023-08-04 12:10:00+00:00,21
141289,141299,0.87297,0.8723999563459844,1.5329819852102304,STOP,1.6179819852102304,0.085,legacy_fixed_r_v1,2023-08-04 20:10:00+00:00,2023-08-04 20:15:00+00:00,2023-08-06 21:05:00+00:00,10
141391,141398,0.87453,0.8747648420373643,-1.0849999999998279,STOP,-0.9999999999998279,0.085,legacy_fixed_r_v1,2023-08-07 04:45:00+00:00,2023-08-07 04:50:00+00:00,2023-08-07 05:20:00+00:00,7
141469,141478,0.87666,0.8762317044441774,0.9141592079367293,STOP,0.9991592079367293,0.085,legacy_fixed_r_v1,2023-08-07 11:15:00+00:00,2023-08-07 11:20:00+00:00,2023-08-07 12:00:00+00:00,9
141545,141553,0.87372,0.8734488658757921,0.6411065296954466,STOP,0.7261065296954465,0.085,legacy_fixed_r_v1,2023-08-07 17:35:00+00:00,2023-08-07 17:40:00+00:00,2023-08-07 18:15:00+00:00,8
141585,141587,0.87322,0.872295835398486,3.530024307983469,STOP,3.615024307983469,0.085,legacy_fixed_r_v1,2023-08-07 20:55:00+00:00,2023-08-07 21:00:00+00:00,2023-08-07 21:05:00+00:00,2
141817,141840,0.87548,0.8760722645586443,-1.0849999999999802,STOP,-0.9999999999999802,0.085,legacy_fixed_r_v1,2023-08-08 16:15:00+00:00,2023-08-08 16:20:00+00:00,2023-08-08 18:10:00+00:00,23
141849,141878,0.87564,0.875055932100645,1.4335710649940863,STOP,1.5185710649940862,0.085,legacy_fixed_r_v1,2023-08-08 18:55:00+00:00,2023-08-08 19:00:00+00:00,2023-08-08 21:20:00+00:00,29
141906,141918,0.87578,0.8749162055065145,2.912572076878272,STOP,2.997572076878272,0.085,legacy_fixed_r_v1,2023-08-08 23:40:00+00:00,2023-08-08 23:45:00+00:00,2023-08-09 00:40:00+00:00,12
141944,141947,0.87474,0.8745826133113699,0.41119698044674724,STOP,0.49619698044674726,0.085,legacy_fixed_r_v1,2023-08-09 02:50:00+00:00,2023-08-09 02:55:00+00:00,2023-08-09 03:05:00+00:00,3
141970,141972,0.87435,0.8739782636366522,1.2550058441766614,STOP,1.3400058441766614,0.085,legacy_fixed_r_v1,2023-08-09 05:00:00+00:00,2023-08-09 05:05:00+00:00,2023-08-09 05:10:00+00:00,2
142078,142082,0.87523,0.8759099753897763,-1.0849999999999673,STOP,-0.9999999999999674,0.085,legacy_fixed_r_v1,2023-08-09 14:00:00+00:00,2023-08-09 14:05:00+00:00,2023-08-09 14:20:00+00:00,4
142103,142112,0.87643,0.8770664309619256,-1.0849999999999471,STOP,-0.9999999999999472,0.085,legacy_fixed_r_v1,2023-08-09 16:05:00+00:00,2023-08-09 16:10:00+00:00,2023-08-09 16:50:00+00:00,9
142116,142119,0.87601,0.8765311257245784,-1.0850000000000328,STOP,-1.0000000000000329,0.085,legacy_fixed_r_v1,2023-08-09 17:10:00+00:00,2023-08-09 17:15:00+00:00,2023-08-09 17:25:00+00:00,3
142144,142210,0.87707,0.8774222815731656,-1.0849999999999027,STOP,-0.9999999999999026,0.085,legacy_fixed_r_v1,2023-08-09 19:30:00+00:00,2023-08-09 19:35:00+00:00,2023-08-10 01:10:00+00:00,66
142226,142230,0.87658,0.8768476822604901,-1.0849999999998972,STOP,-0.9999999999998971,0.085,legacy_fixed_r_v1,2023-08-10 02:30:00+00:00,2023-08-10 02:35:00+00:00,2023-08-10 02:50:00+00:00,4
142244,142249,0.87669,0.8763999944083031,1.258625924936105,STOP,1.3436259249361049,0.085,legacy_fixed_r_v1,2023-08-10 04:00:00+00:00,2023-08-10 04:05:00+00:00,2023-08-10 04:25:00+00:00,5
142322,142341,0.87322,0.8729288413779251,0.5801991694655073,STOP,0.6651991694655073,0.085,legacy_fixed_r_v1,2023-08-10 10:30:00+00:00,2023-08-10 10:35:00+00:00,2023-08-10 12:05:00+00:00,19
142447,142449,0.87711,0.8752113661695419,6.900698890549159,STOP,6.985698890549159,0.085,legacy_fixed_r_v1,2023-08-10 20:55:00+00:00,2023-08-10 21:00:00+00:00,2023-08-10 21:05:00+00:00,2
142491,142498,0.87667,0.876328859905747,1.3111727625106246,STOP,1.3961727625106246,0.085,legacy_fixed_r_v1,2023-08-11 00:35:00+00:00,2023-08-11 00:40:00+00:00,2023-08-11 01:10:00+00:00,7
142608,142615,0.87633,0.875819722086987,0.9983743807254055,STOP,1.0833743807254055,0.085,legacy_fixed_r_v1,2023-08-11 10:20:00+00:00,2023-08-11 10:25:00+00:00,2023-08-11 10:55:00+00:00,7
142623,142625,0.87542,0.8749572576473768,1.0201651550438637,STOP,1.1051651550438637,0.085,legacy_fixed_r_v1,2023-08-11 11:35:00+00:00,2023-08-11 11:40:00+00:00,2023-08-11 11:45:00+00:00,2
142705,142716,0.87633,0.8767639965117391,-1.0850000000000573,STOP,-1.0000000000000573,0.085,legacy_fixed_r_v1,2023-08-11 18:25:00+00:00,2023-08-11 18:30:00+00:00,2023-08-11 19:20:00+00:00,11
142732,142733,0.8762,0.8765541092773612,-1.0850000000000377,STOP,-1.0000000000000377,0.085,legacy_fixed_r_v1,2023-08-11 20:40:00+00:00,2023-08-11 20:45:00+00:00,2023-08-11 20:45:00+00:00,1
142767,142775,0.87671,0.8770210174786116,-1.085000000000135,STOP,-1.000000000000135,0.085,legacy_fixed_r_v1,2023-08-13 23:35:00+00:00,2023-08-13 23:40:00+00:00,2023-08-14 00:15:00+00:00,8
142838,142842,0.87713,0.8769259491547153,0.6474213632518421,STOP,0.732421363251842,0.085,legacy_fixed_r_v1,2023-08-14 05:30:00+00:00,2023-08-14 05:35:00+00:00,2023-08-14 05:50:00+00:00,4
142901,142906,0.87653,0.8770843873901663,-1.0849999999999258,STOP,-0.9999999999999258,0.085,legacy_fixed_r_v1,2023-08-14 10:45:00+00:00,2023-08-14 10:50:00+00:00,2023-08-14 11:10:00+00:00,5
142959,142967,0.87765,0.8771456288827502,0.48965785398776457,STOP,0.5746578539877646,0.085,legacy_fixed_r_v1,2023-08-14 15:35:00+00:00,2023-08-14 15:40:00+00:00,2023-08-14 16:15:00+00:00,8
143008,143011,0.87806,0.8784491582471635,-1.0849999999999003,STOP,-0.9999999999999003,0.085,legacy_fixed_r_v1,2023-08-14 19:40:00+00:00,2023-08-14 19:45:00+00:00,2023-08-14 19:55:00+00:00,3
143026,143030,0.87937,0.8780126305425621,3.982481306403134,STOP,4.067481306403134,0.085,legacy_fixed_r_v1,2023-08-14 21:10:00+00:00,2023-08-14 21:15:00+00:00,2023-08-14 21:30:00+00:00,4
143235,143243,0.87602,0.8770803787314785,-1.0849999999999582,STOP,-0.9999999999999583,0.085,legacy_fixed_r_v1,2023-08-15 14:35:00+00:00,2023-08-15 14:40:00+00:00,2023-08-15 15:15:00+00:00,8
143312,143315,0.87868,0.8781361592152945,1.554494398672393,STOP,1.6394943986723929,0.085,legacy_fixed_r_v1,2023-08-15 21:00:00+00:00,2023-08-15 21:05:00+00:00,2023-08-15 21:15:00+00:00,3
143596,143602,0.88005,0.8797286938395613,0.7325410637931679,STOP,0.8175410637931678,0.085,legacy_fixed_r_v1,2023-08-16 20:40:00+00:00,2023-08-16 20:45:00+00:00,2023-08-16 21:10:00+00:00,6
143693,143702,0.88039,0.88059350729936,-1.0850000000001576,STOP,-1.0000000000001577,0.085,legacy_fixed_r_v1,2023-08-17 04:45:00+00:00,2023-08-17 04:50:00+00:00,2023-08-17 05:30:00+00:00,9
143739,143745,0.8793,0.879768965244666,-1.085000000000074,STOP,-1.000000000000074,0.085,legacy_fixed_r_v1,2023-08-17 08:35:00+00:00,2023-08-17 08:40:00+00:00,2023-08-17 09:05:00+00:00,6
143833,143836,0.87864,0.879316856763083,-1.0849999999999658,STOP,-0.9999999999999657,0.085,legacy_fixed_r_v1,2023-08-17 16:25:00+00:00,2023-08-17 16:30:00+00:00,2023-08-17 16:40:00+00:00,3
143864,143879,0.8795,0.8783990982820317,2.377042839778662,STOP,2.462042839778662,0.085,legacy_fixed_r_v1,2023-08-17 19:00:00+00:00,2023-08-17 19:05:00+00:00,2023-08-17 20:15:00+00:00,15
143888,143892,0.87854,0.8780017915871603,1.5548524759727607,STOP,1.6398524759727606,0.085,legacy_fixed_r_v1,2023-08-17 21:00:00+00:00,2023-08-17 21:05:00+00:00,2023-08-17 21:20:00+00:00,4
144044,144052,0.87993,0.8804287530481119,-1.0850000000000106,STOP,-1.0000000000000107,0.085,legacy_fixed_r_v1,2023-08-18 10:00:00+00:00,2023-08-18 10:05:00+00:00,2023-08-18 10:40:00+00:00,8
144128,144142,0.88146,0.88193695821246,-1.0850000000000908,STOP,-1.0000000000000908,0.085,legacy_fixed_r_v1,2023-08-18 17:00:00+00:00,2023-08-18 17:05:00+00:00,2023-08-18 18:10:00+00:00,14
144175,144179,0.88278,0.8817424010998302,2.606174100562309,STOP,2.691174100562309,0.085,legacy_fixed_r_v1,2023-08-18 20:55:00+00:00,2023-08-20 21:00:00+00:00,2023-08-20 21:15:00+00:00,4
144212,144215,0.88199,0.88168099405263,0.958984190929322,STOP,1.043984190929322,0.085,legacy_fixed_r_v1,2023-08-21 00:00:00+00:00,2023-08-21 00:05:00+00:00,2023-08-21 00:15:00+00:00,3
144323,144336,0.87941,0.879995004997637,-1.084999999999945,STOP,-0.9999999999999449,0.085,legacy_fixed_r_v1,2023-08-21 09:15:00+00:00,2023-08-21 09:20:00+00:00,2023-08-21 10:20:00+00:00,13
144348,144362,0.87935,0.8798864832838305,-1.0850000000000881,STOP,-1.0000000000000882,0.085,legacy_fixed_r_v1,2023-08-21 11:20:00+00:00,2023-08-21 11:25:00+00:00,2023-08-21 12:30:00+00:00,14
144393,144416,0.88019,0.8787481476326017,2.174129338756035,STOP,2.259129338756035,0.085,legacy_fixed_r_v1,2023-08-21 15:05:00+00:00,2023-08-21 15:10:00+00:00,2023-08-21 17:00:00+00:00,23
144464,144467,0.87867,0.8782170394737602,1.6612345857750699,STOP,1.7462345857750698,0.085,legacy_fixed_r_v1,2023-08-21 21:00:00+00:00,2023-08-21 21:05:00+00:00,2023-08-21 21:15:00+00:00,3
144492,144498,0.87844,0.878254603517787,0.9168952269848019,STOP,1.0018952269848018,0.085,legacy_fixed_r_v1,2023-08-21 23:20:00+00:00,2023-08-21 23:25:00+00:00,2023-08-21 23:50:00+00:00,6
144617,144622,0.87717,0.8767811466697932,0.606051325546943,STOP,0.6910513255469429,0.085,legacy_fixed_r_v1,2023-08-22 09:45:00+00:00,2023-08-22 09:50:00+00:00,2023-08-22 10:10:00+00:00,5
144752,144755,0.88065,0.8798326504649514,3.6129208925673892,STOP,3.697920892567389,0.085,legacy_fixed_r_v1,2023-08-22 21:00:00+00:00,2023-08-22 21:05:00+00:00,2023-08-22 21:15:00+00:00,3
144789,144796,0.88002,0.8802161971496438,-1.0850000000001039,STOP,-1.000000000000104,0.085,legacy_fixed_r_v1,2023-08-23 00:05:00+00:00,2023-08-23 00:10:00+00:00,2023-08-23 00:40:00+00:00,7
144847,144861,0.87966,0.8799268036107046,-1.084999999999812,STOP,-0.9999999999998118,0.085,legacy_fixed_r_v1,2023-08-23 04:55:00+00:00,2023-08-23 05:00:00+00:00,2023-08-23 06:05:00+00:00,14
144926,144933,0.88071,0.8812610091117571,-1.084999999999949,STOP,-0.9999999999999488,0.085,legacy_fixed_r_v1,2023-08-23 11:30:00+00:00,2023-08-23 11:35:00+00:00,2023-08-23 12:05:00+00:00,7
144975,145047,0.87823,0.87765,0.5847807116425843,TIME,0.6697807116425842,0.085,legacy_fixed_r_v1,2023-08-23 15:35:00+00:00,2023-08-23 15:40:00+00:00,2023-08-23 21:35:00+00:00,72
145070,145081,0.87757,0.8769476661598335,2.11849306878902,STOP,2.20349306878902,0.085,legacy_fixed_r_v1,2023-08-23 23:30:00+00:00,2023-08-23 23:35:00+00:00,2023-08-24 00:25:00+00:00,11
145328,145334,0.88481,0.8843535511455282,1.4222408828595299,STOP,1.5072408828595298,0.085,legacy_fixed_r_v1,2023-08-24 21:00:00+00:00,2023-08-24 21:05:00+00:00,2023-08-24 21:30:00+00:00,6
145495,145498,0.88545,0.8851988040657662,0.4457098304102564,STOP,0.5307098304102564,0.085,legacy_fixed_r_v1,2023-08-25 10:55:00+00:00,2023-08-25 11:00:00+00:00,2023-08-25 11:10:00+00:00,3
145549,145588,0.88543,0.8838608110589817,1.1168641336251088,STOP,1.2018641336251088,0.085,legacy_fixed_r_v1,2023-08-25 15:25:00+00:00,2023-08-25 15:30:00+00:00,2023-08-25 18:40:00+00:00,39
145615,145618,0.88649,0.8836206499889667,7.841796428401944,STOP,7.926796428401944,0.085,legacy_fixed_r_v1,2023-08-25 20:55:00+00:00,2023-08-27 21:05:00+00:00,2023-08-27 21:15:00+00:00,3
145651,145669,0.88446,0.883821048929008,1.3789738287988236,STOP,1.4639738287988235,0.085,legacy_fixed_r_v1,2023-08-28 00:00:00+00:00,2023-08-28 00:05:00+00:00,2023-08-28 01:30:00+00:00,18
145681,145703,0.88348,0.8831932976737319,0.7125974453845514,STOP,0.7975974453845514,0.085,legacy_fixed_r_v1,2023-08-28 02:30:00+00:00,2023-08-28 02:35:00+00:00,2023-08-28 04:20:00+00:00,22
145714,145718,0.88289,0.8827401601973273,0.5384821370626444,STOP,0.6234821370626443,0.085,legacy_fixed_r_v1,2023-08-28 05:15:00+00:00,2023-08-28 05:20:00+00:00,2023-08-28 05:35:00+00:00,4
145773,145779,0.88357,0.8831177065611359,0.7899499425593134,STOP,0.8749499425593134,0.085,legacy_fixed_r_v1,2023-08-28 10:10:00+00:00,2023-08-28 10:15:00+00:00,2023-08-28 10:40:00+00:00,6
145837,145858,0.8837,0.8842965974082939,-1.0850000000000053,STOP,-1.0000000000000053,0.085,legacy_fixed_r_v1,2023-08-28 15:30:00+00:00,2023-08-28 15:35:00+00:00,2023-08-28 17:15:00+00:00,21
145903,145906,0.88401,0.8835967381196798,1.7845289982774521,STOP,1.8695289982774521,0.085,legacy_fixed_r_v1,2023-08-28 21:00:00+00:00,2023-08-28 21:05:00+00:00,2023-08-28 21:15:00+00:00,3
145941,145950,0.88297,0.8832815538224289,-1.0849999999999316,STOP,-0.9999999999999315,0.085,legacy_fixed_r_v1,2023-08-29 00:10:00+00:00,2023-08-29 00:15:00+00:00,2023-08-29 00:55:00+00:00,9
145954,145966,0.88291,0.8832104499519838,-1.0850000000001196,STOP,-1.0000000000001197,0.085,legacy_fixed_r_v1,2023-08-29 01:15:00+00:00,2023-08-29 01:20:00+00:00,2023-08-29 02:15:00+00:00,12
146008,146013,0.88334,0.8835731704588501,-1.0849999999998083,STOP,-0.9999999999998084,0.085,legacy_fixed_r_v1,2023-08-29 05:45:00+00:00,2023-08-29 05:50:00+00:00,2023-08-29 06:10:00+00:00,5
146057,146061,0.88393,0.8844707041760753,-1.084999999999999,STOP,-0.999999999999999,0.085,legacy_fixed_r_v1,2023-08-29 09:50:00+00:00,2023-08-29 09:55:00+00:00,2023-08-29 10:10:00+00:00,4
146081,146082,0.88465,0.8851515236405008,-1.08499999999991,STOP,-0.9999999999999101,0.085,legacy_fixed_r_v1,2023-08-29 11:50:00+00:00,2023-08-29 11:55:00+00:00,2023-08-29 11:55:00+00:00,1
146169,146175,0.87834,0.8777583355945608,1.1150730676242284,STOP,1.2000730676242284,0.085,legacy_fixed_r_v1,2023-08-29 19:10:00+00:00,2023-08-29 19:15:00+00:00,2023-08-29 19:40:00+00:00,6
146213,146219,0.87815,0.8784524316633867,-1.0849999999999038,STOP,-0.9999999999999037,0.085,legacy_fixed_r_v1,2023-08-29 22:50:00+00:00,2023-08-29 22:55:00+00:00,2023-08-29 23:20:00+00:00,6
146237,146246,0.87864,0.8789234702425022,-1.0849999999999431,STOP,-0.999999999999943,0.085,legacy_fixed_r_v1,2023-08-30 00:50:00+00:00,2023-08-30 00:55:00+00:00,2023-08-30 01:35:00+00:00,9
146271,146280,0.8789,0.8791274044783606,-1.0850000000000082,STOP,-1.0000000000000082,0.085,legacy_fixed_r_v1,2023-08-30 03:40:00+00:00,2023-08-30 03:45:00+00:00,2023-08-30 04:25:00+00:00,9
146369,146371,0.879,0.8795022361345268,-1.085000000000009,STOP,-1.000000000000009,0.085,legacy_fixed_r_v1,2023-08-30 11:50:00+00:00,2023-08-30 11:55:00+00:00,2023-08-30 12:00:00+00:00,2
146454,146459,0.8783,0.8786626774188588,-1.0850000000000868,STOP,-1.0000000000000868,0.085,legacy_fixed_r_v1,2023-08-30 18:55:00+00:00,2023-08-30 19:00:00+00:00,2023-08-30 19:20:00+00:00,5
146470,146480,0.87849,0.8780887685773774,1.5253807120793472,STOP,1.6103807120793472,0.085,legacy_fixed_r_v1,2023-08-30 20:15:00+00:00,2023-08-30 20:20:00+00:00,2023-08-30 21:05:00+00:00,10
146640,146651,0.88142,0.8820077691420884,-1.08500000000008,STOP,-1.00000000000008,0.085,legacy_fixed_r_v1,2023-08-31 10:25:00+00:00,2023-08-31 10:30:00+00:00,2023-08-31 11:20:00+00:00,11
146708,146768,0.88316,0.8824302314943703,0.8250730090794014,STOP,0.9100730090794014,0.085,legacy_fixed_r_v1,2023-08-31 16:05:00+00:00,2023-08-31 16:10:00+00:00,2023-08-31 21:05:00+00:00,60
146833,146835,0.88277,0.8831145008874594,-1.085000000000098,STOP,-1.0000000000000981,0.085,legacy_fixed_r_v1,2023-09-01 02:30:00+00:00,2023-09-01 02:35:00+00:00,2023-09-01 02:40:00+00:00,2
146862,146876,0.88327,0.8835530777223468,-1.085000000000094,STOP,-1.000000000000094,0.085,legacy_fixed_r_v1,2023-09-01 04:55:00+00:00,2023-09-01 05:00:00+00:00,2023-09-01 06:05:00+00:00,14
146929,146934,0.88225,0.8826845299841983,-1.0849999999999078,STOP,-0.9999999999999079,0.085,legacy_fixed_r_v1,2023-09-01 10:30:00+00:00,2023-09-01 10:35:00+00:00,2023-09-01 10:55:00+00:00,5
147008,147016,0.88565,0.8853179531115463,0.5334452960665494,STOP,0.6184452960665494,0.085,legacy_fixed_r_v1,2023-09-01 17:05:00+00:00,2023-09-01 17:10:00+00:00,2023-09-01 17:45:00+00:00,8
147047,147057,0.88568,0.8854680978291897,0.7938279117006986,STOP,0.8788279117006985,0.085,legacy_fixed_r_v1,2023-09-01 20:20:00+00:00,2023-09-01 20:25:00+00:00,2023-09-03 21:10:00+00:00,10
147086,147091,0.88555,0.8852892866390655,1.2093487330040116,STOP,1.2943487330040115,0.085,legacy_fixed_r_v1,2023-09-03 23:35:00+00:00,2023-09-03 23:40:00+00:00,2023-09-04 00:00:00+00:00,5
147098,147101,0.88521,0.8850203024110507,0.8300913049700501,STOP,0.9150913049700501,0.085,legacy_fixed_r_v1,2023-09-04 00:35:00+00:00,2023-09-04 00:40:00+00:00,2023-09-04 00:50:00+00:00,3
147230,147240,0.88392,0.8843100278538244,-1.0850000000001154,STOP,-1.0000000000001155,0.085,legacy_fixed_r_v1,2023-09-04 11:35:00+00:00,2023-09-04 11:40:00+00:00,2023-09-04 12:25:00+00:00,10
147271,147292,0.88479,0.8843150098507991,1.1687794988305382,STOP,1.2537794988305382,0.085,legacy_fixed_r_v1,2023-09-04 15:00:00+00:00,2023-09-04 15:05:00+00:00,2023-09-04 16:45:00+00:00,21
147421,147436,0.88525,0.8849903426581305,0.8473642855268182,STOP,0.9323642855268182,0.085,legacy_fixed_r_v1,2023-09-05 03:30:00+00:00,2023-09-05 03:35:00+00:00,2023-09-05 04:45:00+00:00,15
147567,147576,0.88852,0.8891910662734703,-1.085000000000008,STOP,-1.000000000000008,0.085,legacy_fixed_r_v1,2023-09-05 15:40:00+00:00,2023-09-05 15:45:00+00:00,2023-09-05 16:25:00+00:00,9
147734,147736,0.88854,0.8887761570139111,-1.0850000000000177,STOP,-1.0000000000000178,0.085,legacy_fixed_r_v1,2023-09-06 05:35:00+00:00,2023-09-06 05:40:00+00:00,2023-09-06 05:45:00+00:00,2
147788,147808,0.88972,0.8902501534857079,-1.0849999999999287,STOP,-0.9999999999999286,0.085,legacy_fixed_r_v1,2023-09-06 10:05:00+00:00,2023-09-06 10:10:00+00:00,2023-09-06 11:45:00+00:00,20
147863,147868,0.89205,0.8925987167794049,-1.085000000000023,STOP,-1.000000000000023,0.085,legacy_fixed_r_v1,2023-09-06 16:20:00+00:00,2023-09-06 16:25:00+00:00,2023-09-06 16:45:00+00:00,5
147958,147963,0.89127,0.8914714257025321,-1.0850000000002367,STOP,-1.0000000000002367,0.085,legacy_fixed_r_v1,2023-09-07 00:15:00+00:00,2023-09-07 00:20:00+00:00,2023-09-07 00:40:00+00:00,5
148163,148169,0.89231,0.8926605073833288,-1.0850000000000772,STOP,-1.0000000000000773,0.085,legacy_fixed_r_v1,2023-09-07 17:20:00+00:00,2023-09-07 17:25:00+00:00,2023-09-07 17:50:00+00:00,6
148195,148208,0.89253,0.891815832199766,2.191219335290022,STOP,2.276219335290022,0.085,legacy_fixed_r_v1,2023-09-07 20:00:00+00:00,2023-09-07 20:05:00+00:00,2023-09-07 21:05:00+00:00,13
148306,148310,0.89097,0.8908093995516444,0.5611667492217798,STOP,0.6461667492217797,0.085,legacy_fixed_r_v1,2023-09-08 05:15:00+00:00,2023-09-08 05:20:00+00:00,2023-09-08 05:35:00+00:00,4
148394,148397,0.89096,0.8914830708547956,-1.0849999999999613,STOP,-0.9999999999999613,0.085,legacy_fixed_r_v1,2023-09-08 12:35:00+00:00,2023-09-08 12:40:00+00:00,2023-09-08 12:50:00+00:00,3
148450,148461,0.89253,0.8929567502957606,-1.085000000000085,STOP,-1.000000000000085,0.085,legacy_fixed_r_v1,2023-09-08 17:15:00+00:00,2023-09-08 17:20:00+00:00,2023-09-08 18:10:00+00:00,11
148526,148532,0.89201,0.8916985046447808,0.6376218232202832,STOP,0.7226218232202831,0.085,legacy_fixed_r_v1,2023-09-10 23:35:00+00:00,2023-09-10 23:40:00+00:00,2023-09-11 00:05:00+00:00,6
148550,148564,0.89181,0.8913582187240084,1.108649465536152,STOP,1.193649465536152,0.085,legacy_fixed_r_v1,2023-09-11 01:35:00+00:00,2023-09-11 01:40:00+00:00,2023-09-11 02:45:00+00:00,14
148579,148585,0.89118,0.8908743875002666,0.9779133365095658,STOP,1.0629133365095658,0.085,legacy_fixed_r_v1,2023-09-11 04:00:00+00:00,2023-09-11 04:05:00+00:00,2023-09-11 04:30:00+00:00,6
148943,148946,0.89138,0.8917647711953597,-1.0850000000000573,STOP,-1.0000000000000573,0.085,legacy_fixed_r_v1,2023-09-12 10:20:00+00:00,2023-09-12 10:25:00+00:00,2023-09-12 10:35:00+00:00,3
148999,149005,0.89255,0.8920376598258941,0.8902613422555817,STOP,0.9752613422555817,0.085,legacy_fixed_r_v1,2023-09-12 15:00:00+00:00,2023-09-12 15:05:00+00:00,2023-09-12 15:30:00+00:00,6
149064,149066,0.89131,0.891011207043976,1.1604507748368416,STOP,1.2454507748368415,0.085,legacy_fixed_r_v1,2023-09-12 20:25:00+00:00,2023-09-12 20:30:00+00:00,2023-09-12 20:35:00+00:00,2
149107,149109,0.89118,0.8910109022324898,0.44723517208970315,STOP,0.5322351720897032,0.085,legacy_fixed_r_v1,2023-09-13 00:00:00+00:00,2023-09-13 00:05:00+00:00,2023-09-13 00:10:00+00:00,2
149246,149251,0.89268,0.89303667866224,-1.0849999999999205,STOP,-0.9999999999999204,0.085,legacy_fixed_r_v1,2023-09-13 11:35:00+00:00,2023-09-13 11:40:00+00:00,2023-09-13 12:00:00+00:00,5
149289,149332,0.89231,0.8931386728372587,-1.085000000000043,STOP,-1.000000000000043,0.085,legacy_fixed_r_v1,2023-09-13 15:10:00+00:00,2023-09-13 15:15:00+00:00,2023-09-13 18:45:00+00:00,43
149431,149462,0.89235,0.8916006936962706,2.5179447925770484,STOP,2.6029447925770484,0.085,legacy_fixed_r_v1,2023-09-14 03:00:00+00:00,2023-09-14 03:05:00+00:00,2023-09-14 05:35:00+00:00,31
149505,149511,0.89317,0.8935885725130066,-1.0849999999999806,STOP,-0.9999999999999806,0.085,legacy_fixed_r_v1,2023-09-14 09:10:00+00:00,2023-09-14 09:15:00+00:00,2023-09-14 09:40:00+00:00,6
149519,149528,0.893,0.893385641248219,-1.0850000000000757,STOP,-1.0000000000000757,0.085,legacy_fixed_r_v1,2023-09-14 10:20:00+00:00,2023-09-14 10:25:00+00:00,2023-09-14 11:05:00+00:00,9
149618,149646,0.89631,0.8955275845808858,1.8535839767396214,STOP,1.9385839767396214,0.085,legacy_fixed_r_v1,2023-09-14 18:35:00+00:00,2023-09-14 18:40:00+00:00,2023-09-14 20:55:00+00:00,28
149684,149688,0.89569,0.8959730773655531,-1.0850000000001225,STOP,-1.0000000000001226,0.085,legacy_fixed_r_v1,2023-09-15 00:05:00+00:00,2023-09-15 00:10:00+00:00,2023-09-15 00:25:00+00:00,4
149707,149711,0.89539,0.8957447635169866,-1.0850000000000448,STOP,-1.0000000000000449,0.085,legacy_fixed_r_v1,2023-09-15 02:00:00+00:00,2023-09-15 02:05:00+00:00,2023-09-15 02:20:00+00:00,4
149739,149743,0.89538,0.8952351602391562,0.4840182147633541,STOP,0.5690182147633541,0.085,legacy_fixed_r_v1,2023-09-15 04:40:00+00:00,2023-09-15 04:45:00+00:00,2023-09-15 05:00:00+00:00,4
149965,149972,0.89727,0.8968411063818214,1.366556653581071,STOP,1.4515566535810709,0.085,legacy_fixed_r_v1,2023-09-17 23:35:00+00:00,2023-09-17 23:40:00+00:00,2023-09-18 00:10:00+00:00,7
149982,149986,0.89664,0.8969058561231547,-1.085000000000131,STOP,-1.000000000000131,0.085,legacy_fixed_r_v1,2023-09-18 01:00:00+00:00,2023-09-18 01:05:00+00:00,2023-09-18 01:20:00+00:00,4
150001,150018,0.89706,0.897346042489715,-1.0850000000000375,STOP,-1.0000000000000375,0.085,legacy_fixed_r_v1,2023-09-18 02:35:00+00:00,2023-09-18 02:40:00+00:00,2023-09-18 04:00:00+00:00,17
150022,150032,0.89705,0.8968954656532089,0.6436986968939966,STOP,0.7286986968939966,0.085,legacy_fixed_r_v1,2023-09-18 04:20:00+00:00,2023-09-18 04:25:00+00:00,2023-09-18 05:10:00+00:00,10
150083,150092,0.89611,0.8955908016284312,1.0413961933918874,STOP,1.1263961933918873,0.085,legacy_fixed_r_v1,2023-09-18 09:25:00+00:00,2023-09-18 09:30:00+00:00,2023-09-18 10:10:00+00:00,9
150175,150182,0.89648,0.8968863285661207,-1.0849999999999393,STOP,-0.9999999999999394,0.085,legacy_fixed_r_v1,2023-09-18 17:05:00+00:00,2023-09-18 17:10:00+00:00,2023-09-18 17:40:00+00:00,7
150258,150265,0.89702,0.8969010474093487,0.4983703427167157,STOP,0.5833703427167157,0.085,legacy_fixed_r_v1,2023-09-19 00:00:00+00:00,2023-09-19 00:05:00+00:00,2023-09-19 00:35:00+00:00,7
150307,150311,0.89747,0.8973284241667828,0.5379631449670821,STOP,0.622963144967082,0.085,legacy_fixed_r_v1,2023-09-19 04:05:00+00:00,2023-09-19 04:10:00+00:00,2023-09-19 04:25:00+00:00,4
150384,150387,0.89636,0.8960892580278781,0.5293319161626818,STOP,0.6143319161626818,0.085,legacy_fixed_r_v1,2023-09-19 10:30:00+00:00,2023-09-19 10:35:00+00:00,2023-09-19 10:45:00+00:00,3
150466,150477,0.89771,0.8980552422009708,-1.0849999999998778,STOP,-0.9999999999998779,0.085,legacy_fixed_r_v1,2023-09-19 17:20:00+00:00,2023-09-19 17:25:00+00:00,2023-09-19 18:15:00+00:00,11
150509,150511,0.89793,0.8976024209117476,1.6947366691640187,STOP,1.7797366691640186,0.085,legacy_fixed_r_v1,2023-09-19 20:55:00+00:00,2023-09-19 21:00:00+00:00,2023-09-19 21:05:00+00:00,2
150665,150676,0.89691,0.8963528758686321,1.2902024664464542,STOP,1.3752024664464542,0.085,legacy_fixed_r_v1,2023-09-20 09:55:00+00:00,2023-09-20 10:00:00+00:00,2023-09-20 10:50:00+00:00,11
150693,150696,0.89693,0.8967350667626252,0.42937449933661936,STOP,0.5143744993366194,0.085,legacy_fixed_r_v1,2023-09-20 12:15:00+00:00,2023-09-20 12:20:00+00:00,2023-09-20 12:30:00+00:00,3
150729,150733,0.89405,0.894693448512984,-1.0850000000000535,STOP,-1.0000000000000535,0.085,legacy_fixed_r_v1,2023-09-20 15:15:00+00:00,2023-09-20 15:20:00+00:00,2023-09-20 15:35:00+00:00,4
150743,150760,0.89385,0.8944084077884406,-1.0849999999999624,STOP,-0.9999999999999624,0.085,legacy_fixed_r_v1,2023-09-20 16:25:00+00:00,2023-09-20 16:30:00+00:00,2023-09-20 17:50:00+00:00,17
150797,150803,0.89878,0.898516256799339,0.42985515986026085,STOP,0.5148551598602609,0.085,legacy_fixed_r_v1,2023-09-20 20:55:00+00:00,2023-09-20 21:00:00+00:00,2023-09-20 21:25:00+00:00,6
150950,150953,0.90517,0.9063017184985431,-1.0850000000000035,STOP,-1.0000000000000036,0.085,legacy_fixed_r_v1,2023-09-21 09:40:00+00:00,2023-09-21 09:45:00+00:00,2023-09-21 09:55:00+00:00,3
151007,151037,0.90297,0.904094701782834,-1.0850000000000375,STOP,-1.0000000000000375,0.085,legacy_fixed_r_v1,2023-09-21 14:25:00+00:00,2023-09-21 14:30:00+00:00,2023-09-21 16:55:00+00:00,30
151045,151073,0.90342,0.9041009021114962,-1.0849999999999538,STOP,-0.9999999999999538,0.085,legacy_fixed_r_v1,2023-09-21 17:35:00+00:00,2023-09-21 17:40:00+00:00,2023-09-21 19:55:00+00:00,28
151086,151089,0.90496,0.904075179068235,2.228876779035934,STOP,2.313876779035934,0.085,legacy_fixed_r_v1,2023-09-21 21:00:00+00:00,2023-09-21 21:05:00+00:00,2023-09-21 21:15:00+00:00,3
151183,151188,0.90446,0.9047983746287641,-1.0850000000000837,STOP,-1.0000000000000837,0.085,legacy_fixed_r_v1,2023-09-22 05:05:00+00:00,2023-09-22 05:10:00+00:00,2023-09-22 05:30:00+00:00,5
151262,151272,0.90636,0.9049287640662304,3.1458368454067607,STOP,3.2308368454067606,0.085,legacy_fixed_r_v1,2023-09-22 11:40:00+00:00,2023-09-22 11:45:00+00:00,2023-09-22 12:30:00+00:00,10
151320,151324,0.90598,0.9064449846308389,-1.0849999999999533,STOP,-0.9999999999999534,0.085,legacy_fixed_r_v1,2023-09-22 16:30:00+00:00,2023-09-22 16:35:00+00:00,2023-09-22 16:50:00+00:00,4
151373,151375,0.90698,0.9058162103226826,3.1623977575119193,STOP,3.2473977575119193,0.085,legacy_fixed_r_v1,2023-09-22 20:55:00+00:00,2023-09-24 21:00:00+00:00,2023-09-24 21:05:00+00:00,2
151448,151457,0.90737,0.9076508346356655,-1.0850000000001858,STOP,-1.0000000000001859,0.085,legacy_fixed_r_v1,2023-09-25 03:10:00+00:00,2023-09-25 03:15:00+00:00,2023-09-25 03:55:00+00:00,9
151615,151634,0.91162,0.9120379118309576,-1.0850000000000577,STOP,-1.0000000000000577,0.085,legacy_fixed_r_v1,2023-09-25 17:05:00+00:00,2023-09-25 17:10:00+00:00,2023-09-25 18:40:00+00:00,19
151804,151829,0.91227,0.912852332962836,-1.0850000000000337,STOP,-1.0000000000000338,0.085,legacy_fixed_r_v1,2023-09-26 08:50:00+00:00,2023-09-26 08:55:00+00:00,2023-09-26 10:55:00+00:00,25
151834,151842,0.91233,0.9128116546031934,-1.085000000000049,STOP,-1.000000000000049,0.085,legacy_fixed_r_v1,2023-09-26 11:20:00+00:00,2023-09-26 11:25:00+00:00,2023-09-26 12:00:00+00:00,8
151951,151953,0.91597,0.9149884268853271,2.857940366568292,STOP,2.942940366568292,0.085,legacy_fixed_r_v1,2023-09-26 21:05:00+00:00,2023-09-26 21:10:00+00:00,2023-09-26 21:15:00+00:00,2
152053,152058,0.91711,0.9173971254430723,-1.085000000000181,STOP,-1.000000000000181,0.085,legacy_fixed_r_v1,2023-09-27 05:35:00+00:00,2023-09-27 05:40:00+00:00,2023-09-27 06:00:00+00:00,5
152104,152106,0.91618,0.9166443276519672,-1.0850000000001092,STOP,-1.0000000000001092,0.085,legacy_fixed_r_v1,2023-09-27 09:50:00+00:00,2023-09-27 09:55:00+00:00,2023-09-27 10:00:00+00:00,2
152208,152214,0.92148,0.9209549673966395,0.7629391475177707,STOP,0.8479391475177707,0.085,legacy_fixed_r_v1,2023-09-27 18:30:00+00:00,2023-09-27 18:35:00+00:00,2023-09-27 19:00:00+00:00,6
152238,152242,0.92135,0.9201046523983213,2.7588759594514913,STOP,2.8438759594514913,0.085,legacy_fixed_r_v1,2023-09-27 21:00:00+00:00,2023-09-27 21:05:00+00:00,2023-09-27 21:20:00+00:00,4
152274,152284,0.92073,0.9205489324665749,0.5883595005273017,STOP,0.6733595005273016,0.085,legacy_fixed_r_v1,2023-09-28 00:00:00+00:00,2023-09-28 00:05:00+00:00,2023-09-28 00:50:00+00:00,10
152424,152425,0.91656,0.9173858837996703,-1.0850000000000577,STOP,-1.0000000000000577,0.085,legacy_fixed_r_v1,2023-09-28 12:30:00+00:00,2023-09-28 12:35:00+00:00,2023-09-28 12:35:00+00:00,1
152461,152466,0.91565,0.915148801941296,0.5603329588018697,STOP,0.6453329588018697,0.085,legacy_fixed_r_v1,2023-09-28 15:35:00+00:00,2023-09-28 15:40:00+00:00,2023-09-28 16:00:00+00:00,5
152495,152514,0.91598,0.9153550347125775,1.1478988413280253,STOP,1.2328988413280253,0.085,legacy_fixed_r_v1,2023-09-28 18:25:00+00:00,2023-09-28 18:30:00+00:00,2023-09-28 20:00:00+00:00,19
152562,152564,0.91481,0.9150225794258563,-1.0849999999999598,STOP,-0.9999999999999598,0.085,legacy_fixed_r_v1,2023-09-29 00:00:00+00:00,2023-09-29 00:05:00+00:00,2023-09-29 00:10:00+00:00,2
152605,152619,0.91366,0.9133984361372642,0.8021723754415556,STOP,0.8871723754415556,0.085,legacy_fixed_r_v1,2023-09-29 03:35:00+00:00,2023-09-29 03:40:00+00:00,2023-09-29 04:45:00+00:00,14
152788,152815,0.91541,0.9145229468331332,1.7078385264442546,STOP,1.7928385264442546,0.085,legacy_fixed_r_v1,2023-09-29 18:50:00+00:00,2023-09-29 18:55:00+00:00,2023-10-01 21:05:00+00:00,27
152874,152876,0.91571,0.9160357946643883,-1.0850000000000364,STOP,-1.0000000000000364,0.085,legacy_fixed_r_v1,2023-10-02 02:00:00+00:00,2023-10-02 02:05:00+00:00,2023-10-02 02:10:00+00:00,2
152892,152896,0.91559,0.9152996220279471,1.1110695565289646,STOP,1.1960695565289645,0.085,legacy_fixed_r_v1,2023-10-02 03:30:00+00:00,2023-10-02 03:35:00+00:00,2023-10-02 03:50:00+00:00,4
153035,153043,0.91738,0.9182833708764766,-1.085000000000009,STOP,-1.000000000000009,0.085,legacy_fixed_r_v1,2023-10-02 15:25:00+00:00,2023-10-02 15:30:00+00:00,2023-10-02 16:05:00+00:00,8
153055,153070,0.91791,0.9168502263413467,1.6985216640620326,STOP,1.7835216640620326,0.085,legacy_fixed_r_v1,2023-10-02 17:05:00+00:00,2023-10-02 17:10:00+00:00,2023-10-02 18:20:00+00:00,15
153136,153138,0.91781,0.9181274080799171,-1.0849999999999835,STOP,-0.9999999999999835,0.085,legacy_fixed_r_v1,2023-10-02 23:50:00+00:00,2023-10-02 23:55:00+00:00,2023-10-03 00:00:00+00:00,2
153334,153348,0.92147,0.9207878307786795,0.5939115524016352,STOP,0.6789115524016351,0.085,legacy_fixed_r_v1,2023-10-03 16:20:00+00:00,2023-10-03 16:25:00+00:00,2023-10-03 17:30:00+00:00,14
153363,153366,0.92049,0.9210590395183376,-1.0849999999999402,STOP,-0.9999999999999402,0.085,legacy_fixed_r_v1,2023-10-03 18:45:00+00:00,2023-10-03 18:50:00+00:00,2023-10-03 19:00:00+00:00,3
153391,153396,0.92166,0.9209925423561585,1.628805155992203,STOP,1.713805155992203,0.085,legacy_fixed_r_v1,2023-10-03 21:05:00+00:00,2023-10-03 21:10:00+00:00,2023-10-03 21:30:00+00:00,5
153481,153486,0.9221,0.9215585927288842,1.744807908132393,STOP,1.829807908132393,0.085,legacy_fixed_r_v1,2023-10-04 04:35:00+00:00,2023-10-04 04:40:00+00:00,2023-10-04 05:00:00+00:00,5
153548,153552,0.91738,0.9181420685091863,-1.085000000000007,STOP,-1.000000000000007,0.085,legacy_fixed_r_v1,2023-10-04 10:10:00+00:00,2023-10-04 10:15:00+00:00,2023-10-04 10:30:00+00:00,4
153573,153581,0.91633,0.9149426595934741,1.426774981605412,STOP,1.511774981605412,0.085,legacy_fixed_r_v1,2023-10-04 12:15:00+00:00,2023-10-04 12:20:00+00:00,2023-10-04 12:55:00+00:00,8
153610,153625,0.91736,0.9158798628573781,1.422135153706877,STOP,1.507135153706877,0.085,legacy_fixed_r_v1,2023-10-04 15:20:00+00:00,2023-10-04 15:25:00+00:00,2023-10-04 16:35:00+00:00,15
153720,153724,0.91639,0.9155501667672938,2.5354897510432926,STOP,2.6204897510432925,0.085,legacy_fixed_r_v1,2023-10-05 00:30:00+00:00,2023-10-05 00:35:00+00:00,2023-10-05 00:50:00+00:00,4
153752,153783,0.91384,0.9141956584947334,-1.0849999999999096,STOP,-0.9999999999999096,0.085,legacy_fixed_r_v1,2023-10-05 03:10:00+00:00,2023-10-05 03:15:00+00:00,2023-10-05 05:45:00+00:00,31
153839,153845,0.91663,0.9158266025599853,1.50471337724604,STOP,1.58971337724604,0.085,legacy_fixed_r_v1,2023-10-05 10:25:00+00:00,2023-10-05 10:30:00+00:00,2023-10-05 10:55:00+00:00,6
153930,153956,0.91301,0.9123808276315902,1.051913653392947,STOP,1.136913653392947,0.085,legacy_fixed_r_v1,2023-10-05 18:00:00+00:00,2023-10-05 18:05:00+00:00,2023-10-05 20:10:00+00:00,26
153966,153972,0.9134,0.9125045356208284,2.6268540457035603,STOP,2.7118540457035603,0.085,legacy_fixed_r_v1,2023-10-05 21:00:00+00:00,2023-10-05 21:05:00+00:00,2023-10-05 21:30:00+00:00,6
154036,154044,0.91286,0.9131445209144942,-1.0849999999999473,STOP,-0.9999999999999474,0.085,legacy_fixed_r_v1,2023-10-06 02:50:00+00:00,2023-10-06 02:55:00+00:00,2023-10-06 03:30:00+00:00,8
154057,154061,0.9132,0.9134742933192409,-1.0850000000001074,STOP,-1.0000000000001075,0.085,legacy_fixed_r_v1,2023-10-06 04:35:00+00:00,2023-10-06 04:40:00+00:00,2023-10-06 04:55:00+00:00,4
154123,154146,0.91193,0.9113849783426015,0.8148471663092843,STOP,0.8998471663092843,0.085,legacy_fixed_r_v1,2023-10-06 10:05:00+00:00,2023-10-06 10:10:00+00:00,2023-10-06 12:00:00+00:00,23
154223,154244,0.90914,0.9097816348475264,-1.0849999999999207,STOP,-0.9999999999999206,0.085,legacy_fixed_r_v1,2023-10-06 18:25:00+00:00,2023-10-06 18:30:00+00:00,2023-10-06 20:10:00+00:00,21
154253,154256,0.91009,0.9092693537171506,1.9928452102242593,STOP,2.0778452102242593,0.085,legacy_fixed_r_v1,2023-10-06 20:55:00+00:00,2023-10-08 21:00:00+00:00,2023-10-08 21:10:00+00:00,3
154300,154303,0.90827,0.9088375385230343,-1.0850000000000375,STOP,-1.0000000000000375,0.085,legacy_fixed_r_v1,2023-10-09 00:50:00+00:00,2023-10-09 00:55:00+00:00,2023-10-09 01:05:00+00:00,3
154341,154347,0.91004,0.9103336986893199,-1.0850000000000108,STOP,-1.0000000000000109,0.085,legacy_fixed_r_v1,2023-10-09 04:15:00+00:00,2023-10-09 04:20:00+00:00,2023-10-09 04:45:00+00:00,6
154495,154513,0.90777,0.9055912421473767,4.202434236039103,STOP,4.287434236039103,0.085,legacy_fixed_r_v1,2023-10-09 17:05:00+00:00,2023-10-09 17:10:00+00:00,2023-10-09 18:35:00+00:00,18
154522,154526,0.90517,0.9055829856318,-1.0849999999999185,STOP,-0.9999999999999184,0.085,legacy_fixed_r_v1,2023-10-09 19:20:00+00:00,2023-10-09 19:25:00+00:00,2023-10-09 19:40:00+00:00,4
154542,154544,0.90669,0.9061572168194748,0.8700625468330296,STOP,0.9550625468330296,0.085,legacy_fixed_r_v1,2023-10-09 21:00:00+00:00,2023-10-09 21:05:00+00:00,2023-10-09 21:10:00+00:00,2
154571,154577,0.90557,0.9048396811233409,2.1060662568887447,STOP,2.1910662568887447,0.085,legacy_fixed_r_v1,2023-10-09 23:25:00+00:00,2023-10-09 23:30:00+00:00,2023-10-09 23:55:00+00:00,6
154609,154627,0.90487,0.9053676686613554,-1.0849999999999769,STOP,-0.9999999999999769,0.085,legacy_fixed_r_v1,2023-10-10 02:35:00+00:00,2023-10-10 02:40:00+00:00,2023-10-10 04:05:00+00:00,18
154760,154773,0.90497,0.9041632083083829,0.8689277188529693,STOP,0.9539277188529692,0.085,legacy_fixed_r_v1,2023-10-10 15:10:00+00:00,2023-10-10 15:15:00+00:00,2023-10-10 16:15:00+00:00,13
154855,154874,0.90445,0.9038607748082997,1.6252372311596996,STOP,1.7102372311596996,0.085,legacy_fixed_r_v1,2023-10-10 23:05:00+00:00,2023-10-10 23:10:00+00:00,2023-10-11 00:40:00+00:00,19
154897,154919,0.90411,0.9044877092268956,-1.085000000000095,STOP,-1.000000000000095,0.085,legacy_fixed_r_v1,2023-10-11 02:35:00+00:00,2023-10-11 02:40:00+00:00,2023-10-11 04:25:00+00:00,22
154932,154933,0.90447,0.9047636032405547,-1.084999999999993,STOP,-0.999999999999993,0.085,legacy_fixed_r_v1,2023-10-11 05:30:00+00:00,2023-10-11 05:35:00+00:00,2023-10-11 05:35:00+00:00,1
154999,155001,0.90236,0.9030018858114125,-1.084999999999969,STOP,-0.9999999999999691,0.085,legacy_fixed_r_v1,2023-10-11 11:05:00+00:00,2023-10-11 11:10:00+00:00,2023-10-11 11:15:00+00:00,2
155031,155038,0.90056,0.9015579589456969,-1.0850000000000113,STOP,-1.0000000000000113,0.085,legacy_fixed_r_v1,2023-10-11 13:45:00+00:00,2023-10-11 13:50:00+00:00,2023-10-11 14:20:00+00:00,7
155142,155146,0.9015,0.9012782288395472,0.7261667160051225,STOP,0.8111667160051225,0.085,legacy_fixed_r_v1,2023-10-11 23:00:00+00:00,2023-10-11 23:05:00+00:00,2023-10-11 23:20:00+00:00,4
155196,155217,0.90058,0.9003722013358862,0.5626017178370349,STOP,0.6476017178370349,0.085,legacy_fixed_r_v1,2023-10-12 03:30:00+00:00,2023-10-12 03:35:00+00:00,2023-10-12 05:15:00+00:00,21
155271,155275,0.89973,0.900213098618279,-1.0850000000001023,STOP,-1.0000000000001024,0.085,legacy_fixed_r_v1,2023-10-12 09:45:00+00:00,2023-10-12 09:50:00+00:00,2023-10-12 10:05:00+00:00,4
155346,155356,0.9059,0.9067365500876098,-1.0849999999999889,STOP,-0.9999999999999889,0.085,legacy_fixed_r_v1,2023-10-12 16:00:00+00:00,2023-10-12 16:05:00+00:00,2023-10-12 16:50:00+00:00,10
155409,155411,0.90866,0.9078848849709974,1.6884753575865197,STOP,1.7734753575865196,0.085,legacy_fixed_r_v1,2023-10-12 21:15:00+00:00,2023-10-12 21:20:00+00:00,2023-10-12 21:25:00+00:00,2
155433,155444,0.90791,0.9075621502009841,1.1151891310723658,STOP,1.2001891310723658,0.085,legacy_fixed_r_v1,2023-10-12 23:15:00+00:00,2023-10-12 23:20:00+00:00,2023-10-13 00:10:00+00:00,11
155475,155500,0.90696,0.9067550416706464,0.5347158817905248,STOP,0.6197158817905247,0.085,legacy_fixed_r_v1,2023-10-13 02:45:00+00:00,2023-10-13 02:50:00+00:00,2023-10-13 04:50:00+00:00,25
155581,155594,0.90735,0.9053804897464626,3.422433353196083,STOP,3.507433353196083,0.085,legacy_fixed_r_v1,2023-10-13 11:35:00+00:00,2023-10-13 11:40:00+00:00,2023-10-13 12:40:00+00:00,13
155607,155610,0.90491,0.9056808370249425,-1.0849999999999584,STOP,-0.9999999999999584,0.085,legacy_fixed_r_v1,2023-10-13 13:45:00+00:00,2023-10-13 13:50:00+00:00,2023-10-13 14:00:00+00:00,3
155627,155638,0.90394,0.9012564523868185,2.691792424445426,STOP,2.776792424445426,0.085,legacy_fixed_r_v1,2023-10-13 15:25:00+00:00,2023-10-13 15:30:00+00:00,2023-10-13 16:20:00+00:00,11
155693,155695,0.90311,0.9005147193992279,5.54548091570387,STOP,5.6304809157038695,0.085,legacy_fixed_r_v1,2023-10-13 20:55:00+00:00,2023-10-15 21:00:00+00:00,2023-10-15 21:05:00+00:00,2
155730,155749,0.90232,0.9019764549253275,0.620430435378668,STOP,0.705430435378668,0.085,legacy_fixed_r_v1,2023-10-16 00:00:00+00:00,2023-10-16 00:05:00+00:00,2023-10-16 01:35:00+00:00,19
155796,155799,0.90133,0.9015532027845183,-1.0850000000000977,STOP,-1.0000000000000977,0.085,legacy_fixed_r_v1,2023-10-16 05:30:00+00:00,2023-10-16 05:35:00+00:00,2023-10-16 05:45:00+00:00,3
155848,155850,0.90237,0.9029726758260678,-1.0849999999999087,STOP,-0.9999999999999086,0.085,legacy_fixed_r_v1,2023-10-16 09:50:00+00:00,2023-10-16 09:55:00+00:00,2023-10-16 10:00:00+00:00,2
155865,155871,0.90262,0.9021560135923571,0.9833641604541841,STOP,1.068364160454184,0.085,legacy_fixed_r_v1,2023-10-16 11:15:00+00:00,2023-10-16 11:20:00+00:00,2023-10-16 11:45:00+00:00,6
155943,155950,0.90028,0.8999060855934774,0.756977160844583,STOP,0.841977160844583,0.085,legacy_fixed_r_v1,2023-10-16 17:45:00+00:00,2023-10-16 17:50:00+00:00,2023-10-16 18:20:00+00:00,7
156019,156030,0.90017,0.9004235190543874,-1.0849999999998305,STOP,-0.9999999999998305,0.085,legacy_fixed_r_v1,2023-10-17 00:05:00+00:00,2023-10-17 00:10:00+00:00,2023-10-17 01:00:00+00:00,11
156057,156059,0.90073,0.900991788533684,-1.0849999999998947,STOP,-0.9999999999998946,0.085,legacy_fixed_r_v1,2023-10-17 03:15:00+00:00,2023-10-17 03:20:00+00:00,2023-10-17 03:25:00+00:00,2
156152,156158,0.90044,0.8997710271740718,1.1318739619930493,STOP,1.2168739619930493,0.085,legacy_fixed_r_v1,2023-10-17 11:10:00+00:00,2023-10-17 11:15:00+00:00,2023-10-17 11:40:00+00:00,6
156200,156219,0.89947,0.9003719728867186,-1.0849999999999729,STOP,-0.9999999999999728,0.085,legacy_fixed_r_v1,2023-10-17 15:10:00+00:00,2023-10-17 15:15:00+00:00,2023-10-17 16:45:00+00:00,19
156247,156252,0.90022,0.8998354212751227,0.7440931913450706,STOP,0.8290931913450705,0.085,legacy_fixed_r_v1,2023-10-17 19:05:00+00:00,2023-10-17 19:10:00+00:00,2023-10-17 19:30:00+00:00,5
156269,156274,0.90042,0.8996269259433467,2.5835832989010985,STOP,2.6685832989010985,0.085,legacy_fixed_r_v1,2023-10-17 20:55:00+00:00,2023-10-17 21:00:00+00:00,2023-10-17 21:20:00+00:00,5
156350,156365,0.89931,0.8990510736592777,0.7655812643574826,STOP,0.8505812643574826,0.085,legacy_fixed_r_v1,2023-10-18 03:40:00+00:00,2023-10-18 03:45:00+00:00,2023-10-18 04:55:00+00:00,15
156443,156456,0.89872,0.8980127672160509,1.1352429403032374,STOP,1.2202429403032373,0.085,legacy_fixed_r_v1,2023-10-18 11:25:00+00:00,2023-10-18 11:30:00+00:00,2023-10-18 12:30:00+00:00,13
156510,156531,0.89778,0.8986165093484426,-1.0849999999999518,STOP,-0.9999999999999517,0.085,legacy_fixed_r_v1,2023-10-18 17:00:00+00:00,2023-10-18 17:05:00+00:00,2023-10-18 18:45:00+00:00,21
156557,156559,0.89922,0.8988225738942719,1.2865011113783695,STOP,1.3715011113783695,0.085,legacy_fixed_r_v1,2023-10-18 20:55:00+00:00,2023-10-18 21:00:00+00:00,2023-10-18 21:05:00+00:00,2
156775,156778,0.89624,0.8958995870134778,0.4171161593843838,STOP,0.5021161593843838,0.085,legacy_fixed_r_v1,2023-10-19 15:05:00+00:00,2023-10-19 15:10:00+00:00,2023-10-19 15:20:00+00:00,3
156833,156841,0.89241,0.8911871700075144,1.6722873014865318,STOP,1.7572873014865318,0.085,legacy_fixed_r_v1,2023-10-19 19:55:00+00:00,2023-10-19 20:00:00+00:00,2023-10-19 20:35:00+00:00,8
156877,156882,0.89179,0.892166643203233,-1.0849999999998632,STOP,-0.9999999999998632,0.085,legacy_fixed_r_v1,2023-10-19 23:35:00+00:00,2023-10-19 23:40:00+00:00,2023-10-20 00:00:00+00:00,5
156910,156916,0.89219,0.8916489383285308,1.4026714723792537,STOP,1.4876714723792537,0.085,legacy_fixed_r_v1,2023-10-20 02:20:00+00:00,2023-10-20 02:25:00+00:00,2023-10-20 02:50:00+00:00,6
157015,157028,0.89113,0.8916876192793879,-1.08500000000008,STOP,-1.00000000000008,0.085,legacy_fixed_r_v1,2023-10-20 11:05:00+00:00,2023-10-20 11:10:00+00:00,2023-10-20 12:10:00+00:00,13
157087,157097,0.89158,0.8922552370546448,-1.0849999999999844,STOP,-0.9999999999999845,0.085,legacy_fixed_r_v1,2023-10-20 17:05:00+00:00,2023-10-20 17:10:00+00:00,2023-10-20 17:55:00+00:00,10
157108,157115,0.89173,0.8922738966455886,-1.0849999999999864,STOP,-0.9999999999999865,0.085,legacy_fixed_r_v1,2023-10-20 18:50:00+00:00,2023-10-20 18:55:00+00:00,2023-10-20 19:25:00+00:00,7
157133,157135,0.89253,0.8910537613945384,3.2965018524611183,STOP,3.3815018524611182,0.085,legacy_fixed_r_v1,2023-10-20 20:55:00+00:00,2023-10-22 21:00:00+00:00,2023-10-22 21:05:00+00:00,2
157307,157311,0.89174,0.8922890496336401,-1.0849999999999578,STOP,-0.9999999999999577,0.085,legacy_fixed_r_v1,2023-10-23 11:25:00+00:00,2023-10-23 11:30:00+00:00,2023-10-23 11:45:00+00:00,4
157382,157400,0.89098,0.8915217740257907,-1.0849999999999804,STOP,-0.9999999999999803,0.085,legacy_fixed_r_v1,2023-10-23 17:40:00+00:00,2023-10-23 17:45:00+00:00,2023-10-23 19:10:00+00:00,18
157413,157425,0.89121,0.8908954702291162,0.7700049923890165,STOP,0.8550049923890165,0.085,legacy_fixed_r_v1,2023-10-23 20:15:00+00:00,2023-10-23 20:20:00+00:00,2023-10-23 21:15:00+00:00,12
157515,157520,0.89058,0.8908003887244393,-1.0850000000000553,STOP,-1.0000000000000553,0.085,legacy_fixed_r_v1,2023-10-24 04:45:00+00:00,2023-10-24 04:50:00+00:00,2023-10-24 05:10:00+00:00,5
157596,157603,0.89298,0.8935074050604895,-1.0849999999999498,STOP,-0.9999999999999498,0.085,legacy_fixed_r_v1,2023-10-24 11:30:00+00:00,2023-10-24 11:35:00+00:00,2023-10-24 12:05:00+00:00,7
157686,157691,0.89325,0.8936305396588188,-1.085000000000057,STOP,-1.000000000000057,0.085,legacy_fixed_r_v1,2023-10-24 19:00:00+00:00,2023-10-24 19:05:00+00:00,2023-10-24 19:25:00+00:00,5
157746,157752,0.89299,0.893251424657666,-1.0849999999999245,STOP,-0.9999999999999245,0.085,legacy_fixed_r_v1,2023-10-25 00:00:00+00:00,2023-10-25 00:05:00+00:00,2023-10-25 00:30:00+00:00,6
157883,157905,0.89556,0.8944974126583362,2.3646559509849863,STOP,2.4496559509849862,0.085,legacy_fixed_r_v1,2023-10-25 11:25:00+00:00,2023-10-25 11:30:00+00:00,2023-10-25 13:15:00+00:00,22
157933,157938,0.8946,0.8953353828624642,-1.0850000000000544,STOP,-1.0000000000000544,0.085,legacy_fixed_r_v1,2023-10-25 15:35:00+00:00,2023-10-25 15:40:00+00:00,2023-10-25 16:00:00+00:00,5
158033,158036,0.89677,0.8965914517196085,0.6860584724557686,STOP,0.7710584724557685,0.085,legacy_fixed_r_v1,2023-10-25 23:55:00+00:00,2023-10-26 00:00:00+00:00,2023-10-26 00:10:00+00:00,3
158151,158176,0.89857,0.8991062254563242,-1.0849999999999491,STOP,-0.999999999999949,0.085,legacy_fixed_r_v1,2023-10-26 09:45:00+00:00,2023-10-26 09:50:00+00:00,2023-10-26 11:50:00+00:00,25
158246,158264,0.89944,0.8990220352134524,0.7169535257949871,STOP,0.801953525794987,0.085,legacy_fixed_r_v1,2023-10-26 17:40:00+00:00,2023-10-26 17:45:00+00:00,2023-10-26 19:10:00+00:00,18
158277,158280,0.89875,0.8991244938217787,-1.0850000000000555,STOP,-1.0000000000000555,0.085,legacy_fixed_r_v1,2023-10-26 20:15:00+00:00,2023-10-26 20:20:00+00:00,2023-10-26 20:30:00+00:00,3
158322,158324,0.89887,0.8991626785505701,-1.084999999999935,STOP,-0.9999999999999349,0.085,legacy_fixed_r_v1,2023-10-27 00:00:00+00:00,2023-10-27 00:05:00+00:00,2023-10-27 00:10:00+00:00,2
158533,158541,0.90249,0.9017232500221414,1.303982190968391,STOP,1.388982190968391,0.085,legacy_fixed_r_v1,2023-10-27 17:35:00+00:00,2023-10-27 17:40:00+00:00,2023-10-27 18:15:00+00:00,8
158574,158583,0.90203,0.9013222014280831,1.1769584602971896,STOP,1.2619584602971896,0.085,legacy_fixed_r_v1,2023-10-29 21:00:00+00:00,2023-10-29 21:05:00+00:00,2023-10-29 21:45:00+00:00,9
158795,158811,0.90157,0.9023802169711281,-1.0849999999999993,STOP,-0.9999999999999992,0.085,legacy_fixed_r_v1,2023-10-30 15:25:00+00:00,2023-10-30 15:30:00+00:00,2023-10-30 16:45:00+00:00,16
158902,158908,0.90194,0.9021606091651091,-1.085000000000085,STOP,-1.000000000000085,0.085,legacy_fixed_r_v1,2023-10-31 00:20:00+00:00,2023-10-31 00:25:00+00:00,2023-10-31 00:50:00+00:00,6
159125,159139,0.90934,0.9098515393697473,-1.085000000000013,STOP,-1.000000000000013,0.085,legacy_fixed_r_v1,2023-10-31 18:55:00+00:00,2023-10-31 19:00:00+00:00,2023-10-31 20:05:00+00:00,14
159150,159153,0.91055,0.9093645967359225,2.7281968675216737,STOP,2.8131968675216736,0.085,legacy_fixed_r_v1,2023-10-31 21:00:00+00:00,2023-10-31 21:05:00+00:00,2023-10-31 21:15:00+00:00,3
159226,159231,0.90973,0.9095286848261966,0.6188874409731823,STOP,0.7038874409731822,0.085,legacy_fixed_r_v1,2023-11-01 03:20:00+00:00,2023-11-01 03:25:00+00:00,2023-11-01 03:45:00+00:00,5
159251,159256,0.90964,0.9098924873069675,-1.0849999999997981,STOP,-0.9999999999997982,0.085,legacy_fixed_r_v1,2023-11-01 05:25:00+00:00,2023-11-01 05:30:00+00:00,2023-11-01 05:50:00+00:00,5
159333,159337,0.90839,0.907857617116452,0.9428007425534521,STOP,1.027800742553452,0.085,legacy_fixed_r_v1,2023-11-01 12:15:00+00:00,2023-11-01 12:20:00+00:00,2023-11-01 12:35:00+00:00,4
159402,159405,0.9095,0.9101332590645472,-1.0849999999999558,STOP,-0.9999999999999558,0.085,legacy_fixed_r_v1,2023-11-01 18:00:00+00:00,2023-11-01 18:05:00+00:00,2023-11-01 18:15:00+00:00,3
159505,159511,0.90461,0.9033264496194294,4.257762410699115,STOP,4.342762410699115,0.085,legacy_fixed_r_v1,2023-11-02 02:35:00+00:00,2023-11-02 02:40:00+00:00,2023-11-02 03:05:00+00:00,6
159557,159558,0.90395,0.9043110448705051,-1.0849999999999476,STOP,-0.9999999999999475,0.085,legacy_fixed_r_v1,2023-11-02 06:55:00+00:00,2023-11-02 07:00:00+00:00,2023-11-02 07:00:00+00:00,1
159679,159689,0.90553,0.904942688286976,0.8090119644497266,STOP,0.8940119644497265,0.085,legacy_fixed_r_v1,2023-11-02 17:05:00+00:00,2023-11-02 17:10:00+00:00,2023-11-02 17:55:00+00:00,10
159725,159731,0.90614,0.9059784200648018,0.5282262014952821,STOP,0.6132262014952821,0.085,legacy_fixed_r_v1,2023-11-02 20:55:00+00:00,2023-11-02 21:00:00+00:00,2023-11-02 21:25:00+00:00,6
159763,159767,0.90574,0.9059481620033092,-1.0849999999998066,STOP,-0.9999999999998066,0.085,legacy_fixed_r_v1,2023-11-03 00:05:00+00:00,2023-11-03 00:10:00+00:00,2023-11-03 00:25:00+00:00,4
159898,159905,0.90442,0.9048864821450302,-1.0850000000000775,STOP,-1.0000000000000775,0.085,legacy_fixed_r_v1,2023-11-03 11:20:00+00:00,2023-11-03 11:25:00+00:00,2023-11-03 11:55:00+00:00,7
159956,159968,0.89795,0.8970976388379996,0.8736123646754198,STOP,0.9586123646754198,0.085,legacy_fixed_r_v1,2023-11-03 16:10:00+00:00,2023-11-03 16:15:00+00:00,2023-11-03 17:10:00+00:00,12
160013,160017,0.89901,0.8984979355004108,1.0144221239094826,STOP,1.0994221239094826,0.085,legacy_fixed_r_v1,2023-11-03 20:55:00+00:00,2023-11-05 22:00:00+00:00,2023-11-05 22:15:00+00:00,4
160090,160103,0.89735,0.8970717893679845,0.9783115793478196,STOP,1.0633115793478196,0.085,legacy_fixed_r_v1,2023-11-06 04:20:00+00:00,2023-11-06 04:25:00+00:00,2023-11-06 05:25:00+00:00,13
160214,160218,0.89739,0.8979442129483975,-1.0849999999999376,STOP,-0.9999999999999376,0.085,legacy_fixed_r_v1,2023-11-06 14:40:00+00:00,2023-11-06 14:45:00+00:00,2023-11-06 15:00:00+00:00,4
160302,160305,0.89938,0.8988400916545344,2.0528286139683125,STOP,2.1378286139683125,0.085,legacy_fixed_r_v1,2023-11-06 22:00:00+00:00,2023-11-06 22:05:00+00:00,2023-11-06 22:15:00+00:00,3
160332,160338,0.89895,0.8992238186743694,-1.0849999999998388,STOP,-0.9999999999998388,0.085,legacy_fixed_r_v1,2023-11-07 00:30:00+00:00,2023-11-07 00:35:00+00:00,2023-11-07 01:00:00+00:00,6
160368,160370,0.89922,0.8994871386973354,-1.084999999999921,STOP,-0.9999999999999208,0.085,legacy_fixed_r_v1,2023-11-07 03:30:00+00:00,2023-11-07 03:35:00+00:00,2023-11-07 03:40:00+00:00,2
160580,160586,0.90024,0.8999985117515023,0.7459589144354626,STOP,0.8309589144354625,0.085,legacy_fixed_r_v1,2023-11-07 21:10:00+00:00,2023-11-07 21:15:00+00:00,2023-11-07 21:40:00+00:00,6
160639,160643,0.90045,0.9000611690533944,1.2364642721554306,STOP,1.3214642721554306,0.085,legacy_fixed_r_v1,2023-11-08 02:05:00+00:00,2023-11-08 02:10:00+00:00,2023-11-08 02:25:00+00:00,4
160744,160755,0.90178,0.9005465271463264,2.6986738781706126,STOP,2.7836738781706125,0.085,legacy_fixed_r_v1,2023-11-08 10:50:00+00:00,2023-11-08 10:55:00+00:00,2023-11-08 11:45:00+00:00,11
160804,160824,0.8986,0.8993265031893206,-1.0850000000000017,STOP,-1.0000000000000018,0.085,legacy_fixed_r_v1,2023-11-08 15:50:00+00:00,2023-11-08 15:55:00+00:00,2023-11-08 17:30:00+00:00,20
160918,160926,0.89941,0.8989727900537365,1.722185002948234,STOP,1.807185002948234,0.085,legacy_fixed_r_v1,2023-11-09 01:20:00+00:00,2023-11-09 01:25:00+00:00,2023-11-09 02:00:00+00:00,8
161162,161170,0.90316,0.9025532237850167,1.1843856262571055,STOP,1.2693856262571055,0.085,legacy_fixed_r_v1,2023-11-09 21:40:00+00:00,2023-11-09 21:45:00+00:00,2023-11-09 22:20:00+00:00,8
161200,161231,0.90314,0.903460272507943,-1.0850000000000999,STOP,-1.0000000000001,0.085,legacy_fixed_r_v1,2023-11-10 00:50:00+00:00,2023-11-10 00:55:00+00:00,2023-11-10 03:25:00+00:00,31
161249,161253,0.90346,0.9036324582051352,-1.085000000000201,STOP,-1.000000000000201,0.085,legacy_fixed_r_v1,2023-11-10 04:55:00+00:00,2023-11-10 05:00:00+00:00,2023-11-10 05:15:00+00:00,4
161340,161344,0.90158,0.9021223591158205,-1.0850000000000983,STOP,-1.0000000000000984,0.085,legacy_fixed_r_v1,2023-11-10 12:30:00+00:00,2023-11-10 12:35:00+00:00,2023-11-10 12:50:00+00:00,4
161401,161424,0.90282,0.9021775707892522,0.955126027856402,STOP,1.040126027856402,0.085,legacy_fixed_r_v1,2023-11-10 17:35:00+00:00,2023-11-10 17:40:00+00:00,2023-11-10 19:30:00+00:00,23
161453,161455,0.90293,0.90204064828192,2.289940755208639,STOP,2.374940755208639,0.085,legacy_fixed_r_v1,2023-11-10 21:55:00+00:00,2023-11-12 22:00:00+00:00,2023-11-12 22:05:00+00:00,2
161478,161485,0.90183,0.9021480488172041,-1.0850000000000637,STOP,-1.0000000000000637,0.085,legacy_fixed_r_v1,2023-11-13 00:00:00+00:00,2023-11-13 00:05:00+00:00,2023-11-13 00:35:00+00:00,7
161498,161506,0.90211,0.9023924644445116,-1.084999999999973,STOP,-0.9999999999999731,0.085,legacy_fixed_r_v1,2023-11-13 01:40:00+00:00,2023-11-13 01:45:00+00:00,2023-11-13 02:20:00+00:00,8
161591,161596,0.90144,0.901838261509134,-1.0850000000001112,STOP,-1.0000000000001112,0.085,legacy_fixed_r_v1,2023-11-13 09:25:00+00:00,2023-11-13 09:30:00+00:00,2023-11-13 09:50:00+00:00,5
161686,161691,0.90103,0.9015546068151277,-1.0850000000000772,STOP,-1.0000000000000773,0.085,legacy_fixed_r_v1,2023-11-13 17:20:00+00:00,2023-11-13 17:25:00+00:00,2023-11-13 17:45:00+00:00,5
161703,161710,0.9014,0.9018167845159424,-1.0850000000000184,STOP,-1.0000000000000184,0.085,legacy_fixed_r_v1,2023-11-13 18:45:00+00:00,2023-11-13 18:50:00+00:00,2023-11-13 19:20:00+00:00,7
161820,161823,0.90219,0.9023379701627052,-1.0849999999998556,STOP,-0.9999999999998557,0.085,legacy_fixed_r_v1,2023-11-14 04:30:00+00:00,2023-11-14 04:35:00+00:00,2023-11-14 04:45:00+00:00,3
161921,161928,0.90136,0.9008280609819476,0.9904576856172438,STOP,1.0754576856172438,0.085,legacy_fixed_r_v1,2023-11-14 12:55:00+00:00,2023-11-14 13:00:00+00:00,2023-11-14 13:30:00+00:00,7
161948,161972,0.89194,0.8909150269234228,0.7429037021646407,STOP,0.8279037021646407,0.085,legacy_fixed_r_v1,2023-11-14 15:10:00+00:00,2023-11-14 15:15:00+00:00,2023-11-14 17:10:00+00:00,24
161981,161992,0.89032,0.8896792884496986,0.8965565268965744,STOP,0.9815565268965744,0.085,legacy_fixed_r_v1,2023-11-14 17:55:00+00:00,2023-11-14 18:00:00+00:00,2023-11-14 18:50:00+00:00,11
161999,162015,0.8894,0.888200629910989,2.5912395544618385,STOP,2.6762395544618385,0.085,legacy_fixed_r_v1,2023-11-14 19:25:00+00:00,2023-11-14 19:30:00+00:00,2023-11-14 20:45:00+00:00,16
162030,162033,0.88924,0.8884259990004689,2.2015334889420015,STOP,2.2865334889420015,0.085,legacy_fixed_r_v1,2023-11-14 22:00:00+00:00,2023-11-14 22:05:00+00:00,2023-11-14 22:15:00+00:00,3
162087,162092,0.88918,0.888656819638699,1.4552025235641985,STOP,1.5402025235641985,0.085,legacy_fixed_r_v1,2023-11-15 02:45:00+00:00,2023-11-15 02:50:00+00:00,2023-11-15 03:10:00+00:00,5
162183,162193,0.88846,0.8880696189131747,0.745692925059676,STOP,0.830692925059676,0.085,legacy_fixed_r_v1,2023-11-15 10:45:00+00:00,2023-11-15 10:50:00+00:00,2023-11-15 11:35:00+00:00,10
162195,162202,0.8878,0.8882064675809536,-1.0850000000000621,STOP,-1.0000000000000622,0.085,legacy_fixed_r_v1,2023-11-15 11:45:00+00:00,2023-11-15 11:50:00+00:00,2023-11-15 12:20:00+00:00,7
162243,162247,0.88706,0.8865009969689193,0.592235474116103,STOP,0.677235474116103,0.085,legacy_fixed_r_v1,2023-11-15 15:45:00+00:00,2023-11-15 15:50:00+00:00,2023-11-15 16:05:00+00:00,4
162307,162315,0.8882,0.8880188676090995,0.5791650293873842,STOP,0.6641650293873842,0.085,legacy_fixed_r_v1,2023-11-15 21:05:00+00:00,2023-11-15 21:10:00+00:00,2023-11-15 21:45:00+00:00,8
162341,162356,0.88719,0.8875388953717855,-1.0850000000001425,STOP,-1.0000000000001426,0.085,legacy_fixed_r_v1,2023-11-15 23:55:00+00:00,2023-11-16 00:00:00+00:00,2023-11-16 01:10:00+00:00,15
162418,162426,0.88834,0.8882006689697134,0.6171080941107261,STOP,0.702108094110726,0.085,legacy_fixed_r_v1,2023-11-16 06:20:00+00:00,2023-11-16 06:25:00+00:00,2023-11-16 07:00:00+00:00,8
162477,162487,0.88847,0.8889138422083788,-1.0849999999999729,STOP,-0.9999999999999729,0.085,legacy_fixed_r_v1,2023-11-16 11:15:00+00:00,2023-11-16 11:20:00+00:00,2023-11-16 12:05:00+00:00,10
162849,162858,0.88618,0.8854139979233351,1.7549838157265878,STOP,1.8399838157265878,0.085,legacy_fixed_r_v1,2023-11-17 18:15:00+00:00,2023-11-17 18:20:00+00:00,2023-11-17 19:00:00+00:00,9
162893,162895,0.88818,0.8852621115239379,9.317924325641377,STOP,9.402924325641377,0.085,legacy_fixed_r_v1,2023-11-17 21:55:00+00:00,2023-11-19 22:00:00+00:00,2023-11-19 22:05:00+00:00,2
162966,162972,0.88392,0.8832592795442269,1.576955099404743,STOP,1.661955099404743,0.085,legacy_fixed_r_v1,2023-11-20 04:00:00+00:00,2023-11-20 04:05:00+00:00,2023-11-20 04:30:00+00:00,6
163122,163124,0.88391,0.8843511672403656,-1.0849999999999023,STOP,-0.9999999999999022,0.085,legacy_fixed_r_v1,2023-11-20 17:00:00+00:00,2023-11-20 17:05:00+00:00,2023-11-20 17:10:00+00:00,2
163182,163186,0.88527,0.8844580638370495,3.0185741658124416,STOP,3.1035741658124416,0.085,legacy_fixed_r_v1,2023-11-20 22:00:00+00:00,2023-11-20 22:05:00+00:00,2023-11-20 22:20:00+00:00,4
163210,163216,0.88426,0.8838013958061244,1.6075823376609897,STOP,1.6925823376609896,0.085,legacy_fixed_r_v1,2023-11-21 00:20:00+00:00,2023-11-21 00:25:00+00:00,2023-11-21 00:50:00+00:00,6
163252,163276,0.88304,0.8833936457035967,-1.0849999999999556,STOP,-0.9999999999999556,0.085,legacy_fixed_r_v1,2023-11-21 03:50:00+00:00,2023-11-21 03:55:00+00:00,2023-11-21 05:50:00+00:00,24
163328,163338,0.88363,0.884093115374814,-1.0850000000000242,STOP,-1.0000000000000242,0.085,legacy_fixed_r_v1,2023-11-21 10:10:00+00:00,2023-11-21 10:15:00+00:00,2023-11-21 11:00:00+00:00,10
163355,163367,0.8838,0.8825743397694713,3.5792856533396264,STOP,3.6642856533396264,0.085,legacy_fixed_r_v1,2023-11-21 12:25:00+00:00,2023-11-21 12:30:00+00:00,2023-11-21 13:25:00+00:00,12
163462,163492,0.88357,0.8832999617045137,0.7909037222458591,STOP,0.8759037222458591,0.085,legacy_fixed_r_v1,2023-11-21 21:20:00+00:00,2023-11-21 21:25:00+00:00,2023-11-21 23:50:00+00:00,30
163555,163556,0.88318,0.8833934079987829,-1.0849999999998001,STOP,-0.9999999999998,0.085,legacy_fixed_r_v1,2023-11-22 05:05:00+00:00,2023-11-22 05:10:00+00:00,2023-11-22 05:10:00+00:00,1
163627,163655,0.88374,0.8823161702602244,2.4783453943453475,STOP,2.5633453943453475,0.085,legacy_fixed_r_v1,2023-11-22 11:05:00+00:00,2023-11-22 11:10:00+00:00,2023-11-22 13:25:00+00:00,28
163692,163705,0.88535,0.8844489900577569,1.2047569448446225,STOP,1.2897569448446224,0.085,legacy_fixed_r_v1,2023-11-22 16:30:00+00:00,2023-11-22 16:35:00+00:00,2023-11-22 17:35:00+00:00,13
163745,163761,0.88381,0.8834283379891595,1.1870348765412537,STOP,1.2720348765412537,0.085,legacy_fixed_r_v1,2023-11-22 20:55:00+00:00,2023-11-22 21:00:00+00:00,2023-11-22 22:15:00+00:00,16
163785,163795,0.88391,0.8836652386427251,0.8811335618790096,STOP,0.9661335618790096,0.085,legacy_fixed_r_v1,2023-11-23 00:15:00+00:00,2023-11-23 00:20:00+00:00,2023-11-23 01:05:00+00:00,10
163799,163809,0.88345,0.8829870894599292,1.9940110549193597,STOP,2.0790110549193597,0.085,legacy_fixed_r_v1,2023-11-23 01:25:00+00:00,2023-11-23 01:30:00+00:00,2023-11-23 02:15:00+00:00,10
163853,163859,0.88266,0.8825447136566813,0.5115541536275426,STOP,0.5965541536275426,0.085,legacy_fixed_r_v1,2023-11-23 05:55:00+00:00,2023-11-23 06:00:00+00:00,2023-11-23 06:25:00+00:00,6
163913,163920,0.88255,0.8829682903633161,-1.0850000000001052,STOP,-1.0000000000001052,0.085,legacy_fixed_r_v1,2023-11-23 10:55:00+00:00,2023-11-23 11:00:00+00:00,2023-11-23 11:30:00+00:00,7
163948,163954,0.88409,0.8844626096466296,-1.0850000000001097,STOP,-1.0000000000001097,0.085,legacy_fixed_r_v1,2023-11-23 13:50:00+00:00,2023-11-23 13:55:00+00:00,2023-11-23 14:20:00+00:00,6
164012,164019,0.88372,0.8835865466837832,0.9386536992926362,STOP,1.0236536992926362,0.085,legacy_fixed_r_v1,2023-11-23 19:10:00+00:00,2023-11-23 19:15:00+00:00,2023-11-23 19:45:00+00:00,7
164045,164047,0.88451,0.8838600107283334,2.9873409530608694,STOP,3.0723409530608694,0.085,legacy_fixed_r_v1,2023-11-23 21:55:00+00:00,2023-11-23 22:00:00+00:00,2023-11-23 22:05:00+00:00,2
164114,164119,0.8844,0.8841546317571154,1.0354749193632364,STOP,1.1204749193632364,0.085,legacy_fixed_r_v1,2023-11-24 03:40:00+00:00,2023-11-24 03:45:00+00:00,2023-11-24 04:05:00+00:00,5
164198,164208,0.88382,0.883470685322791,0.7911157640893186,STOP,0.8761157640893186,0.085,legacy_fixed_r_v1,2023-11-24 10:40:00+00:00,2023-11-24 10:45:00+00:00,2023-11-24 11:30:00+00:00,10
164215,164220,0.88305,0.8826786423375445,0.9796362597211743,STOP,1.0646362597211743,0.085,legacy_fixed_r_v1,2023-11-24 12:05:00+00:00,2023-11-24 12:10:00+00:00,2023-11-24 12:30:00+00:00,5
164285,164292,0.88155,0.8819718689020698,-1.0850000000000675,STOP,-1.0000000000000675,0.085,legacy_fixed_r_v1,2023-11-24 17:55:00+00:00,2023-11-24 18:00:00+00:00,2023-11-24 18:30:00+00:00,7
164373,164376,0.88225,0.881584903231699,1.9039797021383016,STOP,1.9889797021383016,0.085,legacy_fixed_r_v1,2023-11-27 01:15:00+00:00,2023-11-27 01:20:00+00:00,2023-11-27 01:30:00+00:00,3
164401,164408,0.88216,0.8824692667844383,-1.085000000000149,STOP,-1.000000000000149,0.085,legacy_fixed_r_v1,2023-11-27 03:35:00+00:00,2023-11-27 03:40:00+00:00,2023-11-27 04:10:00+00:00,7
164426,164433,0.88198,0.8816370773143668,1.177625823618758,STOP,1.262625823618758,0.085,legacy_fixed_r_v1,2023-11-27 05:40:00+00:00,2023-11-27 05:45:00+00:00,2023-11-27 06:15:00+00:00,7
164484,164491,0.88082,0.879880129210803,2.04648887701556,STOP,2.13148887701556,0.085,legacy_fixed_r_v1,2023-11-27 10:30:00+00:00,2023-11-27 10:35:00+00:00,2023-11-27 11:05:00+00:00,7
164587,164599,0.88087,0.8803574067807041,1.4987191775423743,STOP,1.5837191775423742,0.085,legacy_fixed_r_v1,2023-11-27 19:05:00+00:00,2023-11-27 19:10:00+00:00,2023-11-27 20:05:00+00:00,12
164606,164610,0.88021,0.8804618128729194,-1.0850000000000721,STOP,-1.0000000000000722,0.085,legacy_fixed_r_v1,2023-11-27 20:40:00+00:00,2023-11-27 20:45:00+00:00,2023-11-27 21:00:00+00:00,4
164643,164653,0.88004,0.8798780034801517,0.49472311384743345,STOP,0.5797231138474335,0.085,legacy_fixed_r_v1,2023-11-27 23:45:00+00:00,2023-11-27 23:50:00+00:00,2023-11-28 00:35:00+00:00,10
164704,164732,0.88027,0.8804505948714754,-1.085000000000209,STOP,-1.000000000000209,0.085,legacy_fixed_r_v1,2023-11-28 04:50:00+00:00,2023-11-28 04:55:00+00:00,2023-11-28 07:10:00+00:00,28
164846,164855,0.87702,0.8765411697846383,0.4867611465689569,STOP,0.5717611465689569,0.085,legacy_fixed_r_v1,2023-11-28 16:40:00+00:00,2023-11-28 16:45:00+00:00,2023-11-28 17:25:00+00:00,9
164910,164913,0.87824,0.8776142669936678,1.808015391621656,STOP,1.8930153916216559,0.085,legacy_fixed_r_v1,2023-11-28 22:00:00+00:00,2023-11-28 22:05:00+00:00,2023-11-28 22:15:00+00:00,3
164940,164947,0.87698,0.8761781233571869,2.302511534341042,STOP,2.387511534341042,0.085,legacy_fixed_r_v1,2023-11-29 00:30:00+00:00,2023-11-29 00:35:00+00:00,2023-11-29 01:05:00+00:00,7
164990,164996,0.87672,0.87654543260018,0.6230345154942939,STOP,0.7080345154942939,0.085,legacy_fixed_r_v1,2023-11-29 04:40:00+00:00,2023-11-29 04:45:00+00:00,2023-11-29 05:10:00+00:00,6
165074,165079,0.87694,0.8766000203245572,0.6195937821603034,STOP,0.7045937821603033,0.085,legacy_fixed_r_v1,2023-11-29 11:40:00+00:00,2023-11-29 11:45:00+00:00,2023-11-29 12:05:00+00:00,5
165136,165162,0.87459,0.8725328882222155,2.585079870274882,STOP,2.670079870274882,0.085,legacy_fixed_r_v1,2023-11-29 17:05:00+00:00,2023-11-29 17:10:00+00:00,2023-11-29 19:15:00+00:00,26
165222,165231,0.87324,0.8723328723233424,3.120092738954602,STOP,3.205092738954602,0.085,legacy_fixed_r_v1,2023-11-30 00:15:00+00:00,2023-11-30 00:20:00+00:00,2023-11-30 01:00:00+00:00,9
165252,165260,0.87204,0.8723856635012501,-1.0849999999998488,STOP,-0.9999999999998488,0.085,legacy_fixed_r_v1,2023-11-30 02:45:00+00:00,2023-11-30 02:50:00+00:00,2023-11-30 03:25:00+00:00,8
165296,165301,0.87271,0.8723730104129206,1.1741021917070509,STOP,1.2591021917070508,0.085,legacy_fixed_r_v1,2023-11-30 06:25:00+00:00,2023-11-30 06:30:00+00:00,2023-11-30 06:50:00+00:00,5
165376,165381,0.87479,0.8739982090740706,1.3137661072693982,STOP,1.3987661072693982,0.085,legacy_fixed_r_v1,2023-11-30 13:05:00+00:00,2023-11-30 13:10:00+00:00,2023-11-30 13:30:00+00:00,5
165472,165486,0.87527,0.8748087267911663,0.817006692267037,STOP,0.902006692267037,0.085,legacy_fixed_r_v1,2023-11-30 21:05:00+00:00,2023-11-30 21:10:00+00:00,2023-11-30 22:15:00+00:00,14
165591,165598,0.87424,0.8744992606608821,-1.0849999999998232,STOP,-0.9999999999998231,0.085,legacy_fixed_r_v1,2023-12-01 07:00:00+00:00,2023-12-01 07:05:00+00:00,2023-12-01 07:35:00+00:00,7
165770,165772,0.87056,0.8690634468080655,4.031184863485617,STOP,4.116184863485617,0.085,legacy_fixed_r_v1,2023-12-01 21:55:00+00:00,2023-12-03 22:00:00+00:00,2023-12-03 22:05:00+00:00,2
165903,165910,0.87304,0.8723373343632735,0.6967908933127955,STOP,0.7817908933127955,0.085,legacy_fixed_r_v1,2023-12-04 09:00:00+00:00,2023-12-04 09:05:00+00:00,2023-12-04 09:35:00+00:00,7
165944,165958,0.87205,0.8725932334871186,-1.085000000000004,STOP,-1.000000000000004,0.085,legacy_fixed_r_v1,2023-12-04 12:25:00+00:00,2023-12-04 12:30:00+00:00,2023-12-04 13:35:00+00:00,14
166000,166020,0.87273,0.8736679830517539,-1.0849999999999953,STOP,-0.9999999999999953,0.085,legacy_fixed_r_v1,2023-12-04 17:05:00+00:00,2023-12-04 17:10:00+00:00,2023-12-04 18:45:00+00:00,20
166028,166034,0.87296,0.873406268618478,-1.0849999999999111,STOP,-0.9999999999999111,0.085,legacy_fixed_r_v1,2023-12-04 19:25:00+00:00,2023-12-04 19:30:00+00:00,2023-12-04 19:55:00+00:00,6
166049,166062,0.87281,0.8723581274014822,1.0445069574566481,STOP,1.129506957456648,0.085,legacy_fixed_r_v1,2023-12-04 21:10:00+00:00,2023-12-04 21:15:00+00:00,2023-12-04 22:15:00+00:00,13
166084,166087,0.87234,0.8721531897692458,0.5002854880805567,STOP,0.5852854880805567,0.085,legacy_fixed_r_v1,2023-12-05 00:05:00+00:00,2023-12-05 00:10:00+00:00,2023-12-05 00:20:00+00:00,3
166235,166250,0.87374,0.8734476739203558,0.467624583353728,STOP,0.552624583353728,0.085,legacy_fixed_r_v1,2023-12-05 12:40:00+00:00,2023-12-05 12:45:00+00:00,2023-12-05 13:55:00+00:00,15
166292,166306,0.87491,0.8756807301179359,-1.0849999999999638,STOP,-0.9999999999999637,0.085,legacy_fixed_r_v1,2023-12-05 17:25:00+00:00,2023-12-05 17:30:00+00:00,2023-12-05 18:35:00+00:00,14
166324,166345,0.87539,0.8749288323919507,1.0910546763054207,STOP,1.1760546763054207,0.085,legacy_fixed_r_v1,2023-12-05 20:05:00+00:00,2023-12-05 20:10:00+00:00,2023-12-05 21:50:00+00:00,21
166373,166378,0.87475,0.8750133350775834,-1.0849999999999467,STOP,-0.9999999999999467,0.085,legacy_fixed_r_v1,2023-12-06 00:10:00+00:00,2023-12-06 00:15:00+00:00,2023-12-06 00:35:00+00:00,5
166490,166508,0.87431,0.8748613303068649,-1.0850000000000515,STOP,-1.0000000000000515,0.085,legacy_fixed_r_v1,2023-12-06 09:55:00+00:00,2023-12-06 10:00:00+00:00,2023-12-06 11:25:00+00:00,18
166596,166603,0.87391,0.8744526892668584,-1.0849999999999498,STOP,-0.9999999999999498,0.085,legacy_fixed_r_v1,2023-12-06 18:45:00+00:00,2023-12-06 18:50:00+00:00,2023-12-06 19:20:00+00:00,7
166628,166636,0.87495,0.8741043106995349,2.3752755625744544,STOP,2.4602755625744543,0.085,legacy_fixed_r_v1,2023-12-06 21:25:00+00:00,2023-12-06 21:30:00+00:00,2023-12-06 22:05:00+00:00,8
166666,166676,0.87447,0.8747375455471043,-1.084999999999859,STOP,-0.999999999999859,0.085,legacy_fixed_r_v1,2023-12-07 00:35:00+00:00,2023-12-07 00:40:00+00:00,2023-12-07 01:25:00+00:00,10
166735,166740,0.87549,0.8752319364479151,0.6859661681023,STOP,0.7709661681023,0.085,legacy_fixed_r_v1,2023-12-07 06:20:00+00:00,2023-12-07 06:25:00+00:00,2023-12-07 06:45:00+00:00,5
166777,166785,0.87327,0.8737811195902327,-1.0849999999999071,STOP,-0.9999999999999071,0.085,legacy_fixed_r_v1,2023-12-07 09:50:00+00:00,2023-12-07 09:55:00+00:00,2023-12-07 10:30:00+00:00,8
166791,166795,0.87311,0.8736610731579806,-1.0849999999999727,STOP,-0.9999999999999727,0.085,legacy_fixed_r_v1,2023-12-07 11:00:00+00:00,2023-12-07 11:05:00+00:00,2023-12-07 11:20:00+00:00,4
166921,166946,0.8751,0.8754760137275005,-1.0849999999999167,STOP,-0.9999999999999166,0.085,legacy_fixed_r_v1,2023-12-07 21:50:00+00:00,2023-12-07 21:55:00+00:00,2023-12-07 23:55:00+00:00,25
166951,166961,0.8751,0.8747502023064645,0.8936640751462439,STOP,0.9786640751462439,0.085,legacy_fixed_r_v1,2023-12-08 00:20:00+00:00,2023-12-08 00:25:00+00:00,2023-12-08 01:10:00+00:00,10
166984,167005,0.87504,0.8753963549886248,-1.0850000000000268,STOP,-1.0000000000000269,0.085,legacy_fixed_r_v1,2023-12-08 03:05:00+00:00,2023-12-08 03:10:00+00:00,2023-12-08 04:50:00+00:00,21
167014,167017,0.87522,0.875481719576383,-1.0850000000001943,STOP,-1.0000000000001943,0.085,legacy_fixed_r_v1,2023-12-08 05:35:00+00:00,2023-12-08 05:40:00+00:00,2023-12-08 05:50:00+00:00,3
167127,167134,0.8788,0.8778941047977328,0.5746381217269818,STOP,0.6596381217269818,0.085,legacy_fixed_r_v1,2023-12-08 15:00:00+00:00,2023-12-08 15:05:00+00:00,2023-12-08 15:35:00+00:00,7
167157,167211,0.88057,0.879816695770008,0.7876499862878654,STOP,0.8726499862878654,0.085,legacy_fixed_r_v1,2023-12-08 17:30:00+00:00,2023-12-08 17:35:00+00:00,2023-12-10 22:00:00+00:00,54
167239,167250,0.87924,0.8790030990876694,0.5852608936017879,STOP,0.6702608936017879,0.085,legacy_fixed_r_v1,2023-12-11 00:20:00+00:00,2023-12-11 00:25:00+00:00,2023-12-11 01:15:00+00:00,11
167303,167305,0.87991,0.8797811976406686,0.5606174127151833,STOP,0.6456174127151832,0.085,legacy_fixed_r_v1,2023-12-11 05:40:00+00:00,2023-12-11 05:45:00+00:00,2023-12-11 05:50:00+00:00,2
167435,167449,0.879,0.8797050469368992,-1.0849999999999462,STOP,-0.9999999999999462,0.085,legacy_fixed_r_v1,2023-12-11 16:40:00+00:00,2023-12-11 16:45:00+00:00,2023-12-11 17:50:00+00:00,14
167456,167472,0.8789,0.8780461063440094,1.5288158532340614,STOP,1.6138158532340614,0.085,legacy_fixed_r_v1,2023-12-11 18:25:00+00:00,2023-12-11 18:30:00+00:00,2023-12-11 19:45:00+00:00,16
167486,167495,0.8783,0.8786103400531045,-1.085000000000058,STOP,-1.000000000000058,0.085,legacy_fixed_r_v1,2023-12-11 20:55:00+00:00,2023-12-11 21:00:00+00:00,2023-12-11 21:40:00+00:00,9
167499,167501,0.8793,0.8782569656657367,3.7078111297379563,STOP,3.7928111297379563,0.085,legacy_fixed_r_v1,2023-12-11 22:00:00+00:00,2023-12-11 22:05:00+00:00,2023-12-11 22:10:00+00:00,2
167589,167609,0.87672,0.8761875542970818,2.089862310476882,STOP,2.174862310476882,0.085,legacy_fixed_r_v1,2023-12-12 05:30:00+00:00,2023-12-12 05:35:00+00:00,2023-12-12 07:10:00+00:00,20
167672,167676,0.8744,0.8740101299254799,0.6570415787574209,STOP,0.7420415787574208,0.085,legacy_fixed_r_v1,2023-12-12 12:25:00+00:00,2023-12-12 12:30:00+00:00,2023-12-12 12:45:00+00:00,4
167716,167788,0.87565,0.8751,0.47198273484406567,TIME,0.5569827348440657,0.085,legacy_fixed_r_v1,2023-12-12 16:05:00+00:00,2023-12-12 16:10:00+00:00,2023-12-12 22:05:00+00:00,72
167871,167882,0.87561,0.8754401293301963,0.8760296516463115,STOP,0.9610296516463115,0.085,legacy_fixed_r_v1,2023-12-13 05:00:00+00:00,2023-12-13 05:05:00+00:00,2023-12-13 05:55:00+00:00,11
167943,167962,0.87601,0.8756593763148309,0.6221796903900548,STOP,0.7071796903900548,0.085,legacy_fixed_r_v1,2023-12-13 11:00:00+00:00,2023-12-13 11:05:00+00:00,2023-12-13 12:35:00+00:00,19
168039,168043,0.87371,0.8724292957386426,1.2148830004053843,STOP,1.2998830004053843,0.085,legacy_fixed_r_v1,2023-12-13 19:00:00+00:00,2023-12-13 19:05:00+00:00,2023-12-13 19:20:00+00:00,4
168075,168081,0.87193,0.8712987578195657,0.7693192528095072,STOP,0.8543192528095072,0.085,legacy_fixed_r_v1,2023-12-13 22:00:00+00:00,2023-12-13 22:05:00+00:00,2023-12-13 22:30:00+00:00,6
168099,168106,0.87067,0.8699094459479719,1.2841509858346936,STOP,1.3691509858346935,0.085,legacy_fixed_r_v1,2023-12-14 00:00:00+00:00,2023-12-14 00:05:00+00:00,2023-12-14 00:35:00+00:00,7
168120,168129,0.8693,0.8682675737072599,1.8049508554961453,STOP,1.8899508554961453,0.085,legacy_fixed_r_v1,2023-12-14 01:45:00+00:00,2023-12-14 01:50:00+00:00,2023-12-14 02:30:00+00:00,9
168169,168173,0.86804,0.868460816353684,-1.0849999999999937,STOP,-0.9999999999999938,0.085,legacy_fixed_r_v1,2023-12-14 05:50:00+00:00,2023-12-14 05:55:00+00:00,2023-12-14 06:10:00+00:00,4
168236,168245,0.86979,0.8687317814826195,1.0313996636308236,STOP,1.1163996636308235,0.085,legacy_fixed_r_v1,2023-12-14 11:25:00+00:00,2023-12-14 11:30:00+00:00,2023-12-14 12:10:00+00:00,9
168292,168298,0.86533,0.8644883067435594,0.5783784175913643,STOP,0.6633784175913643,0.085,legacy_fixed_r_v1,2023-12-14 16:05:00+00:00,2023-12-14 16:10:00+00:00,2023-12-14 16:35:00+00:00,6
168338,168350,0.86606,0.8666831876704717,-1.0849999999999114,STOP,-0.9999999999999114,0.085,legacy_fixed_r_v1,2023-12-14 19:55:00+00:00,2023-12-14 20:00:00+00:00,2023-12-14 20:55:00+00:00,12
168428,168444,0.86626,0.8653155585345462,2.5311954319960215,STOP,2.6161954319960214,0.085,legacy_fixed_r_v1,2023-12-15 03:25:00+00:00,2023-12-15 03:30:00+00:00,2023-12-15 04:45:00+00:00,16
168516,168546,0.86626,0.8668166102008029,-1.0849999999999629,STOP,-0.9999999999999628,0.085,legacy_fixed_r_v1,2023-12-15 10:45:00+00:00,2023-12-15 10:50:00+00:00,2023-12-15 13:15:00+00:00,30
168577,168587,0.86727,0.8682171728455177,-1.0849999999999942,STOP,-0.9999999999999941,0.085,legacy_fixed_r_v1,2023-12-15 15:50:00+00:00,2023-12-15 15:55:00+00:00,2023-12-15 16:40:00+00:00,10
168627,168629,0.86958,0.8701388021213986,-1.0849999999999052,STOP,-0.9999999999999051,0.085,legacy_fixed_r_v1,2023-12-15 20:00:00+00:00,2023-12-15 20:05:00+00:00,2023-12-15 20:10:00+00:00,2
168701,168717,0.87004,0.86957899868742,1.1147142169609552,STOP,1.1997142169609551,0.085,legacy_fixed_r_v1,2023-12-18 02:10:00+00:00,2023-12-18 02:15:00+00:00,2023-12-18 03:30:00+00:00,16
168732,168737,0.86951,0.8693584350896518,0.65526021125859,STOP,0.74026021125859,0.085,legacy_fixed_r_v1,2023-12-18 04:45:00+00:00,2023-12-18 04:50:00+00:00,2023-12-18 05:10:00+00:00,5
168888,168904,0.86769,0.8682140568809322,-1.08500000000006,STOP,-1.00000000000006,0.085,legacy_fixed_r_v1,2023-12-18 17:45:00+00:00,2023-12-18 17:50:00+00:00,2023-12-18 19:05:00+00:00,16
168919,168929,0.86794,0.8673966810634925,1.5353945423680924,STOP,1.6203945423680923,0.085,legacy_fixed_r_v1,2023-12-18 20:20:00+00:00,2023-12-18 20:25:00+00:00,2023-12-18 21:10:00+00:00,10
169026,169036,0.86659,0.8663862564477208,0.7630004085280233,STOP,0.8480004085280233,0.085,legacy_fixed_r_v1,2023-12-19 05:15:00+00:00,2023-12-19 05:20:00+00:00,2023-12-19 06:05:00+00:00,10
169076,169111,0.86614,0.865287111635285,1.5547691203312142,STOP,1.6397691203312141,0.085,legacy_fixed_r_v1,2023-12-19 09:25:00+00:00,2023-12-19 09:30:00+00:00,2023-12-19 12:20:00+00:00,35
169139,169142,0.86355,0.8612611761978523,3.144183693813278,STOP,3.229183693813278,0.085,legacy_fixed_r_v1,2023-12-19 14:40:00+00:00,2023-12-19 14:45:00+00:00,2023-12-19 14:55:00+00:00,3
169214,169229,0.86077,0.8597580779363369,2.934122161125338,STOP,3.019122161125338,0.085,legacy_fixed_r_v1,2023-12-19 20:55:00+00:00,2023-12-19 21:00:00+00:00,2023-12-19 22:10:00+00:00,15
169261,169264,0.86051,0.8607942869878782,-1.084999999999867,STOP,-0.9999999999998669,0.085,legacy_fixed_r_v1,2023-12-20 00:50:00+00:00,2023-12-20 00:55:00+00:00,2023-12-20 01:05:00+00:00,3
169292,169296,0.86105,0.8612344431188469,-1.0849999999999491,STOP,-0.9999999999999492,0.085,legacy_fixed_r_v1,2023-12-20 03:25:00+00:00,2023-12-20 03:30:00+00:00,2023-12-20 03:45:00+00:00,4
169482,169486,0.8614,0.8617736281490792,-1.084999999999942,STOP,-0.9999999999999419,0.085,legacy_fixed_r_v1,2023-12-20 19:15:00+00:00,2023-12-20 19:20:00+00:00,2023-12-20 19:35:00+00:00,4
169511,169517,0.86279,0.8625352230094949,0.5057283859504783,STOP,0.5907283859504783,0.085,legacy_fixed_r_v1,2023-12-20 21:40:00+00:00,2023-12-20 21:45:00+00:00,2023-12-20 22:10:00+00:00,6
169589,169606,0.862,0.8617381076597429,0.8659374114189031,STOP,0.9509374114189031,0.085,legacy_fixed_r_v1,2023-12-21 04:10:00+00:00,2023-12-21 04:15:00+00:00,2023-12-21 05:35:00+00:00,17
169671,169681,0.86157,0.8599433666861295,3.4976269750752564,STOP,3.5826269750752564,0.085,legacy_fixed_r_v1,2023-12-21 11:00:00+00:00,2023-12-21 11:05:00+00:00,2023-12-21 11:50:00+00:00,10
169701,169704,0.8576,0.8570619830329537,0.6218064227251069,STOP,0.7068064227251069,0.085,legacy_fixed_r_v1,2023-12-21 13:30:00+00:00,2023-12-21 13:35:00+00:00,2023-12-21 13:45:00+00:00,3
169785,169802,0.8568,0.8561514044821104,1.41744127398489,STOP,1.50244127398489,0.085,legacy_fixed_r_v1,2023-12-21 20:30:00+00:00,2023-12-21 20:35:00+00:00,2023-12-21 21:55:00+00:00,17
169827,169837,0.85591,0.8562633329034893,-1.0849999999999473,STOP,-0.9999999999999473,0.085,legacy_fixed_r_v1,2023-12-22 00:00:00+00:00,2023-12-22 00:05:00+00:00,2023-12-22 00:50:00+00:00,10
169942,169957,0.85539,0.8540351402371181,2.554379946432101,STOP,2.639379946432101,0.085,legacy_fixed_r_v1,2023-12-22 09:35:00+00:00,2023-12-22 09:40:00+00:00,2023-12-22 10:50:00+00:00,15
170091,170104,0.85878,0.8553960715305771,9.195994809577044,STOP,9.280994809577045,0.085,legacy_fixed_r_v1,2023-12-24 23:00:00+00:00,2023-12-24 23:05:00+00:00,2023-12-25 00:15:00+00:00,13
170110,170112,0.85565,0.8543851128979424,2.34274857722609,STOP,2.42774857722609,0.085,legacy_fixed_r_v1,2023-12-25 22:00:00+00:00,2023-12-25 22:05:00+00:00,2023-12-25 22:10:00+00:00,2
170165,170170,0.85571,0.8550433863399298,2.9261666329208578,STOP,3.0111666329208577,0.085,legacy_fixed_r_v1,2023-12-26 02:50:00+00:00,2023-12-26 02:55:00+00:00,2023-12-26 03:15:00+00:00,5
170196,170199,0.85521,0.8550165038026846,1.2162940770944133,STOP,1.3012940770944132,0.085,legacy_fixed_r_v1,2023-12-26 05:25:00+00:00,2023-12-26 05:30:00+00:00,2023-12-26 05:40:00+00:00,3
170309,170314,0.85493,0.8544068134801295,1.0368566332079316,STOP,1.1218566332079316,0.085,legacy_fixed_r_v1,2023-12-26 14:50:00+00:00,2023-12-26 14:55:00+00:00,2023-12-26 15:15:00+00:00,5
170337,170367,0.85502,0.8541732653595427,1.920663856417907,STOP,2.005663856417907,0.085,legacy_fixed_r_v1,2023-12-26 17:10:00+00:00,2023-12-26 17:15:00+00:00,2023-12-26 19:40:00+00:00,30
170395,170397,0.8538,0.8531924738431357,1.9694459556377524,STOP,2.0544459556377523,0.085,legacy_fixed_r_v1,2023-12-26 22:00:00+00:00,2023-12-26 22:05:00+00:00,2023-12-26 22:10:00+00:00,2
170481,170485,0.85341,0.8535978580025801,-1.0849999999998314,STOP,-0.9999999999998315,0.085,legacy_fixed_r_v1,2023-12-27 05:10:00+00:00,2023-12-27 05:15:00+00:00,2023-12-27 05:30:00+00:00,4
170531,170539,0.85302,0.8521210258671248,1.6187675439275673,STOP,1.7037675439275672,0.085,legacy_fixed_r_v1,2023-12-27 09:20:00+00:00,2023-12-27 09:25:00+00:00,2023-12-27 10:00:00+00:00,8
170653,170657,0.84274,0.8434450109982626,-1.0850000000000752,STOP,-1.0000000000000753,0.085,legacy_fixed_r_v1,2023-12-27 19:30:00+00:00,2023-12-27 19:35:00+00:00,2023-12-27 19:50:00+00:00,4
170683,170685,0.84345,0.8427209898170427,1.624835809422824,STOP,1.7098358094228239,0.085,legacy_fixed_r_v1,2023-12-27 22:00:00+00:00,2023-12-27 22:05:00+00:00,2023-12-27 22:10:00+00:00,2
170764,170767,0.83973,0.8401322824064251,-1.084999999999884,STOP,-0.999999999999884,0.085,legacy_fixed_r_v1,2023-12-28 04:45:00+00:00,2023-12-28 04:50:00+00:00,2023-12-28 05:00:00+00:00,3
170791,170795,0.84015,0.8389923132899526,2.9285148773861014,STOP,3.0135148773861014,0.085,legacy_fixed_r_v1,2023-12-28 07:00:00+00:00,2023-12-28 07:05:00+00:00,2023-12-28 07:20:00+00:00,4
170819,170824,0.83831,0.8345972906393886,5.136833142690007,STOP,5.221833142690007,0.085,legacy_fixed_r_v1,2023-12-28 09:20:00+00:00,2023-12-28 09:25:00+00:00,2023-12-28 09:45:00+00:00,5
170973,170978,0.84526,0.8441326016781566,2.0793186900812244,STOP,2.1643186900812244,0.085,legacy_fixed_r_v1,2023-12-28 22:10:00+00:00,2023-12-28 22:15:00+00:00,2023-12-28 22:35:00+00:00,5
170991,171002,0.84371,0.8429278209947388,1.2636603841784115,STOP,1.3486603841784115,0.085,legacy_fixed_r_v1,2023-12-28 23:40:00+00:00,2023-12-28 23:45:00+00:00,2023-12-29 00:35:00+00:00,11
171067,171071,0.84291,0.8425470342021952,1.2360044940980093,STOP,1.3210044940980092,0.085,legacy_fixed_r_v1,2023-12-29 06:00:00+00:00,2023-12-29 06:05:00+00:00,2023-12-29 06:20:00+00:00,4
171139,171148,0.83631,0.8373133054374894,-1.085000000000015,STOP,-1.000000000000015,0.085,legacy_fixed_r_v1,2023-12-29 12:00:00+00:00,2023-12-29 12:05:00+00:00,2023-12-29 12:45:00+00:00,9
171259,171261,0.84151,0.8397351715252164,2.77592183691633,STOP,2.86092183691633,0.085,legacy_fixed_r_v1,2024-01-01 22:00:00+00:00,2024-01-01 22:05:00+00:00,2024-01-01 22:10:00+00:00,2
171444,171449,0.84872,0.8495904136424706,-1.0850000000000637,STOP,-1.0000000000000637,0.085,legacy_fixed_r_v1,2024-01-02 13:25:00+00:00,2024-01-02 13:30:00+00:00,2024-01-02 13:50:00+00:00,5
171516,171534,0.84933,0.8499152802831392,-1.0850000000000162,STOP,-1.0000000000000162,0.085,legacy_fixed_r_v1,2024-01-02 19:25:00+00:00,2024-01-02 19:30:00+00:00,2024-01-02 20:55:00+00:00,18
171547,171551,0.85067,0.8494602860693788,2.8446255553820947,STOP,2.9296255553820947,0.085,legacy_fixed_r_v1,2024-01-02 22:00:00+00:00,2024-01-02 22:05:00+00:00,2024-01-02 22:20:00+00:00,4
171573,171584,0.85,0.8492480728861636,2.058294440025989,STOP,2.143294440025989,0.085,legacy_fixed_r_v1,2024-01-03 00:10:00+00:00,2024-01-03 00:15:00+00:00,2024-01-03 01:05:00+00:00,11
171613,171620,0.84961,0.8492926995061347,0.9415160556305575,STOP,1.0265160556305575,0.085,legacy_fixed_r_v1,2024-01-03 03:30:00+00:00,2024-01-03 03:35:00+00:00,2024-01-03 04:05:00+00:00,7
171631,171635,0.84906,0.8493456560510337,-1.0849999999998494,STOP,-0.9999999999998493,0.085,legacy_fixed_r_v1,2024-01-03 05:00:00+00:00,2024-01-03 05:05:00+00:00,2024-01-03 05:20:00+00:00,4
171822,171836,0.84995,0.849246586931726,0.8341319217482582,STOP,0.9191319217482582,0.085,legacy_fixed_r_v1,2024-01-03 20:55:00+00:00,2024-01-03 21:00:00+00:00,2024-01-03 22:05:00+00:00,14
171915,171916,0.84842,0.848744396556029,-1.085000000000074,STOP,-1.000000000000074,0.085,legacy_fixed_r_v1,2024-01-04 04:40:00+00:00,2024-01-04 04:45:00+00:00,2024-01-04 04:45:00+00:00,1
172004,172018,0.85015,0.8507527129691247,-1.0850000000000022,STOP,-1.0000000000000022,0.085,legacy_fixed_r_v1,2024-01-04 12:05:00+00:00,2024-01-04 12:10:00+00:00,2024-01-04 13:15:00+00:00,14
172096,172114,0.85108,0.8501235207960474,1.9359783429309392,STOP,2.020978342930939,0.085,legacy_fixed_r_v1,2024-01-04 19:45:00+00:00,2024-01-04 19:50:00+00:00,2024-01-04 21:15:00+00:00,18
172148,172153,0.84994,0.8497394465751655,0.4554067374186384,STOP,0.5404067374186384,0.085,legacy_fixed_r_v1,2024-01-05 00:05:00+00:00,2024-01-05 00:10:00+00:00,2024-01-05 00:30:00+00:00,5
172218,172222,0.85058,0.8507807071669468,-1.0849999999998727,STOP,-0.9999999999998728,0.085,legacy_fixed_r_v1,2024-01-05 05:55:00+00:00,2024-01-05 06:00:00+00:00,2024-01-05 06:15:00+00:00,4
172308,172309,0.85297,0.8535616191106435,-1.0849999999999758,STOP,-0.9999999999999758,0.085,legacy_fixed_r_v1,2024-01-05 13:25:00+00:00,2024-01-05 13:30:00+00:00,2024-01-05 13:30:00+00:00,1
172374,172387,0.84906,0.8497547243821655,-1.0850000000000255,STOP,-1.0000000000000255,0.085,legacy_fixed_r_v1,2024-01-05 18:55:00+00:00,2024-01-05 19:00:00+00:00,2024-01-05 20:00:00+00:00,13
172410,172413,0.8494,0.8487677437949391,1.3049253295769925,STOP,1.3899253295769924,0.085,legacy_fixed_r_v1,2024-01-05 21:55:00+00:00,2024-01-07 22:05:00+00:00,2024-01-07 22:15:00+00:00,3
172436,172451,0.85069,0.8500332847952373,1.3118163982621913,STOP,1.3968163982621913,0.085,legacy_fixed_r_v1,2024-01-08 00:10:00+00:00,2024-01-08 00:15:00+00:00,2024-01-08 01:25:00+00:00,15
172566,172573,0.85052,0.8511623221288831,-1.0850000000000735,STOP,-1.0000000000000735,0.085,legacy_fixed_r_v1,2024-01-08 11:00:00+00:00,2024-01-08 11:05:00+00:00,2024-01-08 11:35:00+00:00,7
172668,172676,0.84731,0.8477249239685422,-1.0849999999999034,STOP,-0.9999999999999033,0.085,legacy_fixed_r_v1,2024-01-08 19:30:00+00:00,2024-01-08 19:35:00+00:00,2024-01-08 20:10:00+00:00,8
172724,172741,0.84763,0.847254698617148,0.8654349257450895,STOP,0.9504349257450895,0.085,legacy_fixed_r_v1,2024-01-09 00:10:00+00:00,2024-01-09 00:15:00+00:00,2024-01-09 01:35:00+00:00,17
172870,172874,0.85073,0.8513399860982743,-1.0850000000000233,STOP,-1.0000000000000233,0.085,legacy_fixed_r_v1,2024-01-09 12:20:00+00:00,2024-01-09 12:25:00+00:00,2024-01-09 12:40:00+00:00,4
172938,172942,0.85118,0.8517969305766268,-1.0849999999999889,STOP,-0.9999999999999889,0.085,legacy_fixed_r_v1,2024-01-09 18:00:00+00:00,2024-01-09 18:05:00+00:00,2024-01-09 18:20:00+00:00,4
172962,172977,0.85207,0.8525197660686541,-1.08500000000003,STOP,-1.00000000000003,0.085,legacy_fixed_r_v1,2024-01-09 20:00:00+00:00,2024-01-09 20:05:00+00:00,2024-01-09 21:15:00+00:00,15
173012,173019,0.85223,0.8524975750460532,-1.085000000000052,STOP,-1.000000000000052,0.085,legacy_fixed_r_v1,2024-01-10 00:10:00+00:00,2024-01-10 00:15:00+00:00,2024-01-10 00:45:00+00:00,7
173051,173057,0.85211,0.8524075505551952,-1.0850000000001183,STOP,-1.0000000000001183,0.085,legacy_fixed_r_v1,2024-01-10 03:25:00+00:00,2024-01-10 03:30:00+00:00,2024-01-10 03:55:00+00:00,6
173066,173083,0.85228,0.8524961263629253,-1.0850000000001785,STOP,-1.0000000000001785,0.085,legacy_fixed_r_v1,2024-01-10 04:40:00+00:00,2024-01-10 04:45:00+00:00,2024-01-10 06:05:00+00:00,17
173215,173227,0.85114,0.8517165924387399,-1.0850000000000548,STOP,-1.0000000000000548,0.085,legacy_fixed_r_v1,2024-01-10 17:05:00+00:00,2024-01-10 17:10:00+00:00,2024-01-10 18:05:00+00:00,12
173295,173307,0.85064,0.8501433240909653,1.9544694375772802,STOP,2.03946943757728,0.085,legacy_fixed_r_v1,2024-01-10 23:45:00+00:00,2024-01-10 23:50:00+00:00,2024-01-11 00:45:00+00:00,12
173346,173358,0.8494,0.8496654677711118,-1.085000000000196,STOP,-1.000000000000196,0.085,legacy_fixed_r_v1,2024-01-11 04:00:00+00:00,2024-01-11 04:05:00+00:00,2024-01-11 05:00:00+00:00,12
173433,173441,0.8507,0.8504463538732211,0.42733463985546966,STOP,0.5123346398554697,0.085,legacy_fixed_r_v1,2024-01-11 11:15:00+00:00,2024-01-11 11:20:00+00:00,2024-01-11 11:55:00+00:00,8
173567,173571,0.8521,0.8518750895303865,0.5304130864690912,STOP,0.6154130864690912,0.085,legacy_fixed_r_v1,2024-01-11 22:25:00+00:00,2024-01-11 22:30:00+00:00,2024-01-11 22:45:00+00:00,4
173581,173589,0.85133,0.8516537956169118,-1.0849999999998694,STOP,-0.9999999999998694,0.085,legacy_fixed_r_v1,2024-01-11 23:35:00+00:00,2024-01-11 23:40:00+00:00,2024-01-12 00:15:00+00:00,8
173647,173653,0.85188,0.8521378040088049,-1.0850000000000901,STOP,-1.0000000000000902,0.085,legacy_fixed_r_v1,2024-01-12 05:05:00+00:00,2024-01-12 05:10:00+00:00,2024-01-12 05:35:00+00:00,6
173720,173723,0.85322,0.8538009613785498,-1.0849999999999496,STOP,-0.9999999999999496,0.085,legacy_fixed_r_v1,2024-01-12 11:10:00+00:00,2024-01-12 11:15:00+00:00,2024-01-12 11:25:00+00:00,3
173837,173843,0.8523,0.8526807453471364,-1.0849999999999722,STOP,-0.9999999999999722,0.085,legacy_fixed_r_v1,2024-01-12 20:55:00+00:00,2024-01-12 21:00:00+00:00,2024-01-12 21:25:00+00:00,6
173849,173851,0.85234,0.8518608720560257,1.0870312134157003,STOP,1.1720312134157003,0.085,legacy_fixed_r_v1,2024-01-12 21:55:00+00:00,2024-01-14 22:00:00+00:00,2024-01-14 22:05:00+00:00,2
173884,173901,0.85337,0.8528174158591574,1.3332176785460859,STOP,1.4182176785460858,0.085,legacy_fixed_r_v1,2024-01-15 00:50:00+00:00,2024-01-15 00:55:00+00:00,2024-01-15 02:15:00+00:00,17
174006,174016,0.85365,0.8541771450850061,-1.0850000000001,STOP,-1.0000000000001001,0.085,legacy_fixed_r_v1,2024-01-15 11:00:00+00:00,2024-01-15 11:05:00+00:00,2024-01-15 11:50:00+00:00,10
174125,174137,0.85595,0.8556855451063414,1.7963324997472743,STOP,1.8813324997472742,0.085,legacy_fixed_r_v1,2024-01-15 20:55:00+00:00,2024-01-15 21:00:00+00:00,2024-01-15 21:55:00+00:00,12
174301,174320,0.86018,0.8607695924804676,-1.084999999999989,STOP,-0.999999999999989,0.085,legacy_fixed_r_v1,2024-01-16 11:35:00+00:00,2024-01-16 11:40:00+00:00,2024-01-16 13:10:00+00:00,19
174381,174453,0.86122,0.8619637458604059,-1.0850000000000373,STOP,-1.0000000000000373,0.085,legacy_fixed_r_v1,2024-01-16 18:15:00+00:00,2024-01-16 18:20:00+00:00,2024-01-17 00:15:00+00:00,72
174657,174666,0.86626,0.8656359187311992,0.6603318550315871,STOP,0.745331855031587,0.085,legacy_fixed_r_v1,2024-01-17 17:15:00+00:00,2024-01-17 17:20:00+00:00,2024-01-17 18:00:00+00:00,9
174682,174706,0.86544,0.8645152034515463,1.6557678536649394,STOP,1.7407678536649394,0.085,legacy_fixed_r_v1,2024-01-17 19:20:00+00:00,2024-01-17 19:25:00+00:00,2024-01-17 21:20:00+00:00,24
174749,174754,0.86395,0.8635612964400731,1.0905761131088514,STOP,1.1755761131088514,0.085,legacy_fixed_r_v1,2024-01-18 00:55:00+00:00,2024-01-18 01:00:00+00:00,2024-01-18 01:20:00+00:00,5
174971,174974,0.86861,0.8691147839510543,-1.0850000000000035,STOP,-1.0000000000000036,0.085,legacy_fixed_r_v1,2024-01-18 19:25:00+00:00,2024-01-18 19:30:00+00:00,2024-01-18 19:40:00+00:00,3
175072,175079,0.86796,0.8682149839501592,-1.084999999999965,STOP,-0.9999999999999651,0.085,legacy_fixed_r_v1,2024-01-19 03:50:00+00:00,2024-01-19 03:55:00+00:00,2024-01-19 04:25:00+00:00,7
175163,175201,0.86885,0.8693856937814728,-1.08500000000003,STOP,-1.00000000000003,0.085,legacy_fixed_r_v1,2024-01-19 11:25:00+00:00,2024-01-19 11:30:00+00:00,2024-01-19 14:35:00+00:00,38
175241,175282,0.86917,0.8681288297988524,1.7116138964767111,STOP,1.796613896476711,0.085,legacy_fixed_r_v1,2024-01-19 17:55:00+00:00,2024-01-19 18:00:00+00:00,2024-01-19 21:20:00+00:00,41
175289,175291,0.86918,0.8682835659436109,2.5576414029482493,STOP,2.6426414029482492,0.085,legacy_fixed_r_v1,2024-01-19 21:55:00+00:00,2024-01-21 22:00:00+00:00,2024-01-21 22:05:00+00:00,2
175323,175330,0.86814,0.8678882676341787,0.5106914829713664,STOP,0.5956914829713663,0.085,legacy_fixed_r_v1,2024-01-22 00:45:00+00:00,2024-01-22 00:50:00+00:00,2024-01-22 01:20:00+00:00,7
175459,175465,0.86801,0.8676957538727937,0.6394330711212695,STOP,0.7244330711212694,0.085,legacy_fixed_r_v1,2024-01-22 12:05:00+00:00,2024-01-22 12:10:00+00:00,2024-01-22 12:35:00+00:00,6
175517,175545,0.8687,0.8692809013053514,-1.084999999999959,STOP,-0.9999999999999591,0.085,legacy_fixed_r_v1,2024-01-22 16:55:00+00:00,2024-01-22 17:00:00+00:00,2024-01-22 19:15:00+00:00,28
175606,175611,0.86911,0.8688803435486344,1.132898422127412,STOP,1.217898422127412,0.085,legacy_fixed_r_v1,2024-01-23 00:20:00+00:00,2024-01-23 00:25:00+00:00,2024-01-23 00:45:00+00:00,5
175661,175674,0.86672,0.865793778654405,3.1526356612753714,STOP,3.2376356612753714,0.085,legacy_fixed_r_v1,2024-01-23 04:55:00+00:00,2024-01-23 05:00:00+00:00,2024-01-23 06:00:00+00:00,13
175756,175771,0.86901,0.8694737961611916,-1.0850000000000422,STOP,-1.0000000000000422,0.085,legacy_fixed_r_v1,2024-01-23 12:50:00+00:00,2024-01-23 12:55:00+00:00,2024-01-23 14:05:00+00:00,15
175821,175829,0.87111,0.8716485268254066,-1.0850000000000188,STOP,-1.0000000000000189,0.085,legacy_fixed_r_v1,2024-01-23 18:15:00+00:00,2024-01-23 18:20:00+00:00,2024-01-23 18:55:00+00:00,8
175838,175842,0.87061,0.8710732055370335,-1.0850000000000748,STOP,-1.0000000000000748,0.085,legacy_fixed_r_v1,2024-01-23 19:40:00+00:00,2024-01-23 19:45:00+00:00,2024-01-23 20:00:00+00:00,4
175856,175862,0.87055,0.8701795629928845,1.0812486751690387,STOP,1.1662486751690386,0.085,legacy_fixed_r_v1,2024-01-23 21:10:00+00:00,2024-01-23 21:15:00+00:00,2024-01-23 21:40:00+00:00,6
175870,175873,0.87016,0.8699776342698275,0.6146927135380127,STOP,0.6996927135380127,0.085,legacy_fixed_r_v1,2024-01-23 22:20:00+00:00,2024-01-23 22:25:00+00:00,2024-01-23 22:35:00+00:00,3
176019,176033,0.8647,0.8652473172151642,-1.0849999999999602,STOP,-0.9999999999999601,0.085,legacy_fixed_r_v1,2024-01-24 10:45:00+00:00,2024-01-24 10:50:00+00:00,2024-01-24 11:55:00+00:00,14
176041,176053,0.86438,0.8619777688462869,4.182609368766054,STOP,4.267609368766054,0.085,legacy_fixed_r_v1,2024-01-24 12:35:00+00:00,2024-01-24 12:40:00+00:00,2024-01-24 13:35:00+00:00,12
176138,176140,0.86271,0.863110188579931,-1.0849999999999513,STOP,-0.9999999999999513,0.085,legacy_fixed_r_v1,2024-01-24 20:40:00+00:00,2024-01-24 20:45:00+00:00,2024-01-24 20:50:00+00:00,2
176246,176249,0.86444,0.864674905760837,-1.085000000000215,STOP,-1.000000000000215,0.085,legacy_fixed_r_v1,2024-01-25 05:40:00+00:00,2024-01-25 05:45:00+00:00,2024-01-25 05:55:00+00:00,3
176298,176301,0.8631,0.8636274728514676,-1.0849999999999274,STOP,-0.9999999999999274,0.085,legacy_fixed_r_v1,2024-01-25 10:00:00+00:00,2024-01-25 10:05:00+00:00,2024-01-25 10:15:00+00:00,3
176385,176410,0.86715,0.8679713920928509,-1.0849999999999824,STOP,-0.9999999999999825,0.085,legacy_fixed_r_v1,2024-01-25 17:15:00+00:00,2024-01-25 17:20:00+00:00,2024-01-25 19:20:00+00:00,25
176426,176443,0.86735,0.8669549087321635,0.8276971396122064,STOP,0.9126971396122063,0.085,legacy_fixed_r_v1,2024-01-25 20:40:00+00:00,2024-01-25 20:45:00+00:00,2024-01-25 22:05:00+00:00,17
176533,176539,0.8668,0.8670345427990168,-1.0849999999998723,STOP,-0.9999999999998722,0.085,legacy_fixed_r_v1,2024-01-26 05:35:00+00:00,2024-01-26 05:40:00+00:00,2024-01-26 06:05:00+00:00,6
176729,176732,0.86633,0.8644029752539673,4.768366242359902,STOP,4.853366242359902,0.085,legacy_fixed_r_v1,2024-01-26 21:55:00+00:00,2024-01-28 22:00:00+00:00,2024-01-28 22:10:00+00:00,3
176790,176812,0.86346,0.863165209455554,0.9104812559126837,STOP,0.9954812559126837,0.085,legacy_fixed_r_v1,2024-01-29 03:00:00+00:00,2024-01-29 03:05:00+00:00,2024-01-29 04:50:00+00:00,22
176962,176970,0.86365,0.8641442038843529,-1.0849999999999596,STOP,-0.9999999999999596,0.085,legacy_fixed_r_v1,2024-01-29 17:20:00+00:00,2024-01-29 17:25:00+00:00,2024-01-29 18:00:00+00:00,8
177050,177057,0.8612,0.861538483501276,-1.084999999999847,STOP,-0.9999999999998469,0.085,legacy_fixed_r_v1,2024-01-30 00:40:00+00:00,2024-01-30 00:45:00+00:00,2024-01-30 01:15:00+00:00,7
177075,177082,0.86144,0.8617241997159742,-1.0849999999998794,STOP,-0.9999999999998794,0.085,legacy_fixed_r_v1,2024-01-30 02:45:00+00:00,2024-01-30 02:50:00+00:00,2024-01-30 03:20:00+00:00,7
177191,177193,0.86237,0.8629122864042051,-1.0850000000000584,STOP,-1.0000000000000584,0.085,legacy_fixed_r_v1,2024-01-30 12:25:00+00:00,2024-01-30 12:30:00+00:00,2024-01-30 12:35:00+00:00,2
177241,177280,0.86283,0.8617498200203982,1.3439436614894675,STOP,1.4289436614894675,0.085,legacy_fixed_r_v1,2024-01-30 16:35:00+00:00,2024-01-30 16:40:00+00:00,2024-01-30 19:50:00+00:00,39
177306,177308,0.86197,0.8616413462845607,1.1687791930993632,STOP,1.2537791930993631,0.085,legacy_fixed_r_v1,2024-01-30 22:00:00+00:00,2024-01-30 22:05:00+00:00,2024-01-30 22:10:00+00:00,2
177380,177393,0.86312,0.8628429406904058,1.0370379186015948,STOP,1.1220379186015947,0.085,legacy_fixed_r_v1,2024-01-31 04:10:00+00:00,2024-01-31 04:15:00+00:00,2024-01-31 05:15:00+00:00,13
177487,177493,0.86262,0.8618974801120343,1.2158678444101574,STOP,1.3008678444101573,0.085,legacy_fixed_r_v1,2024-01-31 13:05:00+00:00,2024-01-31 13:10:00+00:00,2024-01-31 13:35:00+00:00,6
177585,177595,0.86194,0.860967544547539,0.6941992280718481,STOP,0.779199228071848,0.085,legacy_fixed_r_v1,2024-01-31 21:15:00+00:00,2024-01-31 21:20:00+00:00,2024-01-31 22:05:00+00:00,10
177643,177651,0.86259,0.8621787058489612,0.8219332380680219,STOP,0.9069332380680218,0.085,legacy_fixed_r_v1,2024-02-01 02:05:00+00:00,2024-02-01 02:10:00+00:00,2024-02-01 02:45:00+00:00,8
177755,177758,0.86324,0.8629622589251854,0.4297555513419879,STOP,0.5147555513419879,0.085,legacy_fixed_r_v1,2024-02-01 11:25:00+00:00,2024-02-01 11:30:00+00:00,2024-02-01 11:40:00+00:00,3
177857,177910,0.85765,0.8571060705741143,0.7912394467227231,STOP,0.876239446722723,0.085,legacy_fixed_r_v1,2024-02-01 19:55:00+00:00,2024-02-01 20:00:00+00:00,2024-02-02 00:20:00+00:00,53
178044,178047,0.85544,0.8558417364715544,-1.0849999999999425,STOP,-0.9999999999999425,0.085,legacy_fixed_r_v1,2024-02-02 11:30:00+00:00,2024-02-02 11:35:00+00:00,2024-02-02 11:45:00+00:00,3
178064,178066,0.85565,0.8560318150191938,-1.0850000000001077,STOP,-1.0000000000001077,0.085,legacy_fixed_r_v1,2024-02-02 13:10:00+00:00,2024-02-02 13:15:00+00:00,2024-02-02 13:20:00+00:00,2
178129,178145,0.86696,0.8665610665975203,0.6176194241903668,STOP,0.7026194241903667,0.085,legacy_fixed_r_v1,2024-02-02 18:35:00+00:00,2024-02-02 18:40:00+00:00,2024-02-02 19:55:00+00:00,16
178170,178172,0.86797,0.8665499400889831,3.168962536202088,STOP,3.253962536202088,0.085,legacy_fixed_r_v1,2024-02-04 22:00:00+00:00,2024-02-04 22:05:00+00:00,2024-02-04 22:10:00+00:00,2
178458,178461,0.87096,0.8704154092071364,1.8618616706007751,STOP,1.946861670600775,0.085,legacy_fixed_r_v1,2024-02-05 22:00:00+00:00,2024-02-05 22:05:00+00:00,2024-02-05 22:15:00+00:00,3
178491,178497,0.87062,0.8703943805917274,0.9908803673790263,STOP,1.0758803673790263,0.085,legacy_fixed_r_v1,2024-02-06 00:45:00+00:00,2024-02-06 00:50:00+00:00,2024-02-06 01:15:00+00:00,6
178723,178727,0.86985,0.8702772471250166,-1.0850000000001063,STOP,-1.0000000000001064,0.085,legacy_fixed_r_v1,2024-02-06 20:05:00+00:00,2024-02-06 20:10:00+00:00,2024-02-06 20:25:00+00:00,4
178790,178794,0.86945,0.8692797608049684,0.7280996516243351,STOP,0.8130996516243351,0.085,legacy_fixed_r_v1,2024-02-07 01:40:00+00:00,2024-02-07 01:45:00+00:00,2024-02-07 02:00:00+00:00,4
178839,178845,0.86953,0.869398746652793,0.4522005816208003,STOP,0.5372005816208003,0.085,legacy_fixed_r_v1,2024-02-07 05:45:00+00:00,2024-02-07 05:50:00+00:00,2024-02-07 06:15:00+00:00,6
178912,178931,0.87229,0.8713516616231262,1.501524542118289,STOP,1.586524542118289,0.085,legacy_fixed_r_v1,2024-02-07 11:50:00+00:00,2024-02-07 11:55:00+00:00,2024-02-07 13:25:00+00:00,19
179034,179037,0.87473,0.8740840635669069,1.775697643461372,STOP,1.860697643461372,0.085,legacy_fixed_r_v1,2024-02-07 22:00:00+00:00,2024-02-07 22:05:00+00:00,2024-02-07 22:15:00+00:00,3
179058,179068,0.87379,0.8733209133525403,1.37531109739886,STOP,1.46031109739886,0.085,legacy_fixed_r_v1,2024-02-08 00:00:00+00:00,2024-02-08 00:05:00+00:00,2024-02-08 00:50:00+00:00,10
179248,179265,0.87475,0.8737719648950769,1.2702554275472537,STOP,1.3552554275472537,0.085,legacy_fixed_r_v1,2024-02-08 15:50:00+00:00,2024-02-08 15:55:00+00:00,2024-02-08 17:15:00+00:00,17
179304,179317,0.87403,0.873746977916894,0.7451109284978843,STOP,0.8301109284978843,0.085,legacy_fixed_r_v1,2024-02-08 20:30:00+00:00,2024-02-08 20:35:00+00:00,2024-02-08 21:35:00+00:00,13
179347,179352,0.87339,0.8735975776813296,-1.0850000000000983,STOP,-1.0000000000000984,0.085,legacy_fixed_r_v1,2024-02-09 00:05:00+00:00,2024-02-09 00:10:00+00:00,2024-02-09 00:30:00+00:00,5
179475,179499,0.87545,0.875905521836294,-1.0850000000001108,STOP,-1.0000000000001108,0.085,legacy_fixed_r_v1,2024-02-09 10:45:00+00:00,2024-02-09 10:50:00+00:00,2024-02-09 12:45:00+00:00,24
179697,179699,0.8745,0.8744037867764307,0.5888964788149589,STOP,0.6738964788149588,0.085,legacy_fixed_r_v1,2024-02-12 05:15:00+00:00,2024-02-12 05:20:00+00:00,2024-02-12 05:25:00+00:00,2
179718,179721,0.87429,0.8744645613659325,-1.0849999999997078,STOP,-0.9999999999997078,0.085,legacy_fixed_r_v1,2024-02-12 07:00:00+00:00,2024-02-12 07:05:00+00:00,2024-02-12 07:15:00+00:00,3
179887,179899,0.87563,0.8752817846783554,1.4564287145098702,STOP,1.5414287145098702,0.085,legacy_fixed_r_v1,2024-02-12 21:05:00+00:00,2024-02-12 21:10:00+00:00,2024-02-12 22:05:00+00:00,12
180041,180063,0.87971,0.8805472429500267,-1.0850000000000193,STOP,-1.0000000000000193,0.085,legacy_fixed_r_v1,2024-02-13 09:55:00+00:00,2024-02-13 10:00:00+00:00,2024-02-13 11:45:00+00:00,22
180073,180084,0.87899,0.8783321288775606,0.9349321025695225,STOP,1.0199321025695225,0.085,legacy_fixed_r_v1,2024-02-13 12:35:00+00:00,2024-02-13 12:40:00+00:00,2024-02-13 13:30:00+00:00,11
180139,180142,0.88657,0.8872060670314524,-1.0849999999999587,STOP,-0.9999999999999586,0.085,legacy_fixed_r_v1,2024-02-13 18:05:00+00:00,2024-02-13 18:10:00+00:00,2024-02-13 18:20:00+00:00,3
180166,180187,0.8873,0.8865973503563296,1.4822705185460516,STOP,1.5672705185460516,0.085,legacy_fixed_r_v1,2024-02-13 20:20:00+00:00,2024-02-13 20:25:00+00:00,2024-02-13 22:05:00+00:00,21
180215,180222,0.88697,0.8872771201095552,-1.085000000000133,STOP,-1.000000000000133,0.085,legacy_fixed_r_v1,2024-02-14 00:25:00+00:00,2024-02-14 00:30:00+00:00,2024-02-14 01:00:00+00:00,7
180283,180291,0.88601,0.8858299645530031,0.7621139839950778,STOP,0.8471139839950778,0.085,legacy_fixed_r_v1,2024-02-14 06:05:00+00:00,2024-02-14 06:10:00+00:00,2024-02-14 06:45:00+00:00,8
180328,180333,0.88732,0.8878414270535752,-1.0850000000000566,STOP,-1.0000000000000566,0.085,legacy_fixed_r_v1,2024-02-14 09:50:00+00:00,2024-02-14 09:55:00+00:00,2024-02-14 10:15:00+00:00,5
180342,180347,0.88715,0.8876490427828793,-1.0849999999999496,STOP,-0.9999999999999496,0.085,legacy_fixed_r_v1,2024-02-14 11:00:00+00:00,2024-02-14 11:05:00+00:00,2024-02-14 11:25:00+00:00,5
180366,180388,0.88649,0.8869535593904461,-1.0849999999998905,STOP,-0.9999999999998905,0.085,legacy_fixed_r_v1,2024-02-14 13:00:00+00:00,2024-02-14 13:05:00+00:00,2024-02-14 14:50:00+00:00,22
180423,180430,0.88501,0.885454039140339,-1.0849999999999982,STOP,-0.9999999999999982,0.085,legacy_fixed_r_v1,2024-02-14 17:45:00+00:00,2024-02-14 17:50:00+00:00,2024-02-14 18:20:00+00:00,7
180474,180476,0.88574,0.8853589286392386,1.502796370249736,STOP,1.587796370249736,0.085,legacy_fixed_r_v1,2024-02-14 22:00:00+00:00,2024-02-14 22:05:00+00:00,2024-02-14 22:10:00+00:00,2
180557,180559,0.8854,0.8852718787057358,0.6199751012886703,STOP,0.7049751012886702,0.085,legacy_fixed_r_v1,2024-02-15 04:55:00+00:00,2024-02-15 05:00:00+00:00,2024-02-15 05:05:00+00:00,2
180647,180659,0.88258,0.8822753759583986,0.7161371127166155,STOP,0.8011371127166155,0.085,legacy_fixed_r_v1,2024-02-15 12:25:00+00:00,2024-02-15 12:30:00+00:00,2024-02-15 13:25:00+00:00,12
180713,180723,0.88057,0.880114441462203,0.8957010306021949,STOP,0.9807010306021948,0.085,legacy_fixed_r_v1,2024-02-15 17:55:00+00:00,2024-02-15 18:00:00+00:00,2024-02-15 18:45:00+00:00,10
180843,180847,0.88128,0.8810854316371176,0.9839638396007944,STOP,1.0689638396007943,0.085,legacy_fixed_r_v1,2024-02-16 04:45:00+00:00,2024-02-16 04:50:00+00:00,2024-02-16 05:05:00+00:00,4
180905,180907,0.88114,0.8815236841399546,-1.0850000000000677,STOP,-1.0000000000000677,0.085,legacy_fixed_r_v1,2024-02-16 09:55:00+00:00,2024-02-16 10:00:00+00:00,2024-02-16 10:05:00+00:00,2
180922,180929,0.88085,0.8805012605734279,0.8640318703341673,STOP,0.9490318703341672,0.085,legacy_fixed_r_v1,2024-02-16 11:20:00+00:00,2024-02-16 11:25:00+00:00,2024-02-16 11:55:00+00:00,7
180967,180984,0.88121,0.8806367090085622,0.6209780083636678,STOP,0.7059780083636678,0.085,legacy_fixed_r_v1,2024-02-16 15:05:00+00:00,2024-02-16 15:10:00+00:00,2024-02-16 16:30:00+00:00,17
181000,181018,0.88095,0.8800789056862027,1.452569733343199,STOP,1.537569733343199,0.085,legacy_fixed_r_v1,2024-02-16 17:50:00+00:00,2024-02-16 17:55:00+00:00,2024-02-16 19:20:00+00:00,18
181049,181051,0.88178,0.8803588275286014,3.425954476284107,STOP,3.510954476284107,0.085,legacy_fixed_r_v1,2024-02-16 21:55:00+00:00,2024-02-18 22:05:00+00:00,2024-02-18 22:10:00+00:00,2
181075,181085,0.88011,0.879886809519245,0.5627108290325857,STOP,0.6477108290325857,0.085,legacy_fixed_r_v1,2024-02-19 00:10:00+00:00,2024-02-19 00:15:00+00:00,2024-02-19 01:00:00+00:00,10
181133,181140,0.8811,0.880932403096825,0.566084803595501,STOP,0.6510848035955009,0.085,legacy_fixed_r_v1,2024-02-19 05:00:00+00:00,2024-02-19 05:05:00+00:00,2024-02-19 05:35:00+00:00,7
181210,181221,0.88034,0.880110708178267,0.5477499767779451,STOP,0.6327499767779451,0.085,legacy_fixed_r_v1,2024-02-19 11:25:00+00:00,2024-02-19 11:30:00+00:00,2024-02-19 12:20:00+00:00,11
181323,181331,0.88238,0.8820760275075299,1.8948336261313012,STOP,1.9798336261313012,0.085,legacy_fixed_r_v1,2024-02-19 20:50:00+00:00,2024-02-19 20:55:00+00:00,2024-02-19 21:30:00+00:00,8
181519,181529,0.88118,0.8800349363173157,2.152879766439568,STOP,2.2378797664395678,0.085,legacy_fixed_r_v1,2024-02-20 13:10:00+00:00,2024-02-20 13:15:00+00:00,2024-02-20 14:00:00+00:00,10
181654,181659,0.88183,0.8816258950744086,0.9302400922024636,STOP,1.0152400922024636,0.085,legacy_fixed_r_v1,2024-02-21 00:25:00+00:00,2024-02-21 00:30:00+00:00,2024-02-21 00:50:00+00:00,5
181694,181696,0.88077,0.8805710389085925,0.8507490934690355,STOP,0.9357490934690355,0.085,legacy_fixed_r_v1,2024-02-21 03:45:00+00:00,2024-02-21 03:50:00+00:00,2024-02-21 03:55:00+00:00,2
181795,181800,0.87991,0.8803032409053498,-1.0849999999999538,STOP,-0.9999999999999538,0.085,legacy_fixed_r_v1,2024-02-21 12:10:00+00:00,2024-02-21 12:15:00+00:00,2024-02-21 12:35:00+00:00,5
181813,181823,0.87979,0.8802004299162426,-1.0849999999999718,STOP,-0.9999999999999717,0.085,legacy_fixed_r_v1,2024-02-21 13:40:00+00:00,2024-02-21 13:45:00+00:00,2024-02-21 14:30:00+00:00,10
181871,181878,0.88031,0.8795060412709236,1.86471006932802,STOP,1.94971006932802,0.085,legacy_fixed_r_v1,2024-02-21 18:30:00+00:00,2024-02-21 18:35:00+00:00,2024-02-21 19:05:00+00:00,7
181913,181918,0.87965,0.8793123501559579,1.1064949504229418,STOP,1.1914949504229417,0.085,legacy_fixed_r_v1,2024-02-21 22:00:00+00:00,2024-02-21 22:05:00+00:00,2024-02-21 22:25:00+00:00,5
181987,181992,0.87886,0.8786273714303554,1.1056919059307693,STOP,1.1906919059307692,0.085,legacy_fixed_r_v1,2024-02-22 04:10:00+00:00,2024-02-22 04:15:00+00:00,2024-02-22 04:35:00+00:00,5
182147,182183,0.88138,0.8806735398059564,1.145960209854077,STOP,1.230960209854077,0.085,legacy_fixed_r_v1,2024-02-22 17:30:00+00:00,2024-02-22 17:35:00+00:00,2024-02-22 20:30:00+00:00,36
182203,182207,0.88024,0.8801124822842177,0.45418626476484686,STOP,0.5391862647648469,0.085,legacy_fixed_r_v1,2024-02-22 22:10:00+00:00,2024-02-22 22:15:00+00:00,2024-02-22 22:30:00+00:00,4
182226,182232,0.88,0.8802126587243873,-1.084999999999934,STOP,-0.9999999999999339,0.085,legacy_fixed_r_v1,2024-02-23 00:05:00+00:00,2024-02-23 00:10:00+00:00,2024-02-23 00:35:00+00:00,6
182349,182356,0.88127,0.8809417357983212,0.7987214611058607,STOP,0.8837214611058607,0.085,legacy_fixed_r_v1,2024-02-23 10:20:00+00:00,2024-02-23 10:25:00+00:00,2024-02-23 10:55:00+00:00,7
182424,182461,0.88074,0.8812626510177662,-1.0849999999999702,STOP,-0.9999999999999701,0.085,legacy_fixed_r_v1,2024-02-23 16:35:00+00:00,2024-02-23 16:40:00+00:00,2024-02-23 19:40:00+00:00,37
182488,182490,0.88079,0.8799713123514216,2.945669050957611,STOP,3.030669050957611,0.085,legacy_fixed_r_v1,2024-02-23 21:55:00+00:00,2024-02-25 22:00:00+00:00,2024-02-25 22:05:00+00:00,2
182553,182559,0.88172,0.8814976546514881,0.8668877899308286,STOP,0.9518877899308286,0.085,legacy_fixed_r_v1,2024-02-26 03:20:00+00:00,2024-02-26 03:25:00+00:00,2024-02-26 03:50:00+00:00,6
182582,182600,0.88091,0.8806203782630943,1.2504319324895936,STOP,1.3354319324895936,0.085,legacy_fixed_r_v1,2024-02-26 05:45:00+00:00,2024-02-26 05:50:00+00:00,2024-02-26 07:15:00+00:00,18
182650,182654,0.87899,0.8793887087875046,-1.0849999999999298,STOP,-0.9999999999999298,0.085,legacy_fixed_r_v1,2024-02-26 11:25:00+00:00,2024-02-26 11:30:00+00:00,2024-02-26 11:45:00+00:00,4
182715,182724,0.88019,0.8806335408660115,-1.0850000000001196,STOP,-1.0000000000001197,0.085,legacy_fixed_r_v1,2024-02-26 16:50:00+00:00,2024-02-26 16:55:00+00:00,2024-02-26 17:35:00+00:00,9
182776,182780,0.88016,0.8798820045290205,1.3773953620507522,STOP,1.4623953620507522,0.085,legacy_fixed_r_v1,2024-02-26 21:55:00+00:00,2024-02-26 22:00:00+00:00,2024-02-26 22:15:00+00:00,4
182841,182852,0.87999,0.8794462418804736,2.2038209840107585,STOP,2.2888209840107585,0.085,legacy_fixed_r_v1,2024-02-27 03:20:00+00:00,2024-02-27 03:25:00+00:00,2024-02-27 04:15:00+00:00,11
182946,182952,0.87942,0.8790086829484984,0.9296181089320799,STOP,1.0146181089320798,0.085,legacy_fixed_r_v1,2024-02-27 12:05:00+00:00,2024-02-27 12:10:00+00:00,2024-02-27 12:35:00+00:00,6
183044,183052,0.87959,0.8793531429302225,0.6330094752945625,STOP,0.7180094752945625,0.085,legacy_fixed_r_v1,2024-02-27 20:15:00+00:00,2024-02-27 20:20:00+00:00,2024-02-27 20:55:00+00:00,8
183233,183240,0.87981,0.8802224545339131,-1.0849999999999422,STOP,-0.9999999999999422,0.085,legacy_fixed_r_v1,2024-02-28 12:00:00+00:00,2024-02-28 12:05:00+00:00,2024-02-28 12:35:00+00:00,7
183334,183390,0.87871,0.8785461009931106,0.5339973343591091,STOP,0.6189973343591091,0.085,legacy_fixed_r_v1,2024-02-28 20:25:00+00:00,2024-02-28 20:30:00+00:00,2024-02-29 01:05:00+00:00,56
183429,183434,0.87831,0.8785512531865921,-1.0850000000000697,STOP,-1.0000000000000697,0.085,legacy_fixed_r_v1,2024-02-29 04:20:00+00:00,2024-02-29 04:25:00+00:00,2024-02-29 04:45:00+00:00,5
183597,183613,0.88361,0.8841608475337146,-1.0849999999999704,STOP,-0.9999999999999705,0.085,legacy_fixed_r_v1,2024-02-29 18:20:00+00:00,2024-02-29 18:25:00+00:00,2024-02-29 19:40:00+00:00,16
183635,183638,0.88427,0.8845454333560239,-1.085000000000003,STOP,-1.000000000000003,0.085,legacy_fixed_r_v1,2024-02-29 21:30:00+00:00,2024-02-29 21:35:00+00:00,2024-02-29 21:45:00+00:00,3
183664,183668,0.88449,0.8843557433720898,0.5098794134877831,STOP,0.5948794134877831,0.085,legacy_fixed_r_v1,2024-02-29 23:55:00+00:00,2024-03-01 00:00:00+00:00,2024-03-01 00:15:00+00:00,4
183701,183723,0.88414,0.8843701156225999,-1.0850000000000162,STOP,-1.0000000000000162,0.085,legacy_fixed_r_v1,2024-03-01 03:00:00+00:00,2024-03-01 03:05:00+00:00,2024-03-01 04:50:00+00:00,22
183798,183816,0.88508,0.8856002948659869,-1.0850000000000186,STOP,-1.0000000000000187,0.085,legacy_fixed_r_v1,2024-03-01 11:05:00+00:00,2024-03-01 11:10:00+00:00,2024-03-01 12:35:00+00:00,18
183870,183882,0.88392,0.8846229882437132,-1.085000000000072,STOP,-1.000000000000072,0.085,legacy_fixed_r_v1,2024-03-01 17:05:00+00:00,2024-03-01 17:10:00+00:00,2024-03-01 18:05:00+00:00,12
183894,183901,0.88376,0.8834755241356421,0.4742018672612623,STOP,0.5592018672612623,0.085,legacy_fixed_r_v1,2024-03-01 19:05:00+00:00,2024-03-01 19:10:00+00:00,2024-03-01 19:40:00+00:00,7
183927,183930,0.88317,0.8830017635926911,0.5393795640724878,STOP,0.6243795640724877,0.085,legacy_fixed_r_v1,2024-03-01 21:50:00+00:00,2024-03-01 21:55:00+00:00,2024-03-03 22:05:00+00:00,3
183956,183963,0.8832,0.8828149932200829,1.1755017400124976,STOP,1.2605017400124976,0.085,legacy_fixed_r_v1,2024-03-04 00:15:00+00:00,2024-03-04 00:20:00+00:00,2024-03-04 00:50:00+00:00,7
184146,184193,0.88439,0.8850692449299269,-1.0850000000000546,STOP,-1.0000000000000546,0.085,legacy_fixed_r_v1,2024-03-04 16:05:00+00:00,2024-03-04 16:10:00+00:00,2024-03-04 20:00:00+00:00,47
184217,184222,0.88507,0.8847391069186289,1.0740991869567778,STOP,1.1590991869567777,0.085,legacy_fixed_r_v1,2024-03-04 22:00:00+00:00,2024-03-04 22:05:00+00:00,2024-03-04 22:25:00+00:00,5
184284,184293,0.88505,0.8852493742179839,-1.0850000000000977,STOP,-1.0000000000000977,0.085,legacy_fixed_r_v1,2024-03-05 03:35:00+00:00,2024-03-05 03:40:00+00:00,2024-03-05 04:20:00+00:00,9
184397,184401,0.886,0.8858043193720466,0.5212533659638494,STOP,0.6062533659638494,0.085,legacy_fixed_r_v1,2024-03-05 13:00:00+00:00,2024-03-05 13:05:00+00:00,2024-03-05 13:20:00+00:00,4
184486,184495,0.88346,0.8831367785291903,0.9731112799727732,STOP,1.0581112799727732,0.085,legacy_fixed_r_v1,2024-03-05 20:25:00+00:00,2024-03-05 20:30:00+00:00,2024-03-05 21:10:00+00:00,9
184505,184508,0.88388,0.8832532240369383,2.276577602370861,STOP,2.361577602370861,0.085,legacy_fixed_r_v1,2024-03-05 22:00:00+00:00,2024-03-05 22:05:00+00:00,2024-03-05 22:15:00+00:00,3
184589,184592,0.88444,0.8842789082938305,0.8374875009594145,STOP,0.9224875009594145,0.085,legacy_fixed_r_v1,2024-03-06 05:00:00+00:00,2024-03-06 05:05:00+00:00,2024-03-06 05:15:00+00:00,3
184613,184619,0.88408,0.8842979266560256,-1.085000000000189,STOP,-1.000000000000189,0.085,legacy_fixed_r_v1,2024-03-06 07:00:00+00:00,2024-03-06 07:05:00+00:00,2024-03-06 07:30:00+00:00,6
184671,184688,0.88489,0.8845715426538686,0.7067792335000275,STOP,0.7917792335000274,0.085,legacy_fixed_r_v1,2024-03-06 11:50:00+00:00,2024-03-06 11:55:00+00:00,2024-03-06 13:15:00+00:00,17
184731,184739,0.88105,0.8816826047759581,-1.085000000000046,STOP,-1.000000000000046,0.085,legacy_fixed_r_v1,2024-03-06 16:50:00+00:00,2024-03-06 16:55:00+00:00,2024-03-06 17:30:00+00:00,8
184780,184820,0.88208,0.8818103663006163,0.7430138444308634,STOP,0.8280138444308633,0.085,legacy_fixed_r_v1,2024-03-06 20:55:00+00:00,2024-03-06 21:00:00+00:00,2024-03-07 00:15:00+00:00,40
184854,184857,0.88161,0.8819161141856481,-1.0850000000000362,STOP,-1.0000000000000362,0.085,legacy_fixed_r_v1,2024-03-07 03:05:00+00:00,2024-03-07 03:10:00+00:00,2024-03-07 03:20:00+00:00,3
184894,184904,0.88124,0.8815840024888643,-1.0850000000000337,STOP,-1.0000000000000338,0.085,legacy_fixed_r_v1,2024-03-07 06:25:00+00:00,2024-03-07 06:30:00+00:00,2024-03-07 07:15:00+00:00,10
184932,184958,0.88091,0.8795759939146891,3.197731431138426,STOP,3.282731431138426,0.085,legacy_fixed_r_v1,2024-03-07 09:35:00+00:00,2024-03-07 09:40:00+00:00,2024-03-07 11:45:00+00:00,26
185049,185057,0.878,0.8775081945820936,1.0332745688490887,STOP,1.1182745688490887,0.085,legacy_fixed_r_v1,2024-03-07 19:20:00+00:00,2024-03-07 19:25:00+00:00,2024-03-07 20:00:00+00:00,8
185106,185113,0.87728,0.8768869184543098,1.6961562446471512,STOP,1.7811562446471512,0.085,legacy_fixed_r_v1,2024-03-08 00:05:00+00:00,2024-03-08 00:10:00+00:00,2024-03-08 00:40:00+00:00,7
185170,185178,0.8773,0.8774883891048524,-1.0849999999999307,STOP,-0.9999999999999306,0.085,legacy_fixed_r_v1,2024-03-08 05:25:00+00:00,2024-03-08 05:30:00+00:00,2024-03-08 06:05:00+00:00,8
185240,185245,0.87604,0.876466062787339,-1.0850000000000042,STOP,-1.0000000000000042,0.085,legacy_fixed_r_v1,2024-03-08 11:15:00+00:00,2024-03-08 11:20:00+00:00,2024-03-08 11:40:00+00:00,5
185368,185370,0.87698,0.8766356133567182,0.808230437188466,STOP,0.893230437188466,0.085,legacy_fixed_r_v1,2024-03-08 21:55:00+00:00,2024-03-10 21:05:00+00:00,2024-03-10 21:10:00+00:00,2
185411,185420,0.87719,0.8770020429480365,0.505309685588623,STOP,0.590309685588623,0.085,legacy_fixed_r_v1,2024-03-11 00:35:00+00:00,2024-03-11 00:40:00+00:00,2024-03-11 01:20:00+00:00,9
185468,185471,0.8776,0.8777936499073655,-1.0850000000002264,STOP,-1.0000000000002265,0.085,legacy_fixed_r_v1,2024-03-11 05:20:00+00:00,2024-03-11 05:25:00+00:00,2024-03-11 05:35:00+00:00,3
185541,185545,0.87635,0.8760759924157127,0.5330977466467849,STOP,0.6180977466467849,0.085,legacy_fixed_r_v1,2024-03-11 11:25:00+00:00,2024-03-11 11:30:00+00:00,2024-03-11 11:45:00+00:00,4
185594,185639,0.87829,0.8777683070500698,0.8333969405646239,STOP,0.9183969405646238,0.085,legacy_fixed_r_v1,2024-03-11 15:50:00+00:00,2024-03-11 15:55:00+00:00,2024-03-11 19:35:00+00:00,45
185655,185657,0.87788,0.8773752937668726,2.5360907099299372,STOP,2.621090709929937,0.085,legacy_fixed_r_v1,2024-03-11 20:55:00+00:00,2024-03-11 21:00:00+00:00,2024-03-11 21:05:00+00:00,2
185751,185757,0.87716,0.8768482617662561,1.4376607328563038,STOP,1.5226607328563038,0.085,legacy_fixed_r_v1,2024-03-12 04:55:00+00:00,2024-03-12 05:00:00+00:00,2024-03-12 05:25:00+00:00,6
185805,185811,0.87635,0.8760246190057699,0.8588653919389339,STOP,0.9438653919389338,0.085,legacy_fixed_r_v1,2024-03-12 09:25:00+00:00,2024-03-12 09:30:00+00:00,2024-03-12 09:55:00+00:00,6
185914,185941,0.87821,0.8772408631675498,2.6605582973963875,STOP,2.7455582973963875,0.085,legacy_fixed_r_v1,2024-03-12 18:30:00+00:00,2024-03-12 18:35:00+00:00,2024-03-12 20:45:00+00:00,27
186013,186033,0.87747,0.8777127897102712,-1.084999999999872,STOP,-0.9999999999998721,0.085,legacy_fixed_r_v1,2024-03-13 02:45:00+00:00,2024-03-13 02:50:00+00:00,2024-03-13 04:25:00+00:00,20
186105,186123,0.8783,0.8775598501835871,2.0504801210151142,STOP,2.135480121015114,0.085,legacy_fixed_r_v1,2024-03-13 10:25:00+00:00,2024-03-13 10:30:00+00:00,2024-03-13 11:55:00+00:00,18
186234,186239,0.87897,0.8786136813425169,1.74651517354957,STOP,1.83151517354957,0.085,legacy_fixed_r_v1,2024-03-13 21:10:00+00:00,2024-03-13 21:15:00+00:00,2024-03-13 21:35:00+00:00,5
186407,186415,0.87906,0.8786375182659087,1.065389619671586,STOP,1.150389619671586,0.085,legacy_fixed_r_v1,2024-03-14 11:35:00+00:00,2024-03-14 11:40:00+00:00,2024-03-14 12:15:00+00:00,8
186464,186478,0.88296,0.8835254563004453,-1.0850000000000628,STOP,-1.0000000000000628,0.085,legacy_fixed_r_v1,2024-03-14 16:20:00+00:00,2024-03-14 16:25:00+00:00,2024-03-14 17:30:00+00:00,14
186507,186535,0.88361,0.8839130267148506,-1.0850000000000493,STOP,-1.0000000000000493,0.085,legacy_fixed_r_v1,2024-03-14 19:55:00+00:00,2024-03-14 20:00:00+00:00,2024-03-14 22:15:00+00:00,28
186596,186624,0.88467,0.8849230120209958,-1.0849999999999933,STOP,-0.9999999999999933,0.085,legacy_fixed_r_v1,2024-03-15 03:20:00+00:00,2024-03-15 03:25:00+00:00,2024-03-15 05:40:00+00:00,28
186629,186636,0.88466,0.8848479480996926,-1.0849999999998983,STOP,-0.9999999999998983,0.085,legacy_fixed_r_v1,2024-03-15 06:05:00+00:00,2024-03-15 06:10:00+00:00,2024-03-15 06:40:00+00:00,7
186692,186702,0.883,0.8821848438225857,1.8528851257439574,STOP,1.9378851257439573,0.085,legacy_fixed_r_v1,2024-03-15 11:20:00+00:00,2024-03-15 11:25:00+00:00,2024-03-15 12:10:00+00:00,10
186772,186809,0.88384,0.8831352653925236,1.6803523782916603,STOP,1.7653523782916603,0.085,legacy_fixed_r_v1,2024-03-15 18:00:00+00:00,2024-03-15 18:05:00+00:00,2024-03-17 21:05:00+00:00,37
187092,187097,0.88784,0.8872174163916997,2.418103245819533,STOP,2.503103245819533,0.085,legacy_fixed_r_v1,2024-03-18 20:45:00+00:00,2024-03-18 20:50:00+00:00,2024-03-18 21:10:00+00:00,5
187157,187183,0.88822,0.8879825144379392,0.7752652152652442,STOP,0.8602652152652441,0.085,legacy_fixed_r_v1,2024-03-19 02:10:00+00:00,2024-03-19 02:15:00+00:00,2024-03-19 04:20:00+00:00,26
187283,187295,0.88719,0.8877649999766625,-1.0850000000000097,STOP,-1.0000000000000098,0.085,legacy_fixed_r_v1,2024-03-19 12:40:00+00:00,2024-03-19 12:45:00+00:00,2024-03-19 13:40:00+00:00,12
187362,187384,0.88804,0.8876269599635788,1.505861469771002,STOP,1.590861469771002,0.085,legacy_fixed_r_v1,2024-03-19 19:15:00+00:00,2024-03-19 19:20:00+00:00,2024-03-19 21:05:00+00:00,22
187451,187466,0.88886,0.8885417388420693,1.300103374465797,STOP,1.385103374465797,0.085,legacy_fixed_r_v1,2024-03-20 02:40:00+00:00,2024-03-20 02:45:00+00:00,2024-03-20 03:55:00+00:00,15
187551,187562,0.89084,0.8906146754803712,0.4712821051659232,STOP,0.5562821051659232,0.085,legacy_fixed_r_v1,2024-03-20 11:00:00+00:00,2024-03-20 11:05:00+00:00,2024-03-20 11:55:00+00:00,11
187672,187687,0.88677,0.8862281483743673,0.8389906067504165,STOP,0.9239906067504164,0.085,legacy_fixed_r_v1,2024-03-20 21:05:00+00:00,2024-03-20 21:10:00+00:00,2024-03-20 22:20:00+00:00,15
187836,187854,0.89269,0.8939552307085314,-1.085000000000032,STOP,-1.000000000000032,0.085,legacy_fixed_r_v1,2024-03-21 10:45:00+00:00,2024-03-21 10:50:00+00:00,2024-03-21 12:15:00+00:00,18
187948,187960,0.89793,0.8973870035211723,1.5839056868828152,STOP,1.6689056868828152,0.085,legacy_fixed_r_v1,2024-03-21 20:05:00+00:00,2024-03-21 20:10:00+00:00,2024-03-21 21:05:00+00:00,12
187992,188003,0.89764,0.8971420376437527,2.5078721384048843,STOP,2.5928721384048843,0.085,legacy_fixed_r_v1,2024-03-21 23:45:00+00:00,2024-03-21 23:50:00+00:00,2024-03-22 00:40:00+00:00,11
188038,188067,0.89915,0.8982623312581002,2.520222265309943,STOP,2.605222265309943,0.085,legacy_fixed_r_v1,2024-03-22 03:35:00+00:00,2024-03-22 03:40:00+00:00,2024-03-22 06:00:00+00:00,29
188129,188131,0.89982,0.9003219396799994,-1.0849999999999365,STOP,-0.9999999999999365,0.085,legacy_fixed_r_v1,2024-03-22 11:10:00+00:00,2024-03-22 11:15:00+00:00,2024-03-22 11:20:00+00:00,2
188230,188243,0.89853,0.8967120031563219,7.343856144904707,STOP,7.428856144904707,0.085,legacy_fixed_r_v1,2024-03-22 19:35:00+00:00,2024-03-22 19:40:00+00:00,2024-03-22 20:40:00+00:00,13
188343,188348,0.89765,0.8975093195802738,0.5107282051149821,STOP,0.595728205114982,0.085,legacy_fixed_r_v1,2024-03-25 05:00:00+00:00,2024-03-25 05:05:00+00:00,2024-03-25 05:25:00+00:00,5
188400,188437,0.89783,0.8974434588668926,0.7219209375372686,STOP,0.8069209375372686,0.085,legacy_fixed_r_v1,2024-03-25 09:45:00+00:00,2024-03-25 09:50:00+00:00,2024-03-25 12:50:00+00:00,37
188516,188522,0.89877,0.8990176794897735,-1.0850000000000986,STOP,-1.0000000000000986,0.085,legacy_fixed_r_v1,2024-03-25 19:25:00+00:00,2024-03-25 19:30:00+00:00,2024-03-25 19:55:00+00:00,6
188570,188573,0.89958,0.8997680375575405,-1.0849999999998297,STOP,-0.9999999999998296,0.085,legacy_fixed_r_v1,2024-03-26 00:00:00+00:00,2024-03-26 00:05:00+00:00,2024-03-26 00:15:00+00:00,3
188639,188646,0.90026,0.8999753910291093,1.2787318331088449,STOP,1.3637318331088448,0.085,legacy_fixed_r_v1,2024-03-26 05:45:00+00:00,2024-03-26 05:50:00+00:00,2024-03-26 06:20:00+00:00,7
188698,188702,0.90077,0.9004851171771411,0.48465823015769355,STOP,0.5696582301576936,0.085,legacy_fixed_r_v1,2024-03-26 10:40:00+00:00,2024-03-26 10:45:00+00:00,2024-03-26 11:00:00+00:00,4
188754,188757,0.90214,0.9027625695004422,-1.0849999999999522,STOP,-0.9999999999999523,0.085,legacy_fixed_r_v1,2024-03-26 15:20:00+00:00,2024-03-26 15:25:00+00:00,2024-03-26 15:35:00+00:00,3
188792,188796,0.90324,0.9035969969001606,-1.0850000000001272,STOP,-1.0000000000001272,0.085,legacy_fixed_r_v1,2024-03-26 18:30:00+00:00,2024-03-26 18:35:00+00:00,2024-03-26 18:50:00+00:00,4
188822,188828,0.90395,0.9036307533178218,1.2779572967562276,STOP,1.3629572967562276,0.085,legacy_fixed_r_v1,2024-03-26 21:00:00+00:00,2024-03-26 21:05:00+00:00,2024-03-26 21:30:00+00:00,6
188859,188861,0.90369,0.9035732013942754,0.6164480689686781,STOP,0.7014480689686781,0.085,legacy_fixed_r_v1,2024-03-27 00:05:00+00:00,2024-03-27 00:10:00+00:00,2024-03-27 00:15:00+00:00,2
189021,189033,0.90629,0.9058231395329417,0.9211711984307356,STOP,1.0061711984307355,0.085,legacy_fixed_r_v1,2024-03-27 13:35:00+00:00,2024-03-27 13:40:00+00:00,2024-03-27 14:35:00+00:00,12
189212,189217,0.90473,0.904942136107808,-1.0850000000000877,STOP,-1.0000000000000877,0.085,legacy_fixed_r_v1,2024-03-28 05:30:00+00:00,2024-03-28 05:35:00+00:00,2024-03-28 05:55:00+00:00,5
189298,189303,0.90529,0.9032532138999491,4.946885408290969,STOP,5.031885408290969,0.085,legacy_fixed_r_v1,2024-03-28 12:40:00+00:00,2024-03-28 12:45:00+00:00,2024-03-28 13:05:00+00:00,5
189336,189364,0.90082,0.9016665795104918,-1.0849999999999882,STOP,-0.9999999999999882,0.085,legacy_fixed_r_v1,2024-03-28 15:50:00+00:00,2024-03-28 15:55:00+00:00,2024-03-28 18:10:00+00:00,28
189433,189440,0.90133,0.90205220848862,-1.0849999999999846,STOP,-0.9999999999999847,0.085,legacy_fixed_r_v1,2024-03-28 23:55:00+00:00,2024-03-29 00:00:00+00:00,2024-03-29 00:30:00+00:00,7
189469,189471,0.90238,0.9019887702116343,0.7273845845672795,STOP,0.8123845845672795,0.085,legacy_fixed_r_v1,2024-03-29 02:55:00+00:00,2024-03-29 03:00:00+00:00,2024-03-29 03:05:00+00:00,2
189510,189512,0.90265,0.9020461386993459,1.104985666913356,STOP,1.189985666913356,0.085,legacy_fixed_r_v1,2024-03-29 06:20:00+00:00,2024-03-29 06:25:00+00:00,2024-03-29 06:30:00+00:00,2
189542,189574,0.90131,0.9020164228992906,-1.0850000000000122,STOP,-1.0000000000000122,0.085,legacy_fixed_r_v1,2024-03-29 09:00:00+00:00,2024-03-29 09:05:00+00:00,2024-03-29 11:40:00+00:00,32
189644,189650,0.90244,0.9019003995154649,1.4980537498245996,STOP,1.5830537498245996,0.085,legacy_fixed_r_v1,2024-03-29 17:30:00+00:00,2024-03-29 17:35:00+00:00,2024-03-29 18:00:00+00:00,6
189666,189668,0.90235,0.9019135486299331,1.653124766753528,STOP,1.738124766753528,0.085,legacy_fixed_r_v1,2024-03-29 19:20:00+00:00,2024-03-29 19:25:00+00:00,2024-03-29 19:30:00+00:00,2
189723,189743,0.90177,0.9021482660248128,-1.0849999999999027,STOP,-0.9999999999999027,0.085,legacy_fixed_r_v1,2024-04-01 00:05:00+00:00,2024-04-01 00:10:00+00:00,2024-04-01 01:45:00+00:00,20
189754,189759,0.90187,0.9021453064060274,-1.0849999999998838,STOP,-0.9999999999998839,0.085,legacy_fixed_r_v1,2024-04-01 02:40:00+00:00,2024-04-01 02:45:00+00:00,2024-04-01 03:05:00+00:00,5
189769,189778,0.90167,0.9019344029977653,-1.0850000000001887,STOP,-1.0000000000001887,0.085,legacy_fixed_r_v1,2024-04-01 03:55:00+00:00,2024-04-01 04:00:00+00:00,2024-04-01 04:40:00+00:00,9
189791,189795,0.90182,0.9016797318995,0.5664255539478151,STOP,0.6514255539478151,0.085,legacy_fixed_r_v1,2024-04-01 05:45:00+00:00,2024-04-01 05:50:00+00:00,2024-04-01 06:05:00+00:00,4
189919,189932,0.90493,0.9044674544887937,0.9172851839073788,STOP,1.0022851839073788,0.085,legacy_fixed_r_v1,2024-04-01 16:25:00+00:00,2024-04-01 16:30:00+00:00,2024-04-01 17:30:00+00:00,13
189953,189975,0.90462,0.9041790160806576,1.3800737475444778,STOP,1.4650737475444777,0.085,legacy_fixed_r_v1,2024-04-01 19:15:00+00:00,2024-04-01 19:20:00+00:00,2024-04-01 21:05:00+00:00,22
190248,190259,0.90775,0.9080486319495624,-1.084999999999909,STOP,-0.9999999999999089,0.085,legacy_fixed_r_v1,2024-04-02 19:50:00+00:00,2024-04-02 19:55:00+00:00,2024-04-02 20:45:00+00:00,11
190297,190303,0.90788,0.9080629727708083,-1.085000000000185,STOP,-1.000000000000185,0.085,legacy_fixed_r_v1,2024-04-02 23:55:00+00:00,2024-04-03 00:00:00+00:00,2024-04-03 00:25:00+00:00,6
190444,190446,0.90798,0.9083527999844068,-1.0849999999999498,STOP,-0.9999999999999497,0.085,legacy_fixed_r_v1,2024-04-03 12:10:00+00:00,2024-04-03 12:15:00+00:00,2024-04-03 12:20:00+00:00,2
190779,190785,0.90468,0.9042888416186006,0.8540973291571002,STOP,0.9390973291571002,0.085,legacy_fixed_r_v1,2024-04-04 16:05:00+00:00,2024-04-04 16:10:00+00:00,2024-04-04 16:35:00+00:00,6
190869,190874,0.90131,0.9016564301282267,-1.0850000000001137,STOP,-1.0000000000001137,0.085,legacy_fixed_r_v1,2024-04-04 23:35:00+00:00,2024-04-04 23:40:00+00:00,2024-04-05 00:00:00+00:00,5
190939,190947,0.90249,0.9020738812176479,2.02550599715484,STOP,2.11050599715484,0.085,legacy_fixed_r_v1,2024-04-05 05:25:00+00:00,2024-04-05 05:30:00+00:00,2024-04-05 06:05:00+00:00,8
190992,191014,0.90284,0.9032875025484257,-1.0849999999999387,STOP,-0.9999999999999386,0.085,legacy_fixed_r_v1,2024-04-05 09:50:00+00:00,2024-04-05 09:55:00+00:00,2024-04-05 11:40:00+00:00,22
191119,191127,0.9021,0.9002685872751749,6.057383024985988,STOP,6.142383024985988,0.085,legacy_fixed_r_v1,2024-04-05 20:25:00+00:00,2024-04-05 20:30:00+00:00,2024-04-07 21:05:00+00:00,8
191157,191162,0.90303,0.9035245324082214,-1.085000000000054,STOP,-1.000000000000054,0.085,legacy_fixed_r_v1,2024-04-07 23:35:00+00:00,2024-04-07 23:40:00+00:00,2024-04-08 00:00:00+00:00,5
191187,191197,0.90355,0.9025733347957128,2.4327607249510916,STOP,2.5177607249510916,0.085,legacy_fixed_r_v1,2024-04-08 02:05:00+00:00,2024-04-08 02:10:00+00:00,2024-04-08 02:55:00+00:00,10
191225,191233,0.90386,0.9036948272238018,0.5124917003396106,STOP,0.5974917003396105,0.085,legacy_fixed_r_v1,2024-04-08 05:15:00+00:00,2024-04-08 05:20:00+00:00,2024-04-08 05:55:00+00:00,8
191370,191384,0.90557,0.9045497043909144,2.4658937356115778,STOP,2.5508937356115777,0.085,legacy_fixed_r_v1,2024-04-08 17:20:00+00:00,2024-04-08 17:25:00+00:00,2024-04-08 18:30:00+00:00,14
191414,191417,0.90555,0.9050802263364514,2.0745132576753056,STOP,2.1595132576753056,0.085,legacy_fixed_r_v1,2024-04-08 21:00:00+00:00,2024-04-08 21:05:00+00:00,2024-04-08 21:15:00+00:00,3
191444,191448,0.90537,0.905232272487572,0.6114573936889464,STOP,0.6964573936889463,0.085,legacy_fixed_r_v1,2024-04-08 23:30:00+00:00,2024-04-08 23:35:00+00:00,2024-04-08 23:50:00+00:00,4
191504,191514,0.90493,0.9047752142342871,0.7513289383154655,STOP,0.8363289383154655,0.085,legacy_fixed_r_v1,2024-04-09 04:30:00+00:00,2024-04-09 04:35:00+00:00,2024-04-09 05:20:00+00:00,10
191638,191654,0.90305,0.903683905007328,-1.0850000000000406,STOP,-1.0000000000000406,0.085,legacy_fixed_r_v1,2024-04-09 15:40:00+00:00,2024-04-09 15:45:00+00:00,2024-04-09 17:00:00+00:00,16
191677,191679,0.90365,0.9039183365662189,-1.0849999999999314,STOP,-0.9999999999999313,0.085,legacy_fixed_r_v1,2024-04-09 18:55:00+00:00,2024-04-09 19:00:00+00:00,2024-04-09 19:05:00+00:00,2
191703,191705,0.90379,0.9032800220098209,2.5609414150988123,STOP,2.6459414150988123,0.085,legacy_fixed_r_v1,2024-04-09 21:05:00+00:00,2024-04-09 21:10:00+00:00,2024-04-09 21:15:00+00:00,2
191800,191803,0.90376,0.9036393510513553,0.5347353483756551,STOP,0.619735348375655,0.085,legacy_fixed_r_v1,2024-04-10 05:10:00+00:00,2024-04-10 05:15:00+00:00,2024-04-10 05:25:00+00:00,3
191875,191888,0.90346,0.9027687130611157,1.882960088271151,STOP,1.967960088271151,0.085,legacy_fixed_r_v1,2024-04-10 11:25:00+00:00,2024-04-10 11:30:00+00:00,2024-04-10 12:30:00+00:00,13
191948,191950,0.91157,0.9124667966276699,-1.0850000000000568,STOP,-1.0000000000000568,0.085,legacy_fixed_r_v1,2024-04-10 17:30:00+00:00,2024-04-10 17:35:00+00:00,2024-04-10 17:40:00+00:00,2
191988,191991,0.91286,0.9123334837591978,1.1740978763859753,STOP,1.2590978763859753,0.085,legacy_fixed_r_v1,2024-04-10 20:50:00+00:00,2024-04-10 20:55:00+00:00,2024-04-10 21:05:00+00:00,3
192063,192066,0.91274,0.912426223014649,1.2206522350763451,STOP,1.305652235076345,0.085,legacy_fixed_r_v1,2024-04-11 03:05:00+00:00,2024-04-11 03:10:00+00:00,2024-04-11 03:20:00+00:00,3
192144,192147,0.91293,0.9134425880765179,-1.0849999999999347,STOP,-0.9999999999999346,0.085,legacy_fixed_r_v1,2024-04-11 09:50:00+00:00,2024-04-11 09:55:00+00:00,2024-04-11 10:05:00+00:00,3
192172,192176,0.91144,0.9103442890664841,1.7936986687861887,STOP,1.8786986687861886,0.085,legacy_fixed_r_v1,2024-04-11 12:10:00+00:00,2024-04-11 12:15:00+00:00,2024-04-11 12:30:00+00:00,4
192210,192244,0.91096,0.9092154702383505,2.025067446079189,STOP,2.110067446079189,0.085,legacy_fixed_r_v1,2024-04-11 15:20:00+00:00,2024-04-11 15:25:00+00:00,2024-04-11 18:10:00+00:00,34
192423,192425,0.9124,0.912871266625041,-1.0850000000000475,STOP,-1.0000000000000475,0.085,legacy_fixed_r_v1,2024-04-12 09:05:00+00:00,2024-04-12 09:10:00+00:00,2024-04-12 09:15:00+00:00,2
192448,192460,0.91273,0.912344677716242,0.6455171881184457,STOP,0.7305171881184457,0.085,legacy_fixed_r_v1,2024-04-12 11:10:00+00:00,2024-04-12 11:15:00+00:00,2024-04-12 12:10:00+00:00,12
192565,192566,0.91203,0.9123825478940535,-1.0850000000000546,STOP,-1.0000000000000546,0.085,legacy_fixed_r_v1,2024-04-12 20:55:00+00:00,2024-04-14 21:00:00+00:00,2024-04-14 21:00:00+00:00,1
192737,192752,0.9125,0.9129667500386923,-1.0849999999999564,STOP,-0.9999999999999565,0.085,legacy_fixed_r_v1,2024-04-15 11:15:00+00:00,2024-04-15 11:20:00+00:00,2024-04-15 12:30:00+00:00,15
192794,192798,0.91308,0.9137862427775907,-1.085000000000036,STOP,-1.000000000000036,0.085,legacy_fixed_r_v1,2024-04-15 16:00:00+00:00,2024-04-15 16:05:00+00:00,2024-04-15 16:20:00+00:00,4
192852,192855,0.91197,0.911584332429512,1.0332929858234658,STOP,1.1182929858234658,0.085,legacy_fixed_r_v1,2024-04-15 20:50:00+00:00,2024-04-15 20:55:00+00:00,2024-04-15 21:05:00+00:00,3
192938,192952,0.91317,0.9126402341514448,1.9684747156779494,STOP,2.0534747156779494,0.085,legacy_fixed_r_v1,2024-04-16 04:00:00+00:00,2024-04-16 04:05:00+00:00,2024-04-16 05:10:00+00:00,14
193031,193034,0.91274,0.9123765806967414,0.706522039335086,STOP,0.7915220393350859,0.085,legacy_fixed_r_v1,2024-04-16 11:45:00+00:00,2024-04-16 11:50:00+00:00,2024-04-16 12:00:00+00:00,3
193091,193099,0.91253,0.913097230039438,-1.0850000000000757,STOP,-1.0000000000000757,0.085,legacy_fixed_r_v1,2024-04-16 16:45:00+00:00,2024-04-16 16:50:00+00:00,2024-04-16 17:25:00+00:00,8
193142,193146,0.91314,0.9126981776866518,1.1282911134967875,STOP,1.2132911134967874,0.085,legacy_fixed_r_v1,2024-04-16 21:00:00+00:00,2024-04-16 21:05:00+00:00,2024-04-16 21:20:00+00:00,4
193207,193223,0.91211,0.9123708137424722,-1.0849999999999376,STOP,-0.9999999999999376,0.085,legacy_fixed_r_v1,2024-04-17 02:25:00+00:00,2024-04-17 02:30:00+00:00,2024-04-17 03:45:00+00:00,16
193311,193324,0.91076,0.9112689954429393,-1.0850000000000994,STOP,-1.0000000000000995,0.085,legacy_fixed_r_v1,2024-04-17 11:05:00+00:00,2024-04-17 11:10:00+00:00,2024-04-17 12:10:00+00:00,13
193365,193381,0.91177,0.9112804451332153,0.7761666153994091,STOP,0.8611666153994091,0.085,legacy_fixed_r_v1,2024-04-17 15:35:00+00:00,2024-04-17 15:40:00+00:00,2024-04-17 16:55:00+00:00,16
193532,193540,0.90977,0.909199428266982,2.4547727244699615,STOP,2.5397727244699615,0.085,legacy_fixed_r_v1,2024-04-18 05:30:00+00:00,2024-04-18 05:35:00+00:00,2024-04-18 06:10:00+00:00,8
193718,193721,0.91251,0.9120777743139798,1.5313321502827015,STOP,1.6163321502827015,0.085,legacy_fixed_r_v1,2024-04-18 21:00:00+00:00,2024-04-18 21:05:00+00:00,2024-04-18 21:15:00+00:00,3
193764,193770,0.91221,0.909882687463842,8.0844108010846,STOP,8.1694108010846,0.085,legacy_fixed_r_v1,2024-04-19 00:50:00+00:00,2024-04-19 00:55:00+00:00,2024-04-19 01:20:00+00:00,6
193839,193843,0.90786,0.9086796997686917,-1.0850000000000597,STOP,-1.0000000000000597,0.085,legacy_fixed_r_v1,2024-04-19 07:05:00+00:00,2024-04-19 07:10:00+00:00,2024-04-19 07:25:00+00:00,4
193899,193908,0.90872,0.9076615879776371,1.802606439143396,STOP,1.887606439143396,0.085,legacy_fixed_r_v1,2024-04-19 12:05:00+00:00,2024-04-19 12:10:00+00:00,2024-04-19 12:50:00+00:00,9
193960,193964,0.90937,0.9098733149517525,-1.0850000000000828,STOP,-1.0000000000000828,0.085,legacy_fixed_r_v1,2024-04-19 17:10:00+00:00,2024-04-19 17:15:00+00:00,2024-04-19 17:30:00+00:00,4
194045,194052,0.91043,0.9109263825093996,-1.0850000000001065,STOP,-1.0000000000001066,0.085,legacy_fixed_r_v1,2024-04-22 00:15:00+00:00,2024-04-22 00:20:00+00:00,2024-04-22 00:50:00+00:00,7
194063,194068,0.91024,0.9106771499865747,-1.0849999999999982,STOP,-0.9999999999999981,0.085,legacy_fixed_r_v1,2024-04-22 01:45:00+00:00,2024-04-22 01:50:00+00:00,2024-04-22 02:10:00+00:00,5
194097,194109,0.91157,0.911862679031325,-1.0850000000001536,STOP,-1.0000000000001537,0.085,legacy_fixed_r_v1,2024-04-22 04:35:00+00:00,2024-04-22 04:40:00+00:00,2024-04-22 05:35:00+00:00,12
194188,194192,0.91147,0.910935254685674,1.405675796097235,STOP,1.490675796097235,0.085,legacy_fixed_r_v1,2024-04-22 12:10:00+00:00,2024-04-22 12:15:00+00:00,2024-04-22 12:30:00+00:00,4
194245,194256,0.91173,0.9109466399697059,1.7261183966645304,STOP,1.8111183966645303,0.085,legacy_fixed_r_v1,2024-04-22 16:55:00+00:00,2024-04-22 17:00:00+00:00,2024-04-22 17:50:00+00:00,11
194296,194298,0.91199,0.9117972026572648,0.6421837029552714,STOP,0.7271837029552713,0.085,legacy_fixed_r_v1,2024-04-22 21:10:00+00:00,2024-04-22 21:15:00+00:00,2024-04-22 21:20:00+00:00,2
194534,194564,0.91122,0.9118467063014156,-1.085000000000054,STOP,-1.000000000000054,0.085,legacy_fixed_r_v1,2024-04-23 17:00:00+00:00,2024-04-23 17:05:00+00:00,2024-04-23 19:30:00+00:00,30
194582,194587,0.9122,0.9114266454972416,2.9619591253121533,STOP,3.0469591253121533,0.085,legacy_fixed_r_v1,2024-04-23 21:00:00+00:00,2024-04-23 21:05:00+00:00,2024-04-23 21:25:00+00:00,5
194820,194827,0.91378,0.9133274354490042,0.9961693824109061,STOP,1.081169382410906,0.085,legacy_fixed_r_v1,2024-04-24 16:50:00+00:00,2024-04-24 16:55:00+00:00,2024-04-24 17:25:00+00:00,7
194851,194856,0.91417,0.9145409534394305,-1.084999999999975,STOP,-0.999999999999975,0.085,legacy_fixed_r_v1,2024-04-24 19:25:00+00:00,2024-04-24 19:30:00+00:00,2024-04-24 19:50:00+00:00,5
194957,194964,0.91452,0.914401596535203,0.5685360539227253,STOP,0.6535360539227253,0.085,legacy_fixed_r_v1,2024-04-25 04:15:00+00:00,2024-04-25 04:20:00+00:00,2024-04-25 04:50:00+00:00,7
194969,194977,0.91417,0.9139982834437527,0.8599855793169848,STOP,0.9449855793169848,0.085,legacy_fixed_r_v1,2024-04-25 05:15:00+00:00,2024-04-25 05:20:00+00:00,2024-04-25 05:55:00+00:00,8
195012,195024,0.9128,0.9125000653495381,0.588172072008739,STOP,0.673172072008739,0.085,legacy_fixed_r_v1,2024-04-25 08:50:00+00:00,2024-04-25 08:55:00+00:00,2024-04-25 09:50:00+00:00,12
195042,195045,0.9128,0.9131728930289287,-1.085000000000083,STOP,-1.000000000000083,0.085,legacy_fixed_r_v1,2024-04-25 11:20:00+00:00,2024-04-25 11:25:00+00:00,2024-04-25 11:35:00+00:00,3
195089,195102,0.91328,0.9140562708625085,-1.0850000000000648,STOP,-1.0000000000000648,0.085,legacy_fixed_r_v1,2024-04-25 15:15:00+00:00,2024-04-25 15:20:00+00:00,2024-04-25 16:20:00+00:00,13
195107,195118,0.91293,0.9124687855815624,0.7289995156371881,STOP,0.8139995156371881,0.085,legacy_fixed_r_v1,2024-04-25 16:45:00+00:00,2024-04-25 16:50:00+00:00,2024-04-25 17:40:00+00:00,11
195135,195159,0.9121,0.9117968466290615,0.6914954621968381,STOP,0.7764954621968381,0.085,legacy_fixed_r_v1,2024-04-25 19:05:00+00:00,2024-04-25 19:10:00+00:00,2024-04-25 21:05:00+00:00,24
195171,195175,0.91204,0.9123293437930784,-1.0849999999999678,STOP,-0.9999999999999678,0.085,legacy_fixed_r_v1,2024-04-25 22:05:00+00:00,2024-04-25 22:10:00+00:00,2024-04-25 22:25:00+00:00,4
195233,195234,0.9127,0.9129537115321632,-1.0849999999999624,STOP,-0.9999999999999624,0.085,legacy_fixed_r_v1,2024-04-26 03:15:00+00:00,2024-04-26 03:20:00+00:00,2024-04-26 03:20:00+00:00,1
195266,195268,0.913,0.9128065957346725,0.6910812815607676,STOP,0.7760812815607676,0.085,legacy_fixed_r_v1,2024-04-26 06:00:00+00:00,2024-04-26 06:05:00+00:00,2024-04-26 06:10:00+00:00,2
195412,195422,0.91366,0.9133538443814282,0.790563953266217,STOP,0.8755639532662169,0.085,legacy_fixed_r_v1,2024-04-26 18:10:00+00:00,2024-04-26 18:15:00+00:00,2024-04-26 19:00:00+00:00,10
195482,195501,0.9132,0.9135049372016057,-1.0850000000000026,STOP,-1.0000000000000027,0.085,legacy_fixed_r_v1,2024-04-29 00:00:00+00:00,2024-04-29 00:05:00+00:00,2024-04-29 01:35:00+00:00,19
195531,195534,0.91138,0.9105250554371996,1.9189134753530355,STOP,2.0039134753530354,0.085,legacy_fixed_r_v1,2024-04-29 04:05:00+00:00,2024-04-29 04:10:00+00:00,2024-04-29 04:20:00+00:00,3
195597,195620,0.9112,0.9117879562374358,-1.0850000000000821,STOP,-1.0000000000000822,0.085,legacy_fixed_r_v1,2024-04-29 09:35:00+00:00,2024-04-29 09:40:00+00:00,2024-04-29 11:30:00+00:00,23
195676,195684,0.91038,0.909562470409197,1.2668883241123512,STOP,1.3518883241123512,0.085,legacy_fixed_r_v1,2024-04-29 16:10:00+00:00,2024-04-29 16:15:00+00:00,2024-04-29 16:50:00+00:00,8
195727,195735,0.91032,0.9096761202466064,2.0519196973186373,STOP,2.1369196973186373,0.085,legacy_fixed_r_v1,2024-04-29 20:25:00+00:00,2024-04-29 20:30:00+00:00,2024-04-29 21:05:00+00:00,8
195764,195770,0.91066,0.9109236479291434,-1.0850000000000974,STOP,-1.0000000000000975,0.085,legacy_fixed_r_v1,2024-04-29 23:30:00+00:00,2024-04-29 23:35:00+00:00,2024-04-30 00:00:00+00:00,6
195824,195830,0.91169,0.9113678167623033,1.2655812099276618,STOP,1.3505812099276617,0.085,legacy_fixed_r_v1,2024-04-30 04:30:00+00:00,2024-04-30 04:35:00+00:00,2024-04-30 05:00:00+00:00,6
196022,196025,0.91951,0.9187028718823059,2.6731135669458945,STOP,2.7581135669458945,0.085,legacy_fixed_r_v1,2024-04-30 21:00:00+00:00,2024-04-30 21:05:00+00:00,2024-04-30 21:15:00+00:00,3
196172,196179,0.92061,0.9210763130404429,-1.084999999999891,STOP,-0.999999999999891,0.085,legacy_fixed_r_v1,2024-05-01 09:30:00+00:00,2024-05-01 09:35:00+00:00,2024-05-01 10:05:00+00:00,7
196197,196203,0.92053,0.9201433552031448,0.9532808123132579,STOP,1.0382808123132579,0.085,legacy_fixed_r_v1,2024-05-01 11:35:00+00:00,2024-05-01 11:40:00+00:00,2024-05-01 12:05:00+00:00,6
196274,196275,0.91907,0.9196489955838872,-1.0850000000000002,STOP,-1.0000000000000002,0.085,legacy_fixed_r_v1,2024-05-01 18:00:00+00:00,2024-05-01 18:05:00+00:00,2024-05-01 18:05:00+00:00,1
196303,196308,0.91608,0.9151410474526327,0.6929867603114347,STOP,0.7779867603114347,0.085,legacy_fixed_r_v1,2024-05-01 20:25:00+00:00,2024-05-01 20:30:00+00:00,2024-05-01 20:50:00+00:00,5
196345,196363,0.91647,0.9170117045630022,-1.0850000000000577,STOP,-1.0000000000000577,0.085,legacy_fixed_r_v1,2024-05-01 23:55:00+00:00,2024-05-02 00:00:00+00:00,2024-05-02 01:25:00+00:00,18
196370,196375,0.9163,0.9166987784180616,-1.0850000000000843,STOP,-1.0000000000000844,0.085,legacy_fixed_r_v1,2024-05-02 02:00:00+00:00,2024-05-02 02:05:00+00:00,2024-05-02 02:25:00+00:00,5
196416,196419,0.91628,0.9159476941402751,1.071236668282893,STOP,1.156236668282893,0.085,legacy_fixed_r_v1,2024-05-02 05:50:00+00:00,2024-05-02 05:55:00+00:00,2024-05-02 06:05:00+00:00,3
196473,196481,0.91191,0.9124486182744314,-1.084999999999985,STOP,-0.9999999999999851,0.085,legacy_fixed_r_v1,2024-05-02 10:35:00+00:00,2024-05-02 10:40:00+00:00,2024-05-02 11:15:00+00:00,8
196533,196549,0.91182,0.9113440948110607,0.5646591280834417,STOP,0.6496591280834416,0.085,legacy_fixed_r_v1,2024-05-02 15:35:00+00:00,2024-05-02 15:40:00+00:00,2024-05-02 16:55:00+00:00,16
196558,196574,0.91073,0.9102596477147498,0.7753042416720726,STOP,0.8603042416720725,0.085,legacy_fixed_r_v1,2024-05-02 17:40:00+00:00,2024-05-02 17:45:00+00:00,2024-05-02 19:00:00+00:00,16
196612,196634,0.9101,0.9098500271673587,0.697511256016382,STOP,0.7825112560163819,0.085,legacy_fixed_r_v1,2024-05-02 22:10:00+00:00,2024-05-02 22:15:00+00:00,2024-05-03 00:00:00+00:00,22
196695,196703,0.9094,0.9082584610061163,5.627675133658367,STOP,5.712675133658367,0.085,legacy_fixed_r_v1,2024-05-03 05:05:00+00:00,2024-05-03 05:10:00+00:00,2024-05-03 05:45:00+00:00,8
196771,196785,0.90696,0.9019827759468145,9.95325002072358,STOP,10.03825002072358,0.085,legacy_fixed_r_v1,2024-05-03 11:25:00+00:00,2024-05-03 11:30:00+00:00,2024-05-03 12:35:00+00:00,14
196821,196831,0.90402,0.9050580456399995,-1.084999999999995,STOP,-0.999999999999995,0.085,legacy_fixed_r_v1,2024-05-03 15:35:00+00:00,2024-05-03 15:40:00+00:00,2024-05-03 16:25:00+00:00,10
196849,196870,0.90537,0.9048342690469422,1.0605868953246367,STOP,1.1455868953246366,0.085,legacy_fixed_r_v1,2024-05-03 17:55:00+00:00,2024-05-03 18:00:00+00:00,2024-05-03 19:40:00+00:00,21
196882,196885,0.90476,0.9050294054199512,-1.0850000000001154,STOP,-1.0000000000001155,0.085,legacy_fixed_r_v1,2024-05-03 20:40:00+00:00,2024-05-03 20:45:00+00:00,2024-05-03 20:55:00+00:00,3
196940,196951,0.90544,0.9052074562501962,0.5953562487275412,STOP,0.6803562487275412,0.085,legacy_fixed_r_v1,2024-05-06 01:35:00+00:00,2024-05-06 01:40:00+00:00,2024-05-06 02:30:00+00:00,11
197058,197078,0.9052,0.9040014303016685,2.8660479983275295,STOP,2.9510479983275295,0.085,legacy_fixed_r_v1,2024-05-06 11:25:00+00:00,2024-05-06 11:30:00+00:00,2024-05-06 13:05:00+00:00,20
197214,197222,0.90635,0.9061332378378132,0.7039144377308952,STOP,0.7889144377308952,0.085,legacy_fixed_r_v1,2024-05-07 00:25:00+00:00,2024-05-07 00:30:00+00:00,2024-05-07 01:05:00+00:00,8
197250,197253,0.90739,0.9072450011875524,0.4685877104896304,STOP,0.5535877104896304,0.085,legacy_fixed_r_v1,2024-05-07 03:25:00+00:00,2024-05-07 03:30:00+00:00,2024-05-07 03:40:00+00:00,3
197460,197462,0.90845,0.9081729107931369,1.0858620523817462,STOP,1.1708620523817461,0.085,legacy_fixed_r_v1,2024-05-07 20:55:00+00:00,2024-05-07 21:00:00+00:00,2024-05-07 21:05:00+00:00,2
197496,197504,0.90856,0.9081984488646171,1.8372473380709227,STOP,1.9222473380709226,0.085,legacy_fixed_r_v1,2024-05-07 23:55:00+00:00,2024-05-08 00:00:00+00:00,2024-05-08 00:35:00+00:00,8
197535,197545,0.90892,0.9091603882299942,-1.0850000000001394,STOP,-1.0000000000001394,0.085,legacy_fixed_r_v1,2024-05-08 03:10:00+00:00,2024-05-08 03:15:00+00:00,2024-05-08 04:00:00+00:00,10
197649,197654,0.90873,0.9083030642646014,1.1293354773436062,STOP,1.2143354773436061,0.085,legacy_fixed_r_v1,2024-05-08 12:40:00+00:00,2024-05-08 12:45:00+00:00,2024-05-08 13:05:00+00:00,5
197749,197752,0.90825,0.9078224594317482,2.4030776833119423,STOP,2.4880776833119422,0.085,legacy_fixed_r_v1,2024-05-08 21:00:00+00:00,2024-05-08 21:05:00+00:00,2024-05-08 21:15:00+00:00,3
197916,197918,0.90938,0.9096569717398675,-1.0850000000000881,STOP,-1.0000000000000882,0.085,legacy_fixed_r_v1,2024-05-09 10:55:00+00:00,2024-05-09 11:00:00+00:00,2024-05-09 11:05:00+00:00,2
198009,198014,0.90613,0.9058825077453024,0.940336863546662,STOP,1.025336863546662,0.085,legacy_fixed_r_v1,2024-05-09 18:40:00+00:00,2024-05-09 18:45:00+00:00,2024-05-09 19:05:00+00:00,5
198024,198042,0.90574,0.9059463668625148,-1.0849999999999154,STOP,-0.9999999999999153,0.085,legacy_fixed_r_v1,2024-05-09 19:55:00+00:00,2024-05-09 20:00:00+00:00,2024-05-09 21:25:00+00:00,18
198137,198139,0.90646,0.9063823020135655,0.4538622720240269,STOP,0.5388622720240269,0.085,legacy_fixed_r_v1,2024-05-10 05:20:00+00:00,2024-05-10 05:25:00+00:00,2024-05-10 05:30:00+00:00,2
198305,198321,0.90609,0.906338775851904,-1.0850000000000561,STOP,-1.0000000000000562,0.085,legacy_fixed_r_v1,2024-05-10 19:20:00+00:00,2024-05-10 19:25:00+00:00,2024-05-10 20:40:00+00:00,16
198325,198328,0.9072,0.9054823069950616,5.784219721560167,STOP,5.869219721560167,0.085,legacy_fixed_r_v1,2024-05-12 21:00:00+00:00,2024-05-12 21:05:00+00:00,2024-05-12 21:15:00+00:00,3
198584,198589,0.90783,0.9081040463946607,-1.085000000000117,STOP,-1.000000000000117,0.085,legacy_fixed_r_v1,2024-05-13 18:35:00+00:00,2024-05-13 18:40:00+00:00,2024-05-13 19:00:00+00:00,5
198703,198709,0.90852,0.9086796734131666,-1.0850000000000743,STOP,-1.0000000000000744,0.085,legacy_fixed_r_v1,2024-05-14 04:30:00+00:00,2024-05-14 04:35:00+00:00,2024-05-14 05:00:00+00:00,6
198721,198726,0.90852,0.9082715207163792,1.430465168849353,STOP,1.515465168849353,0.085,legacy_fixed_r_v1,2024-05-14 06:00:00+00:00,2024-05-14 06:05:00+00:00,2024-05-14 06:25:00+00:00,5
198901,198903,0.90667,0.9064212323482481,1.333719593680504,STOP,1.418719593680504,0.085,legacy_fixed_r_v1,2024-05-14 21:00:00+00:00,2024-05-14 21:05:00+00:00,2024-05-14 21:10:00+00:00,2
198938,198944,0.90673,0.9066001874851212,0.5263966447650698,STOP,0.6113966447650697,0.085,legacy_fixed_r_v1,2024-05-15 00:05:00+00:00,2024-05-15 00:10:00+00:00,2024-05-15 00:35:00+00:00,6
198999,199009,0.9059,0.9055310370042017,2.107505826039304,STOP,2.1925058260393038,0.085,legacy_fixed_r_v1,2024-05-15 05:10:00+00:00,2024-05-15 05:15:00+00:00,2024-05-15 06:00:00+00:00,10
199118,199125,0.90407,0.9035556682949766,0.5560322138549674,STOP,0.6410322138549673,0.085,legacy_fixed_r_v1,2024-05-15 15:05:00+00:00,2024-05-15 15:10:00+00:00,2024-05-15 15:40:00+00:00,7
199135,199139,0.90292,0.9035521367920293,-1.0850000000000308,STOP,-1.0000000000000309,0.085,legacy_fixed_r_v1,2024-05-15 16:30:00+00:00,2024-05-15 16:35:00+00:00,2024-05-15 16:50:00+00:00,4
199398,199437,0.90441,0.905020915565804,-1.0849999999999371,STOP,-0.9999999999999372,0.085,legacy_fixed_r_v1,2024-05-16 14:25:00+00:00,2024-05-16 14:30:00+00:00,2024-05-16 17:40:00+00:00,39
199479,199482,0.9061,0.9059254887652414,0.4685057745713544,STOP,0.5535057745713544,0.085,legacy_fixed_r_v1,2024-05-16 21:10:00+00:00,2024-05-16 21:15:00+00:00,2024-05-16 21:25:00+00:00,3
199554,199568,0.90697,0.9072063201024236,-1.08499999999982,STOP,-0.99999999999982,0.085,legacy_fixed_r_v1,2024-05-17 03:25:00+00:00,2024-05-17 03:30:00+00:00,2024-05-17 04:35:00+00:00,14
199652,199658,0.90925,0.9087063858623511,1.5316697896559932,STOP,1.6166697896559932,0.085,legacy_fixed_r_v1,2024-05-17 11:35:00+00:00,2024-05-17 11:40:00+00:00,2024-05-17 12:05:00+00:00,6
199745,199749,0.90791,0.9081533466172366,-1.0850000000001447,STOP,-1.0000000000001448,0.085,legacy_fixed_r_v1,2024-05-17 19:20:00+00:00,2024-05-17 19:25:00+00:00,2024-05-17 19:40:00+00:00,4
199841,199853,0.90937,0.90912214864908,1.0474552012013505,STOP,1.1324552012013505,0.085,legacy_fixed_r_v1,2024-05-20 03:20:00+00:00,2024-05-20 03:25:00+00:00,2024-05-20 04:20:00+00:00,12
199868,199883,0.90898,0.9091723944586321,-1.0849999999999638,STOP,-0.9999999999999637,0.085,legacy_fixed_r_v1,2024-05-20 05:35:00+00:00,2024-05-20 05:40:00+00:00,2024-05-20 06:50:00+00:00,15
199907,199909,0.90956,0.9090556546053687,1.463778799650008,STOP,1.548778799650008,0.085,legacy_fixed_r_v1,2024-05-20 08:50:00+00:00,2024-05-20 08:55:00+00:00,2024-05-20 09:00:00+00:00,2
199929,199939,0.90879,0.9091289008244147,-1.0850000000001203,STOP,-1.0000000000001203,0.085,legacy_fixed_r_v1,2024-05-20 10:40:00+00:00,2024-05-20 10:45:00+00:00,2024-05-20 11:30:00+00:00,10
200053,200055,0.9108,0.9105246223278678,1.2869150733855048,STOP,1.3719150733855048,0.085,legacy_fixed_r_v1,2024-05-20 21:00:00+00:00,2024-05-20 21:05:00+00:00,2024-05-20 21:10:00+00:00,2
200141,200147,0.91097,0.910738587648773,1.0253355596092568,STOP,1.1103355596092568,0.085,legacy_fixed_r_v1,2024-05-21 04:20:00+00:00,2024-05-21 04:25:00+00:00,2024-05-21 04:50:00+00:00,6
200198,200203,0.90967,0.9090659767322287,1.478906710500548,STOP,1.563906710500548,0.085,legacy_fixed_r_v1,2024-05-21 09:05:00+00:00,2024-05-21 09:10:00+00:00,2024-05-21 09:30:00+00:00,5
200232,200234,0.90941,0.9096834623945469,-1.0849999999998106,STOP,-0.9999999999998105,0.085,legacy_fixed_r_v1,2024-05-21 11:55:00+00:00,2024-05-21 12:00:00+00:00,2024-05-21 12:05:00+00:00,2
200346,200349,0.91115,0.9105687166502656,3.071422125281076,STOP,3.156422125281076,0.085,legacy_fixed_r_v1,2024-05-21 21:25:00+00:00,2024-05-21 21:30:00+00:00,2024-05-21 21:40:00+00:00,3
200443,200448,0.91142,0.9112530776344032,0.8991053593401295,STOP,0.9841053593401294,0.085,legacy_fixed_r_v1,2024-05-22 05:30:00+00:00,2024-05-22 05:35:00+00:00,2024-05-22 05:55:00+00:00,5
200541,200544,0.91385,0.9135637547550929,0.5916566667185965,STOP,0.6766566667185965,0.085,legacy_fixed_r_v1,2024-05-22 13:40:00+00:00,2024-05-22 13:45:00+00:00,2024-05-22 13:55:00+00:00,3
200630,200632,0.91557,0.9152439429213917,1.1173429565251531,STOP,1.202342956525153,0.085,legacy_fixed_r_v1,2024-05-22 21:05:00+00:00,2024-05-22 21:10:00+00:00,2024-05-22 21:15:00+00:00,2
200697,200736,0.91456,0.914820793805027,-1.0849999999999294,STOP,-0.9999999999999293,0.085,legacy_fixed_r_v1,2024-05-23 02:40:00+00:00,2024-05-23 02:45:00+00:00,2024-05-23 05:55:00+00:00,39
200780,200793,0.91408,0.9135901708816977,1.075588140509711,STOP,1.160588140509711,0.085,legacy_fixed_r_v1,2024-05-23 09:35:00+00:00,2024-05-23 09:40:00+00:00,2024-05-23 10:40:00+00:00,13
200800,200812,0.91341,0.9129189455171774,1.6352212283765428,STOP,1.7202212283765428,0.085,legacy_fixed_r_v1,2024-05-23 11:15:00+00:00,2024-05-23 11:20:00+00:00,2024-05-23 12:15:00+00:00,12
200950,200953,0.91432,0.9144858597591464,-1.0850000000003122,STOP,-1.0000000000003122,0.085,legacy_fixed_r_v1,2024-05-23 23:45:00+00:00,2024-05-23 23:50:00+00:00,2024-05-24 00:00:00+00:00,3
201149,201155,0.91363,0.9140783718493449,-1.0849999999999298,STOP,-0.9999999999999298,0.085,legacy_fixed_r_v1,2024-05-24 16:20:00+00:00,2024-05-24 16:25:00+00:00,2024-05-24 16:50:00+00:00,6
201205,201207,0.91503,0.9135206612282393,6.257755052918984,STOP,6.342755052918984,0.085,legacy_fixed_r_v1,2024-05-26 21:00:00+00:00,2024-05-26 21:05:00+00:00,2024-05-26 21:10:00+00:00,2
201255,201262,0.91443,0.914579319000197,-1.0850000000001385,STOP,-1.0000000000001386,0.085,legacy_fixed_r_v1,2024-05-27 01:10:00+00:00,2024-05-27 01:15:00+00:00,2024-05-27 01:45:00+00:00,7
201306,201314,0.91432,0.9144376533888662,-1.0849999999998348,STOP,-0.9999999999998348,0.085,legacy_fixed_r_v1,2024-05-27 05:25:00+00:00,2024-05-27 05:30:00+00:00,2024-05-27 06:05:00+00:00,8
201430,201437,0.91359,0.9133568808712095,0.7927992941879352,STOP,0.8777992941879351,0.085,legacy_fixed_r_v1,2024-05-27 15:45:00+00:00,2024-05-27 15:50:00+00:00,2024-05-27 16:20:00+00:00,7
201528,201530,0.91333,0.9131027334925349,1.405995836919132,STOP,1.490995836919132,0.085,legacy_fixed_r_v1,2024-05-27 23:55:00+00:00,2024-05-28 00:00:00+00:00,2024-05-28 00:05:00+00:00,2
201562,201566,0.91179,0.9120293637641744,-1.085000000000016,STOP,-1.000000000000016,0.085,legacy_fixed_r_v1,2024-05-28 02:45:00+00:00,2024-05-28 02:50:00+00:00,2024-05-28 03:05:00+00:00,4
201662,201673,0.91018,0.910563551935807,-1.0849999999998758,STOP,-0.9999999999998759,0.085,legacy_fixed_r_v1,2024-05-28 11:05:00+00:00,2024-05-28 11:10:00+00:00,2024-05-28 12:00:00+00:00,11
201781,201784,0.91248,0.9122157156822712,1.025340381354235,STOP,1.110340381354235,0.085,legacy_fixed_r_v1,2024-05-28 21:00:00+00:00,2024-05-28 21:05:00+00:00,2024-05-28 21:15:00+00:00,3
202025,202040,0.91346,0.9138997972988736,-1.0849999999999678,STOP,-0.9999999999999677,0.085,legacy_fixed_r_v1,2024-05-29 17:20:00+00:00,2024-05-29 17:25:00+00:00,2024-05-29 18:35:00+00:00,15
202049,202071,0.91341,0.9131271471969602,0.8115790485238217,STOP,0.8965790485238216,0.085,legacy_fixed_r_v1,2024-05-29 19:20:00+00:00,2024-05-29 19:25:00+00:00,2024-05-29 21:10:00+00:00,22
202095,202100,0.91304,0.9132150214764211,-1.0850000000001276,STOP,-1.0000000000001277,0.085,legacy_fixed_r_v1,2024-05-29 23:10:00+00:00,2024-05-29 23:15:00+00:00,2024-05-29 23:35:00+00:00,5
202138,202141,0.9138,0.9135906702376932,0.7863966781516678,STOP,0.8713966781516678,0.085,legacy_fixed_r_v1,2024-05-30 02:45:00+00:00,2024-05-30 02:50:00+00:00,2024-05-30 03:00:00+00:00,3
202162,202164,0.91308,0.912819796065242,1.0857552217524926,STOP,1.1707552217524926,0.085,legacy_fixed_r_v1,2024-05-30 04:45:00+00:00,2024-05-30 04:50:00+00:00,2024-05-30 04:55:00+00:00,2
202229,202237,0.90648,0.9071747678220752,-1.0849999999999544,STOP,-0.9999999999999545,0.085,legacy_fixed_r_v1,2024-05-30 10:20:00+00:00,2024-05-30 10:25:00+00:00,2024-05-30 11:00:00+00:00,8
202310,202319,0.9036,0.9032917103109337,0.714331885329857,STOP,0.799331885329857,0.085,legacy_fixed_r_v1,2024-05-30 17:05:00+00:00,2024-05-30 17:10:00+00:00,2024-05-30 17:50:00+00:00,9
202357,202359,0.90357,0.9033387192832257,1.1376426324879227,STOP,1.2226426324879227,0.085,legacy_fixed_r_v1,2024-05-30 21:00:00+00:00,2024-05-30 21:05:00+00:00,2024-05-30 21:10:00+00:00,2
202526,202534,0.90574,0.905199163028592,1.154338469943555,STOP,1.239338469943555,0.085,legacy_fixed_r_v1,2024-05-31 11:05:00+00:00,2024-05-31 11:10:00+00:00,2024-05-31 11:45:00+00:00,8
202558,202563,0.90257,0.9012955586365264,1.8338459271337249,STOP,1.9188459271337248,0.085,legacy_fixed_r_v1,2024-05-31 13:45:00+00:00,2024-05-31 13:50:00+00:00,2024-05-31 14:10:00+00:00,5
202621,202627,0.90279,0.9031092849947626,-1.0849999999998319,STOP,-0.9999999999998319,0.085,legacy_fixed_r_v1,2024-05-31 19:00:00+00:00,2024-05-31 19:05:00+00:00,2024-05-31 19:30:00+00:00,6
202644,202649,0.90412,0.9019260857581402,7.2941361667703575,STOP,7.379136166770357,0.085,legacy_fixed_r_v1,2024-05-31 20:55:00+00:00,2024-06-02 21:00:00+00:00,2024-06-02 21:20:00+00:00,5
202797,202806,0.90235,0.9014412992617288,1.8691022415356773,STOP,1.9541022415356772,0.085,legacy_fixed_r_v1,2024-06-03 09:40:00+00:00,2024-06-03 09:45:00+00:00,2024-06-03 10:25:00+00:00,9
202843,202846,0.90048,0.9009676560420639,-1.0849999999999944,STOP,-0.9999999999999944,0.085,legacy_fixed_r_v1,2024-06-03 13:30:00+00:00,2024-06-03 13:35:00+00:00,2024-06-03 13:45:00+00:00,3
202924,202934,0.89593,0.8956413905076674,1.1121358491369904,STOP,1.1971358491369903,0.085,legacy_fixed_r_v1,2024-06-03 20:15:00+00:00,2024-06-03 20:20:00+00:00,2024-06-03 21:05:00+00:00,10
203083,203098,0.8943,0.8930007211723894,1.7465028971763825,STOP,1.8315028971763825,0.085,legacy_fixed_r_v1,2024-06-04 09:30:00+00:00,2024-06-04 09:35:00+00:00,2024-06-04 10:45:00+00:00,15
203113,203123,0.89278,0.8933552965994791,-1.084999999999928,STOP,-0.9999999999999281,0.085,legacy_fixed_r_v1,2024-06-04 12:00:00+00:00,2024-06-04 12:05:00+00:00,2024-06-04 12:50:00+00:00,10
203132,203138,0.89217,0.8910772320983915,1.6177078441309602,STOP,1.7027078441309602,0.085,legacy_fixed_r_v1,2024-06-04 13:35:00+00:00,2024-06-04 13:40:00+00:00,2024-06-04 14:05:00+00:00,6
203166,203183,0.8894,0.8887030889633567,0.9902515509123699,STOP,1.07525155091237,0.085,legacy_fixed_r_v1,2024-06-04 16:25:00+00:00,2024-06-04 16:30:00+00:00,2024-06-04 17:50:00+00:00,17
203472,203485,0.89361,0.8932540864801702,0.8560488999297958,STOP,0.9410488999297958,0.085,legacy_fixed_r_v1,2024-06-05 17:55:00+00:00,2024-06-05 18:00:00+00:00,2024-06-05 19:00:00+00:00,13
203533,203543,0.89286,0.8926107206362898,1.3128766746031053,STOP,1.3978766746031053,0.085,legacy_fixed_r_v1,2024-06-05 23:00:00+00:00,2024-06-05 23:05:00+00:00,2024-06-05 23:50:00+00:00,10
203545,203552,0.89252,0.8921477954452488,2.2007914902934194,STOP,2.2857914902934193,0.085,legacy_fixed_r_v1,2024-06-06 00:00:00+00:00,2024-06-06 00:05:00+00:00,2024-06-06 00:35:00+00:00,7
203652,203657,0.8921,0.8918209459616779,0.6077589644913894,STOP,0.6927589644913894,0.085,legacy_fixed_r_v1,2024-06-06 08:55:00+00:00,2024-06-06 09:00:00+00:00,2024-06-06 09:20:00+00:00,5
203666,203670,0.89154,0.8911329526691455,1.0893598134371523,STOP,1.1743598134371522,0.085,legacy_fixed_r_v1,2024-06-06 10:05:00+00:00,2024-06-06 10:10:00+00:00,2024-06-06 10:25:00+00:00,4
203733,203762,0.89176,0.8912322479934794,0.8489702215785417,STOP,0.9339702215785417,0.085,legacy_fixed_r_v1,2024-06-06 15:40:00+00:00,2024-06-06 15:45:00+00:00,2024-06-06 18:05:00+00:00,29
203885,203889,0.88995,0.88964569840979,1.4994951568996773,STOP,1.5844951568996772,0.085,legacy_fixed_r_v1,2024-06-07 04:20:00+00:00,2024-06-07 04:25:00+00:00,2024-06-07 04:40:00+00:00,4
204025,204031,0.89567,0.8963454514497766,-1.0849999999999738,STOP,-0.9999999999999737,0.085,legacy_fixed_r_v1,2024-06-07 16:00:00+00:00,2024-06-07 16:05:00+00:00,2024-06-07 16:30:00+00:00,6
204084,204086,0.89779,0.8967260737079398,3.4342919052005776,STOP,3.5192919052005776,0.085,legacy_fixed_r_v1,2024-06-07 20:55:00+00:00,2024-06-09 21:00:00+00:00,2024-06-09 21:05:00+00:00,2
204120,204123,0.89616,0.8959626298019178,0.44893776780798017,STOP,0.5339377678079802,0.085,legacy_fixed_r_v1,2024-06-09 23:55:00+00:00,2024-06-10 00:00:00+00:00,2024-06-10 00:10:00+00:00,3
204169,204171,0.8975,0.8971976831923183,1.2562781429035643,STOP,1.3412781429035643,0.085,legacy_fixed_r_v1,2024-06-10 04:00:00+00:00,2024-06-10 04:05:00+00:00,2024-06-10 04:10:00+00:00,2
204193,204196,0.89698,0.8972561225486293,-1.0850000000000042,STOP,-1.0000000000000042,0.085,legacy_fixed_r_v1,2024-06-10 06:00:00+00:00,2024-06-10 06:05:00+00:00,2024-06-10 06:15:00+00:00,3
204234,204239,0.8965,0.8969265029356353,-1.084999999999898,STOP,-0.999999999999898,0.085,legacy_fixed_r_v1,2024-06-10 09:25:00+00:00,2024-06-10 09:30:00+00:00,2024-06-10 09:50:00+00:00,5
204370,204374,0.89651,0.8964383547902065,0.4497963771632581,STOP,0.5347963771632581,0.085,legacy_fixed_r_v1,2024-06-10 20:45:00+00:00,2024-06-10 20:50:00+00:00,2024-06-10 21:05:00+00:00,4
204424,204431,0.89687,0.8966892859665929,0.7994198151966813,STOP,0.8844198151966812,0.085,legacy_fixed_r_v1,2024-06-11 01:15:00+00:00,2024-06-11 01:20:00+00:00,2024-06-11 01:50:00+00:00,7
204454,204462,0.89672,0.8965259381362563,1.2138577235889003,STOP,1.2988577235889003,0.085,legacy_fixed_r_v1,2024-06-11 03:45:00+00:00,2024-06-11 03:50:00+00:00,2024-06-11 04:25:00+00:00,8
204529,204534,0.8963,0.8966702932992813,-1.085000000000076,STOP,-1.000000000000076,0.085,legacy_fixed_r_v1,2024-06-11 10:00:00+00:00,2024-06-11 10:05:00+00:00,2024-06-11 10:25:00+00:00,5
204637,204645,0.897,0.8972847911641276,-1.0850000000000681,STOP,-1.0000000000000682,0.085,legacy_fixed_r_v1,2024-06-11 19:00:00+00:00,2024-06-11 19:05:00+00:00,2024-06-11 19:40:00+00:00,8
204661,204664,0.89787,0.8973200383771482,2.7230485972292735,STOP,2.8080485972292735,0.085,legacy_fixed_r_v1,2024-06-11 21:00:00+00:00,2024-06-11 21:05:00+00:00,2024-06-11 21:15:00+00:00,3
204760,204768,0.89772,0.897293426839925,3.4701827636239506,STOP,3.5551827636239506,0.085,legacy_fixed_r_v1,2024-06-12 05:20:00+00:00,2024-06-12 05:25:00+00:00,2024-06-12 06:00:00+00:00,8
204821,204827,0.89639,0.8958919879859926,1.741859757856067,STOP,1.826859757856067,0.085,legacy_fixed_r_v1,2024-06-12 10:25:00+00:00,2024-06-12 10:30:00+00:00,2024-06-12 10:55:00+00:00,6
204874,204880,0.89036,0.8912869207313062,-1.085000000000007,STOP,-1.000000000000007,0.085,legacy_fixed_r_v1,2024-06-12 14:50:00+00:00,2024-06-12 14:55:00+00:00,2024-06-12 15:20:00+00:00,6
204911,204912,0.89207,0.8925632797163335,-1.0849999999999922,STOP,-0.9999999999999921,0.085,legacy_fixed_r_v1,2024-06-12 17:55:00+00:00,2024-06-12 18:00:00+00:00,2024-06-12 18:00:00+00:00,1
204983,204987,0.89428,0.8938946846991538,1.285582281478068,STOP,1.370582281478068,0.085,legacy_fixed_r_v1,2024-06-12 23:55:00+00:00,2024-06-13 00:00:00+00:00,2024-06-13 00:15:00+00:00,4
205162,205177,0.89464,0.8936343432098847,1.391403821085148,STOP,1.476403821085148,0.085,legacy_fixed_r_v1,2024-06-13 14:50:00+00:00,2024-06-13 14:55:00+00:00,2024-06-13 16:05:00+00:00,15
205210,205224,0.89398,0.8937586208095503,0.5701916446250718,STOP,0.6551916446250717,0.085,legacy_fixed_r_v1,2024-06-13 18:50:00+00:00,2024-06-13 18:55:00+00:00,2024-06-13 20:00:00+00:00,14
205272,205275,0.89394,0.8941239856886599,-1.0849999999997644,STOP,-0.9999999999997644,0.085,legacy_fixed_r_v1,2024-06-14 00:00:00+00:00,2024-06-14 00:05:00+00:00,2024-06-14 00:15:00+00:00,3
205294,205299,0.89379,0.8935162976318016,1.4341227938530183,STOP,1.5191227938530183,0.085,legacy_fixed_r_v1,2024-06-14 01:50:00+00:00,2024-06-14 01:55:00+00:00,2024-06-14 02:15:00+00:00,5
205339,205342,0.89399,0.8941895701453362,-1.085000000000005,STOP,-1.000000000000005,0.085,legacy_fixed_r_v1,2024-06-14 05:35:00+00:00,2024-06-14 05:40:00+00:00,2024-06-14 05:50:00+00:00,3
205411,205414,0.89291,0.892228204972801,1.2451958521452957,STOP,1.3301958521452957,0.085,legacy_fixed_r_v1,2024-06-14 11:35:00+00:00,2024-06-14 11:40:00+00:00,2024-06-14 11:50:00+00:00,3
205445,205448,0.89096,0.8916164972676074,-1.0849999999999371,STOP,-0.999999999999937,0.085,legacy_fixed_r_v1,2024-06-14 14:25:00+00:00,2024-06-14 14:30:00+00:00,2024-06-14 14:40:00+00:00,3
205476,205483,0.89047,0.889705493082061,1.471160590045317,STOP,1.556160590045317,0.085,legacy_fixed_r_v1,2024-06-14 17:00:00+00:00,2024-06-14 17:05:00+00:00,2024-06-14 17:35:00+00:00,7
205507,205524,0.89013,0.8897552419153139,1.3351668513152959,STOP,1.4201668513152959,0.085,legacy_fixed_r_v1,2024-06-14 19:35:00+00:00,2024-06-14 19:40:00+00:00,2024-06-16 21:00:00+00:00,17
205563,205584,0.89057,0.890862710313447,-1.0849999999999407,STOP,-0.9999999999999407,0.085,legacy_fixed_r_v1,2024-06-17 00:15:00+00:00,2024-06-17 00:20:00+00:00,2024-06-17 02:00:00+00:00,21
205606,205618,0.89057,0.8904409321353971,0.7040857113899849,STOP,0.7890857113899848,0.085,legacy_fixed_r_v1,2024-06-17 03:50:00+00:00,2024-06-17 03:55:00+00:00,2024-06-17 04:50:00+00:00,12
205739,205745,0.89215,0.8918605177788852,0.6096052629390591,STOP,0.6946052629390591,0.085,legacy_fixed_r_v1,2024-06-17 14:55:00+00:00,2024-06-17 15:00:00+00:00,2024-06-17 15:25:00+00:00,6
205800,205813,0.88978,0.8894630304551329,1.4540552713020538,STOP,1.5390552713020538,0.085,legacy_fixed_r_v1,2024-06-17 20:00:00+00:00,2024-06-17 20:05:00+00:00,2024-06-17 21:05:00+00:00,13
205897,205904,0.88929,0.8894715234231741,-1.085000000000237,STOP,-1.0000000000002371,0.085,legacy_fixed_r_v1,2024-06-18 04:05:00+00:00,2024-06-18 04:10:00+00:00,2024-06-18 04:40:00+00:00,7
205956,205960,0.88837,0.8877600199362525,1.4001604165465098,STOP,1.4851604165465098,0.085,legacy_fixed_r_v1,2024-06-18 09:00:00+00:00,2024-06-18 09:05:00+00:00,2024-06-18 09:20:00+00:00,4
206072,206102,0.88401,0.8843844100020473,-1.0850000000000022,STOP,-1.0000000000000022,0.085,legacy_fixed_r_v1,2024-06-18 18:40:00+00:00,2024-06-18 18:45:00+00:00,2024-06-18 21:10:00+00:00,30
206198,206207,0.88424,0.8838553247183535,2.90971573908448,STOP,2.99471573908448,0.085,legacy_fixed_r_v1,2024-06-19 05:10:00+00:00,2024-06-19 05:15:00+00:00,2024-06-19 05:55:00+00:00,9
206307,206311,0.88369,0.8840678698514628,-1.085000000000117,STOP,-1.000000000000117,0.085,legacy_fixed_r_v1,2024-06-19 14:15:00+00:00,2024-06-19 14:20:00+00:00,2024-06-19 14:35:00+00:00,4
206326,206337,0.88393,0.8841895353367573,-1.085000000000111,STOP,-1.000000000000111,0.085,legacy_fixed_r_v1,2024-06-19 15:50:00+00:00,2024-06-19 15:55:00+00:00,2024-06-19 16:45:00+00:00,11
206358,206360,0.88442,0.8842785857082213,1.4924721649086272,STOP,1.5774721649086272,0.085,legacy_fixed_r_v1,2024-06-19 18:35:00+00:00,2024-06-19 18:40:00+00:00,2024-06-19 18:45:00+00:00,2
206387,206391,0.88472,0.884140182696423,2.935952315422677,STOP,3.020952315422677,0.085,legacy_fixed_r_v1,2024-06-19 21:00:00+00:00,2024-06-19 21:05:00+00:00,2024-06-19 21:25:00+00:00,4
206422,206432,0.88425,0.8841582607202512,0.46217615447735266,STOP,0.5471761544773527,0.085,legacy_fixed_r_v1,2024-06-20 00:00:00+00:00,2024-06-20 00:05:00+00:00,2024-06-20 00:50:00+00:00,10
206475,206494,0.88373,0.8834054124769198,1.7555426805250123,STOP,1.8405426805250122,0.085,legacy_fixed_r_v1,2024-06-20 04:25:00+00:00,2024-06-20 04:30:00+00:00,2024-06-20 06:00:00+00:00,19
206543,206545,0.88945,0.8902721083246569,-1.0849999999999713,STOP,-0.9999999999999712,0.085,legacy_fixed_r_v1,2024-06-20 10:05:00+00:00,2024-06-20 10:10:00+00:00,2024-06-20 10:15:00+00:00,2
206642,206650,0.89057,0.8909325424527416,-1.0849999999998885,STOP,-0.9999999999998884,0.085,legacy_fixed_r_v1,2024-06-20 18:20:00+00:00,2024-06-20 18:25:00+00:00,2024-06-20 19:00:00+00:00,8
206853,206855,0.89222,0.8920346371365466,0.492892035906545,STOP,0.577892035906545,0.085,legacy_fixed_r_v1,2024-06-21 11:55:00+00:00,2024-06-21 12:00:00+00:00,2024-06-21 12:05:00+00:00,2
206934,206949,0.89407,0.8943280594680859,-1.0849999999999107,STOP,-0.9999999999999107,0.085,legacy_fixed_r_v1,2024-06-21 18:40:00+00:00,2024-06-21 18:45:00+00:00,2024-06-21 19:55:00+00:00,15
206955,206963,0.89423,0.8926921469577505,8.494061731545294,STOP,8.579061731545295,0.085,legacy_fixed_r_v1,2024-06-21 20:25:00+00:00,2024-06-21 20:30:00+00:00,2024-06-23 21:05:00+00:00,8
207020,207025,0.89348,0.8937391558643447,-1.0850000000000415,STOP,-1.0000000000000415,0.085,legacy_fixed_r_v1,2024-06-24 01:50:00+00:00,2024-06-24 01:55:00+00:00,2024-06-24 02:15:00+00:00,5
207040,207052,0.89331,0.8934854389342488,-1.0849999999997828,STOP,-0.9999999999997827,0.085,legacy_fixed_r_v1,2024-06-24 03:30:00+00:00,2024-06-24 03:35:00+00:00,2024-06-24 04:30:00+00:00,12
207215,207226,0.89388,0.8930135304410386,3.3495353292390693,STOP,3.4345353292390692,0.085,legacy_fixed_r_v1,2024-06-24 18:05:00+00:00,2024-06-24 18:10:00+00:00,2024-06-24 19:00:00+00:00,11
207248,207251,0.89292,0.8927369146137962,0.8548825467460912,STOP,0.9398825467460912,0.085,legacy_fixed_r_v1,2024-06-24 20:50:00+00:00,2024-06-24 20:55:00+00:00,2024-06-24 21:05:00+00:00,3
207286,207290,0.89302,0.8928476019635865,1.0444437593600004,STOP,1.1294437593600004,0.085,legacy_fixed_r_v1,2024-06-25 00:00:00+00:00,2024-06-25 00:05:00+00:00,2024-06-25 00:20:00+00:00,4
207316,207352,0.89193,0.891489298725314,1.5494026813343809,STOP,1.6344026813343808,0.085,legacy_fixed_r_v1,2024-06-25 02:30:00+00:00,2024-06-25 02:35:00+00:00,2024-06-25 05:30:00+00:00,36
207397,207414,0.89336,0.8929401244737531,1.0201454214544101,STOP,1.10514542145441,0.085,legacy_fixed_r_v1,2024-06-25 09:15:00+00:00,2024-06-25 09:20:00+00:00,2024-06-25 10:40:00+00:00,17
207432,207436,0.89349,0.8938195809075892,-1.0849999999999007,STOP,-0.9999999999999006,0.085,legacy_fixed_r_v1,2024-06-25 12:10:00+00:00,2024-06-25 12:15:00+00:00,2024-06-25 12:30:00+00:00,4
207500,207510,0.89474,0.8945546341551002,0.5301676814391197,STOP,0.6151676814391197,0.085,legacy_fixed_r_v1,2024-06-25 17:50:00+00:00,2024-06-25 17:55:00+00:00,2024-06-25 18:40:00+00:00,10
207826,207829,0.8975,0.897218866021925,1.5695654577553637,STOP,1.6545654577553637,0.085,legacy_fixed_r_v1,2024-06-26 21:00:00+00:00,2024-06-26 21:05:00+00:00,2024-06-26 21:15:00+00:00,3
207866,207869,0.89696,0.8971214311714926,-1.0850000000002902,STOP,-1.0000000000002902,0.085,legacy_fixed_r_v1,2024-06-27 00:20:00+00:00,2024-06-27 00:25:00+00:00,2024-06-27 00:35:00+00:00,3
207884,207888,0.89707,0.8968060578334311,1.1337603137100634,STOP,1.2187603137100633,0.085,legacy_fixed_r_v1,2024-06-27 01:50:00+00:00,2024-06-27 01:55:00+00:00,2024-06-27 02:10:00+00:00,4
207911,207922,0.8969,0.8967433635125542,0.841373687847405,STOP,0.9263736878474049,0.085,legacy_fixed_r_v1,2024-06-27 04:05:00+00:00,2024-06-27 04:10:00+00:00,2024-06-27 05:00:00+00:00,11
207933,207934,0.89665,0.8968020078005368,-1.085000000000114,STOP,-1.0000000000001141,0.085,legacy_fixed_r_v1,2024-06-27 05:55:00+00:00,2024-06-27 06:00:00+00:00,2024-06-27 06:00:00+00:00,1
208212,208216,0.89935,0.8995301581822717,-1.08499999999974,STOP,-0.99999999999974,0.085,legacy_fixed_r_v1,2024-06-28 05:10:00+00:00,2024-06-28 05:15:00+00:00,2024-06-28 05:30:00+00:00,4
208265,208269,0.89936,0.8990586632141221,0.5888298032377701,STOP,0.6738298032377701,0.085,legacy_fixed_r_v1,2024-06-28 09:35:00+00:00,2024-06-28 09:40:00+00:00,2024-06-28 09:55:00+00:00,4
208402,208404,0.89936,0.8972665981976172,5.549706984996021,STOP,5.634706984996021,0.085,legacy_fixed_r_v1,2024-06-30 21:00:00+00:00,2024-06-30 21:05:00+00:00,2024-06-30 21:10:00+00:00,2
208442,208456,0.89962,0.8991700742787722,0.9043372597911528,STOP,0.9893372597911527,0.085,legacy_fixed_r_v1,2024-07-01 00:20:00+00:00,2024-07-01 00:25:00+00:00,2024-07-01 01:30:00+00:00,14
208633,208678,0.9037,0.9031168136237697,1.0733973635655258,STOP,1.1583973635655258,0.085,legacy_fixed_r_v1,2024-07-01 16:15:00+00:00,2024-07-01 16:20:00+00:00,2024-07-01 20:00:00+00:00,45
208689,208692,0.90301,0.902486053964205,2.755485121885767,STOP,2.840485121885767,0.085,legacy_fixed_r_v1,2024-07-01 20:55:00+00:00,2024-07-01 21:00:00+00:00,2024-07-01 21:10:00+00:00,3
208929,208948,0.90456,0.9043429636336247,0.5628688937394148,STOP,0.6478688937394148,0.085,legacy_fixed_r_v1,2024-07-02 16:55:00+00:00,2024-07-02 17:00:00+00:00,2024-07-02 18:30:00+00:00,19
208955,208964,0.90408,0.9037725575583634,1.2553352011865975,STOP,1.3403352011865974,0.085,legacy_fixed_r_v1,2024-07-02 19:05:00+00:00,2024-07-02 19:10:00+00:00,2024-07-02 19:50:00+00:00,9
208978,208980,0.90395,0.9035743923568968,2.316836203932518,STOP,2.401836203932518,0.085,legacy_fixed_r_v1,2024-07-02 21:00:00+00:00,2024-07-02 21:05:00+00:00,2024-07-02 21:10:00+00:00,2
209018,209021,0.90366,0.9038312752072829,-1.0850000000000275,STOP,-1.0000000000000275,0.085,legacy_fixed_r_v1,2024-07-03 00:20:00+00:00,2024-07-03 00:25:00+00:00,2024-07-03 00:35:00+00:00,3
209044,209070,0.90399,0.9041603832184808,-1.085000000000049,STOP,-1.000000000000049,0.085,legacy_fixed_r_v1,2024-07-03 02:30:00+00:00,2024-07-03 02:35:00+00:00,2024-07-03 04:40:00+00:00,26
209118,209130,0.90348,0.9031701806238798,0.9781822319241764,STOP,1.0631822319241764,0.085,legacy_fixed_r_v1,2024-07-03 08:40:00+00:00,2024-07-03 08:45:00+00:00,2024-07-03 09:40:00+00:00,12
209166,209173,0.90277,0.9017507386910987,2.803088718700828,STOP,2.888088718700828,0.085,legacy_fixed_r_v1,2024-07-03 12:40:00+00:00,2024-07-03 12:45:00+00:00,2024-07-03 13:15:00+00:00,7
209267,209272,0.90152,0.9010341966161242,1.8410230571330854,STOP,1.9260230571330854,0.085,legacy_fixed_r_v1,2024-07-03 21:05:00+00:00,2024-07-03 21:10:00+00:00,2024-07-03 21:30:00+00:00,5
209364,209373,0.90098,0.9003741892368073,5.288633225886704,STOP,5.373633225886704,0.085,legacy_fixed_r_v1,2024-07-04 05:10:00+00:00,2024-07-04 05:15:00+00:00,2024-07-04 05:55:00+00:00,9
209410,209423,0.90101,0.9006086383457614,0.7299518656573578,STOP,0.8149518656573578,0.085,legacy_fixed_r_v1,2024-07-04 09:00:00+00:00,2024-07-04 09:05:00+00:00,2024-07-04 10:05:00+00:00,13
209433,209436,0.90017,0.8998512896483452,0.8229830944953307,STOP,0.9079830944953307,0.085,legacy_fixed_r_v1,2024-07-04 10:55:00+00:00,2024-07-04 11:00:00+00:00,2024-07-04 11:10:00+00:00,3
209449,209453,0.89942,0.8997770714403506,-1.0850000000000675,STOP,-1.0000000000000675,0.085,legacy_fixed_r_v1,2024-07-04 12:15:00+00:00,2024-07-04 12:20:00+00:00,2024-07-04 12:35:00+00:00,4
209499,209502,0.89971,0.8999278113401266,-1.085000000000239,STOP,-1.0000000000002391,0.085,legacy_fixed_r_v1,2024-07-04 16:25:00+00:00,2024-07-04 16:30:00+00:00,2024-07-04 16:40:00+00:00,3
209532,209541,0.89994,0.8998225375028047,1.2662162755063429,STOP,1.3512162755063428,0.085,legacy_fixed_r_v1,2024-07-04 19:10:00+00:00,2024-07-04 19:15:00+00:00,2024-07-04 19:55:00+00:00,9
209554,209556,0.90064,0.8997586213604057,7.836693469579633,STOP,7.921693469579633,0.085,legacy_fixed_r_v1,2024-07-04 21:00:00+00:00,2024-07-04 21:05:00+00:00,2024-07-04 21:10:00+00:00,2
209617,209633,0.89934,0.898374556137437,4.499139425759963,STOP,4.584139425759963,0.085,legacy_fixed_r_v1,2024-07-05 02:15:00+00:00,2024-07-05 02:20:00+00:00,2024-07-05 03:35:00+00:00,16
209659,209663,0.89843,0.898230250398258,1.0799411988072554,STOP,1.1649411988072553,0.085,legacy_fixed_r_v1,2024-07-05 05:45:00+00:00,2024-07-05 05:50:00+00:00,2024-07-05 06:05:00+00:00,4
209794,209812,0.89726,0.8960061743380022,2.919004846021388,STOP,3.004004846021388,0.085,legacy_fixed_r_v1,2024-07-05 17:00:00+00:00,2024-07-05 17:05:00+00:00,2024-07-05 18:30:00+00:00,18
209845,209846,0.89536,0.8956588677165106,-1.0850000000001452,STOP,-1.0000000000001452,0.085,legacy_fixed_r_v1,2024-07-07 21:15:00+00:00,2024-07-07 21:20:00+00:00,2024-07-07 21:20:00+00:00,1
209903,209922,0.89527,0.8950022991756976,1.0084880799455902,STOP,1.0934880799455902,0.085,legacy_fixed_r_v1,2024-07-08 02:05:00+00:00,2024-07-08 02:10:00+00:00,2024-07-08 03:40:00+00:00,19
209935,209945,0.89514,0.8953447450442986,-1.0849999999997344,STOP,-0.9999999999997344,0.085,legacy_fixed_r_v1,2024-07-08 04:45:00+00:00,2024-07-08 04:50:00+00:00,2024-07-08 05:35:00+00:00,10
210014,210018,0.89588,0.896213718570716,-1.08499999999986,STOP,-0.9999999999998601,0.085,legacy_fixed_r_v1,2024-07-08 11:20:00+00:00,2024-07-08 11:25:00+00:00,2024-07-08 11:40:00+00:00,4
210084,210102,0.89692,0.8971838560584074,-1.0850000000000155,STOP,-1.0000000000000155,0.085,legacy_fixed_r_v1,2024-07-08 17:10:00+00:00,2024-07-08 17:15:00+00:00,2024-07-08 18:40:00+00:00,18
210130,210132,0.89773,0.8974148593507097,1.8329353343877006,STOP,1.9179353343877006,0.085,legacy_fixed_r_v1,2024-07-08 21:00:00+00:00,2024-07-08 21:05:00+00:00,2024-07-08 21:10:00+00:00,2
210155,210165,0.8976,0.8978009945143695,-1.0849999999999207,STOP,-0.9999999999999207,0.085,legacy_fixed_r_v1,2024-07-08 23:05:00+00:00,2024-07-08 23:10:00+00:00,2024-07-08 23:55:00+00:00,10
210216,210227,0.89822,0.8984100278025239,-1.0849999999997686,STOP,-0.9999999999997685,0.085,legacy_fixed_r_v1,2024-07-09 04:10:00+00:00,2024-07-09 04:15:00+00:00,2024-07-09 05:05:00+00:00,11
210312,210318,0.89793,0.8982511952807601,-1.08500000000012,STOP,-1.0000000000001201,0.085,legacy_fixed_r_v1,2024-07-09 12:10:00+00:00,2024-07-09 12:15:00+00:00,2024-07-09 12:40:00+00:00,6
210514,210525,0.89716,0.8972969857280085,-1.0849999999996032,STOP,-0.9999999999996031,0.085,legacy_fixed_r_v1,2024-07-10 05:00:00+00:00,2024-07-10 05:05:00+00:00,2024-07-10 05:55:00+00:00,11
210642,210663,0.89914,0.8995176445385692,-1.084999999999999,STOP,-0.9999999999999991,0.085,legacy_fixed_r_v1,2024-07-10 15:40:00+00:00,2024-07-10 15:45:00+00:00,2024-07-10 17:25:00+00:00,21
210706,210711,0.89978,0.8991267828192249,3.5827000431092446,STOP,3.6677000431092446,0.085,legacy_fixed_r_v1,2024-07-10 21:00:00+00:00,2024-07-10 21:05:00+00:00,2024-07-10 21:25:00+00:00,5
210792,210799,0.89904,0.89916800774564,-1.084999999999971,STOP,-0.999999999999971,0.085,legacy_fixed_r_v1,2024-07-11 04:10:00+00:00,2024-07-11 04:15:00+00:00,2024-07-11 04:45:00+00:00,7
210865,210889,0.89804,0.898320101156557,-1.0850000000000828,STOP,-1.0000000000000828,0.085,legacy_fixed_r_v1,2024-07-11 10:15:00+00:00,2024-07-11 10:20:00+00:00,2024-07-11 12:15:00+00:00,24
210995,210997,0.89651,0.8956975844219316,2.3085928585883506,STOP,2.3935928585883506,0.085,legacy_fixed_r_v1,2024-07-11 21:05:00+00:00,2024-07-11 21:10:00+00:00,2024-07-11 21:15:00+00:00,2
211023,211024,0.89581,0.8962379728711795,-1.0849999999999633,STOP,-0.9999999999999633,0.085,legacy_fixed_r_v1,2024-07-11 23:25:00+00:00,2024-07-11 23:30:00+00:00,2024-07-11 23:30:00+00:00,1
211070,211089,0.89661,0.896207157878961,1.4243642371918053,STOP,1.5093642371918052,0.085,legacy_fixed_r_v1,2024-07-12 03:20:00+00:00,2024-07-12 03:25:00+00:00,2024-07-12 04:55:00+00:00,19
211157,211168,0.8959,0.8956218442758225,0.8894287276325128,STOP,0.9744287276325128,0.085,legacy_fixed_r_v1,2024-07-12 10:35:00+00:00,2024-07-12 10:40:00+00:00,2024-07-12 11:30:00+00:00,11
211260,211266,0.89453,0.8941241050021631,1.7828032716048934,STOP,1.8678032716048933,0.085,legacy_fixed_r_v1,2024-07-12 19:10:00+00:00,2024-07-12 19:15:00+00:00,2024-07-12 19:40:00+00:00,6
211376,211378,0.89574,0.8956545913312584,0.5013634061472035,STOP,0.5863634061472035,0.085,legacy_fixed_r_v1,2024-07-15 04:50:00+00:00,2024-07-15 04:55:00+00:00,2024-07-15 05:00:00+00:00,2
211570,211577,0.89599,0.8954092501629276,2.8578175655823443,STOP,2.9428175655823443,0.085,legacy_fixed_r_v1,2024-07-15 21:00:00+00:00,2024-07-15 21:05:00+00:00,2024-07-15 21:35:00+00:00,7
211598,211603,0.89565,0.895551395929757,0.5080540042772357,STOP,0.5930540042772356,0.085,legacy_fixed_r_v1,2024-07-15 23:20:00+00:00,2024-07-15 23:25:00+00:00,2024-07-15 23:45:00+00:00,5
211660,211666,0.89569,0.8953321800965865,2.738778182107658,STOP,2.823778182107658,0.085,legacy_fixed_r_v1,2024-07-16 04:30:00+00:00,2024-07-16 04:35:00+00:00,2024-07-16 05:00:00+00:00,6
211675,211679,0.89528,0.8949983291153927,2.0443460153048014,STOP,2.1293460153048014,0.085,legacy_fixed_r_v1,2024-07-16 05:45:00+00:00,2024-07-16 05:50:00+00:00,2024-07-16 06:05:00+00:00,4
211826,211833,0.89468,0.894261864042807,1.4875653973189582,STOP,1.5725653973189582,0.085,legacy_fixed_r_v1,2024-07-16 18:20:00+00:00,2024-07-16 18:25:00+00:00,2024-07-16 18:55:00+00:00,7
211881,211893,0.89351,0.893386928438177,0.5204492472368474,STOP,0.6054492472368473,0.085,legacy_fixed_r_v1,2024-07-16 22:55:00+00:00,2024-07-16 23:00:00+00:00,2024-07-16 23:55:00+00:00,12
211942,211955,0.89382,0.8936987301589403,0.6583404234266085,STOP,0.7433404234266084,0.085,legacy_fixed_r_v1,2024-07-17 04:00:00+00:00,2024-07-17 04:05:00+00:00,2024-07-17 05:05:00+00:00,13
212031,212033,0.88711,0.8867786264515556,0.4490400947732391,STOP,0.5340400947732391,0.085,legacy_fixed_r_v1,2024-07-17 11:25:00+00:00,2024-07-17 11:30:00+00:00,2024-07-17 11:35:00+00:00,2
212079,212090,0.88513,0.8846910399028781,0.578820221661769,STOP,0.663820221661769,0.085,legacy_fixed_r_v1,2024-07-17 15:25:00+00:00,2024-07-17 15:30:00+00:00,2024-07-17 16:20:00+00:00,11
212112,212126,0.88404,0.8831410601580204,1.8443010854027977,STOP,1.9293010854027977,0.085,legacy_fixed_r_v1,2024-07-17 18:10:00+00:00,2024-07-17 18:15:00+00:00,2024-07-17 19:20:00+00:00,14
212146,212149,0.88366,0.8829951045029306,2.1999088970842524,STOP,2.2849088970842524,0.085,legacy_fixed_r_v1,2024-07-17 21:00:00+00:00,2024-07-17 21:05:00+00:00,2024-07-17 21:15:00+00:00,3
212171,212179,0.88281,0.8822930727168238,1.691686348353652,STOP,1.776686348353652,0.085,legacy_fixed_r_v1,2024-07-17 23:05:00+00:00,2024-07-17 23:10:00+00:00,2024-07-17 23:45:00+00:00,8
212223,212227,0.88429,0.8845649513466401,-1.0849999999999593,STOP,-0.9999999999999594,0.085,legacy_fixed_r_v1,2024-07-18 03:25:00+00:00,2024-07-18 03:30:00+00:00,2024-07-18 03:45:00+00:00,4
212249,212252,0.88428,0.8840069796020412,1.1869425418649338,STOP,1.2719425418649337,0.085,legacy_fixed_r_v1,2024-07-18 05:35:00+00:00,2024-07-18 05:40:00+00:00,2024-07-18 05:50:00+00:00,3
212299,212312,0.88398,0.883559305803911,0.8748490689793214,STOP,0.9598490689793213,0.085,legacy_fixed_r_v1,2024-07-18 09:45:00+00:00,2024-07-18 09:50:00+00:00,2024-07-18 10:50:00+00:00,13
212332,212335,0.8836,0.8840492315562858,-1.0850000000000664,STOP,-1.0000000000000664,0.085,legacy_fixed_r_v1,2024-07-18 12:30:00+00:00,2024-07-18 12:35:00+00:00,2024-07-18 12:45:00+00:00,3
212437,212440,0.8876,0.8870359990661848,1.9112059172471965,STOP,1.9962059172471964,0.085,legacy_fixed_r_v1,2024-07-18 21:15:00+00:00,2024-07-18 21:20:00+00:00,2024-07-18 21:30:00+00:00,3
212611,212615,0.88928,0.8896123296525156,-1.0849999999998965,STOP,-0.9999999999998965,0.085,legacy_fixed_r_v1,2024-07-19 11:45:00+00:00,2024-07-19 11:50:00+00:00,2024-07-19 12:05:00+00:00,4
212714,212719,0.88891,0.8887423322517545,0.7280979977775881,STOP,0.8130979977775881,0.085,legacy_fixed_r_v1,2024-07-19 20:20:00+00:00,2024-07-19 20:25:00+00:00,2024-07-19 20:45:00+00:00,5
212742,212780,0.88807,0.8886273909463623,-1.08500000000005,STOP,-1.00000000000005,0.085,legacy_fixed_r_v1,2024-07-21 22:40:00+00:00,2024-07-21 22:45:00+00:00,2024-07-22 01:50:00+00:00,38
212855,212862,0.88754,0.8879644870921627,-1.0849999999999524,STOP,-0.9999999999999525,0.085,legacy_fixed_r_v1,2024-07-22 08:05:00+00:00,2024-07-22 08:10:00+00:00,2024-07-22 08:40:00+00:00,7
212997,213014,0.88956,0.8891712252211605,2.081961696434987,STOP,2.166961696434987,0.085,legacy_fixed_r_v1,2024-07-22 19:55:00+00:00,2024-07-22 20:00:00+00:00,2024-07-22 21:20:00+00:00,17
213044,213048,0.88966,0.8893290546326871,1.2765176973433368,STOP,1.3615176973433367,0.085,legacy_fixed_r_v1,2024-07-22 23:50:00+00:00,2024-07-22 23:55:00+00:00,2024-07-23 00:10:00+00:00,4
213077,213088,0.88931,0.8891191719086204,0.7217270990594168,STOP,0.8067270990594168,0.085,legacy_fixed_r_v1,2024-07-23 02:35:00+00:00,2024-07-23 02:40:00+00:00,2024-07-23 03:30:00+00:00,11
213233,213242,0.89147,0.8919284467290537,-1.0850000000000009,STOP,-1.0000000000000009,0.085,legacy_fixed_r_v1,2024-07-23 15:35:00+00:00,2024-07-23 15:40:00+00:00,2024-07-23 16:20:00+00:00,9
213291,213296,0.89143,0.8912984025469871,0.6362336130264951,STOP,0.721233613026495,0.085,legacy_fixed_r_v1,2024-07-23 20:25:00+00:00,2024-07-23 20:30:00+00:00,2024-07-23 20:50:00+00:00,5
213374,213383,0.89182,0.8916575845522702,0.6361262311727844,STOP,0.7211262311727844,0.085,legacy_fixed_r_v1,2024-07-24 03:20:00+00:00,2024-07-24 03:25:00+00:00,2024-07-24 04:05:00+00:00,9
213474,213479,0.88666,0.8858158681012249,1.5945531315943435,STOP,1.6795531315943435,0.085,legacy_fixed_r_v1,2024-07-24 11:40:00+00:00,2024-07-24 11:45:00+00:00,2024-07-24 12:05:00+00:00,5
213566,213587,0.88557,0.8852167198986757,0.9443351839723106,STOP,1.0293351839723106,0.085,legacy_fixed_r_v1,2024-07-24 19:20:00+00:00,2024-07-24 19:25:00+00:00,2024-07-24 21:05:00+00:00,21
213648,213664,0.88377,0.8833583189161773,0.8756906415507425,STOP,0.9606906415507425,0.085,legacy_fixed_r_v1,2024-07-25 02:10:00+00:00,2024-07-25 02:15:00+00:00,2024-07-25 03:30:00+00:00,16
213690,213697,0.8826,0.8829649586455428,-1.0850000000000601,STOP,-1.0000000000000602,0.085,legacy_fixed_r_v1,2024-07-25 05:40:00+00:00,2024-07-25 05:45:00+00:00,2024-07-25 06:15:00+00:00,7
213735,213747,0.88002,0.8784352455365998,2.261202826065868,STOP,2.346202826065868,0.085,legacy_fixed_r_v1,2024-07-25 09:25:00+00:00,2024-07-25 09:30:00+00:00,2024-07-25 10:25:00+00:00,12
213790,213797,0.88019,0.8792808198234482,1.0138157795195046,STOP,1.0988157795195046,0.085,legacy_fixed_r_v1,2024-07-25 14:00:00+00:00,2024-07-25 14:05:00+00:00,2024-07-25 14:35:00+00:00,7
213826,213838,0.87998,0.8805085805227797,-1.0849999999999635,STOP,-0.9999999999999635,0.085,legacy_fixed_r_v1,2024-07-25 17:00:00+00:00,2024-07-25 17:05:00+00:00,2024-07-25 18:00:00+00:00,12
213875,213878,0.88207,0.8812291945024598,2.100615308804423,STOP,2.185615308804423,0.085,legacy_fixed_r_v1,2024-07-25 21:05:00+00:00,2024-07-25 21:10:00+00:00,2024-07-25 21:20:00+00:00,3
214202,214206,0.88407,0.8838035564649133,0.6544264172102684,STOP,0.7394264172102684,0.085,legacy_fixed_r_v1,2024-07-29 00:20:00+00:00,2024-07-29 00:25:00+00:00,2024-07-29 00:40:00+00:00,4
214314,214323,0.88469,0.8844107587256885,0.5786866064315132,STOP,0.6636866064315131,0.085,legacy_fixed_r_v1,2024-07-29 09:40:00+00:00,2024-07-29 09:45:00+00:00,2024-07-29 10:25:00+00:00,9
214462,214481,0.88606,0.8859303910035274,0.5655117536602172,STOP,0.6505117536602172,0.085,legacy_fixed_r_v1,2024-07-29 22:00:00+00:00,2024-07-29 22:05:00+00:00,2024-07-29 23:35:00+00:00,19
214517,214519,0.88654,0.8864072127814985,0.5503553921403666,STOP,0.6353553921403665,0.085,legacy_fixed_r_v1,2024-07-30 02:35:00+00:00,2024-07-30 02:40:00+00:00,2024-07-30 02:45:00+00:00,2
214532,214542,0.88634,0.886519137574188,-1.0850000000001183,STOP,-1.0000000000001183,0.085,legacy_fixed_r_v1,2024-07-30 03:50:00+00:00,2024-07-30 03:55:00+00:00,2024-07-30 04:40:00+00:00,10
214726,214739,0.88368,0.8826511273729671,3.4924856640849673,STOP,3.5774856640849673,0.085,legacy_fixed_r_v1,2024-07-30 20:00:00+00:00,2024-07-30 20:05:00+00:00,2024-07-30 21:05:00+00:00,13
214764,214771,0.88257,0.8820178924941269,1.6016461038471785,STOP,1.6866461038471785,0.085,legacy_fixed_r_v1,2024-07-30 23:10:00+00:00,2024-07-30 23:15:00+00:00,2024-07-30 23:45:00+00:00,7
214814,214818,0.88198,0.8815703528246723,1.0419639082285388,STOP,1.1269639082285388,0.085,legacy_fixed_r_v1,2024-07-31 03:20:00+00:00,2024-07-31 03:25:00+00:00,2024-07-31 03:40:00+00:00,4
214894,214911,0.8809,0.8802709926337391,0.9337559964973814,STOP,1.0187559964973814,0.085,legacy_fixed_r_v1,2024-07-31 10:00:00+00:00,2024-07-31 10:05:00+00:00,2024-07-31 11:25:00+00:00,17
215062,215066,0.87781,0.8776313548536083,0.4753059930211933,STOP,0.5603059930211933,0.085,legacy_fixed_r_v1,2024-08-01 00:00:00+00:00,2024-08-01 00:05:00+00:00,2024-08-01 00:20:00+00:00,4
215230,215239,0.87451,0.8736841676372341,0.8965568230740917,STOP,0.9815568230740916,0.085,legacy_fixed_r_v1,2024-08-01 14:00:00+00:00,2024-08-01 14:05:00+00:00,2024-08-01 14:45:00+00:00,9
215257,215262,0.87364,0.873186871376343,0.6505833389609809,STOP,0.7355833389609808,0.085,legacy_fixed_r_v1,2024-08-01 16:15:00+00:00,2024-08-01 16:20:00+00:00,2024-08-01 16:40:00+00:00,5
215288,215290,0.8732,0.8730087212545993,0.4309831929940255,STOP,0.5159831929940255,0.085,legacy_fixed_r_v1,2024-08-01 18:50:00+00:00,2024-08-01 18:55:00+00:00,2024-08-01 19:00:00+00:00,2
215378,215382,0.87234,0.8727760610459708,-1.085000000000079,STOP,-1.000000000000079,0.085,legacy_fixed_r_v1,2024-08-02 02:20:00+00:00,2024-08-02 02:25:00+00:00,2024-08-02 02:40:00+00:00,4
215403,215412,0.87204,0.8716268992299442,1.154632772035921,STOP,1.239632772035921,0.085,legacy_fixed_r_v1,2024-08-02 04:25:00+00:00,2024-08-02 04:30:00+00:00,2024-08-02 05:10:00+00:00,9
215473,215480,0.8699,0.8704418933370177,-1.0849999999999969,STOP,-0.9999999999999968,0.085,legacy_fixed_r_v1,2024-08-02 10:15:00+00:00,2024-08-02 10:20:00+00:00,2024-08-02 10:50:00+00:00,7
215553,215599,0.85992,0.8578028145396204,1.7863155665021129,STOP,1.8713155665021128,0.085,legacy_fixed_r_v1,2024-08-02 16:55:00+00:00,2024-08-02 17:00:00+00:00,2024-08-02 20:45:00+00:00,46
215627,215635,0.85815,0.8565813059595941,2.2876129033289097,STOP,2.3726129033289096,0.085,legacy_fixed_r_v1,2024-08-04 23:20:00+00:00,2024-08-04 23:25:00+00:00,2024-08-05 00:00:00+00:00,8
215673,215689,0.85416,0.8499809120727215,4.098442282053903,STOP,4.183442282053903,0.085,legacy_fixed_r_v1,2024-08-05 03:10:00+00:00,2024-08-05 03:15:00+00:00,2024-08-05 04:30:00+00:00,16
215723,215724,0.84757,0.8494901600809273,-1.0849999999999784,STOP,-0.9999999999999784,0.085,legacy_fixed_r_v1,2024-08-05 07:20:00+00:00,2024-08-05 07:25:00+00:00,2024-08-05 07:25:00+00:00,1
215778,215787,0.84806,0.8447150370836909,2.5844608835583687,STOP,2.6694608835583686,0.085,legacy_fixed_r_v1,2024-08-05 11:55:00+00:00,2024-08-05 12:00:00+00:00,2024-08-05 12:40:00+00:00,9
215865,215868,0.84986,0.850882792950781,-1.0849999999999584,STOP,-0.9999999999999585,0.085,legacy_fixed_r_v1,2024-08-05 19:10:00+00:00,2024-08-05 19:15:00+00:00,2024-08-05 19:25:00+00:00,3
216041,216042,0.85382,0.8546631478711397,-1.085000000000002,STOP,-1.000000000000002,0.085,legacy_fixed_r_v1,2024-08-06 09:50:00+00:00,2024-08-06 09:55:00+00:00,2024-08-06 09:55:00+00:00,1
216066,216074,0.85397,0.8535232726829749,0.5505072359592137,STOP,0.6355072359592137,0.085,legacy_fixed_r_v1,2024-08-06 11:55:00+00:00,2024-08-06 12:00:00+00:00,2024-08-06 12:35:00+00:00,8
216279,216284,0.85788,0.8574607249123577,0.47524784957627225,STOP,0.5602478495762723,0.085,legacy_fixed_r_v1,2024-08-07 05:40:00+00:00,2024-08-07 05:45:00+00:00,2024-08-07 06:05:00+00:00,5
216355,216369,0.86105,0.8619748728568045,-1.0849999999999902,STOP,-0.9999999999999901,0.085,legacy_fixed_r_v1,2024-08-07 12:00:00+00:00,2024-08-07 12:05:00+00:00,2024-08-07 13:10:00+00:00,14
216411,216414,0.86391,0.8633000655679631,0.5169709524595661,STOP,0.6019709524595661,0.085,legacy_fixed_r_v1,2024-08-07 16:40:00+00:00,2024-08-07 16:45:00+00:00,2024-08-07 16:55:00+00:00,3
216463,216464,0.86195,0.8624473805663726,-1.085000000000082,STOP,-1.000000000000082,0.085,legacy_fixed_r_v1,2024-08-07 21:00:00+00:00,2024-08-07 21:05:00+00:00,2024-08-07 21:05:00+00:00,1
216547,216565,0.85911,0.8597515954715312,-1.0849999999999338,STOP,-0.9999999999999337,0.085,legacy_fixed_r_v1,2024-08-08 04:00:00+00:00,2024-08-08 04:05:00+00:00,2024-08-08 05:30:00+00:00,18
216827,216832,0.86621,0.8660016437503647,0.48938057546048835,STOP,0.5743805754604884,0.085,legacy_fixed_r_v1,2024-08-09 03:20:00+00:00,2024-08-09 03:25:00+00:00,2024-08-09 03:45:00+00:00,5
216900,216912,0.86535,0.8648856793221515,0.8381133072795461,STOP,0.9231133072795461,0.085,legacy_fixed_r_v1,2024-08-09 09:25:00+00:00,2024-08-09 09:30:00+00:00,2024-08-09 10:25:00+00:00,12
216920,216934,0.86437,0.8649140681845201,-1.0849999999999753,STOP,-0.9999999999999752,0.085,legacy_fixed_r_v1,2024-08-09 11:05:00+00:00,2024-08-09 11:10:00+00:00,2024-08-09 12:15:00+00:00,14
217005,217009,0.86451,0.8648872952187109,-1.0849999999998892,STOP,-0.9999999999998891,0.085,legacy_fixed_r_v1,2024-08-09 18:10:00+00:00,2024-08-09 18:15:00+00:00,2024-08-09 18:30:00+00:00,4
217067,217116,0.86507,0.8657498673353804,-1.0849999999999558,STOP,-0.9999999999999557,0.085,legacy_fixed_r_v1,2024-08-11 23:25:00+00:00,2024-08-11 23:30:00+00:00,2024-08-12 03:30:00+00:00,49
217188,217208,0.86819,0.8687848794944873,-1.0849999999999795,STOP,-0.9999999999999796,0.085,legacy_fixed_r_v1,2024-08-12 09:30:00+00:00,2024-08-12 09:35:00+00:00,2024-08-12 11:10:00+00:00,20
217280,217307,0.86604,0.8650174487006483,1.1455502722279545,STOP,1.2305502722279544,0.085,legacy_fixed_r_v1,2024-08-12 17:10:00+00:00,2024-08-12 17:15:00+00:00,2024-08-12 19:25:00+00:00,27
217357,217363,0.86491,0.865205707254774,-1.0850000000001698,STOP,-1.0000000000001699,0.085,legacy_fixed_r_v1,2024-08-12 23:35:00+00:00,2024-08-12 23:40:00+00:00,2024-08-13 00:05:00+00:00,6
217385,217393,0.86611,0.8657520163062997,0.948035464263512,STOP,1.033035464263512,0.085,legacy_fixed_r_v1,2024-08-13 01:55:00+00:00,2024-08-13 02:00:00+00:00,2024-08-13 02:35:00+00:00,8
217501,217508,0.86675,0.8672476371804418,-1.085000000000084,STOP,-1.000000000000084,0.085,legacy_fixed_r_v1,2024-08-13 11:35:00+00:00,2024-08-13 11:40:00+00:00,2024-08-13 12:10:00+00:00,7
217554,217570,0.86493,0.8655443375978493,-1.0850000000000035,STOP,-1.0000000000000036,0.085,legacy_fixed_r_v1,2024-08-13 16:00:00+00:00,2024-08-13 16:05:00+00:00,2024-08-13 17:20:00+00:00,16
217705,217717,0.86474,0.8650952060618793,-1.0849999999999906,STOP,-0.9999999999999906,0.085,legacy_fixed_r_v1,2024-08-14 04:35:00+00:00,2024-08-14 04:40:00+00:00,2024-08-14 05:35:00+00:00,12
217814,217816,0.8636,0.8646985529076764,-1.0849999999999873,STOP,-0.9999999999999873,0.085,legacy_fixed_r_v1,2024-08-14 13:40:00+00:00,2024-08-14 13:45:00+00:00,2024-08-14 13:50:00+00:00,2
217899,217903,0.86497,0.8644709730776371,2.2264873614136844,STOP,2.3114873614136844,0.085,legacy_fixed_r_v1,2024-08-14 20:45:00+00:00,2024-08-14 20:50:00+00:00,2024-08-14 21:05:00+00:00,4
217987,217999,0.86568,0.8653789967425554,1.082597203309215,STOP,1.167597203309215,0.085,legacy_fixed_r_v1,2024-08-15 04:05:00+00:00,2024-08-15 04:10:00+00:00,2024-08-15 05:05:00+00:00,12
218062,218067,0.86608,0.8665271730649852,-1.0850000000001232,STOP,-1.0000000000001232,0.085,legacy_fixed_r_v1,2024-08-15 10:20:00+00:00,2024-08-15 10:25:00+00:00,2024-08-15 10:45:00+00:00,5
218161,218171,0.87233,0.8719287604603918,1.0457532736204098,STOP,1.1307532736204098,0.085,legacy_fixed_r_v1,2024-08-15 18:35:00+00:00,2024-08-15 18:40:00+00:00,2024-08-15 19:25:00+00:00,10
218430,218441,0.86818,0.8672867671899958,1.9808739089891114,STOP,2.0658739089891114,0.085,legacy_fixed_r_v1,2024-08-16 17:00:00+00:00,2024-08-16 17:05:00+00:00,2024-08-16 17:55:00+00:00,11
218451,218458,0.86692,0.8673025425132572,-1.0849999999998587,STOP,-0.9999999999998587,0.085,legacy_fixed_r_v1,2024-08-16 18:45:00+00:00,2024-08-16 18:50:00+00:00,2024-08-16 19:20:00+00:00,7
218465,218479,0.86684,0.8651681946870267,5.1238801405078265,STOP,5.208880140507826,0.085,legacy_fixed_r_v1,2024-08-16 19:55:00+00:00,2024-08-16 20:00:00+00:00,2024-08-18 21:10:00+00:00,14
218548,218552,0.86656,0.8656841018768715,2.2900315503256796,STOP,2.3750315503256796,0.085,legacy_fixed_r_v1,2024-08-19 02:55:00+00:00,2024-08-19 03:00:00+00:00,2024-08-19 03:15:00+00:00,4
218648,218658,0.86477,0.8642499564943152,0.9998557419559815,STOP,1.0848557419559814,0.085,legacy_fixed_r_v1,2024-08-19 11:15:00+00:00,2024-08-19 11:20:00+00:00,2024-08-19 12:05:00+00:00,10
218704,218738,0.86301,0.862522023545161,0.6603583975178572,STOP,0.7453583975178572,0.085,legacy_fixed_r_v1,2024-08-19 15:55:00+00:00,2024-08-19 16:00:00+00:00,2024-08-19 18:45:00+00:00,34
218857,218865,0.86193,0.8622712276657468,-1.085000000000149,STOP,-1.000000000000149,0.085,legacy_fixed_r_v1,2024-08-20 04:40:00+00:00,2024-08-20 04:45:00+00:00,2024-08-20 05:20:00+00:00,8
218926,218953,0.8596,0.8601510461553824,-1.0849999999999096,STOP,-0.9999999999999095,0.085,legacy_fixed_r_v1,2024-08-20 10:25:00+00:00,2024-08-20 10:30:00+00:00,2024-08-20 12:40:00+00:00,27
218995,219007,0.85702,0.8564046818899368,0.9299598585996827,STOP,1.0149598585996826,0.085,legacy_fixed_r_v1,2024-08-20 16:10:00+00:00,2024-08-20 16:15:00+00:00,2024-08-20 17:10:00+00:00,12
219025,219040,0.85582,0.8547622993134566,3.0818903483674114,STOP,3.1668903483674113,0.085,legacy_fixed_r_v1,2024-08-20 18:40:00+00:00,2024-08-20 18:45:00+00:00,2024-08-20 19:55:00+00:00,15
219067,219072,0.8538,0.8535677351304549,0.8129158241653578,STOP,0.8979158241653578,0.085,legacy_fixed_r_v1,2024-08-20 22:10:00+00:00,2024-08-20 22:15:00+00:00,2024-08-20 22:35:00+00:00,5
219298,219310,0.85076,0.8497871048691105,1.5075040155830115,STOP,1.5925040155830115,0.085,legacy_fixed_r_v1,2024-08-21 17:25:00+00:00,2024-08-21 17:30:00+00:00,2024-08-21 18:25:00+00:00,12
219452,219455,0.85094,0.8505438450948135,1.2462218644301304,STOP,1.3312218644301304,0.085,legacy_fixed_r_v1,2024-08-22 06:15:00+00:00,2024-08-22 06:20:00+00:00,2024-08-22 06:30:00+00:00,3
219497,219499,0.85077,0.8513858461946787,-1.085000000000031,STOP,-1.000000000000031,0.085,legacy_fixed_r_v1,2024-08-22 10:00:00+00:00,2024-08-22 10:05:00+00:00,2024-08-22 10:10:00+00:00,2
219593,219613,0.85189,0.8523697700056319,-1.0850000000001052,STOP,-1.0000000000001052,0.085,legacy_fixed_r_v1,2024-08-22 18:00:00+00:00,2024-08-22 18:05:00+00:00,2024-08-22 19:40:00+00:00,20
219655,219665,0.8516,0.851883382737373,-1.0849999999999203,STOP,-0.9999999999999202,0.085,legacy_fixed_r_v1,2024-08-22 23:10:00+00:00,2024-08-22 23:15:00+00:00,2024-08-23 00:00:00+00:00,10
219794,219803,0.8518,0.852250514069679,-1.084999999999897,STOP,-0.9999999999998969,0.085,legacy_fixed_r_v1,2024-08-23 10:45:00+00:00,2024-08-23 10:50:00+00:00,2024-08-23 11:30:00+00:00,9
219870,219879,0.84882,0.8482762019955024,0.6002256096528105,STOP,0.6852256096528104,0.085,legacy_fixed_r_v1,2024-08-23 17:05:00+00:00,2024-08-23 17:10:00+00:00,2024-08-23 17:50:00+00:00,9
219917,219926,0.8482,0.8471480422725942,2.8231642493980806,STOP,2.9081642493980806,0.085,legacy_fixed_r_v1,2024-08-25 21:00:00+00:00,2024-08-25 21:05:00+00:00,2024-08-25 21:45:00+00:00,9
220156,220160,0.84735,0.847084621059654,0.5074844744785593,STOP,0.5924844744785592,0.085,legacy_fixed_r_v1,2024-08-26 16:55:00+00:00,2024-08-26 17:00:00+00:00,2024-08-26 17:15:00+00:00,4
220180,220192,0.8471,0.8474511230091623,-1.0849999999998596,STOP,-0.9999999999998596,0.085,legacy_fixed_r_v1,2024-08-26 18:55:00+00:00,2024-08-26 19:00:00+00:00,2024-08-26 19:55:00+00:00,12
220377,220379,0.84611,0.8458079930500239,0.5488737005309541,STOP,0.633873700530954,0.085,legacy_fixed_r_v1,2024-08-27 11:20:00+00:00,2024-08-27 11:25:00+00:00,2024-08-27 11:30:00+00:00,2
220392,220399,0.84542,0.8446895849126261,1.390499956150255,STOP,1.4754999561502549,0.085,legacy_fixed_r_v1,2024-08-27 12:35:00+00:00,2024-08-27 12:40:00+00:00,2024-08-27 13:10:00+00:00,7
220510,220514,0.84125,0.8410804044862134,0.49652263975954963,STOP,0.5815226397595497,0.085,legacy_fixed_r_v1,2024-08-27 22:25:00+00:00,2024-08-27 22:30:00+00:00,2024-08-27 22:45:00+00:00,4
220743,220747,0.8425,0.8421873767629351,0.5964856449361239,STOP,0.6814856449361238,0.085,legacy_fixed_r_v1,2024-08-28 17:50:00+00:00,2024-08-28 17:55:00+00:00,2024-08-28 18:10:00+00:00,4
220773,220777,0.8418,0.8421801111424793,-1.0850000000001294,STOP,-1.0000000000001295,0.085,legacy_fixed_r_v1,2024-08-28 20:20:00+00:00,2024-08-28 20:25:00+00:00,2024-08-28 20:40:00+00:00,4
220847,220868,0.84112,0.8404907448882456,1.8707478470630567,STOP,1.9557478470630567,0.085,legacy_fixed_r_v1,2024-08-29 02:30:00+00:00,2024-08-29 02:35:00+00:00,2024-08-29 04:15:00+00:00,21
220883,220894,0.84043,0.8407383092605963,-1.0850000000001758,STOP,-1.0000000000001759,0.085,legacy_fixed_r_v1,2024-08-29 05:30:00+00:00,2024-08-29 05:35:00+00:00,2024-08-29 06:25:00+00:00,11
221022,221052,0.8464,0.8469538169939805,-1.085000000000014,STOP,-1.000000000000014,0.085,legacy_fixed_r_v1,2024-08-29 17:05:00+00:00,2024-08-29 17:10:00+00:00,2024-08-29 19:35:00+00:00,30
221070,221075,0.84787,0.8469414524976961,2.056164456911796,STOP,2.141164456911796,0.085,legacy_fixed_r_v1,2024-08-29 21:05:00+00:00,2024-08-29 21:10:00+00:00,2024-08-29 21:30:00+00:00,5
221094,221108,0.84715,0.8470038434150124,0.4054803833665913,STOP,0.49048038336659133,0.085,legacy_fixed_r_v1,2024-08-29 23:05:00+00:00,2024-08-29 23:10:00+00:00,2024-08-30 00:15:00+00:00,14
221226,221229,0.84809,0.8484827353567264,-1.0850000000001412,STOP,-1.0000000000001412,0.085,legacy_fixed_r_v1,2024-08-30 10:05:00+00:00,2024-08-30 10:10:00+00:00,2024-08-30 10:20:00+00:00,3
221324,221331,0.84998,0.8504105274334477,-1.085000000000044,STOP,-1.000000000000044,0.085,legacy_fixed_r_v1,2024-08-30 18:15:00+00:00,2024-08-30 18:20:00+00:00,2024-08-30 18:50:00+00:00,7
221343,221358,0.85001,0.8483707844916087,4.518283019514529,STOP,4.603283019514529,0.085,legacy_fixed_r_v1,2024-08-30 19:50:00+00:00,2024-08-30 19:55:00+00:00,2024-09-01 21:05:00+00:00,15
221395,221398,0.85053,0.8502547907231103,0.7119158013515288,STOP,0.7969158013515287,0.085,legacy_fixed_r_v1,2024-09-02 00:10:00+00:00,2024-09-02 00:15:00+00:00,2024-09-02 00:25:00+00:00,3
221545,221549,0.85094,0.8513404553742376,-1.0850000000000914,STOP,-1.0000000000000915,0.085,legacy_fixed_r_v1,2024-09-02 12:40:00+00:00,2024-09-02 12:45:00+00:00,2024-09-02 13:00:00+00:00,4
221627,221633,0.8514,0.8514982681418912,-1.0849999999995448,STOP,-0.9999999999995447,0.085,legacy_fixed_r_v1,2024-09-02 19:30:00+00:00,2024-09-02 19:35:00+00:00,2024-09-02 20:00:00+00:00,6
221675,221678,0.85161,0.8514541781441034,0.6906022610320915,STOP,0.7756022610320915,0.085,legacy_fixed_r_v1,2024-09-02 23:30:00+00:00,2024-09-02 23:35:00+00:00,2024-09-02 23:45:00+00:00,3
221727,221735,0.85249,0.85280982308907,-1.085000000000166,STOP,-1.000000000000166,0.085,legacy_fixed_r_v1,2024-09-03 03:50:00+00:00,2024-09-03 03:55:00+00:00,2024-09-03 04:30:00+00:00,8
221744,221757,0.85248,0.8514560404037437,3.7613976632199893,STOP,3.846397663219989,0.085,legacy_fixed_r_v1,2024-09-03 05:15:00+00:00,2024-09-03 05:20:00+00:00,2024-09-03 06:20:00+00:00,13
221784,221790,0.85236,0.8530443539528828,-1.0850000000000772,STOP,-1.0000000000000773,0.085,legacy_fixed_r_v1,2024-09-03 08:35:00+00:00,2024-09-03 08:40:00+00:00,2024-09-03 09:05:00+00:00,6
221796,221822,0.8522,0.8517422897234661,0.678237255639842,STOP,0.763237255639842,0.085,legacy_fixed_r_v1,2024-09-03 09:35:00+00:00,2024-09-03 09:40:00+00:00,2024-09-03 11:45:00+00:00,26
221875,221885,0.85014,0.8508232235859494,-1.0849999999999431,STOP,-0.9999999999999432,0.085,legacy_fixed_r_v1,2024-09-03 16:10:00+00:00,2024-09-03 16:15:00+00:00,2024-09-03 17:00:00+00:00,10
221904,221914,0.85071,0.8502594394658902,1.2087556436676852,STOP,1.2937556436676851,0.085,legacy_fixed_r_v1,2024-09-03 18:35:00+00:00,2024-09-03 18:40:00+00:00,2024-09-03 19:25:00+00:00,10
221933,221939,0.8505,0.8500542330101986,1.1695924968573497,STOP,1.2545924968573496,0.085,legacy_fixed_r_v1,2024-09-03 21:00:00+00:00,2024-09-03 21:05:00+00:00,2024-09-03 21:30:00+00:00,6
221958,221965,0.85009,0.8497746028443075,1.1163027652409245,STOP,1.2013027652409245,0.085,legacy_fixed_r_v1,2024-09-03 23:05:00+00:00,2024-09-03 23:10:00+00:00,2024-09-03 23:40:00+00:00,7
222028,222032,0.84855,0.8478785383111898,1.7249336176790186,STOP,1.8099336176790186,0.085,legacy_fixed_r_v1,2024-09-04 04:55:00+00:00,2024-09-04 05:00:00+00:00,2024-09-04 05:15:00+00:00,4
222195,222208,0.84732,0.8467469279323824,1.1772098518714307,STOP,1.2622098518714306,0.085,legacy_fixed_r_v1,2024-09-04 18:50:00+00:00,2024-09-04 18:55:00+00:00,2024-09-04 19:55:00+00:00,13
222236,222254,0.84609,0.8458209603835202,0.8030539384248856,STOP,0.8880539384248856,0.085,legacy_fixed_r_v1,2024-09-04 22:15:00+00:00,2024-09-04 22:20:00+00:00,2024-09-04 23:45:00+00:00,18
222313,222324,0.84651,0.8461767773179311,1.139067453661912,STOP,1.224067453661912,0.085,legacy_fixed_r_v1,2024-09-05 04:40:00+00:00,2024-09-05 04:45:00+00:00,2024-09-05 05:35:00+00:00,11
222388,222394,0.84628,0.8460892509066581,0.4735958491818815,STOP,0.5585958491818815,0.085,legacy_fixed_r_v1,2024-09-05 10:55:00+00:00,2024-09-05 11:00:00+00:00,2024-09-05 11:25:00+00:00,6
222424,222425,0.84558,0.8464472448695465,-1.0849999999999937,STOP,-0.9999999999999938,0.085,legacy_fixed_r_v1,2024-09-05 13:55:00+00:00,2024-09-05 14:00:00+00:00,2024-09-05 14:00:00+00:00,1
222443,222450,0.84697,0.8455662105756186,1.4643914362653465,STOP,1.5493914362653465,0.085,legacy_fixed_r_v1,2024-09-05 15:30:00+00:00,2024-09-05 15:35:00+00:00,2024-09-05 16:05:00+00:00,7
222462,222476,0.84506,0.8444185145339909,0.9492971242168886,STOP,1.0342971242168886,0.085,legacy_fixed_r_v1,2024-09-05 17:05:00+00:00,2024-09-05 17:10:00+00:00,2024-09-05 18:15:00+00:00,14
222493,222507,0.84439,0.8437521957132665,1.3546064007143233,STOP,1.4396064007143232,0.085,legacy_fixed_r_v1,2024-09-05 19:40:00+00:00,2024-09-05 19:45:00+00:00,2024-09-05 20:50:00+00:00,14
222541,222548,0.84392,0.8436629867676582,0.8887257779821484,STOP,0.9737257779821483,0.085,legacy_fixed_r_v1,2024-09-05 23:40:00+00:00,2024-09-05 23:45:00+00:00,2024-09-06 00:15:00+00:00,7
222650,222655,0.84105,0.8415479088069956,-1.0850000000000666,STOP,-1.0000000000000666,0.085,legacy_fixed_r_v1,2024-09-06 08:45:00+00:00,2024-09-06 08:50:00+00:00,2024-09-06 09:10:00+00:00,5
222715,222725,0.8445,0.8429924965501074,0.7889271255072531,STOP,0.873927125507253,0.085,legacy_fixed_r_v1,2024-09-06 14:10:00+00:00,2024-09-06 14:15:00+00:00,2024-09-06 15:00:00+00:00,10
222772,222808,0.84284,0.8435111141244986,-1.0850000000000237,STOP,-1.0000000000000238,0.085,legacy_fixed_r_v1,2024-09-06 18:55:00+00:00,2024-09-06 19:00:00+00:00,2024-09-08 22:00:00+00:00,36
223084,223090,0.8497,0.848924105227936,2.1581799319745016,STOP,2.2431799319745016,0.085,legacy_fixed_r_v1,2024-09-09 21:00:00+00:00,2024-09-09 21:05:00+00:00,2024-09-09 21:30:00+00:00,6
223144,223161,0.8494,0.8490500250633156,1.034721417448467,STOP,1.1197214174484669,0.085,legacy_fixed_r_v1,2024-09-10 02:00:00+00:00,2024-09-10 02:05:00+00:00,2024-09-10 03:25:00+00:00,17
223306,223313,0.84683,0.8462138504150111,0.9210899361953389,STOP,1.0060899361953388,0.085,legacy_fixed_r_v1,2024-09-10 15:30:00+00:00,2024-09-10 15:35:00+00:00,2024-09-10 16:05:00+00:00,7
223398,223409,0.84688,0.8467445991779644,0.6063441296055926,STOP,0.6913441296055926,0.085,legacy_fixed_r_v1,2024-09-10 23:10:00+00:00,2024-09-10 23:15:00+00:00,2024-09-11 00:05:00+00:00,11
223451,223474,0.84438,0.8424345031273817,3.2398227350070856,STOP,3.3248227350070856,0.085,legacy_fixed_r_v1,2024-09-11 03:35:00+00:00,2024-09-11 03:40:00+00:00,2024-09-11 05:30:00+00:00,23
223901,223934,0.85267,0.8509507489221417,2.475299735554301,STOP,2.560299735554301,0.085,legacy_fixed_r_v1,2024-09-12 17:05:00+00:00,2024-09-12 17:10:00+00:00,2024-09-12 19:50:00+00:00,33
223973,223978,0.85063,0.8502613846553341,1.1934063894561093,STOP,1.2784063894561093,0.085,legacy_fixed_r_v1,2024-09-12 23:05:00+00:00,2024-09-12 23:10:00+00:00,2024-09-12 23:30:00+00:00,5
224097,224115,0.84786,0.8484822301020364,-1.0850000000000724,STOP,-1.0000000000000724,0.085,legacy_fixed_r_v1,2024-09-13 09:25:00+00:00,2024-09-13 09:30:00+00:00,2024-09-13 10:55:00+00:00,18
224204,224210,0.84791,0.8483198388148269,-1.084999999999917,STOP,-0.999999999999917,0.085,legacy_fixed_r_v1,2024-09-13 18:20:00+00:00,2024-09-13 18:25:00+00:00,2024-09-13 18:50:00+00:00,6
224272,224277,0.84779,0.847406594393656,0.8533549208164913,STOP,0.9383549208164913,0.085,legacy_fixed_r_v1,2024-09-16 00:00:00+00:00,2024-09-16 00:05:00+00:00,2024-09-16 00:25:00+00:00,5
224418,224422,0.84424,0.8439494037616155,0.6153603000092698,STOP,0.7003603000092697,0.085,legacy_fixed_r_v1,2024-09-16 12:10:00+00:00,2024-09-16 12:15:00+00:00,2024-09-16 12:30:00+00:00,4
224511,224527,0.84516,0.8446390321581829,1.6070278575908075,STOP,1.6920278575908074,0.085,legacy_fixed_r_v1,2024-09-16 19:55:00+00:00,2024-09-16 20:00:00+00:00,2024-09-16 21:15:00+00:00,16
224813,224818,0.84758,0.8465744153653678,2.8112497110343777,STOP,2.8962497110343777,0.085,legacy_fixed_r_v1,2024-09-17 21:05:00+00:00,2024-09-17 21:10:00+00:00,2024-09-17 21:30:00+00:00,5
224833,224844,0.84662,0.8461960441496739,1.5684609520274422,STOP,1.6534609520274421,0.085,legacy_fixed_r_v1,2024-09-17 22:45:00+00:00,2024-09-17 22:50:00+00:00,2024-09-17 23:40:00+00:00,11
224954,224966,0.84379,0.8427602139916792,1.7598183791245785,STOP,1.8448183791245785,0.085,legacy_fixed_r_v1,2024-09-18 08:50:00+00:00,2024-09-18 08:55:00+00:00,2024-09-18 09:50:00+00:00,12
225043,225053,0.8456,0.8447327989581166,1.6289041317975193,STOP,1.7139041317975192,0.085,legacy_fixed_r_v1,2024-09-18 16:15:00+00:00,2024-09-18 16:20:00+00:00,2024-09-18 17:05:00+00:00,10
225101,225112,0.84656,0.8458884289348707,0.6370105886070565,STOP,0.7220105886070565,0.085,legacy_fixed_r_v1,2024-09-18 21:05:00+00:00,2024-09-18 21:10:00+00:00,2024-09-18 22:00:00+00:00,11
225197,225205,0.84813,0.8477970204177678,0.5579836983093927,STOP,0.6429836983093926,0.085,legacy_fixed_r_v1,2024-09-19 05:05:00+00:00,2024-09-19 05:10:00+00:00,2024-09-19 05:45:00+00:00,8
225265,225270,0.84548,0.8460619239832409,-1.0849999999999334,STOP,-0.9999999999999333,0.085,legacy_fixed_r_v1,2024-09-19 10:45:00+00:00,2024-09-19 10:50:00+00:00,2024-09-19 11:10:00+00:00,5
225304,225305,0.84827,0.8492688137730403,-1.0849999999999649,STOP,-0.9999999999999648,0.085,legacy_fixed_r_v1,2024-09-19 14:00:00+00:00,2024-09-19 14:05:00+00:00,2024-09-19 14:05:00+00:00,1
225316,225360,0.84807,0.8466581995316389,1.4939501960793802,STOP,1.5789501960793801,0.085,legacy_fixed_r_v1,2024-09-19 15:00:00+00:00,2024-09-19 15:05:00+00:00,2024-09-19 18:40:00+00:00,44
225460,225478,0.84642,0.8461311396151171,0.6095233760961187,STOP,0.6945233760961187,0.085,legacy_fixed_r_v1,2024-09-20 03:00:00+00:00,2024-09-20 03:05:00+00:00,2024-09-20 04:30:00+00:00,18
225496,225503,0.84624,0.8455470650838176,1.745111365297349,STOP,1.8301113652973489,0.085,legacy_fixed_r_v1,2024-09-20 06:00:00+00:00,2024-09-20 06:05:00+00:00,2024-09-20 06:35:00+00:00,7
225672,225678,0.85035,0.8492243975740589,3.712079360384201,STOP,3.797079360384201,0.085,legacy_fixed_r_v1,2024-09-20 20:40:00+00:00,2024-09-20 20:45:00+00:00,2024-09-22 21:10:00+00:00,6
225769,225786,0.8508,0.8510125892983395,-1.0849999999999878,STOP,-0.9999999999999878,0.085,legacy_fixed_r_v1,2024-09-23 04:45:00+00:00,2024-09-23 04:50:00+00:00,2024-09-23 06:10:00+00:00,17
225827,225838,0.85058,0.8497824849850163,1.3812108943301937,STOP,1.4662108943301937,0.085,legacy_fixed_r_v1,2024-09-23 09:35:00+00:00,2024-09-23 09:40:00+00:00,2024-09-23 10:30:00+00:00,11
226126,226136,0.84784,0.8483199877735997,-1.0850000000000743,STOP,-1.0000000000000744,0.085,legacy_fixed_r_v1,2024-09-24 10:30:00+00:00,2024-09-24 10:35:00+00:00,2024-09-24 11:20:00+00:00,10
226193,226216,0.84535,0.8449131769852593,0.5693496197781728,STOP,0.6543496197781727,0.085,legacy_fixed_r_v1,2024-09-24 16:05:00+00:00,2024-09-24 16:10:00+00:00,2024-09-24 18:00:00+00:00,23
226227,226240,0.84419,0.8432499505650217,2.362622481778753,STOP,2.447622481778753,0.085,legacy_fixed_r_v1,2024-09-24 18:55:00+00:00,2024-09-24 19:00:00+00:00,2024-09-24 20:00:00+00:00,13
226320,226361,0.84214,0.8418938658483109,0.5794659754373744,STOP,0.6644659754373744,0.085,legacy_fixed_r_v1,2024-09-25 02:40:00+00:00,2024-09-25 02:45:00+00:00,2024-09-25 06:05:00+00:00,41
226427,226437,0.84906,0.8481188649457644,1.4174610671724546,STOP,1.5024610671724545,0.085,legacy_fixed_r_v1,2024-09-25 11:35:00+00:00,2024-09-25 11:40:00+00:00,2024-09-25 12:25:00+00:00,10
226497,226524,0.84947,0.8500313688559411,-1.0849999999999933,STOP,-0.9999999999999932,0.085,legacy_fixed_r_v1,2024-09-25 17:25:00+00:00,2024-09-25 17:30:00+00:00,2024-09-25 19:40:00+00:00,27
226540,226542,0.85045,0.8498130936313649,1.668588778714264,STOP,1.7535887787142639,0.085,legacy_fixed_r_v1,2024-09-25 21:00:00+00:00,2024-09-25 21:05:00+00:00,2024-09-25 21:10:00+00:00,2
226631,226644,0.84965,0.8499924386373219,-1.0850000000000901,STOP,-1.0000000000000902,0.085,legacy_fixed_r_v1,2024-09-26 04:35:00+00:00,2024-09-26 04:40:00+00:00,2024-09-26 05:40:00+00:00,13
226689,226702,0.84835,0.8474197227446171,0.8082321639932728,STOP,0.8932321639932728,0.085,legacy_fixed_r_v1,2024-09-26 09:25:00+00:00,2024-09-26 09:30:00+00:00,2024-09-26 10:30:00+00:00,13
226722,226726,0.84679,0.8474836738131537,-1.0849999999999889,STOP,-0.9999999999999888,0.085,legacy_fixed_r_v1,2024-09-26 12:10:00+00:00,2024-09-26 12:15:00+00:00,2024-09-26 12:30:00+00:00,4
226806,226816,0.84542,0.8458542693809519,-1.0849999999998843,STOP,-0.9999999999998842,0.085,legacy_fixed_r_v1,2024-09-26 19:10:00+00:00,2024-09-26 19:15:00+00:00,2024-09-26 20:00:00+00:00,10
226968,226985,0.84522,0.8443148865512068,0.8742873726049415,STOP,0.9592873726049415,0.085,legacy_fixed_r_v1,2024-09-27 08:40:00+00:00,2024-09-27 08:45:00+00:00,2024-09-27 10:05:00+00:00,17
227014,227020,0.84326,0.8412611831301577,2.6224268652873928,STOP,2.7074268652873927,0.085,legacy_fixed_r_v1,2024-09-27 12:30:00+00:00,2024-09-27 12:35:00+00:00,2024-09-27 13:00:00+00:00,6
227057,227059,0.84162,0.8424550411339611,-1.0849999999999864,STOP,-0.9999999999999865,0.085,legacy_fixed_r_v1,2024-09-27 16:05:00+00:00,2024-09-27 16:10:00+00:00,2024-09-27 16:15:00+00:00,2
227083,227089,0.84098,0.8406469358713139,0.544760138987796,STOP,0.6297601389877959,0.085,legacy_fixed_r_v1,2024-09-27 18:15:00+00:00,2024-09-27 18:20:00+00:00,2024-09-27 18:45:00+00:00,6
227111,227127,0.84035,0.8406563101213578,-1.0850000000001592,STOP,-1.0000000000001592,0.085,legacy_fixed_r_v1,2024-09-27 20:35:00+00:00,2024-09-27 20:40:00+00:00,2024-09-29 21:55:00+00:00,16
227209,227215,0.84153,0.8410954208264584,1.2256176218850356,STOP,1.3106176218850356,0.085,legacy_fixed_r_v1,2024-09-30 04:45:00+00:00,2024-09-30 04:50:00+00:00,2024-09-30 05:15:00+00:00,6
227286,227295,0.84373,0.8426314321654811,1.817968322266764,STOP,1.902968322266764,0.085,legacy_fixed_r_v1,2024-09-30 11:10:00+00:00,2024-09-30 11:15:00+00:00,2024-09-30 11:55:00+00:00,9
227357,227368,0.84387,0.844545769563775,-1.0850000000000077,STOP,-1.0000000000000078,0.085,legacy_fixed_r_v1,2024-09-30 17:05:00+00:00,2024-09-30 17:10:00+00:00,2024-09-30 18:00:00+00:00,11
227498,227509,0.84613,0.8459342855722873,0.42008936655257373,STOP,0.5050893665525737,0.085,legacy_fixed_r_v1,2024-10-01 04:50:00+00:00,2024-10-01 04:55:00+00:00,2024-10-01 05:45:00+00:00,11
227547,227550,0.84687,0.8461693360491579,0.8025164607608897,STOP,0.8875164607608896,0.085,legacy_fixed_r_v1,2024-10-01 08:55:00+00:00,2024-10-01 09:00:00+00:00,2024-10-01 09:10:00+00:00,3
227667,227694,0.84666,0.8457487722243673,1.2974283138247462,STOP,1.3824283138247462,0.085,legacy_fixed_r_v1,2024-10-01 18:55:00+00:00,2024-10-01 19:00:00+00:00,2024-10-01 21:10:00+00:00,27
227733,227738,0.84588,0.8461988695220998,-1.084999999999963,STOP,-0.9999999999999631,0.085,legacy_fixed_r_v1,2024-10-02 00:25:00+00:00,2024-10-02 00:30:00+00:00,2024-10-02 00:50:00+00:00,5
227826,227830,0.84535,0.8459564136787883,-1.0850000000000473,STOP,-1.0000000000000473,0.085,legacy_fixed_r_v1,2024-10-02 08:10:00+00:00,2024-10-02 08:15:00+00:00,2024-10-02 08:30:00+00:00,4
227915,227987,0.8494,0.84937,-0.04361892408354561,TIME,0.041381075916454395,0.085,legacy_fixed_r_v1,2024-10-02 15:35:00+00:00,2024-10-02 15:40:00+00:00,2024-10-02 21:35:00+00:00,72
228060,228070,0.85016,0.8497581597777581,1.2318868914640446,STOP,1.3168868914640446,0.085,legacy_fixed_r_v1,2024-10-03 03:40:00+00:00,2024-10-03 03:45:00+00:00,2024-10-03 04:30:00+00:00,10
228140,228150,0.85087,0.8504596071547392,0.5275831707482765,STOP,0.6125831707482765,0.085,legacy_fixed_r_v1,2024-10-03 10:20:00+00:00,2024-10-03 10:25:00+00:00,2024-10-03 11:10:00+00:00,10
228153,228162,0.84973,0.8503769305730169,-1.0849999999999675,STOP,-0.9999999999999675,0.085,legacy_fixed_r_v1,2024-10-03 11:25:00+00:00,2024-10-03 11:30:00+00:00,2024-10-03 12:10:00+00:00,9
228215,228224,0.85308,0.8524135801382517,0.818196354704695,STOP,0.903196354704695,0.085,legacy_fixed_r_v1,2024-10-03 16:35:00+00:00,2024-10-03 16:40:00+00:00,2024-10-03 17:20:00+00:00,9
228261,228266,0.85264,0.8529073574141159,-1.0849999999999704,STOP,-0.9999999999999704,0.085,legacy_fixed_r_v1,2024-10-03 20:25:00+00:00,2024-10-03 20:30:00+00:00,2024-10-03 20:50:00+00:00,5
228291,228299,0.85223,0.8520261911254366,0.8803152607188798,STOP,0.9653152607188797,0.085,legacy_fixed_r_v1,2024-10-03 22:55:00+00:00,2024-10-03 23:00:00+00:00,2024-10-03 23:35:00+00:00,8
228366,228374,0.85097,0.8505788791914175,1.4314049517923877,STOP,1.5164049517923877,0.085,legacy_fixed_r_v1,2024-10-04 05:10:00+00:00,2024-10-04 05:15:00+00:00,2024-10-04 05:50:00+00:00,8
228429,228436,0.85212,0.851814807768821,0.6298530533779462,STOP,0.7148530533779461,0.085,legacy_fixed_r_v1,2024-10-04 10:25:00+00:00,2024-10-04 10:30:00+00:00,2024-10-04 11:00:00+00:00,7
228470,228489,0.8586,0.8597724900399821,-1.084999999999963,STOP,-0.999999999999963,0.085,legacy_fixed_r_v1,2024-10-04 13:50:00+00:00,2024-10-04 13:55:00+00:00,2024-10-04 15:25:00+00:00,19
228509,228555,0.8587,0.858184471213582,0.7349759017465569,STOP,0.8199759017465569,0.085,legacy_fixed_r_v1,2024-10-04 17:05:00+00:00,2024-10-04 17:10:00+00:00,2024-10-04 20:55:00+00:00,46
228641,228654,0.85762,0.8579000936520409,-1.085000000000123,STOP,-1.000000000000123,0.085,legacy_fixed_r_v1,2024-10-07 04:05:00+00:00,2024-10-07 04:10:00+00:00,2024-10-07 05:10:00+00:00,13
228726,228740,0.85687,0.8549166662134026,3.4070537246816572,STOP,3.492053724681657,0.085,legacy_fixed_r_v1,2024-10-07 11:10:00+00:00,2024-10-07 11:15:00+00:00,2024-10-07 12:20:00+00:00,14
228779,228789,0.85512,0.8545796958568309,0.6644125490679355,STOP,0.7494125490679354,0.085,legacy_fixed_r_v1,2024-10-07 15:35:00+00:00,2024-10-07 15:40:00+00:00,2024-10-07 16:25:00+00:00,10
228848,228851,0.85474,0.8541551987117575,1.9805575866569494,STOP,2.0655575866569493,0.085,legacy_fixed_r_v1,2024-10-07 21:20:00+00:00,2024-10-07 21:25:00+00:00,2024-10-07 21:35:00+00:00,3
228862,228864,0.85393,0.8542525295841038,-1.0849999999999307,STOP,-0.9999999999999307,0.085,legacy_fixed_r_v1,2024-10-07 22:30:00+00:00,2024-10-07 22:35:00+00:00,2024-10-07 22:40:00+00:00,2
229074,229085,0.85729,0.857847557127684,-1.0849999999999946,STOP,-0.9999999999999946,0.085,legacy_fixed_r_v1,2024-10-08 16:10:00+00:00,2024-10-08 16:15:00+00:00,2024-10-08 17:05:00+00:00,11
229122,229129,0.85769,0.857347835620634,1.145653071013827,STOP,1.230653071013827,0.085,legacy_fixed_r_v1,2024-10-08 20:10:00+00:00,2024-10-08 20:15:00+00:00,2024-10-08 20:45:00+00:00,7
229155,229157,0.85707,0.8573142324415379,-1.0849999999999418,STOP,-0.9999999999999418,0.085,legacy_fixed_r_v1,2024-10-08 22:55:00+00:00,2024-10-08 23:00:00+00:00,2024-10-08 23:05:00+00:00,2
229282,229302,0.85711,0.8575090741751551,-1.0849999999999789,STOP,-0.9999999999999789,0.085,legacy_fixed_r_v1,2024-10-09 09:30:00+00:00,2024-10-09 09:35:00+00:00,2024-10-09 11:10:00+00:00,20
229420,229423,0.86101,0.8603617347380271,1.2083161007016683,STOP,1.2933161007016682,0.085,legacy_fixed_r_v1,2024-10-09 21:00:00+00:00,2024-10-09 21:05:00+00:00,2024-10-09 21:15:00+00:00,3
229455,229459,0.860614,0.8604446418261966,0.5865730541289229,STOP,0.6715730541289229,0.085,legacy_fixed_r_v1,2024-10-09 23:55:00+00:00,2024-10-10 00:00:00+00:00,2024-10-10 00:15:00+00:00,4
229566,229571,0.86038,0.8599667612657796,0.9770787857154992,STOP,1.0620787857154992,0.085,legacy_fixed_r_v1,2024-10-10 09:10:00+00:00,2024-10-10 09:15:00+00:00,2024-10-10 09:35:00+00:00,5
229639,229657,0.85646,0.8575264077482909,-1.0849999999999536,STOP,-0.9999999999999536,0.085,legacy_fixed_r_v1,2024-10-10 15:15:00+00:00,2024-10-10 15:20:00+00:00,2024-10-10 16:45:00+00:00,18
229692,229711,0.85657,0.8559302738493256,1.4896342789361592,STOP,1.5746342789361591,0.085,legacy_fixed_r_v1,2024-10-10 19:40:00+00:00,2024-10-10 19:45:00+00:00,2024-10-10 21:15:00+00:00,19
229777,229781,0.85702,0.8568274975993322,0.7113739293250755,STOP,0.7963739293250754,0.085,legacy_fixed_r_v1,2024-10-11 02:45:00+00:00,2024-10-11 02:50:00+00:00,2024-10-11 03:05:00+00:00,4
229811,229815,0.85699,0.8572021381619073,-1.0850000000001563,STOP,-1.0000000000001563,0.085,legacy_fixed_r_v1,2024-10-11 05:35:00+00:00,2024-10-11 05:40:00+00:00,2024-10-11 05:55:00+00:00,4
229848,229857,0.85628,0.8566970165601541,-1.0850000000000832,STOP,-1.0000000000000833,0.085,legacy_fixed_r_v1,2024-10-11 08:40:00+00:00,2024-10-11 08:45:00+00:00,2024-10-11 09:25:00+00:00,9
229930,229933,0.85695,0.8574764687162301,-1.0850000000000926,STOP,-1.0000000000000926,0.085,legacy_fixed_r_v1,2024-10-11 15:30:00+00:00,2024-10-11 15:35:00+00:00,2024-10-11 15:45:00+00:00,3
229995,229997,0.8576,0.8566290511548023,3.690262581944087,STOP,3.775262581944087,0.085,legacy_fixed_r_v1,2024-10-11 20:55:00+00:00,2024-10-13 21:00:00+00:00,2024-10-13 21:05:00+00:00,2
230098,230110,0.85823,0.8583993688230892,-1.084999999999685,STOP,-0.999999999999685,0.085,legacy_fixed_r_v1,2024-10-14 05:30:00+00:00,2024-10-14 05:35:00+00:00,2024-10-14 06:30:00+00:00,12
230196,230200,0.86255,0.8631919841473183,-1.0850000000000375,STOP,-1.0000000000000375,0.085,legacy_fixed_r_v1,2024-10-14 13:40:00+00:00,2024-10-14 13:45:00+00:00,2024-10-14 14:00:00+00:00,4
230236,230247,0.86333,0.8629847449363072,0.8923951261233949,STOP,0.9773951261233949,0.085,legacy_fixed_r_v1,2024-10-14 17:00:00+00:00,2024-10-14 17:05:00+00:00,2024-10-14 17:55:00+00:00,11
230275,230281,0.86243,0.8627082963520695,-1.0849999999998476,STOP,-0.9999999999998477,0.085,legacy_fixed_r_v1,2024-10-14 20:15:00+00:00,2024-10-14 20:20:00+00:00,2024-10-14 20:45:00+00:00,6
230311,230314,0.8624,0.8622934004411623,0.42408045725992743,STOP,0.5090804572599275,0.085,legacy_fixed_r_v1,2024-10-14 23:15:00+00:00,2024-10-14 23:20:00+00:00,2024-10-14 23:30:00+00:00,3
230467,230472,0.86171,0.8614895787806164,0.444120294717587,STOP,0.529120294717587,0.085,legacy_fixed_r_v1,2024-10-15 12:15:00+00:00,2024-10-15 12:20:00+00:00,2024-10-15 12:40:00+00:00,5
230538,230545,0.86299,0.8627501091864128,0.4929236735581341,STOP,0.5779236735581341,0.085,legacy_fixed_r_v1,2024-10-15 18:10:00+00:00,2024-10-15 18:15:00+00:00,2024-10-15 18:45:00+00:00,7
230608,230612,0.86238,0.8626180755515758,-1.0850000000002222,STOP,-1.0000000000002223,0.085,legacy_fixed_r_v1,2024-10-16 00:00:00+00:00,2024-10-16 00:05:00+00:00,2024-10-16 00:20:00+00:00,4
230624,230633,0.86235,0.8618660494455751,2.0103933049887335,STOP,2.0953933049887334,0.085,legacy_fixed_r_v1,2024-10-16 01:20:00+00:00,2024-10-16 01:25:00+00:00,2024-10-16 02:05:00+00:00,9
230860,230863,0.86548,0.8645776315971974,3.7445877940543815,STOP,3.8295877940543814,0.085,legacy_fixed_r_v1,2024-10-16 21:00:00+00:00,2024-10-16 21:05:00+00:00,2024-10-16 21:15:00+00:00,3
231010,231014,0.86479,0.8646107956798023,0.4799785268693704,STOP,0.5649785268693704,0.085,legacy_fixed_r_v1,2024-10-17 09:30:00+00:00,2024-10-17 09:35:00+00:00,2024-10-17 09:50:00+00:00,4
231133,231149,0.86636,0.8658037629160705,1.8493196698992191,STOP,1.934319669899219,0.085,legacy_fixed_r_v1,2024-10-17 19:45:00+00:00,2024-10-17 19:50:00+00:00,2024-10-17 21:05:00+00:00,16
231182,231184,0.86601,0.8661913018160976,-1.0849999999997881,STOP,-0.9999999999997881,0.085,legacy_fixed_r_v1,2024-10-17 23:50:00+00:00,2024-10-17 23:55:00+00:00,2024-10-18 00:00:00+00:00,2
231206,231216,0.86593,0.8658069297960964,0.45145739012129443,STOP,0.5364573901212945,0.085,legacy_fixed_r_v1,2024-10-18 01:50:00+00:00,2024-10-18 01:55:00+00:00,2024-10-18 02:40:00+00:00,10
231245,231256,0.8656,0.8657618687136046,-1.0849999999999793,STOP,-0.9999999999999792,0.085,legacy_fixed_r_v1,2024-10-18 05:05:00+00:00,2024-10-18 05:10:00+00:00,2024-10-18 06:00:00+00:00,11
231291,231315,0.86633,0.8661122504568046,0.5709071254766495,STOP,0.6559071254766494,0.085,legacy_fixed_r_v1,2024-10-18 08:55:00+00:00,2024-10-18 09:00:00+00:00,2024-10-18 10:55:00+00:00,24
231403,231407,0.86542,0.8652683129560385,0.47636201079608703,STOP,0.561362010796087,0.085,legacy_fixed_r_v1,2024-10-18 18:15:00+00:00,2024-10-18 18:20:00+00:00,2024-10-18 18:35:00+00:00,4
231424,231429,0.86499,0.8647341636333139,0.9059995852089349,STOP,0.9909995852089348,0.085,legacy_fixed_r_v1,2024-10-18 20:00:00+00:00,2024-10-18 20:05:00+00:00,2024-10-18 20:25:00+00:00,5
231465,231478,0.86488,0.8651258821860277,-1.084999999999889,STOP,-0.9999999999998889,0.085,legacy_fixed_r_v1,2024-10-20 23:30:00+00:00,2024-10-20 23:35:00+00:00,2024-10-21 00:35:00+00:00,13
231600,231607,0.86435,0.8641413992676292,0.4719427659007,STOP,0.5569427659007,0.085,legacy_fixed_r_v1,2024-10-21 10:45:00+00:00,2024-10-21 10:50:00+00:00,2024-10-21 11:20:00+00:00,7
231725,231728,0.86641,0.8656495389059669,3.237658042932947,STOP,3.322658042932947,0.085,legacy_fixed_r_v1,2024-10-21 21:10:00+00:00,2024-10-21 21:15:00+00:00,2024-10-21 21:25:00+00:00,3
231905,231913,0.86538,0.8657384231498924,-1.08500000000001,STOP,-1.00000000000001,0.085,legacy_fixed_r_v1,2024-10-22 12:10:00+00:00,2024-10-22 12:15:00+00:00,2024-10-22 12:50:00+00:00,8
231974,231987,0.86535,0.8657000813233451,-1.0850000000000177,STOP,-1.0000000000000178,0.085,legacy_fixed_r_v1,2024-10-22 17:55:00+00:00,2024-10-22 18:00:00+00:00,2024-10-22 19:00:00+00:00,13
232008,232013,0.86544,0.864983227150553,1.9762751043756834,STOP,2.0612751043756834,0.085,legacy_fixed_r_v1,2024-10-22 20:45:00+00:00,2024-10-22 20:50:00+00:00,2024-10-22 21:10:00+00:00,5
232264,232280,0.86695,0.8666068558259997,0.9589399613129559,STOP,1.0439399613129559,0.085,legacy_fixed_r_v1,2024-10-23 18:05:00+00:00,2024-10-23 18:10:00+00:00,2024-10-23 19:25:00+00:00,16
232300,232307,0.86704,0.8662072741787784,3.865247313656977,STOP,3.950247313656977,0.085,legacy_fixed_r_v1,2024-10-23 21:05:00+00:00,2024-10-23 21:10:00+00:00,2024-10-23 21:40:00+00:00,7
232327,232332,0.8664,0.8665385037073003,-1.0849999999998345,STOP,-0.9999999999998345,0.085,legacy_fixed_r_v1,2024-10-23 23:20:00+00:00,2024-10-23 23:25:00+00:00,2024-10-23 23:45:00+00:00,5
232362,232366,0.86658,0.8664405843304306,0.5070254276375596,STOP,0.5920254276375596,0.085,legacy_fixed_r_v1,2024-10-24 02:15:00+00:00,2024-10-24 02:20:00+00:00,2024-10-24 02:35:00+00:00,4
232386,232391,0.86608,0.8659099991405765,0.8013615421671778,STOP,0.8863615421671778,0.085,legacy_fixed_r_v1,2024-10-24 04:15:00+00:00,2024-10-24 04:20:00+00:00,2024-10-24 04:40:00+00:00,5
232407,232410,0.86574,0.8659780337250021,-1.0850000000001196,STOP,-1.0000000000001197,0.085,legacy_fixed_r_v1,2024-10-24 06:00:00+00:00,2024-10-24 06:05:00+00:00,2024-10-24 06:15:00+00:00,3
232449,232453,0.86515,0.8656036388801067,-1.084999999999977,STOP,-0.999999999999977,0.085,legacy_fixed_r_v1,2024-10-24 09:30:00+00:00,2024-10-24 09:35:00+00:00,2024-10-24 09:50:00+00:00,4
232540,232550,0.86581,0.8653777091647057,1.014123660473491,STOP,1.0991236604734909,0.085,legacy_fixed_r_v1,2024-10-24 17:05:00+00:00,2024-10-24 17:10:00+00:00,2024-10-24 17:55:00+00:00,10
232587,232594,0.86586,0.8654009968722679,1.9233811977647983,STOP,2.0083811977647983,0.085,legacy_fixed_r_v1,2024-10-24 21:00:00+00:00,2024-10-24 21:05:00+00:00,2024-10-24 21:35:00+00:00,7
232649,232659,0.86583,0.8660624154523672,-1.084999999999876,STOP,-0.9999999999998761,0.085,legacy_fixed_r_v1,2024-10-25 02:10:00+00:00,2024-10-25 02:15:00+00:00,2024-10-25 03:00:00+00:00,10
232741,232754,0.86652,0.8668561996680764,-1.084999999999893,STOP,-0.999999999999893,0.085,legacy_fixed_r_v1,2024-10-25 09:50:00+00:00,2024-10-25 09:55:00+00:00,2024-10-25 10:55:00+00:00,13
232981,232993,0.86946,0.8688635643109437,2.1509578861080034,STOP,2.2359578861080034,0.085,legacy_fixed_r_v1,2024-10-28 05:50:00+00:00,2024-10-28 05:55:00+00:00,2024-10-28 06:50:00+00:00,12
233032,233045,0.86659,0.8663580708899237,0.4871725325779818,STOP,0.5721725325779818,0.085,legacy_fixed_r_v1,2024-10-28 10:05:00+00:00,2024-10-28 10:10:00+00:00,2024-10-28 11:10:00+00:00,13
233135,233152,0.86521,0.8648403576844195,1.1350062721788403,STOP,1.2200062721788403,0.085,legacy_fixed_r_v1,2024-10-28 18:40:00+00:00,2024-10-28 18:45:00+00:00,2024-10-28 20:05:00+00:00,17
233197,233199,0.86505,0.8647881926760621,1.3855766796569975,STOP,1.4705766796569975,0.085,legacy_fixed_r_v1,2024-10-28 23:50:00+00:00,2024-10-28 23:55:00+00:00,2024-10-29 00:00:00+00:00,2
233262,233272,0.86494,0.8651649538815362,-1.0849999999998314,STOP,-0.9999999999998314,0.085,legacy_fixed_r_v1,2024-10-29 05:15:00+00:00,2024-10-29 05:20:00+00:00,2024-10-29 06:05:00+00:00,10
233405,233449,0.86791,0.8673107524853894,0.7939965542725931,STOP,0.878996554272593,0.085,legacy_fixed_r_v1,2024-10-29 17:10:00+00:00,2024-10-29 17:15:00+00:00,2024-10-29 20:50:00+00:00,44
233771,233790,0.86631,0.8660737468468319,1.1217241443220007,STOP,1.2067241443220007,0.085,legacy_fixed_r_v1,2024-10-30 23:40:00+00:00,2024-10-30 23:45:00+00:00,2024-10-31 01:15:00+00:00,19
233843,233858,0.8655,0.8648277801466216,3.016136062112996,STOP,3.101136062112996,0.085,legacy_fixed_r_v1,2024-10-31 05:40:00+00:00,2024-10-31 05:45:00+00:00,2024-10-31 06:55:00+00:00,15
233917,233919,0.86549,0.8659283754284879,-1.0850000000000715,STOP,-1.0000000000000715,0.085,legacy_fixed_r_v1,2024-10-31 11:50:00+00:00,2024-10-31 11:55:00+00:00,2024-10-31 12:00:00+00:00,2
234052,234063,0.86337,0.8636048397903195,-1.084999999999818,STOP,-0.9999999999998181,0.085,legacy_fixed_r_v1,2024-10-31 23:05:00+00:00,2024-10-31 23:10:00+00:00,2024-11-01 00:00:00+00:00,11
234194,234198,0.86785,0.8675771196007162,0.5641981583737461,STOP,0.6491981583737461,0.085,legacy_fixed_r_v1,2024-11-01 10:55:00+00:00,2024-11-01 11:00:00+00:00,2024-11-01 11:15:00+00:00,4
234309,234321,0.87049,0.8675635455752484,8.928409553760945,STOP,9.013409553760946,0.085,legacy_fixed_r_v1,2024-11-01 20:30:00+00:00,2024-11-01 20:35:00+00:00,2024-11-03 22:30:00+00:00,12
234340,234350,0.86733,0.8669719955539026,0.8171432382314661,STOP,0.902143238231466,0.085,legacy_fixed_r_v1,2024-11-04 00:05:00+00:00,2024-11-04 00:10:00+00:00,2024-11-04 00:55:00+00:00,10
234411,234413,0.86499,0.8652716364472666,-1.0849999999999158,STOP,-0.9999999999999157,0.085,legacy_fixed_r_v1,2024-11-04 06:00:00+00:00,2024-11-04 06:05:00+00:00,2024-11-04 06:10:00+00:00,2
234478,234483,0.86282,0.8622718181602903,1.0774964295392988,STOP,1.1624964295392988,0.085,legacy_fixed_r_v1,2024-11-04 11:35:00+00:00,2024-11-04 11:40:00+00:00,2024-11-04 12:00:00+00:00,5
234548,234551,0.8629,0.863402512499774,-1.0850000000000153,STOP,-1.0000000000000153,0.085,legacy_fixed_r_v1,2024-11-04 17:25:00+00:00,2024-11-04 17:30:00+00:00,2024-11-04 17:40:00+00:00,3
234602,234604,0.86453,0.8631836182655774,5.8155815552865056,STOP,5.9005815552865055,0.085,legacy_fixed_r_v1,2024-11-04 21:55:00+00:00,2024-11-04 22:00:00+00:00,2024-11-04 22:05:00+00:00,2
234627,234676,0.86407,0.8643309497898835,-1.0850000000001463,STOP,-1.0000000000001463,0.085,legacy_fixed_r_v1,2024-11-05 00:00:00+00:00,2024-11-05 00:05:00+00:00,2024-11-05 04:05:00+00:00,49
234759,234762,0.86172,0.8621264047519541,-1.0850000000000044,STOP,-1.0000000000000044,0.085,legacy_fixed_r_v1,2024-11-05 11:00:00+00:00,2024-11-05 11:05:00+00:00,2024-11-05 11:15:00+00:00,3
234843,234850,0.8628,0.8624975495984951,0.5695368006004828,STOP,0.6545368006004828,0.085,legacy_fixed_r_v1,2024-11-05 18:00:00+00:00,2024-11-05 18:05:00+00:00,2024-11-05 18:35:00+00:00,7
234882,234891,0.86324,0.8629260576057463,1.1423202763467655,STOP,1.2273202763467654,0.085,legacy_fixed_r_v1,2024-11-05 21:15:00+00:00,2024-11-05 21:20:00+00:00,2024-11-05 22:00:00+00:00,9
235095,235099,0.87471,0.8757317158843193,-1.08500000000004,STOP,-1.00000000000004,0.085,legacy_fixed_r_v1,2024-11-06 15:00:00+00:00,2024-11-06 15:05:00+00:00,2024-11-06 15:20:00+00:00,4
235133,235145,0.87532,0.8760236607887889,-1.084999999999928,STOP,-0.9999999999999281,0.085,legacy_fixed_r_v1,2024-11-06 18:10:00+00:00,2024-11-06 18:15:00+00:00,2024-11-06 19:10:00+00:00,12
235178,235180,0.87703,0.87597208518972,3.283012441217914,STOP,3.368012441217914,0.085,legacy_fixed_r_v1,2024-11-06 21:55:00+00:00,2024-11-06 22:00:00+00:00,2024-11-06 22:05:00+00:00,2
235200,235205,0.87571,0.8760432696626785,-1.0850000000001294,STOP,-1.0000000000001295,0.085,legacy_fixed_r_v1,2024-11-06 23:45:00+00:00,2024-11-06 23:50:00+00:00,2024-11-07 00:10:00+00:00,5
235254,235275,0.87558,0.8752039686581,0.8804324187045524,STOP,0.9654324187045523,0.085,legacy_fixed_r_v1,2024-11-07 04:15:00+00:00,2024-11-07 04:20:00+00:00,2024-11-07 06:00:00+00:00,21
235286,235292,0.87496,0.8738624432668243,3.470151254477443,STOP,3.555151254477443,0.085,legacy_fixed_r_v1,2024-11-07 06:55:00+00:00,2024-11-07 07:00:00+00:00,2024-11-07 07:25:00+00:00,6
235351,235363,0.87617,0.8740926112607377,4.154826192236043,STOP,4.239826192236043,0.085,legacy_fixed_r_v1,2024-11-07 12:20:00+00:00,2024-11-07 12:25:00+00:00,2024-11-07 13:20:00+00:00,12
235619,235623,0.87123,0.8706061828714641,1.0042047002229724,STOP,1.0892047002229723,0.085,legacy_fixed_r_v1,2024-11-08 10:40:00+00:00,2024-11-08 10:45:00+00:00,2024-11-08 11:00:00+00:00,4
235739,235750,0.87581,0.8755761405397234,0.5523810415553672,STOP,0.6373810415553671,0.085,legacy_fixed_r_v1,2024-11-08 20:40:00+00:00,2024-11-08 20:45:00+00:00,2024-11-08 21:35:00+00:00,11
235754,235756,0.87575,0.8752577118307439,1.5472005601755778,STOP,1.6322005601755778,0.085,legacy_fixed_r_v1,2024-11-08 21:55:00+00:00,2024-11-10 22:00:00+00:00,2024-11-10 22:05:00+00:00,2
235795,235802,0.8759,0.8762851940783819,-1.0849999999999524,STOP,-0.9999999999999525,0.085,legacy_fixed_r_v1,2024-11-11 01:20:00+00:00,2024-11-11 01:25:00+00:00,2024-11-11 01:55:00+00:00,7
235985,235988,0.87985,0.8803107784545009,-1.0850000000000772,STOP,-1.0000000000000773,0.085,legacy_fixed_r_v1,2024-11-11 17:10:00+00:00,2024-11-11 17:15:00+00:00,2024-11-11 17:25:00+00:00,3
236031,236039,0.88061,0.8808969709684026,-1.0850000000001045,STOP,-1.0000000000001046,0.085,legacy_fixed_r_v1,2024-11-11 21:00:00+00:00,2024-11-11 21:05:00+00:00,2024-11-11 21:40:00+00:00,8
236043,236051,0.88075,0.8802522188801295,1.1267028834555834,STOP,1.2117028834555834,0.085,legacy_fixed_r_v1,2024-11-11 22:00:00+00:00,2024-11-11 22:05:00+00:00,2024-11-11 22:40:00+00:00,8
236199,236206,0.8822,0.8813315693759838,1.7934433924460635,STOP,1.8784433924460635,0.085,legacy_fixed_r_v1,2024-11-12 11:00:00+00:00,2024-11-12 11:05:00+00:00,2024-11-12 11:35:00+00:00,7
236303,236308,0.88211,0.8824767010826481,-1.0850000000000999,STOP,-1.0000000000001,0.085,legacy_fixed_r_v1,2024-11-12 19:40:00+00:00,2024-11-12 19:45:00+00:00,2024-11-12 20:05:00+00:00,5
236318,236320,0.88206,0.8817386756582641,0.8846600595127518,STOP,0.9696600595127518,0.085,legacy_fixed_r_v1,2024-11-12 20:55:00+00:00,2024-11-12 21:00:00+00:00,2024-11-12 21:05:00+00:00,2
236331,236333,0.88208,0.8813386507958976,1.7534454395736752,STOP,1.8384454395736751,0.085,legacy_fixed_r_v1,2024-11-12 22:00:00+00:00,2024-11-12 22:05:00+00:00,2024-11-12 22:10:00+00:00,2
236370,236376,0.88224,0.8819659087825714,0.6952800791874749,STOP,0.7802800791874749,0.085,legacy_fixed_r_v1,2024-11-13 01:15:00+00:00,2024-11-13 01:20:00+00:00,2024-11-13 01:45:00+00:00,6
236496,236498,0.88277,0.8824412048270536,0.7475979266886128,STOP,0.8325979266886128,0.085,legacy_fixed_r_v1,2024-11-13 11:45:00+00:00,2024-11-13 11:50:00+00:00,2024-11-13 11:55:00+00:00,2
236587,236595,0.88541,0.8859195480929869,-1.0850000000000468,STOP,-1.0000000000000469,0.085,legacy_fixed_r_v1,2024-11-13 19:20:00+00:00,2024-11-13 19:25:00+00:00,2024-11-13 20:00:00+00:00,8
236619,236624,0.88642,0.885498529169472,1.8807829071184763,STOP,1.9657829071184763,0.085,legacy_fixed_r_v1,2024-11-13 22:00:00+00:00,2024-11-13 22:05:00+00:00,2024-11-13 22:25:00+00:00,5
236715,236717,0.88718,0.8870297256704996,0.47438945151683215,STOP,0.5593894515168322,0.085,legacy_fixed_r_v1,2024-11-14 06:00:00+00:00,2024-11-14 06:05:00+00:00,2024-11-14 06:10:00+00:00,2
236839,236843,0.88672,0.8874799943170115,-1.085000000000022,STOP,-1.000000000000022,0.085,legacy_fixed_r_v1,2024-11-14 16:20:00+00:00,2024-11-14 16:25:00+00:00,2024-11-14 16:40:00+00:00,4
236904,236911,0.89069,0.889609603892639,1.787809249437836,STOP,1.8728092494378359,0.085,legacy_fixed_r_v1,2024-11-14 21:45:00+00:00,2024-11-14 21:50:00+00:00,2024-11-14 22:20:00+00:00,7
237060,237065,0.88755,0.8881270099618754,-1.0850000000000275,STOP,-1.0000000000000275,0.085,legacy_fixed_r_v1,2024-11-15 10:45:00+00:00,2024-11-15 10:50:00+00:00,2024-11-15 11:10:00+00:00,5
237088,237093,0.88726,0.8877885114402012,-1.0850000000000222,STOP,-1.0000000000000222,0.085,legacy_fixed_r_v1,2024-11-15 13:05:00+00:00,2024-11-15 13:10:00+00:00,2024-11-15 13:30:00+00:00,5
237157,237160,0.88629,0.8868351016937843,-1.085000000000088,STOP,-1.000000000000088,0.085,legacy_fixed_r_v1,2024-11-15 18:50:00+00:00,2024-11-15 18:55:00+00:00,2024-11-15 19:05:00+00:00,3
237194,237201,0.88872,0.8875148524627674,2.4078442683731245,STOP,2.4928442683731245,0.085,legacy_fixed_r_v1,2024-11-15 21:55:00+00:00,2024-11-17 22:10:00+00:00,2024-11-17 22:40:00+00:00,7
237221,237227,0.88808,0.8874812679862069,1.2289332851121741,STOP,1.313933285112174,0.085,legacy_fixed_r_v1,2024-11-18 00:20:00+00:00,2024-11-18 00:25:00+00:00,2024-11-18 00:50:00+00:00,6
237269,237276,0.88772,0.8874812310615461,0.7082005468705681,STOP,0.7932005468705681,0.085,legacy_fixed_r_v1,2024-11-18 04:20:00+00:00,2024-11-18 04:25:00+00:00,2024-11-18 04:55:00+00:00,7
237374,237380,0.8875,0.8868323315230027,1.4253045565977884,STOP,1.5103045565977884,0.085,legacy_fixed_r_v1,2024-11-18 13:05:00+00:00,2024-11-18 13:10:00+00:00,2024-11-18 13:35:00+00:00,6
237420,237433,0.88513,0.8842233244032827,1.5873193219025394,STOP,1.6723193219025394,0.085,legacy_fixed_r_v1,2024-11-18 16:55:00+00:00,2024-11-18 17:00:00+00:00,2024-11-18 18:00:00+00:00,13
237473,237482,0.88305,0.8827419675276141,1.056411124213786,STOP,1.1414111242137859,0.085,legacy_fixed_r_v1,2024-11-18 21:20:00+00:00,2024-11-18 21:25:00+00:00,2024-11-18 22:05:00+00:00,9
237698,237702,0.88168,0.8824402767336792,-1.0849999999999331,STOP,-0.9999999999999332,0.085,legacy_fixed_r_v1,2024-11-19 16:05:00+00:00,2024-11-19 16:10:00+00:00,2024-11-19 16:25:00+00:00,4
237742,237751,0.88303,0.8826965688337979,0.666459530702158,STOP,0.751459530702158,0.085,legacy_fixed_r_v1,2024-11-19 19:45:00+00:00,2024-11-19 19:50:00+00:00,2024-11-19 20:30:00+00:00,9
237768,237770,0.88267,0.8813173697812761,5.539504948056181,STOP,5.624504948056181,0.085,legacy_fixed_r_v1,2024-11-19 21:55:00+00:00,2024-11-19 22:00:00+00:00,2024-11-19 22:05:00+00:00,2
237790,237795,0.8821,0.881874547147165,0.686777746984831,STOP,0.7717777469848309,0.085,legacy_fixed_r_v1,2024-11-19 23:45:00+00:00,2024-11-19 23:50:00+00:00,2024-11-20 00:10:00+00:00,5
237937,237954,0.88526,0.8846285845589308,1.2765919799825216,STOP,1.3615919799825216,0.085,legacy_fixed_r_v1,2024-11-20 12:00:00+00:00,2024-11-20 12:05:00+00:00,2024-11-20 13:25:00+00:00,17
237999,238009,0.88501,0.8844205243929728,0.9630519079322839,STOP,1.0480519079322839,0.085,legacy_fixed_r_v1,2024-11-20 17:10:00+00:00,2024-11-20 17:15:00+00:00,2024-11-20 18:00:00+00:00,10
238049,238051,0.88443,0.8841731113356395,0.8658658903826882,STOP,0.9508658903826882,0.085,legacy_fixed_r_v1,2024-11-20 21:20:00+00:00,2024-11-20 21:25:00+00:00,2024-11-20 21:30:00+00:00,2
238076,238082,0.88376,0.8835648775675787,0.7714887158910653,STOP,0.8564887158910652,0.085,legacy_fixed_r_v1,2024-11-20 23:35:00+00:00,2024-11-20 23:40:00+00:00,2024-11-21 00:05:00+00:00,6
238128,238130,0.88281,0.8826530556455396,0.7180820582186817,STOP,0.8030820582186816,0.085,legacy_fixed_r_v1,2024-11-21 03:55:00+00:00,2024-11-21 04:00:00+00:00,2024-11-21 04:05:00+00:00,2
238233,238236,0.88335,0.8829424122827791,0.8193756076347564,STOP,0.9043756076347563,0.085,legacy_fixed_r_v1,2024-11-21 12:40:00+00:00,2024-11-21 12:45:00+00:00,2024-11-21 12:55:00+00:00,3
238344,238350,0.88678,0.8865208433174596,0.8137219496749031,STOP,0.898721949674903,0.085,legacy_fixed_r_v1,2024-11-21 22:00:00+00:00,2024-11-21 22:05:00+00:00,2024-11-21 22:30:00+00:00,6
238408,238413,0.88631,0.8861376782253915,0.6148914239275212,STOP,0.6998914239275211,0.085,legacy_fixed_r_v1,2024-11-22 03:20:00+00:00,2024-11-22 03:25:00+00:00,2024-11-22 03:45:00+00:00,5
238498,238514,0.88813,0.8891890396418216,-1.0849999999999593,STOP,-0.9999999999999593,0.085,legacy_fixed_r_v1,2024-11-22 10:50:00+00:00,2024-11-22 10:55:00+00:00,2024-11-22 12:10:00+00:00,16
238576,238585,0.8941,0.8936154960340005,0.6013445859007663,STOP,0.6863445859007663,0.085,legacy_fixed_r_v1,2024-11-22 17:20:00+00:00,2024-11-22 17:25:00+00:00,2024-11-22 18:05:00+00:00,9
238631,238633,0.89147,0.8903930850508417,3.2314248700433543,STOP,3.3164248700433543,0.085,legacy_fixed_r_v1,2024-11-22 21:55:00+00:00,2024-11-24 22:00:00+00:00,2024-11-24 22:05:00+00:00,2
238673,238689,0.89017,0.8895213135305622,1.0370829366901513,STOP,1.1220829366901512,0.085,legacy_fixed_r_v1,2024-11-25 01:25:00+00:00,2024-11-25 01:30:00+00:00,2024-11-25 02:45:00+00:00,16
238808,238811,0.88974,0.8890707406269486,1.5241095441169532,STOP,1.6091095441169532,0.085,legacy_fixed_r_v1,2024-11-25 12:40:00+00:00,2024-11-25 12:45:00+00:00,2024-11-25 12:55:00+00:00,3
238872,238887,0.8868,0.8853992709813772,2.2539352747416936,STOP,2.3389352747416936,0.085,legacy_fixed_r_v1,2024-11-25 18:00:00+00:00,2024-11-25 18:05:00+00:00,2024-11-25 19:15:00+00:00,15
238921,238925,0.88655,0.8857540833562881,2.813836712292132,STOP,2.898836712292132,0.085,legacy_fixed_r_v1,2024-11-25 22:05:00+00:00,2024-11-25 22:10:00+00:00,2024-11-25 22:30:00+00:00,4
238961,238993,0.88752,0.8864656827021665,1.2052598042509532,STOP,1.2902598042509532,0.085,legacy_fixed_r_v1,2024-11-26 01:30:00+00:00,2024-11-26 01:35:00+00:00,2024-11-26 04:10:00+00:00,32
239171,239175,0.88784,0.888338638551301,-1.0849999999999032,STOP,-0.9999999999999031,0.085,legacy_fixed_r_v1,2024-11-26 19:00:00+00:00,2024-11-26 19:05:00+00:00,2024-11-26 19:20:00+00:00,4
239194,239208,0.88703,0.8862658515079701,1.7747352309301676,STOP,1.8597352309301676,0.085,legacy_fixed_r_v1,2024-11-26 20:55:00+00:00,2024-11-26 21:00:00+00:00,2024-11-26 22:05:00+00:00,14
239231,239262,0.88575,0.8861036296489938,-1.0850000000001416,STOP,-1.0000000000001417,0.085,legacy_fixed_r_v1,2024-11-27 00:00:00+00:00,2024-11-27 00:05:00+00:00,2024-11-27 02:35:00+00:00,31
239288,239302,0.88566,0.8859111569371892,-1.0850000000000588,STOP,-1.0000000000000588,0.085,legacy_fixed_r_v1,2024-11-27 04:45:00+00:00,2024-11-27 04:50:00+00:00,2024-11-27 05:55:00+00:00,14
239308,239316,0.88532,0.8849725177321671,1.2191388659632232,STOP,1.3041388659632231,0.085,legacy_fixed_r_v1,2024-11-27 06:25:00+00:00,2024-11-27 06:30:00+00:00,2024-11-27 07:05:00+00:00,8
239349,239353,0.88269,0.8823569569122247,0.4602685876592559,STOP,0.5452685876592559,0.085,legacy_fixed_r_v1,2024-11-27 09:50:00+00:00,2024-11-27 09:55:00+00:00,2024-11-27 10:10:00+00:00,4
239393,239396,0.8829,0.8824179672701412,0.6975124997908277,STOP,0.7825124997908277,0.085,legacy_fixed_r_v1,2024-11-27 13:30:00+00:00,2024-11-27 13:35:00+00:00,2024-11-27 13:45:00+00:00,3
239577,239592,0.8833,0.8831767012576677,0.4087624544990362,STOP,0.4937624544990362,0.085,legacy_fixed_r_v1,2024-11-28 05:00:00+00:00,2024-11-28 05:05:00+00:00,2024-11-28 06:15:00+00:00,15
239646,239652,0.88409,0.8837059313570215,0.8085742389952646,STOP,0.8935742389952646,0.085,legacy_fixed_r_v1,2024-11-28 10:45:00+00:00,2024-11-28 10:50:00+00:00,2024-11-28 11:15:00+00:00,6
239669,239689,0.88333,0.8837346364286791,-1.0850000000000555,STOP,-1.0000000000000555,0.085,legacy_fixed_r_v1,2024-11-28 12:40:00+00:00,2024-11-28 12:45:00+00:00,2024-11-28 14:20:00+00:00,20
239721,239782,0.88308,0.8822986895410629,2.127429937736335,STOP,2.212429937736335,0.085,legacy_fixed_r_v1,2024-11-28 17:00:00+00:00,2024-11-28 17:05:00+00:00,2024-11-28 22:05:00+00:00,61
239851,239871,0.8812,0.8815277383380742,-1.0849999999999025,STOP,-0.9999999999999024,0.085,legacy_fixed_r_v1,2024-11-29 03:50:00+00:00,2024-11-29 03:55:00+00:00,2024-11-29 05:30:00+00:00,20
239882,239885,0.88128,0.8810745486828712,0.6700446566477047,STOP,0.7550446566477047,0.085,legacy_fixed_r_v1,2024-11-29 06:25:00+00:00,2024-11-29 06:30:00+00:00,2024-11-29 06:40:00+00:00,3
239960,239975,0.88111,0.8806614759027918,0.8068328727173609,STOP,0.8918328727173609,0.085,legacy_fixed_r_v1,2024-11-29 12:55:00+00:00,2024-11-29 13:00:00+00:00,2024-11-29 14:10:00+00:00,15
240018,240023,0.88147,0.880381503652231,1.684332693131975,STOP,1.769332693131975,0.085,legacy_fixed_r_v1,2024-11-29 17:45:00+00:00,2024-11-29 17:50:00+00:00,2024-11-29 18:10:00+00:00,5
240239,240242,0.88507,0.8855349129188961,-1.0850000000000262,STOP,-1.0000000000000262,0.085,legacy_fixed_r_v1,2024-12-02 12:10:00+00:00,2024-12-02 12:15:00+00:00,2024-12-02 12:25:00+00:00,3
240336,240338,0.88529,0.8857840275115944,-1.0850000000000966,STOP,-1.0000000000000966,0.085,legacy_fixed_r_v1,2024-12-02 20:15:00+00:00,2024-12-02 20:20:00+00:00,2024-12-02 20:25:00+00:00,2
240447,240453,0.88846,0.8881106367080853,1.2628255525178143,STOP,1.3478255525178142,0.085,legacy_fixed_r_v1,2024-12-03 05:30:00+00:00,2024-12-03 05:35:00+00:00,2024-12-03 06:00:00+00:00,6
240516,240522,0.88471,0.8844744756310295,0.46078023940099105,STOP,0.5457802394009911,0.085,legacy_fixed_r_v1,2024-12-03 11:15:00+00:00,2024-12-03 11:20:00+00:00,2024-12-03 11:45:00+00:00,6
240597,240613,0.88469,0.8853518370417283,-1.0849999999999815,STOP,-0.9999999999999815,0.085,legacy_fixed_r_v1,2024-12-03 18:00:00+00:00,2024-12-03 18:05:00+00:00,2024-12-03 19:20:00+00:00,16
240645,240648,0.88638,0.8859570385739267,1.4121577555568026,STOP,1.4971577555568025,0.085,legacy_fixed_r_v1,2024-12-03 22:00:00+00:00,2024-12-03 22:05:00+00:00,2024-12-03 22:15:00+00:00,3
240719,240735,0.88693,0.8858549603988632,3.052611080612442,STOP,3.1376110806124418,0.085,legacy_fixed_r_v1,2024-12-04 04:15:00+00:00,2024-12-04 04:20:00+00:00,2024-12-04 05:35:00+00:00,16
240749,240752,0.88559,0.8859388514954436,-1.0849999999999813,STOP,-0.9999999999999813,0.085,legacy_fixed_r_v1,2024-12-04 06:45:00+00:00,2024-12-04 06:50:00+00:00,2024-12-04 07:00:00+00:00,3
240797,240809,0.88677,0.8859055212539958,1.8618207713649206,STOP,1.9468207713649206,0.085,legacy_fixed_r_v1,2024-12-04 10:45:00+00:00,2024-12-04 10:50:00+00:00,2024-12-04 11:45:00+00:00,12
240864,240895,0.88322,0.8840439695423009,-1.0849999999999842,STOP,-0.9999999999999842,0.085,legacy_fixed_r_v1,2024-12-04 16:20:00+00:00,2024-12-04 16:25:00+00:00,2024-12-04 18:55:00+00:00,31
240932,240934,0.88506,0.8840272893376894,3.3848595436508466,STOP,3.4698595436508466,0.085,legacy_fixed_r_v1,2024-12-04 22:00:00+00:00,2024-12-04 22:05:00+00:00,2024-12-04 22:10:00+00:00,2
241084,241102,0.88436,0.8832519030043693,2.4693338482643554,STOP,2.5543338482643554,0.085,legacy_fixed_r_v1,2024-12-05 10:40:00+00:00,2024-12-05 10:45:00+00:00,2024-12-05 12:10:00+00:00,18
241184,241196,0.87935,0.878234033450369,2.201821410907267,STOP,2.286821410907267,0.085,legacy_fixed_r_v1,2024-12-05 19:00:00+00:00,2024-12-05 19:05:00+00:00,2024-12-05 20:00:00+00:00,12
241219,241221,0.87924,0.8780019135864567,3.841999527549062,STOP,3.926999527549062,0.085,legacy_fixed_r_v1,2024-12-05 21:55:00+00:00,2024-12-05 22:00:00+00:00,2024-12-05 22:05:00+00:00,2
241275,241283,0.87876,0.8784128858527958,1.0710721383461994,STOP,1.1560721383461994,0.085,legacy_fixed_r_v1,2024-12-06 02:35:00+00:00,2024-12-06 02:40:00+00:00,2024-12-06 03:15:00+00:00,8
241482,241489,0.87915,0.8787824254850995,0.7836836506148417,STOP,0.8686836506148417,0.085,legacy_fixed_r_v1,2024-12-06 19:50:00+00:00,2024-12-06 19:55:00+00:00,2024-12-06 20:25:00+00:00,7
241506,241508,0.8787,0.8782788791969649,1.413397250658252,STOP,1.498397250658252,0.085,legacy_fixed_r_v1,2024-12-06 21:50:00+00:00,2024-12-06 21:55:00+00:00,2024-12-08 22:00:00+00:00,2
241567,241572,0.87899,0.8792679607005619,-1.0850000000000066,STOP,-1.0000000000000067,0.085,legacy_fixed_r_v1,2024-12-09 02:55:00+00:00,2024-12-09 03:00:00+00:00,2024-12-09 03:20:00+00:00,5
241604,241612,0.88001,0.8798205349650186,0.7144035197657598,STOP,0.7994035197657597,0.085,legacy_fixed_r_v1,2024-12-09 06:00:00+00:00,2024-12-09 06:05:00+00:00,2024-12-09 06:40:00+00:00,8
241644,241648,0.87938,0.8798206367914537,-1.084999999999995,STOP,-0.999999999999995,0.085,legacy_fixed_r_v1,2024-12-09 09:20:00+00:00,2024-12-09 09:25:00+00:00,2024-12-09 09:40:00+00:00,4
241784,241797,0.87863,0.8779407754884265,2.268546761107127,STOP,2.353546761107127,0.085,legacy_fixed_r_v1,2024-12-09 21:00:00+00:00,2024-12-09 21:05:00+00:00,2024-12-09 22:05:00+00:00,13
241888,241893,0.87769,0.8773422989492763,1.2443141743032615,STOP,1.3293141743032615,0.085,legacy_fixed_r_v1,2024-12-10 05:40:00+00:00,2024-12-10 05:45:00+00:00,2024-12-10 06:05:00+00:00,5
242045,242058,0.88225,0.8827012546792357,-1.0850000000001048,STOP,-1.0000000000001048,0.085,legacy_fixed_r_v1,2024-12-10 18:45:00+00:00,2024-12-10 18:50:00+00:00,2024-12-10 19:50:00+00:00,13
242083,242090,0.88312,0.8824807561024102,2.2926601888323748,STOP,2.3776601888323747,0.085,legacy_fixed_r_v1,2024-12-10 21:55:00+00:00,2024-12-10 22:00:00+00:00,2024-12-10 22:30:00+00:00,7
242136,242148,0.88282,0.8831184724615548,-1.0849999999998312,STOP,-0.9999999999998311,0.085,legacy_fixed_r_v1,2024-12-11 02:20:00+00:00,2024-12-11 02:25:00+00:00,2024-12-11 03:20:00+00:00,12
242243,242257,0.88365,0.8831387027814709,0.8881245397440423,STOP,0.9731245397440422,0.085,legacy_fixed_r_v1,2024-12-11 11:15:00+00:00,2024-12-11 11:20:00+00:00,2024-12-11 12:25:00+00:00,14
242307,242311,0.88355,0.8829313601984315,0.7226296315351844,STOP,0.8076296315351844,0.085,legacy_fixed_r_v1,2024-12-11 16:35:00+00:00,2024-12-11 16:40:00+00:00,2024-12-11 16:55:00+00:00,4
242437,242441,0.88384,0.884095828678627,-1.084999999999792,STOP,-0.9999999999997919,0.085,legacy_fixed_r_v1,2024-12-12 03:25:00+00:00,2024-12-12 03:30:00+00:00,2024-12-12 03:45:00+00:00,4
242599,242604,0.88803,0.8887868190257305,-1.0850000000000555,STOP,-1.0000000000000555,0.085,legacy_fixed_r_v1,2024-12-12 16:55:00+00:00,2024-12-12 17:00:00+00:00,2024-12-12 17:20:00+00:00,5
242660,242672,0.89264,0.8919321821964484,0.9964338636680337,STOP,1.0814338636680336,0.085,legacy_fixed_r_v1,2024-12-12 22:00:00+00:00,2024-12-12 22:05:00+00:00,2024-12-12 23:00:00+00:00,12
242686,242701,0.89195,0.8923509619855317,-1.0850000000000777,STOP,-1.0000000000000777,0.085,legacy_fixed_r_v1,2024-12-13 00:10:00+00:00,2024-12-13 00:15:00+00:00,2024-12-13 01:25:00+00:00,15
242824,242827,0.8935,0.8939252561876684,-1.0849999999999864,STOP,-0.9999999999999865,0.085,legacy_fixed_r_v1,2024-12-13 11:40:00+00:00,2024-12-13 11:45:00+00:00,2024-12-13 11:55:00+00:00,3
242836,242838,0.89235,0.8928495598697745,-1.0849999999999544,STOP,-0.9999999999999544,0.085,legacy_fixed_r_v1,2024-12-13 12:40:00+00:00,2024-12-13 12:45:00+00:00,2024-12-13 12:50:00+00:00,2
242895,242949,0.89255,0.8921725826630614,0.7116028593388911,STOP,0.7966028593388911,0.085,legacy_fixed_r_v1,2024-12-13 17:35:00+00:00,2024-12-13 17:40:00+00:00,2024-12-15 22:05:00+00:00,54
242986,243034,0.89134,0.8908678304644542,1.1697419834840723,STOP,1.2547419834840723,0.085,legacy_fixed_r_v1,2024-12-16 01:10:00+00:00,2024-12-16 01:15:00+00:00,2024-12-16 05:10:00+00:00,48
243059,243062,0.89045,0.8907413313853418,-1.0850000000001432,STOP,-1.0000000000001432,0.085,legacy_fixed_r_v1,2024-12-16 07:15:00+00:00,2024-12-16 07:20:00+00:00,2024-12-16 07:30:00+00:00,3
243199,243203,0.8938,0.8942432235825257,-1.0850000000000326,STOP,-1.0000000000000326,0.085,legacy_fixed_r_v1,2024-12-16 18:55:00+00:00,2024-12-16 19:00:00+00:00,2024-12-16 19:15:00+00:00,4
243222,243242,0.89435,0.8936684914187256,2.311482178319438,STOP,2.396482178319438,0.085,legacy_fixed_r_v1,2024-12-16 20:50:00+00:00,2024-12-16 20:55:00+00:00,2024-12-16 22:30:00+00:00,20
243329,243333,0.89474,0.8949794633572905,-1.08499999999983,STOP,-0.9999999999998301,0.085,legacy_fixed_r_v1,2024-12-17 05:45:00+00:00,2024-12-17 05:50:00+00:00,2024-12-17 06:05:00+00:00,4
243386,243408,0.89662,0.8970744260573278,-1.085000000000008,STOP,-1.000000000000008,0.085,legacy_fixed_r_v1,2024-12-17 10:30:00+00:00,2024-12-17 10:35:00+00:00,2024-12-17 12:20:00+00:00,22
243442,243446,0.89344,0.8925725890922881,1.1035758106112334,STOP,1.1885758106112334,0.085,legacy_fixed_r_v1,2024-12-17 16:50:00+00:00,2024-12-17 16:55:00+00:00,2024-12-17 17:10:00+00:00,4
243523,243536,0.89243,0.8921870644834807,0.6947272244636515,STOP,0.7797272244636515,0.085,legacy_fixed_r_v1,2024-12-17 23:35:00+00:00,2024-12-17 23:40:00+00:00,2024-12-18 00:40:00+00:00,13
243569,243586,0.89261,0.89226158112647,1.2282331784391518,STOP,1.3132331784391518,0.085,legacy_fixed_r_v1,2024-12-18 03:25:00+00:00,2024-12-18 03:30:00+00:00,2024-12-18 04:50:00+00:00,17
243603,243609,0.89216,0.8919702496647817,0.7321706239631872,STOP,0.8171706239631872,0.085,legacy_fixed_r_v1,2024-12-18 06:15:00+00:00,2024-12-18 06:20:00+00:00,2024-12-18 06:45:00+00:00,6
243660,243666,0.89347,0.893872682422008,-1.0850000000000644,STOP,-1.0000000000000644,0.085,legacy_fixed_r_v1,2024-12-18 11:00:00+00:00,2024-12-18 11:05:00+00:00,2024-12-18 11:30:00+00:00,6
243678,243682,0.8937,0.8940809111931731,-1.0850000000000346,STOP,-1.0000000000000346,0.085,legacy_fixed_r_v1,2024-12-18 12:30:00+00:00,2024-12-18 12:35:00+00:00,2024-12-18 12:50:00+00:00,4
243738,243753,0.89284,0.892009363419708,1.583281218539881,STOP,1.668281218539881,0.085,legacy_fixed_r_v1,2024-12-18 17:30:00+00:00,2024-12-18 17:35:00+00:00,2024-12-18 18:45:00+00:00,15
243822,243834,0.90094,0.9000817682298027,1.7013631411573091,STOP,1.786363141157309,0.085,legacy_fixed_r_v1,2024-12-19 00:30:00+00:00,2024-12-19 00:35:00+00:00,2024-12-19 01:30:00+00:00,12
243864,243871,0.89997,0.9003765861532133,-1.0849999999999462,STOP,-0.9999999999999463,0.085,legacy_fixed_r_v1,2024-12-19 04:00:00+00:00,2024-12-19 04:05:00+00:00,2024-12-19 04:35:00+00:00,7
243879,243883,0.89997,0.8997746968585155,0.4718682333245256,STOP,0.5568682333245256,0.085,legacy_fixed_r_v1,2024-12-19 05:15:00+00:00,2024-12-19 05:20:00+00:00,2024-12-19 05:35:00+00:00,4
243955,243959,0.89556,0.8961563275036344,-1.08500000000005,STOP,-1.00000000000005,0.085,legacy_fixed_r_v1,2024-12-19 11:35:00+00:00,2024-12-19 11:40:00+00:00,2024-12-19 11:55:00+00:00,4
243967,243970,0.89546,0.8960460709057777,-1.0850000000000517,STOP,-1.0000000000000517,0.085,legacy_fixed_r_v1,2024-12-19 12:35:00+00:00,2024-12-19 12:40:00+00:00,2024-12-19 12:50:00+00:00,3
244065,244070,0.89809,0.8984917446489231,-1.0850000000000153,STOP,-1.0000000000000153,0.085,legacy_fixed_r_v1,2024-12-19 20:45:00+00:00,2024-12-19 20:50:00+00:00,2024-12-19 21:10:00+00:00,5
244108,244124,0.89849,0.8980417553351994,1.205584871266293,STOP,1.290584871266293,0.085,legacy_fixed_r_v1,2024-12-20 00:20:00+00:00,2024-12-20 00:25:00+00:00,2024-12-20 01:40:00+00:00,16
244222,244226,0.8954,0.8947914147826608,0.9454594970047914,STOP,1.0304594970047913,0.085,legacy_fixed_r_v1,2024-12-20 09:50:00+00:00,2024-12-20 09:55:00+00:00,2024-12-20 10:10:00+00:00,4
244242,244255,0.89427,0.8935599852296602,1.2431671035100962,STOP,1.3281671035100961,0.085,legacy_fixed_r_v1,2024-12-20 11:30:00+00:00,2024-12-20 11:35:00+00:00,2024-12-20 12:35:00+00:00,13
244328,244355,0.89188,0.892502760790628,-1.0849999999999638,STOP,-0.9999999999999638,0.085,legacy_fixed_r_v1,2024-12-20 18:40:00+00:00,2024-12-20 18:45:00+00:00,2024-12-20 20:55:00+00:00,27
244368,244374,0.89258,0.8922697231435618,0.503165131360205,STOP,0.588165131360205,0.085,legacy_fixed_r_v1,2024-12-22 22:00:00+00:00,2024-12-22 22:05:00+00:00,2024-12-22 22:30:00+00:00,6
244413,244454,0.89303,0.8933526371414455,-1.084999999999962,STOP,-0.999999999999962,0.085,legacy_fixed_r_v1,2024-12-23 01:45:00+00:00,2024-12-23 01:50:00+00:00,2024-12-23 05:10:00+00:00,41
244596,244616,0.89906,0.8985817929013307,0.7750350706103061,STOP,0.860035070610306,0.085,legacy_fixed_r_v1,2024-12-23 17:00:00+00:00,2024-12-23 17:05:00+00:00,2024-12-23 18:40:00+00:00,20
244630,244657,0.89844,0.8981851134543819,0.5977126497697325,STOP,0.6827126497697324,0.085,legacy_fixed_r_v1,2024-12-23 19:50:00+00:00,2024-12-23 19:55:00+00:00,2024-12-23 22:05:00+00:00,27
244732,244737,0.89924,0.8991108028339827,0.4727499533965606,STOP,0.5577499533965606,0.085,legacy_fixed_r_v1,2024-12-24 04:20:00+00:00,2024-12-24 04:25:00+00:00,2024-12-24 04:45:00+00:00,5
244830,244836,0.90003,0.9003504249369718,-1.0849999999999114,STOP,-0.9999999999999113,0.085,legacy_fixed_r_v1,2024-12-24 12:30:00+00:00,2024-12-24 12:35:00+00:00,2024-12-24 13:00:00+00:00,6
244966,244972,0.90045,0.8996446665018637,2.370294576840132,STOP,2.455294576840132,0.085,legacy_fixed_r_v1,2024-12-25 00:50:00+00:00,2024-12-25 00:55:00+00:00,2024-12-25 01:40:00+00:00,6
244985,244993,0.90015,0.8994534708940382,4.93997205756261,STOP,5.02497205756261,0.085,legacy_fixed_r_v1,2024-12-25 05:30:00+00:00,2024-12-25 05:40:00+00:00,2024-12-25 06:20:00+00:00,8
245101,245120,0.89971,0.8998702835355893,-1.0849999999998854,STOP,-0.9999999999998853,0.085,legacy_fixed_r_v1,2024-12-26 05:35:00+00:00,2024-12-26 05:40:00+00:00,2024-12-26 07:10:00+00:00,19
245289,245299,0.89888,0.89860303420381,1.026693234746052,STOP,1.111693234746052,0.085,legacy_fixed_r_v1,2024-12-26 21:15:00+00:00,2024-12-26 21:20:00+00:00,2024-12-26 22:05:00+00:00,10
245387,245389,0.89938,0.8995087695793199,-1.0849999999996727,STOP,-0.9999999999996727,0.085,legacy_fixed_r_v1,2024-12-27 05:25:00+00:00,2024-12-27 05:30:00+00:00,2024-12-27 05:35:00+00:00,2
245435,245443,0.90037,0.8998117656580507,1.2016984973490652,STOP,1.2866984973490652,0.085,legacy_fixed_r_v1,2024-12-27 09:25:00+00:00,2024-12-27 09:30:00+00:00,2024-12-27 10:05:00+00:00,8
245464,245468,0.90032,0.9000771577637461,0.5163602571116754,STOP,0.6013602571116754,0.085,legacy_fixed_r_v1,2024-12-27 11:50:00+00:00,2024-12-27 11:55:00+00:00,2024-12-27 12:10:00+00:00,4
245540,245553,0.90236,0.9020588664549335,0.6744965931686585,STOP,0.7594965931686585,0.085,legacy_fixed_r_v1,2024-12-27 18:10:00+00:00,2024-12-27 18:15:00+00:00,2024-12-27 19:15:00+00:00,13
245585,245587,0.9028,0.9011981284381986,5.130736552723787,STOP,5.215736552723787,0.085,legacy_fixed_r_v1,2024-12-27 21:55:00+00:00,2024-12-29 22:00:00+00:00,2024-12-29 22:05:00+00:00,2
245618,245624,0.90154,0.9018811212893886,-1.085000000000003,STOP,-1.000000000000003,0.085,legacy_fixed_r_v1,2024-12-30 00:40:00+00:00,2024-12-30 00:45:00+00:00,2024-12-30 01:10:00+00:00,6
245814,245821,0.90607,0.9055779890290655,0.5676199324098337,STOP,0.6526199324098336,0.085,legacy_fixed_r_v1,2024-12-30 17:00:00+00:00,2024-12-30 17:05:00+00:00,2024-12-30 17:35:00+00:00,7
245853,245868,0.90384,0.9035250213189737,1.0195399897724353,STOP,1.1045399897724353,0.085,legacy_fixed_r_v1,2024-12-30 20:15:00+00:00,2024-12-30 20:20:00+00:00,2024-12-30 21:30:00+00:00,15
245896,245916,0.90342,0.9026885542313153,3.1882410882661394,STOP,3.2732410882661394,0.085,legacy_fixed_r_v1,2024-12-30 23:50:00+00:00,2024-12-30 23:55:00+00:00,2024-12-31 01:30:00+00:00,20
245964,245969,0.90292,0.9030812002370538,-1.0849999999998532,STOP,-0.9999999999998532,0.085,legacy_fixed_r_v1,2024-12-31 05:30:00+00:00,2024-12-31 05:35:00+00:00,2024-12-31 05:55:00+00:00,5
246119,246160,0.90747,0.9070892964022507,0.7487418800277976,STOP,0.8337418800277976,0.085,legacy_fixed_r_v1,2024-12-31 18:25:00+00:00,2024-12-31 18:30:00+00:00,2024-12-31 21:50:00+00:00,41
246192,246197,0.90722,0.9067739166769708,0.8884427879444463,STOP,0.9734427879444463,0.085,legacy_fixed_r_v1,2025-01-02 00:30:00+00:00,2025-01-02 00:35:00+00:00,2025-01-02 00:55:00+00:00,5
246206,246225,0.90658,0.9049658589746775,3.5219966000154517,STOP,3.6069966000154516,0.085,legacy_fixed_r_v1,2025-01-02 01:40:00+00:00,2025-01-02 01:45:00+00:00,2025-01-02 03:15:00+00:00,19
246431,246451,0.91278,0.9115239050833871,2.939529585993361,STOP,3.0245295859933607,0.085,legacy_fixed_r_v1,2025-01-02 20:25:00+00:00,2025-01-02 20:30:00+00:00,2025-01-02 22:05:00+00:00,20
246498,246509,0.91136,0.911027316947384,1.301147795768372,STOP,1.3861477957683719,0.085,legacy_fixed_r_v1,2025-01-03 02:00:00+00:00,2025-01-03 02:05:00+00:00,2025-01-03 02:55:00+00:00,11
246533,246542,0.9119,0.9113624993173602,1.9775775555979669,STOP,2.062577555597967,0.085,legacy_fixed_r_v1,2025-01-03 04:55:00+00:00,2025-01-03 05:00:00+00:00,2025-01-03 05:40:00+00:00,9
246552,246559,0.91114,0.9107275190220009,1.4749051569671825,STOP,1.5599051569671825,0.085,legacy_fixed_r_v1,2025-01-03 06:30:00+00:00,2025-01-03 06:35:00+00:00,2025-01-03 07:05:00+00:00,7
246610,246634,0.90908,0.9095235835691677,-1.084999999999893,STOP,-0.999999999999893,0.085,legacy_fixed_r_v1,2025-01-03 11:20:00+00:00,2025-01-03 11:25:00+00:00,2025-01-03 13:20:00+00:00,24
246672,246682,0.90943,0.908978468068069,0.6550491349807441,STOP,0.7400491349807441,0.085,legacy_fixed_r_v1,2025-01-03 16:30:00+00:00,2025-01-03 16:35:00+00:00,2025-01-03 17:20:00+00:00,10
246707,246738,0.90895,0.9083495426422717,1.4155144751634472,STOP,1.5005144751634472,0.085,legacy_fixed_r_v1,2025-01-03 19:25:00+00:00,2025-01-03 19:30:00+00:00,2025-01-05 22:00:00+00:00,31
246828,246833,0.90919,0.9093912424143583,-1.085000000000225,STOP,-1.000000000000225,0.085,legacy_fixed_r_v1,2025-01-06 05:30:00+00:00,2025-01-06 05:35:00+00:00,2025-01-06 05:55:00+00:00,5
246895,246899,0.90551,0.9029329869933601,4.1724512704148955,STOP,4.2574512704148955,0.085,legacy_fixed_r_v1,2025-01-06 11:05:00+00:00,2025-01-06 11:10:00+00:00,2025-01-06 11:25:00+00:00,4
246976,246978,0.90413,0.9047150149101173,-1.0850000000000222,STOP,-1.0000000000000222,0.085,legacy_fixed_r_v1,2025-01-06 17:50:00+00:00,2025-01-06 17:55:00+00:00,2025-01-06 18:00:00+00:00,2
247074,247085,0.90514,0.9055174642155018,-1.0849999999998727,STOP,-0.9999999999998728,0.085,legacy_fixed_r_v1,2025-01-07 02:00:00+00:00,2025-01-07 02:05:00+00:00,2025-01-07 02:55:00+00:00,11
247093,247098,0.90503,0.9048737339165172,0.48550479025282706,STOP,0.5705047902528271,0.085,legacy_fixed_r_v1,2025-01-07 03:35:00+00:00,2025-01-07 03:40:00+00:00,2025-01-07 04:00:00+00:00,5
247135,247139,0.90318,0.9025294575942624,1.7541914011081519,STOP,1.8391914011081518,0.085,legacy_fixed_r_v1,2025-01-07 07:05:00+00:00,2025-01-07 07:10:00+00:00,2025-01-07 07:25:00+00:00,4
247314,247316,0.90987,0.9095152457929967,0.9139002290632616,STOP,0.9989002290632616,0.085,legacy_fixed_r_v1,2025-01-07 22:00:00+00:00,2025-01-07 22:05:00+00:00,2025-01-07 22:10:00+00:00,2
247341,247344,0.90927,0.9089031227429003,1.2786125566564746,STOP,1.3636125566564745,0.085,legacy_fixed_r_v1,2025-01-08 00:15:00+00:00,2025-01-08 00:20:00+00:00,2025-01-08 00:30:00+00:00,3
247388,247389,0.90906,0.9092723200847933,-1.0850000000001299,STOP,-1.00000000000013,0.085,legacy_fixed_r_v1,2025-01-08 04:10:00+00:00,2025-01-08 04:15:00+00:00,2025-01-08 04:15:00+00:00,1
247470,247476,0.91157,0.9120862525070209,-1.085000000000079,STOP,-1.000000000000079,0.085,legacy_fixed_r_v1,2025-01-08 11:00:00+00:00,2025-01-08 11:05:00+00:00,2025-01-08 11:30:00+00:00,6
247494,247508,0.91149,0.9106475705421432,1.16492461660696,STOP,1.24992461660696,0.085,legacy_fixed_r_v1,2025-01-08 13:00:00+00:00,2025-01-08 13:05:00+00:00,2025-01-08 14:10:00+00:00,14
247541,247545,0.91081,0.9114148906998316,-1.0849999999999504,STOP,-0.9999999999999505,0.085,legacy_fixed_r_v1,2025-01-08 16:55:00+00:00,2025-01-08 17:00:00+00:00,2025-01-08 17:15:00+00:00,4
247569,247575,0.91107,0.9115838763420512,-1.0849999999999893,STOP,-0.9999999999999892,0.085,legacy_fixed_r_v1,2025-01-08 19:15:00+00:00,2025-01-08 19:20:00+00:00,2025-01-08 19:45:00+00:00,6
247586,247605,0.91138,0.9108608642286348,1.2554063834644396,STOP,1.3404063834644395,0.085,legacy_fixed_r_v1,2025-01-08 20:40:00+00:00,2025-01-08 20:45:00+00:00,2025-01-08 22:15:00+00:00,19
247664,247670,0.91031,0.9099464801769326,1.224201266864452,STOP,1.309201266864452,0.085,legacy_fixed_r_v1,2025-01-09 03:10:00+00:00,2025-01-09 03:15:00+00:00,2025-01-09 03:40:00+00:00,6
247687,247691,0.91086,0.9107009989513679,0.4568691681577374,STOP,0.5418691681577374,0.085,legacy_fixed_r_v1,2025-01-09 05:05:00+00:00,2025-01-09 05:10:00+00:00,2025-01-09 05:25:00+00:00,4
247736,247753,0.91149,0.9120105998098312,-1.0850000000000737,STOP,-1.0000000000000737,0.085,legacy_fixed_r_v1,2025-01-09 09:10:00+00:00,2025-01-09 09:15:00+00:00,2025-01-09 10:35:00+00:00,17
247770,247774,0.91191,0.9116263778460254,0.49815075837942563,STOP,0.5831507583794256,0.085,legacy_fixed_r_v1,2025-01-09 12:00:00+00:00,2025-01-09 12:05:00+00:00,2025-01-09 12:20:00+00:00,4
247847,247856,0.9126,0.9122608031777125,0.9697076054311298,STOP,1.0547076054311297,0.085,legacy_fixed_r_v1,2025-01-09 18:25:00+00:00,2025-01-09 18:30:00+00:00,2025-01-09 19:10:00+00:00,9
247873,247881,0.91209,0.9123272376835927,-1.085000000000092,STOP,-1.000000000000092,0.085,legacy_fixed_r_v1,2025-01-09 20:35:00+00:00,2025-01-09 20:40:00+00:00,2025-01-09 21:15:00+00:00,8
247889,247892,0.91234,0.9119129573686767,2.1774393219780945,STOP,2.2624393219780945,0.085,legacy_fixed_r_v1,2025-01-09 21:55:00+00:00,2025-01-09 22:00:00+00:00,2025-01-09 22:10:00+00:00,3
248120,248179,0.91674,0.9154998730122472,1.3364476271852983,STOP,1.4214476271852983,0.085,legacy_fixed_r_v1,2025-01-10 17:10:00+00:00,2025-01-10 17:15:00+00:00,2025-01-12 22:05:00+00:00,59
248218,248228,0.91675,0.9164594243080337,0.822000900083881,STOP,0.907000900083881,0.085,legacy_fixed_r_v1,2025-01-13 01:20:00+00:00,2025-01-13 01:25:00+00:00,2025-01-13 02:10:00+00:00,10
248414,248440,0.91846,0.9190257446854254,-1.0849999999999578,STOP,-0.9999999999999578,0.085,legacy_fixed_r_v1,2025-01-13 17:40:00+00:00,2025-01-13 17:45:00+00:00,2025-01-13 19:50:00+00:00,26
248449,248462,0.91852,0.917976164010099,1.5948073637536833,STOP,1.6798073637536832,0.085,legacy_fixed_r_v1,2025-01-13 20:35:00+00:00,2025-01-13 20:40:00+00:00,2025-01-13 21:40:00+00:00,13
248484,248489,0.91527,0.9158965937200546,-1.0850000000000302,STOP,-1.0000000000000302,0.085,legacy_fixed_r_v1,2025-01-13 23:30:00+00:00,2025-01-13 23:35:00+00:00,2025-01-13 23:55:00+00:00,5
248544,248551,0.91571,0.9159876067558075,-1.085000000000109,STOP,-1.000000000000109,0.085,legacy_fixed_r_v1,2025-01-14 04:30:00+00:00,2025-01-14 04:35:00+00:00,2025-01-14 05:05:00+00:00,7
248573,248575,0.91554,0.9151552554203615,1.085763541286111,STOP,1.170763541286111,0.085,legacy_fixed_r_v1,2025-01-14 06:55:00+00:00,2025-01-14 07:00:00+00:00,2025-01-14 07:05:00+00:00,2
248680,248727,0.91457,0.9127223616056113,2.0498280952000267,STOP,2.1348280952000267,0.085,legacy_fixed_r_v1,2025-01-14 15:50:00+00:00,2025-01-14 15:55:00+00:00,2025-01-14 19:45:00+00:00,47
248752,248755,0.91258,0.9123328068783975,0.8710671527106169,STOP,0.9560671527106168,0.085,legacy_fixed_r_v1,2025-01-14 21:50:00+00:00,2025-01-14 21:55:00+00:00,2025-01-14 22:05:00+00:00,3
248790,248808,0.91237,0.9126381065036437,-1.084999999999822,STOP,-0.999999999999822,0.085,legacy_fixed_r_v1,2025-01-15 01:00:00+00:00,2025-01-15 01:05:00+00:00,2025-01-15 02:30:00+00:00,18
248857,248861,0.91196,0.9122114361629755,-1.0849999999998796,STOP,-0.9999999999998797,0.085,legacy_fixed_r_v1,2025-01-15 06:35:00+00:00,2025-01-15 06:40:00+00:00,2025-01-15 06:55:00+00:00,4
249011,249068,0.91267,0.9122146071884772,0.9708585630368105,STOP,1.0558585630368105,0.085,legacy_fixed_r_v1,2025-01-15 19:25:00+00:00,2025-01-15 19:30:00+00:00,2025-01-16 00:10:00+00:00,57
249114,249121,0.9121,0.9124228657924996,-1.085000000000015,STOP,-1.000000000000015,0.085,legacy_fixed_r_v1,2025-01-16 04:00:00+00:00,2025-01-16 04:05:00+00:00,2025-01-16 04:35:00+00:00,7
249142,249150,0.91255,0.9122305987775181,1.1704260945987304,STOP,1.2554260945987303,0.085,legacy_fixed_r_v1,2025-01-16 06:20:00+00:00,2025-01-16 06:25:00+00:00,2025-01-16 07:00:00+00:00,8
249247,249260,0.91191,0.9112904830996196,0.6194963793170573,STOP,0.7044963793170572,0.085,legacy_fixed_r_v1,2025-01-16 15:05:00+00:00,2025-01-16 15:10:00+00:00,2025-01-16 16:10:00+00:00,13
249328,249331,0.91078,0.9105134368024856,0.8908086942976184,STOP,0.9758086942976184,0.085,legacy_fixed_r_v1,2025-01-16 21:50:00+00:00,2025-01-16 21:55:00+00:00,2025-01-16 22:05:00+00:00,3
249359,249364,0.9108,0.9102813111506172,1.7295042839131816,STOP,1.8145042839131815,0.085,legacy_fixed_r_v1,2025-01-17 00:30:00+00:00,2025-01-17 00:35:00+00:00,2025-01-17 00:55:00+00:00,5
249572,249584,0.91439,0.914953356182783,-1.084999999999971,STOP,-0.9999999999999711,0.085,legacy_fixed_r_v1,2025-01-17 18:15:00+00:00,2025-01-17 18:20:00+00:00,2025-01-17 19:15:00+00:00,12
249616,249618,0.91545,0.9127993784013847,8.812929852574383,STOP,8.897929852574384,0.085,legacy_fixed_r_v1,2025-01-17 21:55:00+00:00,2025-01-19 22:00:00+00:00,2025-01-19 22:05:00+00:00,2
249642,249666,0.91437,0.9137146717641907,1.3028873362084084,STOP,1.3878873362084083,0.085,legacy_fixed_r_v1,2025-01-20 00:05:00+00:00,2025-01-20 00:10:00+00:00,2025-01-20 02:05:00+00:00,24
249677,249689,0.91335,0.9128204066786951,1.7093137925959272,STOP,1.7943137925959272,0.085,legacy_fixed_r_v1,2025-01-20 03:00:00+00:00,2025-01-20 03:05:00+00:00,2025-01-20 04:00:00+00:00,12
249709,249713,0.91286,0.9130651451465838,-1.0849999999998268,STOP,-0.9999999999998268,0.085,legacy_fixed_r_v1,2025-01-20 05:40:00+00:00,2025-01-20 05:45:00+00:00,2025-01-20 06:00:00+00:00,4
249764,249769,0.91314,0.912909838609432,0.460538362078407,STOP,0.545538362078407,0.085,legacy_fixed_r_v1,2025-01-20 10:15:00+00:00,2025-01-20 10:20:00+00:00,2025-01-20 10:40:00+00:00,5
249803,249804,0.90834,0.9093816541327617,-1.08500000000002,STOP,-1.00000000000002,0.085,legacy_fixed_r_v1,2025-01-20 13:30:00+00:00,2025-01-20 13:35:00+00:00,2025-01-20 13:35:00+00:00,1
249817,249828,0.90713,0.9084730542372191,-1.0850000000000246,STOP,-1.0000000000000246,0.085,legacy_fixed_r_v1,2025-01-20 14:40:00+00:00,2025-01-20 14:45:00+00:00,2025-01-20 15:35:00+00:00,11
249868,249880,0.9075,0.9065858750870461,1.1928459363593844,STOP,1.2778459363593844,0.085,legacy_fixed_r_v1,2025-01-20 18:55:00+00:00,2025-01-20 19:00:00+00:00,2025-01-20 19:55:00+00:00,12
249904,249907,0.90748,0.9064329012857615,2.138466228548105,STOP,2.223466228548105,0.085,legacy_fixed_r_v1,2025-01-20 21:55:00+00:00,2025-01-20 22:05:00+00:00,2025-01-20 22:15:00+00:00,3
250070,250072,0.91077,0.9112728885831313,-1.0850000000000435,STOP,-1.0000000000000435,0.085,legacy_fixed_r_v1,2025-01-21 11:50:00+00:00,2025-01-21 11:55:00+00:00,2025-01-21 12:00:00+00:00,2
250151,250192,0.90651,0.9054724370317319,1.940298226622415,STOP,2.025298226622415,0.085,legacy_fixed_r_v1,2025-01-21 18:35:00+00:00,2025-01-21 18:40:00+00:00,2025-01-21 22:00:00+00:00,41
250268,250279,0.90664,0.906934282642391,-1.0850000000000186,STOP,-1.0000000000000187,0.085,legacy_fixed_r_v1,2025-01-22 04:20:00+00:00,2025-01-22 04:25:00+00:00,2025-01-22 05:15:00+00:00,11
250289,250291,0.90663,0.9068895830802088,-1.0850000000000972,STOP,-1.0000000000000973,0.085,legacy_fixed_r_v1,2025-01-22 06:05:00+00:00,2025-01-22 06:10:00+00:00,2025-01-22 06:15:00+00:00,2
250373,250377,0.90483,0.905327766069068,-1.084999999999987,STOP,-0.9999999999999871,0.085,legacy_fixed_r_v1,2025-01-22 13:05:00+00:00,2025-01-22 13:10:00+00:00,2025-01-22 13:25:00+00:00,4
250426,250443,0.9069,0.9062812929668067,1.1121883079200707,STOP,1.1971883079200707,0.085,legacy_fixed_r_v1,2025-01-22 17:30:00+00:00,2025-01-22 17:35:00+00:00,2025-01-22 18:55:00+00:00,17
250479,250481,0.90742,0.9053536019226439,7.6435111193799266,STOP,7.7285111193799265,0.085,legacy_fixed_r_v1,2025-01-22 21:55:00+00:00,2025-01-22 22:00:00+00:00,2025-01-22 22:05:00+00:00,2
250506,250519,0.90609,0.905821506275763,0.8437599255976899,STOP,0.9287599255976898,0.085,legacy_fixed_r_v1,2025-01-23 00:10:00+00:00,2025-01-23 00:15:00+00:00,2025-01-23 01:15:00+00:00,13
250767,250770,0.9081,0.9068580886108322,3.927236168712165,STOP,4.012236168712165,0.085,legacy_fixed_r_v1,2025-01-23 21:55:00+00:00,2025-01-23 22:00:00+00:00,2025-01-23 22:10:00+00:00,3
250794,250799,0.90725,0.9071208584155205,0.46722755982418446,STOP,0.5522275598241845,0.085,legacy_fixed_r_v1,2025-01-24 00:10:00+00:00,2025-01-24 00:15:00+00:00,2025-01-24 00:35:00+00:00,5
250863,250870,0.90519,0.9049336261412806,0.5155151633046688,STOP,0.6005151633046688,0.085,legacy_fixed_r_v1,2025-01-24 05:55:00+00:00,2025-01-24 06:00:00+00:00,2025-01-24 06:30:00+00:00,7
250997,251001,0.9041,0.9047067961299766,-1.084999999999976,STOP,-0.9999999999999759,0.085,legacy_fixed_r_v1,2025-01-24 17:05:00+00:00,2025-01-24 17:10:00+00:00,2025-01-24 17:25:00+00:00,4
251118,251122,0.9063,0.9066588950230697,-1.0849999999999294,STOP,-0.9999999999999293,0.085,legacy_fixed_r_v1,2025-01-27 03:10:00+00:00,2025-01-27 03:15:00+00:00,2025-01-27 03:30:00+00:00,4
251274,251285,0.90013,0.9008727233207858,-1.0849999999999458,STOP,-0.9999999999999458,0.085,legacy_fixed_r_v1,2025-01-27 16:10:00+00:00,2025-01-27 16:15:00+00:00,2025-01-27 17:05:00+00:00,11
251318,251331,0.90142,0.9018899290125015,-1.085000000000008,STOP,-1.000000000000008,0.085,legacy_fixed_r_v1,2025-01-27 19:50:00+00:00,2025-01-27 19:55:00+00:00,2025-01-27 20:55:00+00:00,13
251343,251345,0.90259,0.9016225905406408,3.179427843321173,STOP,3.264427843321173,0.085,legacy_fixed_r_v1,2025-01-27 21:55:00+00:00,2025-01-27 22:00:00+00:00,2025-01-27 22:05:00+00:00,2
251404,251415,0.90471,0.9053023132742053,-1.0849999999999915,STOP,-0.9999999999999916,0.085,legacy_fixed_r_v1,2025-01-28 03:00:00+00:00,2025-01-28 03:05:00+00:00,2025-01-28 03:55:00+00:00,11
251429,251436,0.90539,0.9050083315006394,1.0773756370319882,STOP,1.1623756370319882,0.085,legacy_fixed_r_v1,2025-01-28 05:05:00+00:00,2025-01-28 05:10:00+00:00,2025-01-28 05:40:00+00:00,7
251516,251531,0.90599,0.9056771340744093,0.6156437084274222,STOP,0.7006437084274222,0.085,legacy_fixed_r_v1,2025-01-28 12:20:00+00:00,2025-01-28 12:25:00+00:00,2025-01-28 13:35:00+00:00,15
251605,251633,0.90426,0.9039769920055808,0.7113129309728846,STOP,0.7963129309728846,0.085,legacy_fixed_r_v1,2025-01-28 19:45:00+00:00,2025-01-28 19:50:00+00:00,2025-01-28 22:05:00+00:00,28
251657,251662,0.90385,0.904106304514143,-1.0849999999998754,STOP,-0.9999999999998754,0.085,legacy_fixed_r_v1,2025-01-29 00:05:00+00:00,2025-01-29 00:10:00+00:00,2025-01-29 00:30:00+00:00,5
251687,251695,0.90391,0.9037776891611912,0.47738728338052977,STOP,0.5623872833805298,0.085,legacy_fixed_r_v1,2025-01-29 02:35:00+00:00,2025-01-29 02:40:00+00:00,2025-01-29 03:15:00+00:00,8
251868,251884,0.90666,0.9072649695898248,-1.0850000000000122,STOP,-1.0000000000000122,0.085,legacy_fixed_r_v1,2025-01-29 17:40:00+00:00,2025-01-29 17:45:00+00:00,2025-01-29 19:00:00+00:00,16
251911,251983,0.90672,0.90642,0.33051465677839414,TIME,0.41551465677839416,0.085,legacy_fixed_r_v1,2025-01-29 21:15:00+00:00,2025-01-29 21:20:00+00:00,2025-01-30 03:15:00+00:00,72
252010,252021,0.90655,0.9068002459492004,-1.085000000000216,STOP,-1.000000000000216,0.085,legacy_fixed_r_v1,2025-01-30 05:30:00+00:00,2025-01-30 05:35:00+00:00,2025-01-30 06:25:00+00:00,11
252091,252099,0.90825,0.9076944404067607,1.1211514110197063,STOP,1.2061514110197062,0.085,legacy_fixed_r_v1,2025-01-30 12:15:00+00:00,2025-01-30 12:20:00+00:00,2025-01-30 12:55:00+00:00,8
252104,252106,0.90725,0.9068688690086586,0.73350833375721,STOP,0.81850833375721,0.085,legacy_fixed_r_v1,2025-01-30 13:20:00+00:00,2025-01-30 13:25:00+00:00,2025-01-30 13:30:00+00:00,2
252233,252237,0.90941,0.9097973978625741,-1.0850000000000517,STOP,-1.0000000000000517,0.085,legacy_fixed_r_v1,2025-01-31 00:05:00+00:00,2025-01-31 00:10:00+00:00,2025-01-31 00:25:00+00:00,4
252288,252295,0.90997,0.9098292283748508,0.5172693484857723,STOP,0.6022693484857723,0.085,legacy_fixed_r_v1,2025-01-31 04:40:00+00:00,2025-01-31 04:45:00+00:00,2025-01-31 05:15:00+00:00,7
252377,252390,0.91056,0.9093157230012808,2.9621550169511797,STOP,3.0471550169511796,0.085,legacy_fixed_r_v1,2025-01-31 12:05:00+00:00,2025-01-31 12:10:00+00:00,2025-01-31 13:10:00+00:00,13
252437,252451,0.90785,0.9086745302297351,-1.0849999999999649,STOP,-0.9999999999999649,0.085,legacy_fixed_r_v1,2025-01-31 17:05:00+00:00,2025-01-31 17:10:00+00:00,2025-01-31 18:15:00+00:00,14
252481,252482,0.91016,0.9106715741713368,-1.0849999999999944,STOP,-0.9999999999999944,0.085,legacy_fixed_r_v1,2025-01-31 20:45:00+00:00,2025-01-31 20:50:00+00:00,2025-01-31 20:50:00+00:00,1
252568,252599,0.9163,0.9156278823591207,0.94134342499072,STOP,1.02634342499072,0.085,legacy_fixed_r_v1,2025-02-03 04:00:00+00:00,2025-02-03 04:05:00+00:00,2025-02-03 06:35:00+00:00,31
252748,252769,0.91333,0.9124502341841175,1.1234460097462882,STOP,1.2084460097462881,0.085,legacy_fixed_r_v1,2025-02-03 19:00:00+00:00,2025-02-03 19:05:00+00:00,2025-02-03 20:45:00+00:00,21
252775,252782,0.91207,0.9103362687818555,3.9118970840382903,STOP,3.9968970840382902,0.085,legacy_fixed_r_v1,2025-02-03 21:15:00+00:00,2025-02-03 21:20:00+00:00,2025-02-03 21:50:00+00:00,7
252830,252848,0.91181,0.9113667601898554,0.9594686769119378,STOP,1.0444686769119378,0.085,legacy_fixed_r_v1,2025-02-04 01:50:00+00:00,2025-02-04 01:55:00+00:00,2025-02-04 03:20:00+00:00,18
252890,252902,0.91229,0.9114980292316891,2.2012849821526443,STOP,2.2862849821526443,0.085,legacy_fixed_r_v1,2025-02-04 06:50:00+00:00,2025-02-04 06:55:00+00:00,2025-02-04 07:50:00+00:00,12
252932,252935,0.90864,0.9091934987052822,-1.0849999999999516,STOP,-0.9999999999999516,0.085,legacy_fixed_r_v1,2025-02-04 10:20:00+00:00,2025-02-04 10:25:00+00:00,2025-02-04 10:35:00+00:00,3
253072,253075,0.90605,0.9048671233174417,3.5845286103950063,STOP,3.669528610395006,0.085,legacy_fixed_r_v1,2025-02-04 22:00:00+00:00,2025-02-04 22:05:00+00:00,2025-02-04 22:15:00+00:00,3
253170,253173,0.90529,0.9047690091522126,1.6799524129246826,STOP,1.7649524129246825,0.085,legacy_fixed_r_v1,2025-02-05 06:10:00+00:00,2025-02-05 06:15:00+00:00,2025-02-05 06:25:00+00:00,3
253212,253216,0.90195,0.9025991088546769,-1.084999999999956,STOP,-0.9999999999999559,0.085,legacy_fixed_r_v1,2025-02-05 09:40:00+00:00,2025-02-05 09:45:00+00:00,2025-02-05 10:00:00+00:00,4
253245,253255,0.90188,0.9015852950814975,0.5560715137788685,STOP,0.6410715137788685,0.085,legacy_fixed_r_v1,2025-02-05 12:25:00+00:00,2025-02-05 12:30:00+00:00,2025-02-05 13:15:00+00:00,10
253361,253366,0.90185,0.9010221535706553,2.751174558251963,STOP,2.836174558251963,0.085,legacy_fixed_r_v1,2025-02-05 22:05:00+00:00,2025-02-05 22:10:00+00:00,2025-02-05 22:30:00+00:00,5
253402,253412,0.90111,0.9014449730027511,-1.0849999999999262,STOP,-0.9999999999999262,0.085,legacy_fixed_r_v1,2025-02-06 01:30:00+00:00,2025-02-06 01:35:00+00:00,2025-02-06 02:20:00+00:00,10
253525,253528,0.9049,0.9053307381993521,-1.084999999999931,STOP,-0.9999999999999308,0.085,legacy_fixed_r_v1,2025-02-06 11:45:00+00:00,2025-02-06 11:50:00+00:00,2025-02-06 12:00:00+00:00,3
253580,253587,0.9048,0.905376047199831,-1.0849999999999793,STOP,-0.9999999999999793,0.085,legacy_fixed_r_v1,2025-02-06 16:20:00+00:00,2025-02-06 16:25:00+00:00,2025-02-06 16:55:00+00:00,7
253649,253654,0.90546,0.9045797232825392,3.9568282544886175,STOP,4.0418282544886175,0.085,legacy_fixed_r_v1,2025-02-06 22:05:00+00:00,2025-02-06 22:10:00+00:00,2025-02-06 22:30:00+00:00,5
253726,253743,0.90611,0.9063414596160205,-1.0849999999998945,STOP,-0.9999999999998944,0.085,legacy_fixed_r_v1,2025-02-07 04:30:00+00:00,2025-02-07 04:35:00+00:00,2025-02-07 05:55:00+00:00,17
253901,253936,0.9095,0.9101190339633737,-1.0849999999999487,STOP,-0.9999999999999487,0.085,legacy_fixed_r_v1,2025-02-07 19:05:00+00:00,2025-02-07 19:10:00+00:00,2025-02-09 22:00:00+00:00,35
253999,254018,0.91165,0.9112378493981536,1.195159835123946,STOP,1.280159835123946,0.085,legacy_fixed_r_v1,2025-02-10 03:15:00+00:00,2025-02-10 03:20:00+00:00,2025-02-10 04:50:00+00:00,19
254022,254027,0.91109,0.9109722173801303,0.4580746453526096,STOP,0.5430746453526096,0.085,legacy_fixed_r_v1,2025-02-10 05:10:00+00:00,2025-02-10 05:15:00+00:00,2025-02-10 05:35:00+00:00,5
254039,254047,0.9109,0.9111356316909346,-1.0849999999998758,STOP,-0.9999999999998759,0.085,legacy_fixed_r_v1,2025-02-10 06:35:00+00:00,2025-02-10 06:40:00+00:00,2025-02-10 07:15:00+00:00,8
254088,254102,0.90975,0.9100895043673128,-1.0850000000001456,STOP,-1.0000000000001457,0.085,legacy_fixed_r_v1,2025-02-10 10:40:00+00:00,2025-02-10 10:45:00+00:00,2025-02-10 11:50:00+00:00,14
254147,254150,0.91006,0.9104758547663694,-1.085000000000077,STOP,-1.000000000000077,0.085,legacy_fixed_r_v1,2025-02-10 15:35:00+00:00,2025-02-10 15:40:00+00:00,2025-02-10 15:50:00+00:00,3
254223,254225,0.91149,0.9099792358943558,7.759661216206375,STOP,7.844661216206375,0.085,legacy_fixed_r_v1,2025-02-10 21:55:00+00:00,2025-02-10 22:00:00+00:00,2025-02-10 22:05:00+00:00,2
254253,254256,0.91133,0.9111391550732978,0.5791325451392728,STOP,0.6641325451392728,0.085,legacy_fixed_r_v1,2025-02-11 00:25:00+00:00,2025-02-11 00:30:00+00:00,2025-02-11 00:40:00+00:00,3
254299,254315,0.91151,0.9116929307439479,-1.0849999999999493,STOP,-0.9999999999999494,0.085,legacy_fixed_r_v1,2025-02-11 04:15:00+00:00,2025-02-11 04:20:00+00:00,2025-02-11 05:35:00+00:00,16
254483,254493,0.91309,0.9134372424891397,-1.0850000000001045,STOP,-1.0000000000001046,0.085,legacy_fixed_r_v1,2025-02-11 19:35:00+00:00,2025-02-11 19:40:00+00:00,2025-02-11 20:25:00+00:00,10
254557,254572,0.91282,0.9131131810168818,-1.084999999999907,STOP,-0.9999999999999069,0.085,legacy_fixed_r_v1,2025-02-12 01:45:00+00:00,2025-02-12 01:50:00+00:00,2025-02-12 03:00:00+00:00,15
254603,254609,0.91328,0.9130990994135987,0.7486946814016531,STOP,0.833694681401653,0.085,legacy_fixed_r_v1,2025-02-12 05:35:00+00:00,2025-02-12 05:40:00+00:00,2025-02-12 06:05:00+00:00,6
254720,254741,0.91369,0.912568994374161,1.149663695248651,STOP,1.234663695248651,0.085,legacy_fixed_r_v1,2025-02-12 15:20:00+00:00,2025-02-12 15:25:00+00:00,2025-02-12 17:05:00+00:00,21
254800,254836,0.91337,0.913922905590493,-1.085000000000098,STOP,-1.0000000000000981,0.085,legacy_fixed_r_v1,2025-02-12 22:00:00+00:00,2025-02-12 22:05:00+00:00,2025-02-13 01:00:00+00:00,36
254948,254960,0.90723,0.9068687544867461,0.6741218265522093,STOP,0.7591218265522093,0.085,legacy_fixed_r_v1,2025-02-13 10:20:00+00:00,2025-02-13 10:25:00+00:00,2025-02-13 11:20:00+00:00,12
255004,255016,0.90712,0.9052007826030412,2.6632302662427683,STOP,2.7482302662427682,0.085,legacy_fixed_r_v1,2025-02-13 15:00:00+00:00,2025-02-13 15:05:00+00:00,2025-02-13 16:00:00+00:00,12
255031,255035,0.90426,0.9039027272519307,0.5555579043257993,STOP,0.6405579043257993,0.085,legacy_fixed_r_v1,2025-02-13 17:15:00+00:00,2025-02-13 17:20:00+00:00,2025-02-13 17:35:00+00:00,4
255067,255091,0.90333,0.9026947419366168,1.0157546475610697,STOP,1.1007546475610697,0.085,legacy_fixed_r_v1,2025-02-13 20:15:00+00:00,2025-02-13 20:20:00+00:00,2025-02-13 22:15:00+00:00,24
255116,255140,0.9029,0.9033022877113994,-1.0850000000001332,STOP,-1.0000000000001332,0.085,legacy_fixed_r_v1,2025-02-14 00:20:00+00:00,2025-02-14 00:25:00+00:00,2025-02-14 02:20:00+00:00,24
255255,255264,0.90152,0.9009640324564323,1.1493508791329197,STOP,1.2343508791329196,0.085,legacy_fixed_r_v1,2025-02-14 11:55:00+00:00,2025-02-14 12:00:00+00:00,2025-02-14 12:40:00+00:00,9
255274,255282,0.89962,0.898710526189824,1.2995592951364703,STOP,1.3845592951364702,0.085,legacy_fixed_r_v1,2025-02-14 13:30:00+00:00,2025-02-14 13:35:00+00:00,2025-02-14 14:10:00+00:00,8
255325,255330,0.89804,0.8984818317496428,-1.085000000000027,STOP,-1.000000000000027,0.085,legacy_fixed_r_v1,2025-02-14 17:45:00+00:00,2025-02-14 17:50:00+00:00,2025-02-14 18:10:00+00:00,5
255376,255378,0.8991,0.8995816818927682,-1.0849999999999964,STOP,-0.9999999999999964,0.085,legacy_fixed_r_v1,2025-02-16 22:00:00+00:00,2025-02-16 22:05:00+00:00,2025-02-16 22:10:00+00:00,2
255453,255459,0.90004,0.8994488215327768,1.8416098967690702,STOP,1.9266098967690701,0.085,legacy_fixed_r_v1,2025-02-17 04:25:00+00:00,2025-02-17 04:30:00+00:00,2025-02-17 04:55:00+00:00,6
255510,255515,0.89991,0.9003573777542924,-1.0849999999999487,STOP,-0.9999999999999486,0.085,legacy_fixed_r_v1,2025-02-17 09:10:00+00:00,2025-02-17 09:15:00+00:00,2025-02-17 09:35:00+00:00,5
255560,255561,0.90102,0.9014156356535128,-1.0850000000001088,STOP,-1.0000000000001088,0.085,legacy_fixed_r_v1,2025-02-17 13:20:00+00:00,2025-02-17 13:25:00+00:00,2025-02-17 13:25:00+00:00,1
255580,255590,0.90074,0.9011435737953034,-1.0849999999998843,STOP,-0.9999999999998842,0.085,legacy_fixed_r_v1,2025-02-17 15:00:00+00:00,2025-02-17 15:05:00+00:00,2025-02-17 15:50:00+00:00,10
255656,255665,0.90077,0.9005616980172069,1.6725349626471007,STOP,1.7575349626471006,0.085,legacy_fixed_r_v1,2025-02-17 21:20:00+00:00,2025-02-17 21:25:00+00:00,2025-02-17 22:05:00+00:00,9
255762,255771,0.90296,0.9025187052242759,1.7987389903027065,STOP,1.8837389903027064,0.085,legacy_fixed_r_v1,2025-02-18 06:10:00+00:00,2025-02-18 06:15:00+00:00,2025-02-18 06:55:00+00:00,9
255922,255932,0.90347,0.9038193601701402,-1.0850000000000413,STOP,-1.0000000000000413,0.085,legacy_fixed_r_v1,2025-02-18 19:30:00+00:00,2025-02-18 19:35:00+00:00,2025-02-18 20:20:00+00:00,10
255942,255958,0.90346,0.9023262696867671,4.2015488673274985,STOP,4.2865488673274985,0.085,legacy_fixed_r_v1,2025-02-18 21:10:00+00:00,2025-02-18 21:15:00+00:00,2025-02-18 22:30:00+00:00,16
255981,255984,0.90351,0.9038615447460616,-1.0850000000000164,STOP,-1.0000000000000164,0.085,legacy_fixed_r_v1,2025-02-19 00:25:00+00:00,2025-02-19 00:30:00+00:00,2025-02-19 00:40:00+00:00,3
256004,256012,0.90367,0.9034818103612234,0.558392015016331,STOP,0.6433920150163309,0.085,legacy_fixed_r_v1,2025-02-19 02:20:00+00:00,2025-02-19 02:25:00+00:00,2025-02-19 03:00:00+00:00,8
256020,256022,0.90336,0.9032298166243905,0.45572096457565575,STOP,0.5407209645756558,0.085,legacy_fixed_r_v1,2025-02-19 03:40:00+00:00,2025-02-19 03:45:00+00:00,2025-02-19 03:50:00+00:00,2
256045,256051,0.90308,0.9025915382600478,2.3115873874711035,STOP,2.3965873874711034,0.085,legacy_fixed_r_v1,2025-02-19 05:45:00+00:00,2025-02-19 05:50:00+00:00,2025-02-19 06:15:00+00:00,6
256196,256202,0.90463,0.9041840950376177,1.0682428744432801,STOP,1.15324287444328,0.085,legacy_fixed_r_v1,2025-02-19 18:20:00+00:00,2025-02-19 18:25:00+00:00,2025-02-19 18:50:00+00:00,6
256240,256248,0.90515,0.9041522187121399,2.257624364532787,STOP,2.342624364532787,0.085,legacy_fixed_r_v1,2025-02-19 22:00:00+00:00,2025-02-19 22:05:00+00:00,2025-02-19 22:40:00+00:00,8
256269,256279,0.90429,0.9033120382711153,3.101123372961373,STOP,3.186123372961373,0.085,legacy_fixed_r_v1,2025-02-20 00:25:00+00:00,2025-02-20 00:30:00+00:00,2025-02-20 01:15:00+00:00,10
256290,256293,0.90309,0.9034162297618118,-1.0849999999998725,STOP,-0.9999999999998724,0.085,legacy_fixed_r_v1,2025-02-20 02:10:00+00:00,2025-02-20 02:15:00+00:00,2025-02-20 02:25:00+00:00,3
256323,256339,0.90281,0.9023898889311949,1.380061959979747,STOP,1.465061959979747,0.085,legacy_fixed_r_v1,2025-02-20 04:55:00+00:00,2025-02-20 05:00:00+00:00,2025-02-20 06:15:00+00:00,16
256381,256390,0.90216,0.9019279729174949,0.5365247826167069,STOP,0.6215247826167069,0.085,legacy_fixed_r_v1,2025-02-20 09:45:00+00:00,2025-02-20 09:50:00+00:00,2025-02-20 10:30:00+00:00,9
256482,256554,0.89792,0.89818,-0.6133211293842783,TIME,-0.5283211293842783,0.085,legacy_fixed_r_v1,2025-02-20 18:10:00+00:00,2025-02-20 18:15:00+00:00,2025-02-21 00:10:00+00:00,72
256750,256771,0.89915,0.8974268466082729,2.8360821814839974,STOP,2.9210821814839973,0.085,legacy_fixed_r_v1,2025-02-21 16:30:00+00:00,2025-02-21 16:35:00+00:00,2025-02-21 18:15:00+00:00,21
256784,256813,0.89704,0.8975095458261094,-1.0849999999999718,STOP,-0.9999999999999717,0.085,legacy_fixed_r_v1,2025-02-21 19:20:00+00:00,2025-02-21 19:25:00+00:00,2025-02-21 21:45:00+00:00,29
256843,256852,0.89734,0.8967885844556923,0.8584381493061901,STOP,0.9434381493061901,0.085,legacy_fixed_r_v1,2025-02-24 00:15:00+00:00,2025-02-24 00:20:00+00:00,2025-02-24 01:00:00+00:00,9
256872,256890,0.89549,0.8959685349318899,-1.0850000000000966,STOP,-1.0000000000000966,0.085,legacy_fixed_r_v1,2025-02-24 02:40:00+00:00,2025-02-24 02:45:00+00:00,2025-02-24 04:10:00+00:00,18
256970,256976,0.89881,0.8992685345933101,-1.0850000000000857,STOP,-1.0000000000000857,0.085,legacy_fixed_r_v1,2025-02-24 10:50:00+00:00,2025-02-24 10:55:00+00:00,2025-02-24 11:20:00+00:00,6
257043,257045,0.89672,0.8971834798621195,-1.0849999999999134,STOP,-0.9999999999999134,0.085,legacy_fixed_r_v1,2025-02-24 16:55:00+00:00,2025-02-24 17:00:00+00:00,2025-02-24 17:05:00+00:00,2
257155,257160,0.8974,0.8971556370218058,0.8399114428511445,STOP,0.9249114428511445,0.085,legacy_fixed_r_v1,2025-02-25 02:15:00+00:00,2025-02-25 02:20:00+00:00,2025-02-25 02:40:00+00:00,5
257184,257205,0.89697,0.896687780175194,1.2509810390475347,STOP,1.3359810390475346,0.085,legacy_fixed_r_v1,2025-02-25 04:40:00+00:00,2025-02-25 04:45:00+00:00,2025-02-25 06:25:00+00:00,21
257247,257250,0.8963,0.8967522348487549,-1.0850000000000994,STOP,-1.0000000000000995,0.085,legacy_fixed_r_v1,2025-02-25 09:55:00+00:00,2025-02-25 10:00:00+00:00,2025-02-25 10:10:00+00:00,3
257344,257360,0.89231,0.8928892663825132,-1.0850000000000757,STOP,-1.0000000000000757,0.085,legacy_fixed_r_v1,2025-02-25 18:00:00+00:00,2025-02-25 18:05:00+00:00,2025-02-25 19:20:00+00:00,16
257589,257595,0.89414,0.8947236979323331,-1.0850000000000448,STOP,-1.0000000000000449,0.085,legacy_fixed_r_v1,2025-02-26 14:25:00+00:00,2025-02-26 14:30:00+00:00,2025-02-26 14:55:00+00:00,6
257625,257626,0.89272,0.8933612388774135,-1.0849999999999946,STOP,-0.9999999999999946,0.085,legacy_fixed_r_v1,2025-02-26 17:25:00+00:00,2025-02-26 17:30:00+00:00,2025-02-26 17:30:00+00:00,1
257680,257682,0.89519,0.8943777937674141,2.0274859312206934,STOP,2.1124859312206934,0.085,legacy_fixed_r_v1,2025-02-26 22:00:00+00:00,2025-02-26 22:05:00+00:00,2025-02-26 22:10:00+00:00,2
257782,257788,0.89663,0.8962624565185562,1.2228535362753976,STOP,1.3078535362753976,0.085,legacy_fixed_r_v1,2025-02-27 06:30:00+00:00,2025-02-27 06:35:00+00:00,2025-02-27 07:00:00+00:00,6
257888,257894,0.89834,0.8992319623431382,-1.0850000000000433,STOP,-1.0000000000000433,0.085,legacy_fixed_r_v1,2025-02-27 15:20:00+00:00,2025-02-27 15:25:00+00:00,2025-02-27 15:50:00+00:00,6
257946,257950,0.89926,0.8996180859221093,-1.085000000000031,STOP,-1.000000000000031,0.085,legacy_fixed_r_v1,2025-02-27 20:10:00+00:00,2025-02-27 20:15:00+00:00,2025-02-27 20:30:00+00:00,4
257994,257996,0.89942,0.8991359836154711,0.753654950245711,STOP,0.838654950245711,0.085,legacy_fixed_r_v1,2025-02-28 00:15:00+00:00,2025-02-28 00:20:00+00:00,2025-02-28 00:25:00+00:00,2
258035,258047,0.89892,0.8992224005785974,-1.0850000000001272,STOP,-1.0000000000001272,0.085,legacy_fixed_r_v1,2025-02-28 03:40:00+00:00,2025-02-28 03:45:00+00:00,2025-02-28 04:40:00+00:00,12
258100,258104,0.90077,0.9013696058182435,-1.085000000000046,STOP,-1.000000000000046,0.085,legacy_fixed_r_v1,2025-02-28 09:05:00+00:00,2025-02-28 09:10:00+00:00,2025-02-28 09:25:00+00:00,4
258135,258138,0.90233,0.9019473542014718,0.727372200331024,STOP,0.812372200331024,0.085,legacy_fixed_r_v1,2025-02-28 12:00:00+00:00,2025-02-28 12:05:00+00:00,2025-02-28 12:15:00+00:00,3
258239,258255,0.90294,0.9026286183827923,0.5688989539318766,STOP,0.6538989539318766,0.085,legacy_fixed_r_v1,2025-02-28 20:40:00+00:00,2025-02-28 20:45:00+00:00,2025-03-02 22:00:00+00:00,16
258304,258308,0.90202,0.9017764219284677,0.5795104842820791,STOP,0.664510484282079,0.085,legacy_fixed_r_v1,2025-03-03 02:05:00+00:00,2025-03-03 02:10:00+00:00,2025-03-03 02:25:00+00:00,4
258400,258403,0.90032,0.900812883520976,-1.0849999999999231,STOP,-0.9999999999999231,0.085,legacy_fixed_r_v1,2025-03-03 10:05:00+00:00,2025-03-03 10:10:00+00:00,2025-03-03 10:20:00+00:00,3
258417,258422,0.90088,0.9013609390230246,-1.0850000000000453,STOP,-1.0000000000000453,0.085,legacy_fixed_r_v1,2025-03-03 11:30:00+00:00,2025-03-03 11:35:00+00:00,2025-03-03 11:55:00+00:00,5
258441,258458,0.89965,0.8984155499965973,2.14979634608774,STOP,2.23479634608774,0.085,legacy_fixed_r_v1,2025-03-03 13:30:00+00:00,2025-03-03 13:35:00+00:00,2025-03-03 14:55:00+00:00,17
258478,258499,0.89713,0.8966693716455137,0.647879158265756,STOP,0.732879158265756,0.085,legacy_fixed_r_v1,2025-03-03 16:35:00+00:00,2025-03-03 16:40:00+00:00,2025-03-03 18:20:00+00:00,21
258520,258587,0.89664,0.8948557949926321,3.412437338378069,STOP,3.497437338378069,0.085,legacy_fixed_r_v1,2025-03-03 20:05:00+00:00,2025-03-03 20:10:00+00:00,2025-03-04 01:40:00+00:00,67
258607,258610,0.89598,0.8963731726223512,-1.0850000000000595,STOP,-1.0000000000000595,0.085,legacy_fixed_r_v1,2025-03-04 03:20:00+00:00,2025-03-04 03:25:00+00:00,2025-03-04 03:35:00+00:00,3
258622,258648,0.89595,0.8956611554232673,0.7563872619091424,STOP,0.8413872619091424,0.085,legacy_fixed_r_v1,2025-03-04 04:35:00+00:00,2025-03-04 04:40:00+00:00,2025-03-04 06:45:00+00:00,26
258704,258718,0.89097,0.8881225465694692,4.361322288081204,STOP,4.446322288081204,0.085,legacy_fixed_r_v1,2025-03-04 11:25:00+00:00,2025-03-04 11:30:00+00:00,2025-03-04 12:35:00+00:00,14
258771,258779,0.88961,0.8903681724606226,-1.084999999999952,STOP,-0.9999999999999519,0.085,legacy_fixed_r_v1,2025-03-04 17:00:00+00:00,2025-03-04 17:05:00+00:00,2025-03-04 17:40:00+00:00,8
258785,258794,0.88935,0.8888412998730563,0.6883956794169133,STOP,0.7733956794169132,0.085,legacy_fixed_r_v1,2025-03-04 18:10:00+00:00,2025-03-04 18:15:00+00:00,2025-03-04 18:55:00+00:00,9
258816,258820,0.88877,0.8884332655850788,0.5516648321027621,STOP,0.636664832102762,0.085,legacy_fixed_r_v1,2025-03-04 20:45:00+00:00,2025-03-04 20:50:00+00:00,2025-03-04 21:05:00+00:00,4
258902,258906,0.8909,0.8906415976169024,0.5878164405684653,STOP,0.6728164405684652,0.085,legacy_fixed_r_v1,2025-03-05 03:55:00+00:00,2025-03-05 04:00:00+00:00,2025-03-05 04:15:00+00:00,4
258917,258932,0.89031,0.8892926838897234,3.1202051524137966,STOP,3.2052051524137966,0.085,legacy_fixed_r_v1,2025-03-05 05:10:00+00:00,2025-03-05 05:15:00+00:00,2025-03-05 06:25:00+00:00,15
259119,259124,0.89112,0.8900732140217014,2.1812741360459236,STOP,2.2662741360459235,0.085,legacy_fixed_r_v1,2025-03-05 22:00:00+00:00,2025-03-05 22:05:00+00:00,2025-03-05 22:25:00+00:00,5
259162,259164,0.8904,0.8899228831519693,1.033431834204788,STOP,1.1184318342047879,0.085,legacy_fixed_r_v1,2025-03-06 01:35:00+00:00,2025-03-06 01:40:00+00:00,2025-03-06 01:45:00+00:00,2
259197,259203,0.89186,0.8909416360235554,2.460692555377161,STOP,2.545692555377161,0.085,legacy_fixed_r_v1,2025-03-06 04:30:00+00:00,2025-03-06 04:35:00+00:00,2025-03-06 05:00:00+00:00,6
259259,259264,0.88667,0.8859152693390343,0.7059008152534316,STOP,0.7909008152534316,0.085,legacy_fixed_r_v1,2025-03-06 09:40:00+00:00,2025-03-06 09:45:00+00:00,2025-03-06 10:05:00+00:00,5
259277,259287,0.88637,0.8856171255960813,0.8847306419518846,STOP,0.9697306419518845,0.085,legacy_fixed_r_v1,2025-03-06 11:10:00+00:00,2025-03-06 11:15:00+00:00,2025-03-06 12:00:00+00:00,10
259340,259349,0.88464,0.883547447294424,1.003225619000977,STOP,1.088225619000977,0.085,legacy_fixed_r_v1,2025-03-06 16:25:00+00:00,2025-03-06 16:30:00+00:00,2025-03-06 17:10:00+00:00,9
259361,259367,0.88298,0.8838329252910888,-1.0850000000000288,STOP,-1.0000000000000289,0.085,legacy_fixed_r_v1,2025-03-06 18:10:00+00:00,2025-03-06 18:15:00+00:00,2025-03-06 18:40:00+00:00,6
259378,259390,0.88269,0.8832975318052531,-1.0850000000000788,STOP,-1.0000000000000788,0.085,legacy_fixed_r_v1,2025-03-06 19:35:00+00:00,2025-03-06 19:40:00+00:00,2025-03-06 20:35:00+00:00,12
259432,259440,0.88279,0.8824590973935653,0.8162667739358097,STOP,0.9012667739358097,0.085,legacy_fixed_r_v1,2025-03-07 00:05:00+00:00,2025-03-07 00:10:00+00:00,2025-03-07 00:45:00+00:00,8
259499,259504,0.882,0.8814550741419148,1.8777807417788102,STOP,1.9627807417788101,0.085,legacy_fixed_r_v1,2025-03-07 05:40:00+00:00,2025-03-07 05:45:00+00:00,2025-03-07 06:05:00+00:00,5
259667,259696,0.88006,0.8785605302783044,1.9745205412765592,STOP,2.059520541276559,0.085,legacy_fixed_r_v1,2025-03-07 19:40:00+00:00,2025-03-07 19:45:00+00:00,2025-03-09 21:05:00+00:00,29
259739,259751,0.87691,0.8774404628724533,-1.085000000000004,STOP,-1.000000000000004,0.085,legacy_fixed_r_v1,2025-03-10 00:40:00+00:00,2025-03-10 00:45:00+00:00,2025-03-10 01:40:00+00:00,12
259872,259882,0.87667,0.8762441393814224,0.5480949842869897,STOP,0.6330949842869896,0.085,legacy_fixed_r_v1,2025-03-10 11:45:00+00:00,2025-03-10 11:50:00+00:00,2025-03-10 12:35:00+00:00,10
259958,259965,0.88134,0.8818971247846933,-1.084999999999947,STOP,-0.9999999999999468,0.085,legacy_fixed_r_v1,2025-03-10 18:55:00+00:00,2025-03-10 19:00:00+00:00,2025-03-10 19:30:00+00:00,7
260164,260166,0.88152,0.8810580470851551,0.6563767716326503,STOP,0.7413767716326503,0.085,legacy_fixed_r_v1,2025-03-11 12:05:00+00:00,2025-03-11 12:10:00+00:00,2025-03-11 12:15:00+00:00,2
260227,260238,0.88031,0.881143355214566,-1.0850000000000195,STOP,-1.0000000000000195,0.085,legacy_fixed_r_v1,2025-03-11 17:20:00+00:00,2025-03-11 17:25:00+00:00,2025-03-11 18:15:00+00:00,11
260272,260274,0.88276,0.8824803160196312,0.43044794578309437,STOP,0.5154479457830944,0.085,legacy_fixed_r_v1,2025-03-11 21:05:00+00:00,2025-03-11 21:10:00+00:00,2025-03-11 21:15:00+00:00,2
260323,260326,0.88317,0.8829761791445927,0.5971661347962374,STOP,0.6821661347962373,0.085,legacy_fixed_r_v1,2025-03-12 01:20:00+00:00,2025-03-12 01:25:00+00:00,2025-03-12 01:35:00+00:00,3
260433,260447,0.8826,0.8821342975462307,0.6725782864983336,STOP,0.7575782864983336,0.085,legacy_fixed_r_v1,2025-03-12 10:30:00+00:00,2025-03-12 10:35:00+00:00,2025-03-12 11:40:00+00:00,14
260484,260515,0.88289,0.8821153359688425,0.7409458725964743,STOP,0.8259458725964742,0.085,legacy_fixed_r_v1,2025-03-12 14:45:00+00:00,2025-03-12 14:50:00+00:00,2025-03-12 17:20:00+00:00,31
260537,260560,0.88213,0.8815211591921428,1.3154357703038544,STOP,1.4004357703038544,0.085,legacy_fixed_r_v1,2025-03-12 19:10:00+00:00,2025-03-12 19:15:00+00:00,2025-03-12 21:05:00+00:00,23
260654,260656,0.88143,0.8816612172335805,-1.0849999999998885,STOP,-0.9999999999998884,0.085,legacy_fixed_r_v1,2025-03-13 04:55:00+00:00,2025-03-13 05:00:00+00:00,2025-03-13 05:05:00+00:00,2
260806,260846,0.88355,0.8820913628683231,2.060730682165781,STOP,2.145730682165781,0.085,legacy_fixed_r_v1,2025-03-13 17:35:00+00:00,2025-03-13 17:40:00+00:00,2025-03-13 20:55:00+00:00,40
260882,260884,0.88275,0.8824487597472702,1.2334388728783916,STOP,1.3184388728783916,0.085,legacy_fixed_r_v1,2025-03-13 23:55:00+00:00,2025-03-14 00:00:00+00:00,2025-03-14 00:05:00+00:00,2
260922,260939,0.88394,0.8842535202733658,-1.084999999999939,STOP,-0.9999999999999389,0.085,legacy_fixed_r_v1,2025-03-14 03:15:00+00:00,2025-03-14 03:20:00+00:00,2025-03-14 04:40:00+00:00,17
261010,261016,0.88418,0.8847185143116374,-1.0849999999999203,STOP,-0.9999999999999203,0.085,legacy_fixed_r_v1,2025-03-14 10:35:00+00:00,2025-03-14 10:40:00+00:00,2025-03-14 11:05:00+00:00,6
261076,261086,0.88495,0.8845454085966038,0.5192293093502105,STOP,0.6042293093502105,0.085,legacy_fixed_r_v1,2025-03-14 16:05:00+00:00,2025-03-14 16:10:00+00:00,2025-03-14 16:55:00+00:00,10
261156,261183,0.88409,0.8846050138613948,-1.0849999999999398,STOP,-0.9999999999999398,0.085,legacy_fixed_r_v1,2025-03-16 22:45:00+00:00,2025-03-16 22:50:00+00:00,2025-03-17 01:00:00+00:00,27
261241,261246,0.88435,0.8841792751958507,0.6746005654646611,STOP,0.759600565464661,0.085,legacy_fixed_r_v1,2025-03-17 05:50:00+00:00,2025-03-17 05:55:00+00:00,2025-03-17 06:15:00+00:00,5
261311,261314,0.88242,0.8828169806605604,-1.0850000000000386,STOP,-1.0000000000000386,0.085,legacy_fixed_r_v1,2025-03-17 11:40:00+00:00,2025-03-17 11:45:00+00:00,2025-03-17 11:55:00+00:00,3
261372,261383,0.88044,0.8809622216852204,-1.08499999999998,STOP,-0.99999999999998,0.085,legacy_fixed_r_v1,2025-03-17 16:45:00+00:00,2025-03-17 16:50:00+00:00,2025-03-17 17:40:00+00:00,11
261398,261424,0.88057,0.8803331206989249,0.5319245069826248,STOP,0.6169245069826248,0.085,legacy_fixed_r_v1,2025-03-17 18:55:00+00:00,2025-03-17 19:00:00+00:00,2025-03-17 21:05:00+00:00,26
261462,261468,0.88093,0.8811830385614015,-1.0849999999999866,STOP,-0.9999999999999867,0.085,legacy_fixed_r_v1,2025-03-18 00:15:00+00:00,2025-03-18 00:20:00+00:00,2025-03-18 00:45:00+00:00,6
261515,261524,0.88103,0.8812129702688157,-1.0849999999999218,STOP,-0.9999999999999217,0.085,legacy_fixed_r_v1,2025-03-18 04:40:00+00:00,2025-03-18 04:45:00+00:00,2025-03-18 05:25:00+00:00,9
261710,261712,0.8775,0.876264482137597,4.451571919050238,STOP,4.536571919050238,0.085,legacy_fixed_r_v1,2025-03-18 20:55:00+00:00,2025-03-18 21:00:00+00:00,2025-03-18 21:05:00+00:00,2
261739,261746,0.87658,0.8768618405215431,-1.0850000000001168,STOP,-1.0000000000001168,0.085,legacy_fixed_r_v1,2025-03-18 23:20:00+00:00,2025-03-18 23:25:00+00:00,2025-03-18 23:55:00+00:00,7
261932,261945,0.87981,0.8795249936919607,0.4728613785477623,STOP,0.5578613785477623,0.085,legacy_fixed_r_v1,2025-03-19 15:25:00+00:00,2025-03-19 15:30:00+00:00,2025-03-19 16:30:00+00:00,13
261963,261969,0.87922,0.8786196122194512,0.9775406586928204,STOP,1.0625406586928203,0.085,legacy_fixed_r_v1,2025-03-19 18:00:00+00:00,2025-03-19 18:05:00+00:00,2025-03-19 18:30:00+00:00,6
261989,261999,0.87765,0.8771931869134694,0.6487962818150405,STOP,0.7337962818150404,0.085,legacy_fixed_r_v1,2025-03-19 20:10:00+00:00,2025-03-19 20:15:00+00:00,2025-03-19 21:00:00+00:00,10
262012,262018,0.87704,0.8766520413617291,0.744461131232791,STOP,0.829461131232791,0.085,legacy_fixed_r_v1,2025-03-19 22:05:00+00:00,2025-03-19 22:10:00+00:00,2025-03-19 22:35:00+00:00,6
262060,262078,0.87623,0.8759304412231752,0.6624265011049262,STOP,0.7474265011049261,0.085,legacy_fixed_r_v1,2025-03-20 02:05:00+00:00,2025-03-20 02:10:00+00:00,2025-03-20 03:35:00+00:00,18
262219,262227,0.88362,0.8828634593027257,1.2394731940935304,STOP,1.3244731940935304,0.085,legacy_fixed_r_v1,2025-03-20 15:20:00+00:00,2025-03-20 15:25:00+00:00,2025-03-20 16:00:00+00:00,8
262280,262284,0.88184,0.8816024672760882,0.778161877514212,STOP,0.8631618775142119,0.085,legacy_fixed_r_v1,2025-03-20 20:25:00+00:00,2025-03-20 20:30:00+00:00,2025-03-20 20:45:00+00:00,4
262436,262445,0.88334,0.882824017810824,1.0866633984184328,STOP,1.1716633984184328,0.085,legacy_fixed_r_v1,2025-03-21 09:25:00+00:00,2025-03-21 09:30:00+00:00,2025-03-21 10:10:00+00:00,9
262533,262542,0.88297,0.883466810655311,-1.084999999999923,STOP,-0.999999999999923,0.085,legacy_fixed_r_v1,2025-03-21 17:30:00+00:00,2025-03-21 17:35:00+00:00,2025-03-21 18:15:00+00:00,9
262569,262570,0.88287,0.8831403940881298,-1.0849999999998816,STOP,-0.9999999999998815,0.085,legacy_fixed_r_v1,2025-03-21 20:30:00+00:00,2025-03-21 20:35:00+00:00,2025-03-21 20:35:00+00:00,1
262804,262857,0.8836,0.8827464220276504,1.3271718682937639,STOP,1.4121718682937638,0.085,legacy_fixed_r_v1,2025-03-24 16:05:00+00:00,2025-03-24 16:10:00+00:00,2025-03-24 20:30:00+00:00,53
262946,262954,0.88306,0.8827983647452939,1.2910783243822523,STOP,1.3760783243822523,0.085,legacy_fixed_r_v1,2025-03-25 03:55:00+00:00,2025-03-25 04:00:00+00:00,2025-03-25 04:35:00+00:00,8
263021,263031,0.88299,0.8822969634127213,1.5234446248424633,STOP,1.6084446248424633,0.085,legacy_fixed_r_v1,2025-03-25 10:10:00+00:00,2025-03-25 10:15:00+00:00,2025-03-25 11:00:00+00:00,10
263052,263064,0.8807,0.8804338315708538,0.4308586914331784,STOP,0.5158586914331784,0.085,legacy_fixed_r_v1,2025-03-25 12:45:00+00:00,2025-03-25 12:50:00+00:00,2025-03-25 13:45:00+00:00,12
263150,263154,0.88302,0.8823103634826636,2.6235678167336447,STOP,2.7085678167336447,0.085,legacy_fixed_r_v1,2025-03-25 20:55:00+00:00,2025-03-25 21:00:00+00:00,2025-03-25 21:15:00+00:00,4
263258,263262,0.88364,0.8838652870230108,-1.0849999999999567,STOP,-0.9999999999999567,0.085,legacy_fixed_r_v1,2025-03-26 05:55:00+00:00,2025-03-26 06:00:00+00:00,2025-03-26 06:15:00+00:00,4
263309,263313,0.88333,0.883734587752228,-1.085000000000067,STOP,-1.000000000000067,0.085,legacy_fixed_r_v1,2025-03-26 10:10:00+00:00,2025-03-26 10:15:00+00:00,2025-03-26 10:30:00+00:00,4
263425,263440,0.88452,0.8827083809004855,5.764530783617224,STOP,5.849530783617224,0.085,legacy_fixed_r_v1,2025-03-26 19:50:00+00:00,2025-03-26 19:55:00+00:00,2025-03-26 21:05:00+00:00,15
263462,263488,0.88399,0.8832667643166803,1.4974323833824557,STOP,1.5824323833824556,0.085,legacy_fixed_r_v1,2025-03-26 22:55:00+00:00,2025-03-26 23:00:00+00:00,2025-03-27 01:05:00+00:00,26
263497,263502,0.88306,0.8828364514587419,0.587029861896055,STOP,0.672029861896055,0.085,legacy_fixed_r_v1,2025-03-27 01:50:00+00:00,2025-03-27 01:55:00+00:00,2025-03-27 02:15:00+00:00,5
263520,263529,0.88247,0.8821274819862,1.249820869723472,STOP,1.334820869723472,0.085,legacy_fixed_r_v1,2025-03-27 03:45:00+00:00,2025-03-27 03:50:00+00:00,2025-03-27 04:30:00+00:00,9
263608,263616,0.8836,0.8840859392262362,-1.0849999999999407,STOP,-0.9999999999999406,0.085,legacy_fixed_r_v1,2025-03-27 11:05:00+00:00,2025-03-27 11:10:00+00:00,2025-03-27 11:45:00+00:00,8
263620,263627,0.8833,0.882965832474637,0.6722533212170962,STOP,0.7572533212170962,0.085,legacy_fixed_r_v1,2025-03-27 12:05:00+00:00,2025-03-27 12:10:00+00:00,2025-03-27 12:40:00+00:00,7
263682,263685,0.88144,0.8819991801098244,-1.084999999999978,STOP,-0.9999999999999779,0.085,legacy_fixed_r_v1,2025-03-27 17:15:00+00:00,2025-03-27 17:20:00+00:00,2025-03-27 17:30:00+00:00,3
263709,263728,0.88191,0.8814168431122303,1.333903962795022,STOP,1.418903962795022,0.085,legacy_fixed_r_v1,2025-03-27 19:30:00+00:00,2025-03-27 19:35:00+00:00,2025-03-27 21:05:00+00:00,19
263828,263835,0.88245,0.8822169678513595,1.1498505394651446,STOP,1.2348505394651446,0.085,legacy_fixed_r_v1,2025-03-28 05:25:00+00:00,2025-03-28 05:30:00+00:00,2025-03-28 06:00:00+00:00,7
263909,263911,0.88276,0.8831535925695586,-1.0849999999999473,STOP,-0.9999999999999474,0.085,legacy_fixed_r_v1,2025-03-28 12:10:00+00:00,2025-03-28 12:15:00+00:00,2025-03-28 12:20:00+00:00,2
264053,264061,0.87999,0.8791546730371995,1.609480312144605,STOP,1.694480312144605,0.085,legacy_fixed_r_v1,2025-03-31 00:10:00+00:00,2025-03-31 00:15:00+00:00,2025-03-31 00:50:00+00:00,8
264069,264073,0.87876,0.8791862708520712,-1.0850000000000906,STOP,-1.0000000000000906,0.085,legacy_fixed_r_v1,2025-03-31 01:30:00+00:00,2025-03-31 01:35:00+00:00,2025-03-31 01:50:00+00:00,4
264183,264186,0.88113,0.8808763165592197,0.4834041265000231,STOP,0.5684041265000231,0.085,legacy_fixed_r_v1,2025-03-31 11:00:00+00:00,2025-03-31 11:05:00+00:00,2025-03-31 11:15:00+00:00,3
264213,264214,0.88141,0.8818970397038293,-1.0850000000000302,STOP,-1.0000000000000302,0.085,legacy_fixed_r_v1,2025-03-31 13:30:00+00:00,2025-03-31 13:35:00+00:00,2025-03-31 13:35:00+00:00,1
264302,264304,0.88493,0.883992686935322,3.1728360672194373,STOP,3.2578360672194373,0.085,legacy_fixed_r_v1,2025-03-31 20:55:00+00:00,2025-03-31 21:00:00+00:00,2025-03-31 21:05:00+00:00,2
264314,264328,0.88458,0.8840815161895247,1.8341741354676557,STOP,1.9191741354676557,0.085,legacy_fixed_r_v1,2025-03-31 21:55:00+00:00,2025-03-31 22:00:00+00:00,2025-03-31 23:05:00+00:00,14
264334,264340,0.88401,0.8837377521857585,1.1223456424287483,STOP,1.2073456424287483,0.085,legacy_fixed_r_v1,2025-03-31 23:35:00+00:00,2025-03-31 23:40:00+00:00,2025-04-01 00:05:00+00:00,6
264447,264460,0.88205,0.8824852213830954,-1.0849999999999607,STOP,-0.9999999999999606,0.085,legacy_fixed_r_v1,2025-04-01 09:00:00+00:00,2025-04-01 09:05:00+00:00,2025-04-01 10:05:00+00:00,13
264652,264660,0.88359,0.8833670251975904,0.8727898991358808,STOP,0.9577898991358808,0.085,legacy_fixed_r_v1,2025-04-02 02:05:00+00:00,2025-04-02 02:10:00+00:00,2025-04-02 02:45:00+00:00,8
264743,264745,0.88424,0.884000401974408,0.5020004676228333,STOP,0.5870004676228333,0.085,legacy_fixed_r_v1,2025-04-02 09:40:00+00:00,2025-04-02 09:45:00+00:00,2025-04-02 09:50:00+00:00,2
264761,264773,0.88394,0.8834556528778281,1.1991819681523654,STOP,1.2841819681523654,0.085,legacy_fixed_r_v1,2025-04-02 11:10:00+00:00,2025-04-02 11:15:00+00:00,2025-04-02 12:10:00+00:00,12
264837,264851,0.88308,0.882606360547248,0.9024849780400691,STOP,0.9874849780400691,0.085,legacy_fixed_r_v1,2025-04-02 17:30:00+00:00,2025-04-02 17:35:00+00:00,2025-04-02 18:40:00+00:00,14
264869,264872,0.88202,0.8825350193743609,-1.0849999999999533,STOP,-0.9999999999999533,0.085,legacy_fixed_r_v1,2025-04-02 20:10:00+00:00,2025-04-02 20:15:00+00:00,2025-04-02 20:25:00+00:00,3
264933,264962,0.87676,0.8753381867534967,1.2800970638423803,STOP,1.3650970638423803,0.085,legacy_fixed_r_v1,2025-04-03 01:30:00+00:00,2025-04-03 01:35:00+00:00,2025-04-03 03:55:00+00:00,29
264976,264981,0.87528,0.8725131299523188,4.773595688830331,STOP,4.858595688830331,0.085,legacy_fixed_r_v1,2025-04-03 05:05:00+00:00,2025-04-03 05:10:00+00:00,2025-04-03 05:30:00+00:00,5
265053,265061,0.86096,0.8599020938857344,0.7018397950151445,STOP,0.7868397950151444,0.085,legacy_fixed_r_v1,2025-04-03 11:30:00+00:00,2025-04-03 11:35:00+00:00,2025-04-03 12:10:00+00:00,8
265068,265071,0.85862,0.8600050394174784,-1.0850000000000364,STOP,-1.0000000000000364,0.085,legacy_fixed_r_v1,2025-04-03 12:45:00+00:00,2025-04-03 12:50:00+00:00,2025-04-03 13:00:00+00:00,3
265143,265152,0.86082,0.8598595523979855,1.2482024686021578,STOP,1.3332024686021577,0.085,legacy_fixed_r_v1,2025-04-03 19:00:00+00:00,2025-04-03 19:05:00+00:00,2025-04-03 19:45:00+00:00,9
265166,265173,0.85938,0.8574103864561289,3.5543903201578115,STOP,3.6393903201578115,0.085,legacy_fixed_r_v1,2025-04-03 20:55:00+00:00,2025-04-03 21:00:00+00:00,2025-04-03 21:30:00+00:00,7
265209,265213,0.85831,0.8576444014189514,0.8789300468523116,STOP,0.9639300468523115,0.085,legacy_fixed_r_v1,2025-04-04 00:30:00+00:00,2025-04-04 00:35:00+00:00,2025-04-04 00:50:00+00:00,4
265222,265226,0.85708,0.8563046955321375,1.1135385562788729,STOP,1.1985385562788728,0.085,legacy_fixed_r_v1,2025-04-04 01:35:00+00:00,2025-04-04 01:40:00+00:00,2025-04-04 01:55:00+00:00,4
265241,265248,0.85574,0.8539754556072876,2.934096676446259,STOP,3.019096676446259,0.085,legacy_fixed_r_v1,2025-04-04 03:10:00+00:00,2025-04-04 03:15:00+00:00,2025-04-04 03:45:00+00:00,7
265263,265269,0.85268,0.8533286856357988,-1.0850000000000082,STOP,-1.0000000000000082,0.085,legacy_fixed_r_v1,2025-04-04 05:00:00+00:00,2025-04-04 05:05:00+00:00,2025-04-04 05:30:00+00:00,6
265327,265339,0.85325,0.848883788375705,3.2993521128100007,STOP,3.3843521128100007,0.085,legacy_fixed_r_v1,2025-04-04 10:20:00+00:00,2025-04-04 10:25:00+00:00,2025-04-04 11:20:00+00:00,12
265453,265456,0.86083,0.8549897419028081,6.539904498578561,STOP,6.624904498578561,0.085,legacy_fixed_r_v1,2025-04-04 20:50:00+00:00,2025-04-04 20:55:00+00:00,2025-04-06 21:05:00+00:00,3
265467,265479,0.85474,0.8522243924637896,2.0024151867804307,STOP,2.0874151867804307,0.085,legacy_fixed_r_v1,2025-04-06 22:00:00+00:00,2025-04-06 22:05:00+00:00,2025-04-06 23:00:00+00:00,12
265650,265653,0.85455,0.8560706291979502,-1.085000000000011,STOP,-1.000000000000011,0.085,legacy_fixed_r_v1,2025-04-07 13:15:00+00:00,2025-04-07 13:20:00+00:00,2025-04-07 13:30:00+00:00,3
265694,265707,0.85848,0.8571869291376414,0.6995962234162827,STOP,0.7845962234162827,0.085,legacy_fixed_r_v1,2025-04-07 16:55:00+00:00,2025-04-07 17:00:00+00:00,2025-04-07 18:00:00+00:00,13
265723,265730,0.85652,0.857639630713235,-1.0850000000000353,STOP,-1.0000000000000353,0.085,legacy_fixed_r_v1,2025-04-07 19:20:00+00:00,2025-04-07 19:25:00+00:00,2025-04-07 19:55:00+00:00,7
265777,265779,0.8588,0.8595627894315035,-1.0849999999999795,STOP,-0.9999999999999796,0.085,legacy_fixed_r_v1,2025-04-08 00:00:00+00:00,2025-04-08 00:05:00+00:00,2025-04-08 00:10:00+00:00,2
265828,265835,0.85628,0.8568795903306069,-1.0849999999999957,STOP,-0.9999999999999957,0.085,legacy_fixed_r_v1,2025-04-08 04:15:00+00:00,2025-04-08 04:20:00+00:00,2025-04-08 04:50:00+00:00,7
265890,265897,0.85859,0.8577321375691381,0.8959341969965191,STOP,0.9809341969965191,0.085,legacy_fixed_r_v1,2025-04-08 09:25:00+00:00,2025-04-08 09:30:00+00:00,2025-04-08 10:00:00+00:00,7
265963,265984,0.85661,0.8517603298500476,4.32006421223162,STOP,4.40506421223162,0.085,legacy_fixed_r_v1,2025-04-08 15:30:00+00:00,2025-04-08 15:35:00+00:00,2025-04-08 17:15:00+00:00,21
266028,266031,0.84903,0.8476339623754771,1.4529749563243677,STOP,1.5379749563243676,0.085,legacy_fixed_r_v1,2025-04-08 20:55:00+00:00,2025-04-08 21:05:00+00:00,2025-04-08 21:15:00+00:00,3
266101,266107,0.84367,0.8430227497523964,0.6194238864381473,STOP,0.7044238864381472,0.085,legacy_fixed_r_v1,2025-04-09 03:05:00+00:00,2025-04-09 03:10:00+00:00,2025-04-09 03:35:00+00:00,6
266113,266118,0.8417,0.8388249429207097,2.6984902318947346,STOP,2.7834902318947345,0.085,legacy_fixed_r_v1,2025-04-09 04:05:00+00:00,2025-04-09 04:10:00+00:00,2025-04-09 04:30:00+00:00,5
266170,266188,0.84265,0.8409287317535244,0.9522520039311686,STOP,1.0372520039311686,0.085,legacy_fixed_r_v1,2025-04-09 08:50:00+00:00,2025-04-09 08:55:00+00:00,2025-04-09 10:20:00+00:00,18
266197,266200,0.83908,0.84057445081886,-1.0850000000000002,STOP,-1.0000000000000002,0.085,legacy_fixed_r_v1,2025-04-09 11:05:00+00:00,2025-04-09 11:10:00+00:00,2025-04-09 11:20:00+00:00,3
266213,266221,0.83735,0.83880951615019,-1.0850000000000293,STOP,-1.0000000000000293,0.085,legacy_fixed_r_v1,2025-04-09 12:25:00+00:00,2025-04-09 12:30:00+00:00,2025-04-09 13:05:00+00:00,8
266318,266321,0.85721,0.85563575053595,0.9182957553894049,STOP,1.0032957553894049,0.085,legacy_fixed_r_v1,2025-04-09 21:10:00+00:00,2025-04-09 21:15:00+00:00,2025-04-09 21:25:00+00:00,3
266353,266362,0.85502,0.8524965778656686,2.317691667244443,STOP,2.402691667244443,0.085,legacy_fixed_r_v1,2025-04-10 00:05:00+00:00,2025-04-10 00:10:00+00:00,2025-04-10 00:50:00+00:00,9
266390,266412,0.85207,0.8528721440572957,-1.085000000000025,STOP,-1.000000000000025,0.085,legacy_fixed_r_v1,2025-04-10 03:10:00+00:00,2025-04-10 03:15:00+00:00,2025-04-10 05:00:00+00:00,22
266564,266577,0.82565,0.8243272333588895,0.59035919486626,STOP,0.67535919486626,0.085,legacy_fixed_r_v1,2025-04-10 17:40:00+00:00,2025-04-10 17:45:00+00:00,2025-04-10 18:45:00+00:00,13
266602,266606,0.8243,0.8235036395915534,0.6508173816026932,STOP,0.7358173816026932,0.085,legacy_fixed_r_v1,2025-04-10 20:50:00+00:00,2025-04-10 20:55:00+00:00,2025-04-10 21:10:00+00:00,4
266620,266622,0.8228,0.8237575183352116,-1.0850000000000457,STOP,-1.0000000000000457,0.085,legacy_fixed_r_v1,2025-04-10 22:20:00+00:00,2025-04-10 22:25:00+00:00,2025-04-10 22:30:00+00:00,2
266682,266692,0.81817,0.819467657696994,-1.0849999999999742,STOP,-0.9999999999999742,0.085,legacy_fixed_r_v1,2025-04-11 03:30:00+00:00,2025-04-11 03:35:00+00:00,2025-04-11 04:20:00+00:00,10
266776,266788,0.81603,0.8148651363568149,0.4951001465732168,STOP,0.5801001465732168,0.085,legacy_fixed_r_v1,2025-04-11 11:20:00+00:00,2025-04-11 11:25:00+00:00,2025-04-11 12:20:00+00:00,12
266878,266887,0.81629,0.815146381793922,1.020683967354678,STOP,1.1056839673546779,0.085,legacy_fixed_r_v1,2025-04-11 19:50:00+00:00,2025-04-11 19:55:00+00:00,2025-04-11 20:35:00+00:00,9
266891,266896,0.81976,0.8183838328500128,1.4080475273492217,STOP,1.4930475273492216,0.085,legacy_fixed_r_v1,2025-04-11 20:55:00+00:00,2025-04-13 21:00:00+00:00,2025-04-13 21:20:00+00:00,5
266909,266922,0.81771,0.8186997128475807,-1.0850000000000184,STOP,-1.0000000000000184,0.085,legacy_fixed_r_v1,2025-04-13 22:25:00+00:00,2025-04-13 22:30:00+00:00,2025-04-13 23:30:00+00:00,13
266979,266986,0.81621,0.817256466462739,-1.084999999999998,STOP,-0.9999999999999979,0.085,legacy_fixed_r_v1,2025-04-14 04:15:00+00:00,2025-04-14 04:20:00+00:00,2025-04-14 04:50:00+00:00,7
267034,267044,0.81606,0.8174924213910384,-1.0849999999999906,STOP,-0.9999999999999906,0.085,legacy_fixed_r_v1,2025-04-14 08:50:00+00:00,2025-04-14 08:55:00+00:00,2025-04-14 09:40:00+00:00,10
267143,267162,0.81442,0.812745993727229,1.3431490312603827,STOP,1.4281490312603826,0.085,legacy_fixed_r_v1,2025-04-14 17:55:00+00:00,2025-04-14 18:00:00+00:00,2025-04-14 19:30:00+00:00,19
267241,267253,0.81736,0.8165154634320895,1.629612044940942,STOP,1.7146120449409419,0.085,legacy_fixed_r_v1,2025-04-15 02:05:00+00:00,2025-04-15 02:10:00+00:00,2025-04-15 03:05:00+00:00,12
267272,267274,0.81577,0.8154932778024909,0.5281795475438522,STOP,0.6131795475438522,0.085,legacy_fixed_r_v1,2025-04-15 04:40:00+00:00,2025-04-15 04:45:00+00:00,2025-04-15 04:50:00+00:00,2
267468,267470,0.82407,0.8220401240492374,3.2059490514970608,STOP,3.2909490514970607,0.085,legacy_fixed_r_v1,2025-04-15 21:00:00+00:00,2025-04-15 21:05:00+00:00,2025-04-15 21:10:00+00:00,2
267565,267573,0.81551,0.8145783982264079,1.0490361301281883,STOP,1.1340361301281883,0.085,legacy_fixed_r_v1,2025-04-16 05:05:00+00:00,2025-04-16 05:10:00+00:00,2025-04-16 05:45:00+00:00,8
267643,267653,0.81613,0.8154294238958683,0.5137466702146327,STOP,0.5987466702146327,0.085,legacy_fixed_r_v1,2025-04-16 11:35:00+00:00,2025-04-16 11:40:00+00:00,2025-04-16 12:25:00+00:00,10
267695,267707,0.81429,0.8154431436514349,-1.0849999999999966,STOP,-0.9999999999999967,0.085,legacy_fixed_r_v1,2025-04-16 15:55:00+00:00,2025-04-16 16:00:00+00:00,2025-04-16 16:55:00+00:00,12
267733,267738,0.81354,0.8128226121492854,0.6646299660344688,STOP,0.7496299660344687,0.085,legacy_fixed_r_v1,2025-04-16 19:05:00+00:00,2025-04-16 19:10:00+00:00,2025-04-16 19:30:00+00:00,5
267786,267791,0.81319,0.8136344940355863,-1.0849999999999111,STOP,-0.9999999999999112,0.085,legacy_fixed_r_v1,2025-04-16 23:30:00+00:00,2025-04-16 23:35:00+00:00,2025-04-16 23:55:00+00:00,5
267915,267924,0.81671,0.8175978482594342,-1.085000000000004,STOP,-1.000000000000004,0.085,legacy_fixed_r_v1,2025-04-17 10:15:00+00:00,2025-04-17 10:20:00+00:00,2025-04-17 11:00:00+00:00,9
267965,267969,0.81639,0.8175325895235642,-1.084999999999997,STOP,-0.999999999999997,0.085,legacy_fixed_r_v1,2025-04-17 14:25:00+00:00,2025-04-17 14:30:00+00:00,2025-04-17 14:45:00+00:00,4
268011,268025,0.82034,0.8188658201130756,1.496405258504756,STOP,1.581405258504756,0.085,legacy_fixed_r_v1,2025-04-17 18:15:00+00:00,2025-04-17 18:20:00+00:00,2025-04-17 19:25:00+00:00,14
268044,268047,0.8212,0.8181837730784859,3.949398064576763,STOP,4.034398064576763,0.085,legacy_fixed_r_v1,2025-04-17 21:00:00+00:00,2025-04-17 21:05:00+00:00,2025-04-17 21:15:00+00:00,3
268116,268136,0.8177,0.8182524930073054,-1.0849999999999422,STOP,-0.9999999999999423,0.085,legacy_fixed_r_v1,2025-04-18 03:00:00+00:00,2025-04-18 03:05:00+00:00,2025-04-18 04:40:00+00:00,20
268258,268305,0.81741,0.8165104084378427,1.326451580918756,STOP,1.411451580918756,0.085,legacy_fixed_r_v1,2025-04-18 14:50:00+00:00,2025-04-18 14:55:00+00:00,2025-04-18 18:45:00+00:00,47
268323,268325,0.81681,0.8163654911443831,1.342258340851914,STOP,1.427258340851914,0.085,legacy_fixed_r_v1,2025-04-18 20:15:00+00:00,2025-04-18 20:20:00+00:00,2025-04-18 20:25:00+00:00,2
268395,268397,0.81061,0.8084927905620719,3.043358496919355,STOP,3.128358496919355,0.085,legacy_fixed_r_v1,2025-04-21 02:20:00+00:00,2025-04-21 02:25:00+00:00,2025-04-21 02:30:00+00:00,2
268426,268434,0.8082,0.8075841045399305,0.8633618421108361,STOP,0.9483618421108361,0.085,legacy_fixed_r_v1,2025-04-21 04:55:00+00:00,2025-04-21 05:00:00+00:00,2025-04-21 05:35:00+00:00,8
268476,268487,0.80482,0.8058714529967265,-1.0850000000000066,STOP,-1.0000000000000067,0.085,legacy_fixed_r_v1,2025-04-21 09:05:00+00:00,2025-04-21 09:10:00+00:00,2025-04-21 10:00:00+00:00,11
268506,268512,0.80593,0.8053384741701926,0.6103755876485302,STOP,0.6953755876485301,0.085,legacy_fixed_r_v1,2025-04-21 11:35:00+00:00,2025-04-21 11:40:00+00:00,2025-04-21 12:05:00+00:00,6
268554,268566,0.80685,0.8078151420256262,-1.084999999999987,STOP,-0.999999999999987,0.085,legacy_fixed_r_v1,2025-04-21 15:35:00+00:00,2025-04-21 15:40:00+00:00,2025-04-21 16:35:00+00:00,12
268796,268799,0.81092,0.8117409616977549,-1.0849999999999531,STOP,-0.999999999999953,0.085,legacy_fixed_r_v1,2025-04-22 11:45:00+00:00,2025-04-22 11:50:00+00:00,2025-04-22 12:00:00+00:00,3
268907,268910,0.81904,0.8174446305957996,2.160030973615702,STOP,2.245030973615702,0.085,legacy_fixed_r_v1,2025-04-22 21:00:00+00:00,2025-04-22 21:05:00+00:00,2025-04-22 21:15:00+00:00,3
268943,268952,0.82519,0.8240304374048874,0.713333441245606,STOP,0.798333441245606,0.085,legacy_fixed_r_v1,2025-04-23 00:00:00+00:00,2025-04-23 00:05:00+00:00,2025-04-23 00:45:00+00:00,9
268999,269012,0.82264,0.8234249836912555,-1.0850000000000524,STOP,-1.0000000000000524,0.085,legacy_fixed_r_v1,2025-04-23 04:40:00+00:00,2025-04-23 04:45:00+00:00,2025-04-23 05:45:00+00:00,13
269195,269198,0.83127,0.8284570169915343,5.05408148894648,STOP,5.13908148894648,0.085,legacy_fixed_r_v1,2025-04-23 21:00:00+00:00,2025-04-23 21:05:00+00:00,2025-04-23 21:15:00+00:00,3
269235,269249,0.82918,0.8284969928300092,0.8430185733319432,STOP,0.9280185733319432,0.085,legacy_fixed_r_v1,2025-04-24 00:20:00+00:00,2025-04-24 00:25:00+00:00,2025-04-24 01:30:00+00:00,14
269296,269299,0.82823,0.8287804948110021,-1.0850000000000444,STOP,-1.0000000000000444,0.085,legacy_fixed_r_v1,2025-04-24 05:25:00+00:00,2025-04-24 05:30:00+00:00,2025-04-24 05:40:00+00:00,3
269549,269559,0.83,0.8305974827155441,-1.0849999999999875,STOP,-0.9999999999999875,0.085,legacy_fixed_r_v1,2025-04-25 02:30:00+00:00,2025-04-25 02:35:00+00:00,2025-04-25 03:20:00+00:00,10
269628,269638,0.82992,0.8309299347025086,-1.0850000000000308,STOP,-1.0000000000000309,0.085,legacy_fixed_r_v1,2025-04-25 09:05:00+00:00,2025-04-25 09:10:00+00:00,2025-04-25 09:55:00+00:00,10
269708,269720,0.8288,0.8281753963435794,0.7328230795289391,STOP,0.8178230795289391,0.085,legacy_fixed_r_v1,2025-04-25 15:45:00+00:00,2025-04-25 15:50:00+00:00,2025-04-25 16:45:00+00:00,12
269862,269868,0.82793,0.8271486264598338,2.004277258769767,STOP,2.089277258769767,0.085,legacy_fixed_r_v1,2025-04-28 04:35:00+00:00,2025-04-28 04:40:00+00:00,2025-04-28 05:05:00+00:00,6
270000,270002,0.82465,0.823802845351515,0.8244393632206626,STOP,0.9094393632206625,0.085,legacy_fixed_r_v1,2025-04-28 16:05:00+00:00,2025-04-28 16:10:00+00:00,2025-04-28 16:15:00+00:00,2
270049,270061,0.82047,0.8198548364777005,1.2028519790976937,STOP,1.2878519790976937,0.085,legacy_fixed_r_v1,2025-04-28 20:10:00+00:00,2025-04-28 20:15:00+00:00,2025-04-28 21:10:00+00:00,12
270097,270099,0.82095,0.8214092768360313,-1.084999999999909,STOP,-0.999999999999909,0.085,legacy_fixed_r_v1,2025-04-29 00:10:00+00:00,2025-04-29 00:15:00+00:00,2025-04-29 00:20:00+00:00,2
270227,270248,0.82523,0.8234372683754209,2.3256526479075204,STOP,2.4106526479075203,0.085,legacy_fixed_r_v1,2025-04-29 11:00:00+00:00,2025-04-29 11:05:00+00:00,2025-04-29 12:45:00+00:00,21
270290,270296,0.82295,0.8238934790258031,-1.0850000000000173,STOP,-1.0000000000000173,0.085,legacy_fixed_r_v1,2025-04-29 16:15:00+00:00,2025-04-29 16:20:00+00:00,2025-04-29 16:45:00+00:00,6
270324,270332,0.82379,0.8244459768009657,-1.0850000000000433,STOP,-1.0000000000000433,0.085,legacy_fixed_r_v1,2025-04-29 19:05:00+00:00,2025-04-29 19:10:00+00:00,2025-04-29 19:45:00+00:00,8
270338,270348,0.82363,0.8231156784160761,0.9412303723914042,STOP,1.0262303723914041,0.085,legacy_fixed_r_v1,2025-04-29 20:15:00+00:00,2025-04-29 20:20:00+00:00,2025-04-29 21:05:00+00:00,10
270357,270359,0.82441,0.8228354962012489,2.8105803327560603,STOP,2.8955803327560603,0.085,legacy_fixed_r_v1,2025-04-29 21:50:00+00:00,2025-04-29 21:55:00+00:00,2025-04-29 22:00:00+00:00,2
270550,270552,0.82248,0.8234815449438857,-1.084999999999967,STOP,-0.9999999999999671,0.085,legacy_fixed_r_v1,2025-04-30 13:55:00+00:00,2025-04-30 14:00:00+00:00,2025-04-30 14:05:00+00:00,2
270579,270616,0.82255,0.8237090943975293,-1.0850000000000393,STOP,-1.0000000000000393,0.085,legacy_fixed_r_v1,2025-04-30 16:20:00+00:00,2025-04-30 16:25:00+00:00,2025-04-30 19:25:00+00:00,37
270636,270639,0.82738,0.825518071318169,2.516018794782029,STOP,2.601018794782029,0.085,legacy_fixed_r_v1,2025-04-30 21:20:00+00:00,2025-04-30 21:25:00+00:00,2025-04-30 21:35:00+00:00,3
270697,270705,0.82634,0.8267709543305253,-1.085000000000059,STOP,-1.000000000000059,0.085,legacy_fixed_r_v1,2025-05-01 02:25:00+00:00,2025-05-01 02:30:00+00:00,2025-05-01 03:05:00+00:00,8
270893,270895,0.83122,0.8317884078797863,-1.0850000000000313,STOP,-1.0000000000000313,0.085,legacy_fixed_r_v1,2025-05-01 18:45:00+00:00,2025-05-01 18:50:00+00:00,2025-05-01 18:55:00+00:00,2
270924,270931,0.83024,0.8289481851153274,1.9981584994376225,STOP,2.0831584994376224,0.085,legacy_fixed_r_v1,2025-05-01 21:20:00+00:00,2025-05-01 21:25:00+00:00,2025-05-01 21:55:00+00:00,7
270995,271001,0.82965,0.8287914470218916,1.6190376400688042,STOP,1.7040376400688042,0.085,legacy_fixed_r_v1,2025-05-02 03:15:00+00:00,2025-05-02 03:20:00+00:00,2025-05-02 03:45:00+00:00,6
271017,271025,0.82861,0.8282164130383419,0.6843996113876414,STOP,0.7693996113876413,0.085,legacy_fixed_r_v1,2025-05-02 05:05:00+00:00,2025-05-02 05:10:00+00:00,2025-05-02 05:45:00+00:00,8
271095,271097,0.82293,0.823851943057917,-1.0849999999999622,STOP,-0.9999999999999621,0.085,legacy_fixed_r_v1,2025-05-02 11:35:00+00:00,2025-05-02 11:40:00+00:00,2025-05-02 11:45:00+00:00,2
271166,271176,0.82671,0.8275970837649608,-1.085000000000053,STOP,-1.000000000000053,0.085,legacy_fixed_r_v1,2025-05-02 17:30:00+00:00,2025-05-02 17:35:00+00:00,2025-05-02 18:20:00+00:00,10
271208,271210,0.82802,0.8245015960114725,4.7578545543466255,STOP,4.8428545543466255,0.085,legacy_fixed_r_v1,2025-05-04 21:05:00+00:00,2025-05-04 21:10:00+00:00,2025-05-04 21:15:00+00:00,2
271237,271242,0.82478,0.8243298354336717,0.6410684857457254,STOP,0.7260684857457254,0.085,legacy_fixed_r_v1,2025-05-04 23:35:00+00:00,2025-05-04 23:40:00+00:00,2025-05-05 00:00:00+00:00,5
271254,271260,0.82387,0.8226893825689001,2.185232335856062,STOP,2.270232335856062,0.085,legacy_fixed_r_v1,2025-05-05 01:00:00+00:00,2025-05-05 01:05:00+00:00,2025-05-05 01:30:00+00:00,6
271272,271278,0.82223,0.8228110238244082,-1.0849999999999154,STOP,-0.9999999999999153,0.085,legacy_fixed_r_v1,2025-05-05 02:30:00+00:00,2025-05-05 02:35:00+00:00,2025-05-05 03:00:00+00:00,6
271304,271306,0.82281,0.8232836606277708,-1.0849999999999045,STOP,-0.9999999999999044,0.085,legacy_fixed_r_v1,2025-05-05 05:10:00+00:00,2025-05-05 05:15:00+00:00,2025-05-05 05:20:00+00:00,2
271340,271354,0.82563,0.8244025038297219,1.2286954095953284,STOP,1.3136954095953284,0.085,legacy_fixed_r_v1,2025-05-05 08:10:00+00:00,2025-05-05 08:15:00+00:00,2025-05-05 09:20:00+00:00,14
271468,271474,0.8231,0.8226604052008973,0.910394143420477,STOP,0.9953941434204769,0.085,legacy_fixed_r_v1,2025-05-05 18:50:00+00:00,2025-05-05 18:55:00+00:00,2025-05-05 19:20:00+00:00,6
271526,271530,0.82186,0.8222107459730665,-1.0850000000000073,STOP,-1.0000000000000073,0.085,legacy_fixed_r_v1,2025-05-05 23:40:00+00:00,2025-05-05 23:45:00+00:00,2025-05-06 00:00:00+00:00,4
271695,271699,0.82272,0.8236691452548024,-1.0850000000000173,STOP,-1.0000000000000173,0.085,legacy_fixed_r_v1,2025-05-06 13:45:00+00:00,2025-05-06 13:50:00+00:00,2025-05-06 14:05:00+00:00,4
271766,271774,0.82141,0.821856226936465,-1.0849999999998983,STOP,-0.9999999999998983,0.085,legacy_fixed_r_v1,2025-05-06 19:40:00+00:00,2025-05-06 19:45:00+00:00,2025-05-06 20:20:00+00:00,8
271818,271822,0.82495,0.8258382930309416,-1.0850000000000575,STOP,-1.0000000000000575,0.085,legacy_fixed_r_v1,2025-05-07 00:00:00+00:00,2025-05-07 00:05:00+00:00,2025-05-07 00:20:00+00:00,4
271850,271888,0.82546,0.8244980750438015,1.2349950100348859,STOP,1.3199950100348858,0.085,legacy_fixed_r_v1,2025-05-07 02:40:00+00:00,2025-05-07 02:45:00+00:00,2025-05-07 05:50:00+00:00,38
271931,271941,0.82456,0.8230811933096708,1.8156728073682973,STOP,1.9006728073682972,0.085,legacy_fixed_r_v1,2025-05-07 09:25:00+00:00,2025-05-07 09:30:00+00:00,2025-05-07 10:15:00+00:00,10
271996,271997,0.81954,0.8203808338576218,-1.0850000000000268,STOP,-1.0000000000000269,0.085,legacy_fixed_r_v1,2025-05-07 14:50:00+00:00,2025-05-07 14:55:00+00:00,2025-05-07 14:55:00+00:00,1
272070,272074,0.82483,0.8225358064231656,2.456718233999979,STOP,2.541718233999979,0.085,legacy_fixed_r_v1,2025-05-07 21:00:00+00:00,2025-05-07 21:05:00+00:00,2025-05-07 21:20:00+00:00,4
272110,272117,0.82335,0.82311662831875,0.40535078732948127,STOP,0.4903507873294813,0.085,legacy_fixed_r_v1,2025-05-08 00:20:00+00:00,2025-05-08 00:25:00+00:00,2025-05-08 00:55:00+00:00,7
272223,272228,0.82566,0.8264521399435978,-1.0850000000000457,STOP,-1.0000000000000457,0.085,legacy_fixed_r_v1,2025-05-08 09:45:00+00:00,2025-05-08 09:50:00+00:00,2025-05-08 10:10:00+00:00,5
272358,272360,0.83265,0.8299137662358236,3.415929862289495,STOP,3.500929862289495,0.085,legacy_fixed_r_v1,2025-05-08 21:05:00+00:00,2025-05-08 21:10:00+00:00,2025-05-08 21:15:00+00:00,2
272427,272431,0.83242,0.8318611468402071,0.7761919580812164,STOP,0.8611919580812164,0.085,legacy_fixed_r_v1,2025-05-09 02:50:00+00:00,2025-05-09 02:55:00+00:00,2025-05-09 03:10:00+00:00,4
272454,272457,0.8311,0.8315693250686699,-1.0849999999999185,STOP,-0.9999999999999184,0.085,legacy_fixed_r_v1,2025-05-09 05:05:00+00:00,2025-05-09 05:10:00+00:00,2025-05-09 05:20:00+00:00,3
272547,272552,0.83041,0.8296347618670228,0.944682294747365,STOP,1.029682294747365,0.085,legacy_fixed_r_v1,2025-05-09 12:50:00+00:00,2025-05-09 12:55:00+00:00,2025-05-09 13:15:00+00:00,5
272564,272569,0.82904,0.8275908003333269,1.8576029219636476,STOP,1.9426029219636476,0.085,legacy_fixed_r_v1,2025-05-09 14:15:00+00:00,2025-05-09 14:20:00+00:00,2025-05-09 14:40:00+00:00,5
272670,272684,0.83372,0.8342677981145451,-1.0850000000000342,STOP,-1.0000000000000342,0.085,legacy_fixed_r_v1,2025-05-11 23:10:00+00:00,2025-05-11 23:15:00+00:00,2025-05-12 00:20:00+00:00,14
272706,272742,0.83378,0.8343967991929518,-1.084999999999956,STOP,-0.9999999999999559,0.085,legacy_fixed_r_v1,2025-05-12 02:10:00+00:00,2025-05-12 02:15:00+00:00,2025-05-12 05:10:00+00:00,36
272814,272824,0.84441,0.8428227893945507,1.0484581757329485,STOP,1.1334581757329485,0.085,legacy_fixed_r_v1,2025-05-12 11:10:00+00:00,2025-05-12 11:15:00+00:00,2025-05-12 12:00:00+00:00,10
272906,272966,0.84548,0.8448838621480322,0.6609828043272133,STOP,0.7459828043272133,0.085,legacy_fixed_r_v1,2025-05-12 18:50:00+00:00,2025-05-12 18:55:00+00:00,2025-05-12 23:50:00+00:00,60
273008,273012,0.84379,0.8435043906361227,0.5420913317588981,STOP,0.6270913317588981,0.085,legacy_fixed_r_v1,2025-05-13 03:20:00+00:00,2025-05-13 03:25:00+00:00,2025-05-13 03:40:00+00:00,4
273030,273037,0.84261,0.8430856544257795,-1.0849999999999604,STOP,-0.9999999999999604,0.085,legacy_fixed_r_v1,2025-05-13 05:10:00+00:00,2025-05-13 05:15:00+00:00,2025-05-13 05:45:00+00:00,7
273182,273208,0.84097,0.8396869502060469,2.0835838703031713,STOP,2.1685838703031712,0.085,legacy_fixed_r_v1,2025-05-13 17:50:00+00:00,2025-05-13 17:55:00+00:00,2025-05-13 20:00:00+00:00,26
273303,273311,0.83857,0.8383172666628302,0.4605731917530756,STOP,0.5455731917530756,0.085,legacy_fixed_r_v1,2025-05-14 03:55:00+00:00,2025-05-14 04:00:00+00:00,2025-05-14 04:35:00+00:00,8
273501,273509,0.84268,0.8416364307001989,1.9646831931198374,STOP,2.0496831931198374,0.085,legacy_fixed_r_v1,2025-05-14 20:25:00+00:00,2025-05-14 20:30:00+00:00,2025-05-14 21:10:00+00:00,8
273531,273543,0.84114,0.8415479130052476,-1.0849999999999993,STOP,-0.9999999999999993,0.085,legacy_fixed_r_v1,2025-05-14 23:00:00+00:00,2025-05-14 23:05:00+00:00,2025-05-15 00:00:00+00:00,12
273578,273585,0.83954,0.8392093436879101,0.6194243194267857,STOP,0.7044243194267856,0.085,legacy_fixed_r_v1,2025-05-15 02:55:00+00:00,2025-05-15 03:00:00+00:00,2025-05-15 03:30:00+00:00,7
273646,273652,0.83662,0.8374764347537689,-1.0849999999999802,STOP,-0.9999999999999802,0.085,legacy_fixed_r_v1,2025-05-15 08:35:00+00:00,2025-05-15 08:40:00+00:00,2025-05-15 09:05:00+00:00,6
273689,273695,0.83764,0.8367320073320166,1.1901420951447979,STOP,1.2751420951447978,0.085,legacy_fixed_r_v1,2025-05-15 12:10:00+00:00,2025-05-15 12:15:00+00:00,2025-05-15 12:40:00+00:00,6
273734,273744,0.83603,0.8369287869583162,-1.0850000000000082,STOP,-1.0000000000000082,0.085,legacy_fixed_r_v1,2025-05-15 15:55:00+00:00,2025-05-15 16:00:00+00:00,2025-05-15 16:45:00+00:00,10
273831,273832,0.83384,0.8343158449012853,-1.0850000000001103,STOP,-1.0000000000001104,0.085,legacy_fixed_r_v1,2025-05-16 00:00:00+00:00,2025-05-16 00:05:00+00:00,2025-05-16 00:05:00+00:00,1
273857,273861,0.83293,0.833485491682757,-1.0850000000000306,STOP,-1.0000000000000306,0.085,legacy_fixed_r_v1,2025-05-16 02:10:00+00:00,2025-05-16 02:15:00+00:00,2025-05-16 02:30:00+00:00,4
273892,273902,0.83396,0.8336639833992976,0.5951265676546386,STOP,0.6801265676546385,0.085,legacy_fixed_r_v1,2025-05-16 05:05:00+00:00,2025-05-16 05:10:00+00:00,2025-05-16 05:55:00+00:00,10
273997,273999,0.83691,0.8376381470629705,-1.0850000000000444,STOP,-1.0000000000000444,0.085,legacy_fixed_r_v1,2025-05-16 13:50:00+00:00,2025-05-16 13:55:00+00:00,2025-05-16 14:00:00+00:00,2
274032,274081,0.83903,0.8380553169420154,1.3799451168885184,STOP,1.4649451168885184,0.085,legacy_fixed_r_v1,2025-05-16 16:45:00+00:00,2025-05-16 16:50:00+00:00,2025-05-16 20:50:00+00:00,49
274095,274100,0.83566,0.8347057032915999,1.361164156407568,STOP,1.446164156407568,0.085,legacy_fixed_r_v1,2025-05-18 22:05:00+00:00,2025-05-18 22:10:00+00:00,2025-05-18 22:30:00+00:00,5
274146,274166,0.83541,0.836070725553438,-1.0850000000000224,STOP,-1.0000000000000224,0.085,legacy_fixed_r_v1,2025-05-19 02:20:00+00:00,2025-05-19 02:25:00+00:00,2025-05-19 04:00:00+00:00,20
274191,274197,0.83575,0.835074552864515,1.3652569917103077,STOP,1.4502569917103076,0.085,legacy_fixed_r_v1,2025-05-19 06:05:00+00:00,2025-05-19 06:10:00+00:00,2025-05-19 06:35:00+00:00,6
274341,274371,0.83476,0.833062325528817,3.372582749118293,STOP,3.457582749118293,0.085,legacy_fixed_r_v1,2025-05-19 18:35:00+00:00,2025-05-19 18:40:00+00:00,2025-05-19 21:05:00+00:00,30
274448,274476,0.83434,0.8335852103876942,1.3937739664381237,STOP,1.4787739664381236,0.085,legacy_fixed_r_v1,2025-05-20 03:30:00+00:00,2025-05-20 03:35:00+00:00,2025-05-20 05:50:00+00:00,28
274541,274553,0.83326,0.8337675362422925,-1.0849999999999171,STOP,-0.9999999999999171,0.085,legacy_fixed_r_v1,2025-05-20 11:15:00+00:00,2025-05-20 11:20:00+00:00,2025-05-20 12:15:00+00:00,12
274613,274630,0.8317,0.8296740872333498,3.482747144837063,STOP,3.567747144837063,0.085,legacy_fixed_r_v1,2025-05-20 17:15:00+00:00,2025-05-20 17:20:00+00:00,2025-05-20 18:40:00+00:00,17
274654,274660,0.82873,0.8282694836127168,1.1581349062872244,STOP,1.2431349062872243,0.085,legacy_fixed_r_v1,2025-05-20 20:40:00+00:00,2025-05-20 20:45:00+00:00,2025-05-20 21:10:00+00:00,6
274671,274673,0.8271,0.8262696578655311,1.570483444206346,STOP,1.655483444206346,0.085,legacy_fixed_r_v1,2025-05-20 22:05:00+00:00,2025-05-20 22:10:00+00:00,2025-05-20 22:15:00+00:00,2
274718,274729,0.82474,0.8232304282055664,2.254972403803185,STOP,2.339972403803185,0.085,legacy_fixed_r_v1,2025-05-21 02:00:00+00:00,2025-05-21 02:05:00+00:00,2025-05-21 02:55:00+00:00,11
274737,274753,0.82266,0.8220704375977673,0.8244983807120865,STOP,0.9094983807120864,0.085,legacy_fixed_r_v1,2025-05-21 03:35:00+00:00,2025-05-21 03:40:00+00:00,2025-05-21 04:55:00+00:00,16
274810,274820,0.82501,0.8232387315262466,2.061093416775919,STOP,2.146093416775919,0.085,legacy_fixed_r_v1,2025-05-21 09:40:00+00:00,2025-05-21 09:45:00+00:00,2025-05-21 10:30:00+00:00,10
274900,274904,0.82439,0.8233379724923893,1.494020831210816,STOP,1.579020831210816,0.085,legacy_fixed_r_v1,2025-05-21 17:10:00+00:00,2025-05-21 17:15:00+00:00,2025-05-21 17:30:00+00:00,4
274940,274947,0.82508,0.8244075585122451,1.4053313188246301,STOP,1.49033131882463,0.085,legacy_fixed_r_v1,2025-05-21 20:30:00+00:00,2025-05-21 20:35:00+00:00,2025-05-21 21:05:00+00:00,7
274974,274985,0.82571,0.8244360448285376,2.0033079488104146,STOP,2.0883079488104146,0.085,legacy_fixed_r_v1,2025-05-21 23:20:00+00:00,2025-05-21 23:25:00+00:00,2025-05-22 00:15:00+00:00,11
275207,275221,0.82905,0.8284205236057366,1.1328778934012034,STOP,1.2178778934012033,0.085,legacy_fixed_r_v1,2025-05-22 18:45:00+00:00,2025-05-22 18:50:00+00:00,2025-05-22 19:55:00+00:00,14
275234,275241,0.83039,0.8282792664917628,4.675794987618536,STOP,4.760794987618536,0.085,legacy_fixed_r_v1,2025-05-22 21:00:00+00:00,2025-05-22 21:05:00+00:00,2025-05-22 21:35:00+00:00,7
275306,275311,0.82639,0.8268048447332564,-1.0849999999999234,STOP,-0.9999999999999234,0.085,legacy_fixed_r_v1,2025-05-23 03:00:00+00:00,2025-05-23 03:05:00+00:00,2025-05-23 03:25:00+00:00,5
275341,275345,0.82616,0.8265491430763443,-1.0850000000000257,STOP,-1.0000000000000258,0.085,legacy_fixed_r_v1,2025-05-23 05:55:00+00:00,2025-05-23 06:00:00+00:00,2025-05-23 06:15:00+00:00,4
275439,275450,0.82278,0.8216883605708879,0.8925825345933548,STOP,0.9775825345933548,0.085,legacy_fixed_r_v1,2025-05-23 14:05:00+00:00,2025-05-23 14:10:00+00:00,2025-05-23 15:00:00+00:00,11
275473,275532,0.82093,0.8202240399001909,0.9947309572240886,STOP,1.0797309572240885,0.085,legacy_fixed_r_v1,2025-05-23 16:55:00+00:00,2025-05-23 17:00:00+00:00,2025-05-25 21:50:00+00:00,59
275801,275806,0.82071,0.8208403174679485,-1.0850000000003694,STOP,-1.0000000000003695,0.085,legacy_fixed_r_v1,2025-05-26 20:15:00+00:00,2025-05-26 20:20:00+00:00,2025-05-26 20:40:00+00:00,5
275846,275848,0.82014,0.8196318498984418,1.3008259757133454,STOP,1.3858259757133453,0.085,legacy_fixed_r_v1,2025-05-27 00:00:00+00:00,2025-05-27 00:05:00+00:00,2025-05-27 00:10:00+00:00,2
276044,276049,0.82687,0.8274407851861536,-1.0849999999999176,STOP,-0.9999999999999175,0.085,legacy_fixed_r_v1,2025-05-27 16:30:00+00:00,2025-05-27 16:35:00+00:00,2025-05-27 16:55:00+00:00,5
276097,276099,0.8281,0.8245346407837987,13.176928387351117,STOP,13.261928387351118,0.085,legacy_fixed_r_v1,2025-05-27 20:55:00+00:00,2025-05-27 21:00:00+00:00,2025-05-27 21:05:00+00:00,2
276179,276187,0.82795,0.828459919825289,-1.08500000000009,STOP,-1.00000000000009,0.085,legacy_fixed_r_v1,2025-05-28 03:45:00+00:00,2025-05-28 03:50:00+00:00,2025-05-28 04:25:00+00:00,8
276204,276207,0.8281,0.8278820421781925,0.4152322921942772,STOP,0.5002322921942772,0.085,legacy_fixed_r_v1,2025-05-28 05:50:00+00:00,2025-05-28 05:55:00+00:00,2025-05-28 06:05:00+00:00,3
276278,276291,0.82701,0.8275936426214958,-1.085000000000086,STOP,-1.000000000000086,0.085,legacy_fixed_r_v1,2025-05-28 12:00:00+00:00,2025-05-28 12:05:00+00:00,2025-05-28 13:05:00+00:00,13
276386,276389,0.82788,0.8267113542734982,3.1237460511462696,STOP,3.2087460511462695,0.085,legacy_fixed_r_v1,2025-05-28 21:00:00+00:00,2025-05-28 21:05:00+00:00,2025-05-28 21:15:00+00:00,3
276441,276501,0.83284,0.8312992629021574,1.0444852749299531,STOP,1.129485274929953,0.085,legacy_fixed_r_v1,2025-05-29 01:35:00+00:00,2025-05-29 01:40:00+00:00,2025-05-29 06:35:00+00:00,60
276634,276653,0.82205,0.8226792198965902,-1.0850000000000304,STOP,-1.0000000000000304,0.085,legacy_fixed_r_v1,2025-05-29 17:40:00+00:00,2025-05-29 17:45:00+00:00,2025-05-29 19:15:00+00:00,19
276672,276675,0.82302,0.8220095244080607,3.0216913579151012,STOP,3.106691357915101,0.085,legacy_fixed_r_v1,2025-05-29 20:50:00+00:00,2025-05-29 20:55:00+00:00,2025-05-29 21:05:00+00:00,3
276762,276770,0.82266,0.8231106487757562,-1.0849999999999909,STOP,-0.9999999999999909,0.085,legacy_fixed_r_v1,2025-05-30 04:20:00+00:00,2025-05-30 04:25:00+00:00,2025-05-30 05:00:00+00:00,8
276780,276782,0.82283,0.8232708416205244,-1.0850000000001168,STOP,-1.0000000000001168,0.085,legacy_fixed_r_v1,2025-05-30 05:50:00+00:00,2025-05-30 05:55:00+00:00,2025-05-30 06:00:00+00:00,2
276832,276835,0.82341,0.8240892132612294,-1.0849999999999504,STOP,-0.9999999999999505,0.085,legacy_fixed_r_v1,2025-05-30 10:10:00+00:00,2025-05-30 10:15:00+00:00,2025-05-30 10:25:00+00:00,3
276853,276857,0.82411,0.8229623659776089,1.8538907694455902,STOP,1.9388907694455901,0.085,legacy_fixed_r_v1,2025-05-30 11:55:00+00:00,2025-05-30 12:00:00+00:00,2025-05-30 12:15:00+00:00,4
276916,276943,0.82185,0.822577989047469,-1.0849999999999875,STOP,-0.9999999999999875,0.085,legacy_fixed_r_v1,2025-05-30 17:10:00+00:00,2025-05-30 17:15:00+00:00,2025-05-30 19:25:00+00:00,27
276961,276963,0.82449,0.8227351471106842,3.50246033929958,STOP,3.58746033929958,0.085,legacy_fixed_r_v1,2025-05-30 20:55:00+00:00,2025-06-01 21:00:00+00:00,2025-06-01 21:05:00+00:00,2
276999,277003,0.82166,0.821381260303501,0.4491291685604089,STOP,0.5341291685604089,0.085,legacy_fixed_r_v1,2025-06-02 00:05:00+00:00,2025-06-02 00:10:00+00:00,2025-06-02 00:25:00+00:00,4
277058,277068,0.82221,0.8209560460131968,3.586691067423556,STOP,3.671691067423556,0.085,legacy_fixed_r_v1,2025-06-02 05:00:00+00:00,2025-06-02 05:05:00+00:00,2025-06-02 05:50:00+00:00,10
277106,277111,0.81708,0.8160964016462576,1.319879714688175,STOP,1.404879714688175,0.085,legacy_fixed_r_v1,2025-06-02 09:00:00+00:00,2025-06-02 09:05:00+00:00,2025-06-02 09:25:00+00:00,5
277538,277540,0.82439,0.8233600700595524,2.818122400229316,STOP,2.903122400229316,0.085,legacy_fixed_r_v1,2025-06-03 21:00:00+00:00,2025-06-03 21:05:00+00:00,2025-06-03 21:10:00+00:00,2
277563,277572,0.82356,0.8230169686112198,1.82339801738094,STOP,1.90839801738094,0.085,legacy_fixed_r_v1,2025-06-03 23:05:00+00:00,2025-06-03 23:10:00+00:00,2025-06-03 23:50:00+00:00,9
277708,277710,0.82318,0.8236005490833705,-1.0849999999999271,STOP,-0.9999999999999271,0.085,legacy_fixed_r_v1,2025-06-04 11:10:00+00:00,2025-06-04 11:15:00+00:00,2025-06-04 11:20:00+00:00,2
277742,277754,0.82015,0.818355699543167,2.083873482984914,STOP,2.168873482984914,0.085,legacy_fixed_r_v1,2025-06-04 14:00:00+00:00,2025-06-04 14:05:00+00:00,2025-06-04 15:00:00+00:00,12
277820,277827,0.81833,0.8169100413677571,3.889153941018923,STOP,3.974153941018923,0.085,legacy_fixed_r_v1,2025-06-04 20:30:00+00:00,2025-06-04 20:35:00+00:00,2025-06-04 21:10:00+00:00,7
277935,277940,0.81886,0.8192510944556857,-1.0850000000000537,STOP,-1.0000000000000537,0.085,legacy_fixed_r_v1,2025-06-05 06:10:00+00:00,2025-06-05 06:15:00+00:00,2025-06-05 06:35:00+00:00,5
277972,277988,0.81981,0.8190360222003057,1.281582430332311,STOP,1.3665824303323109,0.085,legacy_fixed_r_v1,2025-06-05 09:15:00+00:00,2025-06-05 09:20:00+00:00,2025-06-05 10:35:00+00:00,16
278093,278096,0.81982,0.8204479025548608,-1.0850000000000513,STOP,-1.0000000000000513,0.085,legacy_fixed_r_v1,2025-06-05 19:20:00+00:00,2025-06-05 19:25:00+00:00,2025-06-05 19:35:00+00:00,3
278336,278348,0.82177,0.8227359550601996,-1.0850000000000075,STOP,-1.0000000000000075,0.085,legacy_fixed_r_v1,2025-06-06 15:35:00+00:00,2025-06-06 15:40:00+00:00,2025-06-06 16:35:00+00:00,12
278415,278440,0.82123,0.8216762346110776,-1.0849999999999327,STOP,-0.9999999999999326,0.085,legacy_fixed_r_v1,2025-06-08 22:10:00+00:00,2025-06-08 22:15:00+00:00,2025-06-09 00:15:00+00:00,25
278495,278504,0.82091,0.8212037366911852,-1.0849999999999218,STOP,-0.9999999999999217,0.085,legacy_fixed_r_v1,2025-06-09 04:50:00+00:00,2025-06-09 04:55:00+00:00,2025-06-09 05:35:00+00:00,9
278620,278675,0.82099,0.8215752364328984,-1.084999999999983,STOP,-0.9999999999999831,0.085,legacy_fixed_r_v1,2025-06-09 15:15:00+00:00,2025-06-09 15:20:00+00:00,2025-06-09 19:50:00+00:00,55
278688,278690,0.82226,0.8212612678722361,3.915467099150086,STOP,4.000467099150086,0.085,legacy_fixed_r_v1,2025-06-09 20:55:00+00:00,2025-06-09 21:00:00+00:00,2025-06-09 21:05:00+00:00,2
278723,278730,0.8213,0.8211391646262146,0.548651820049887,STOP,0.633651820049887,0.085,legacy_fixed_r_v1,2025-06-09 23:50:00+00:00,2025-06-09 23:55:00+00:00,2025-06-10 00:25:00+00:00,7
278787,278790,0.82236,0.8217439221708509,1.5903235166082796,STOP,1.6753235166082796,0.085,legacy_fixed_r_v1,2025-06-10 05:10:00+00:00,2025-06-10 05:15:00+00:00,2025-06-10 05:25:00+00:00,3
278858,278864,0.82097,0.8214387886200859,-1.0850000000000501,STOP,-1.0000000000000502,0.085,legacy_fixed_r_v1,2025-06-10 11:05:00+00:00,2025-06-10 11:10:00+00:00,2025-06-10 11:35:00+00:00,6
278976,278978,0.82322,0.8223638052376357,2.6320523983677324,STOP,2.7170523983677324,0.085,legacy_fixed_r_v1,2025-06-10 20:55:00+00:00,2025-06-10 21:00:00+00:00,2025-06-10 21:05:00+00:00,2
279264,279266,0.82102,0.81984996682237,3.7042780693992055,STOP,3.7892780693992054,0.085,legacy_fixed_r_v1,2025-06-11 20:55:00+00:00,2025-06-11 21:00:00+00:00,2025-06-11 21:05:00+00:00,2
279344,279351,0.81652,0.8170203497621521,-1.0850000000001057,STOP,-1.0000000000001057,0.085,legacy_fixed_r_v1,2025-06-12 03:35:00+00:00,2025-06-12 03:40:00+00:00,2025-06-12 04:10:00+00:00,7
279365,279373,0.81665,0.8159454219746253,1.7437237093319298,STOP,1.8287237093319297,0.085,legacy_fixed_r_v1,2025-06-12 05:20:00+00:00,2025-06-12 05:25:00+00:00,2025-06-12 06:00:00+00:00,8
279419,279421,0.81298,0.8137601720916331,-1.0850000000000055,STOP,-1.0000000000000056,0.085,legacy_fixed_r_v1,2025-06-12 09:50:00+00:00,2025-06-12 09:55:00+00:00,2025-06-12 10:00:00+00:00,2
279451,279459,0.8107,0.8116339716662706,-1.0850000000000402,STOP,-1.0000000000000402,0.085,legacy_fixed_r_v1,2025-06-12 12:30:00+00:00,2025-06-12 12:35:00+00:00,2025-06-12 13:10:00+00:00,8
279491,279524,0.81252,0.8115063693609276,1.173766496040075,STOP,1.258766496040075,0.085,legacy_fixed_r_v1,2025-06-12 15:50:00+00:00,2025-06-12 15:55:00+00:00,2025-06-12 18:35:00+00:00,33
279551,279554,0.81042,0.8100046280291149,0.9731658566680133,STOP,1.0581658566680132,0.085,legacy_fixed_r_v1,2025-06-12 20:50:00+00:00,2025-06-12 20:55:00+00:00,2025-06-12 21:05:00+00:00,3
279580,279589,0.81007,0.8078521075902757,8.969518918846628,STOP,9.054518918846629,0.085,legacy_fixed_r_v1,2025-06-12 23:15:00+00:00,2025-06-12 23:20:00+00:00,2025-06-13 00:00:00+00:00,9
279776,279779,0.81128,0.8119079632966517,-1.0849999999999431,STOP,-0.999999999999943,0.085,legacy_fixed_r_v1,2025-06-13 15:35:00+00:00,2025-06-13 15:40:00+00:00,2025-06-13 15:50:00+00:00,3
279788,279794,0.81091,0.8114895640589884,-1.084999999999995,STOP,-0.9999999999999951,0.085,legacy_fixed_r_v1,2025-06-13 16:35:00+00:00,2025-06-13 16:40:00+00:00,2025-06-13 17:05:00+00:00,6
279811,279813,0.81091,0.8114320713743987,-1.08500000000001,STOP,-1.00000000000001,0.085,legacy_fixed_r_v1,2025-06-13 18:30:00+00:00,2025-06-13 18:35:00+00:00,2025-06-13 18:40:00+00:00,2
279828,279830,0.81096,0.8114277993747255,-1.0850000000000333,STOP,-1.0000000000000333,0.085,legacy_fixed_r_v1,2025-06-13 19:55:00+00:00,2025-06-13 20:00:00+00:00,2025-06-13 20:05:00+00:00,2
279937,279944,0.81258,0.8112107113859238,4.239639648507343,STOP,4.324639648507343,0.085,legacy_fixed_r_v1,2025-06-16 05:00:00+00:00,2025-06-16 05:05:00+00:00,2025-06-16 05:35:00+00:00,7
279982,280000,0.81172,0.8111221236567133,0.807639692307274,STOP,0.8926396923072739,0.085,legacy_fixed_r_v1,2025-06-16 08:45:00+00:00,2025-06-16 08:50:00+00:00,2025-06-16 10:15:00+00:00,18
280127,280130,0.81384,0.8129351794313007,2.353817449096436,STOP,2.438817449096436,0.085,legacy_fixed_r_v1,2025-06-16 20:50:00+00:00,2025-06-16 20:55:00+00:00,2025-06-16 21:05:00+00:00,3
280236,280237,0.81324,0.8135681088446547,-1.0850000000000233,STOP,-1.0000000000000233,0.085,legacy_fixed_r_v1,2025-06-17 05:55:00+00:00,2025-06-17 06:00:00+00:00,2025-06-17 06:00:00+00:00,1
280293,280307,0.81232,0.8127501763810182,-1.0850000000000257,STOP,-1.0000000000000258,0.085,legacy_fixed_r_v1,2025-06-17 10:40:00+00:00,2025-06-17 10:45:00+00:00,2025-06-17 11:50:00+00:00,14
280414,280419,0.81633,0.8150914035807197,2.9112713490343256,STOP,2.9962713490343256,0.085,legacy_fixed_r_v1,2025-06-17 20:45:00+00:00,2025-06-17 20:50:00+00:00,2025-06-17 21:10:00+00:00,5
280493,280501,0.81622,0.8165591245177874,-1.0849999999999447,STOP,-0.9999999999999447,0.085,legacy_fixed_r_v1,2025-06-18 03:20:00+00:00,2025-06-18 03:25:00+00:00,2025-06-18 04:00:00+00:00,8
280574,280585,0.81721,0.8176914064280543,-1.084999999999916,STOP,-0.9999999999999161,0.085,legacy_fixed_r_v1,2025-06-18 10:05:00+00:00,2025-06-18 10:10:00+00:00,2025-06-18 11:00:00+00:00,11
280598,280601,0.81715,0.8165572291266425,1.1603197838139439,STOP,1.2453197838139438,0.085,legacy_fixed_r_v1,2025-06-18 12:05:00+00:00,2025-06-18 12:10:00+00:00,2025-06-18 12:20:00+00:00,3
280638,280655,0.817,0.8176912534068883,-1.0850000000000046,STOP,-1.0000000000000047,0.085,legacy_fixed_r_v1,2025-06-18 15:25:00+00:00,2025-06-18 15:30:00+00:00,2025-06-18 16:50:00+00:00,17
280785,280810,0.81983,0.8201947750419852,-1.0850000000000621,STOP,-1.0000000000000622,0.085,legacy_fixed_r_v1,2025-06-19 03:40:00+00:00,2025-06-19 03:45:00+00:00,2025-06-19 05:45:00+00:00,25
280993,280995,0.81732,0.8162368293198035,3.043310959382826,STOP,3.128310959382826,0.085,legacy_fixed_r_v1,2025-06-19 21:00:00+00:00,2025-06-19 21:05:00+00:00,2025-06-19 21:10:00+00:00,2
281021,281039,0.81637,0.8160394650138386,0.7725769341449836,STOP,0.8575769341449836,0.085,legacy_fixed_r_v1,2025-06-19 23:20:00+00:00,2025-06-19 23:25:00+00:00,2025-06-20 00:50:00+00:00,18
281079,281084,0.81574,0.8162270824828157,-1.0849999999999163,STOP,-0.9999999999999162,0.085,legacy_fixed_r_v1,2025-06-20 04:10:00+00:00,2025-06-20 04:15:00+00:00,2025-06-20 04:35:00+00:00,5
281135,281142,0.81602,0.816432703418721,-1.0849999999999156,STOP,-0.9999999999999156,0.085,legacy_fixed_r_v1,2025-06-20 08:50:00+00:00,2025-06-20 08:55:00+00:00,2025-06-20 09:25:00+00:00,7
281229,281257,0.81673,0.817223533330868,-1.0849999999999886,STOP,-0.9999999999999886,0.085,legacy_fixed_r_v1,2025-06-20 16:40:00+00:00,2025-06-20 16:45:00+00:00,2025-06-20 19:00:00+00:00,28
281341,281352,0.81825,0.8174894617291006,1.2121539913778883,STOP,1.2971539913778882,0.085,legacy_fixed_r_v1,2025-06-23 02:00:00+00:00,2025-06-23 02:05:00+00:00,2025-06-23 02:55:00+00:00,11
281460,281463,0.81764,0.8183232955105239,-1.084999999999933,STOP,-0.9999999999999328,0.085,legacy_fixed_r_v1,2025-06-23 11:55:00+00:00,2025-06-23 12:00:00+00:00,2025-06-23 12:10:00+00:00,3
281480,281497,0.81758,0.8138523220086632,5.278396397789104,STOP,5.363396397789104,0.085,legacy_fixed_r_v1,2025-06-23 13:35:00+00:00,2025-06-23 13:40:00+00:00,2025-06-23 15:00:00+00:00,17
281613,281615,0.81184,0.812433220434756,-1.085000000000057,STOP,-1.000000000000057,0.085,legacy_fixed_r_v1,2025-06-24 00:40:00+00:00,2025-06-24 00:45:00+00:00,2025-06-24 00:50:00+00:00,2
281635,281648,0.81213,0.811595187589595,0.9223114392250156,STOP,1.0073114392250155,0.085,legacy_fixed_r_v1,2025-06-24 02:30:00+00:00,2025-06-24 02:35:00+00:00,2025-06-24 03:35:00+00:00,13
281676,281682,0.81125,0.8110340824541927,0.4408571979056907,STOP,0.5258571979056907,0.085,legacy_fixed_r_v1,2025-06-24 05:55:00+00:00,2025-06-24 06:00:00+00:00,2025-06-24 06:25:00+00:00,6
281738,281742,0.81007,0.8096047818674941,1.004556788047618,STOP,1.089556788047618,0.085,legacy_fixed_r_v1,2025-06-24 11:05:00+00:00,2025-06-24 11:10:00+00:00,2025-06-24 11:25:00+00:00,4
281805,281845,0.80446,0.8052072377547319,-1.0850000000000262,STOP,-1.0000000000000262,0.085,legacy_fixed_r_v1,2025-06-24 16:40:00+00:00,2025-06-24 16:45:00+00:00,2025-06-24 20:00:00+00:00,40
281856,281860,0.8057,0.805054864026885,1.894271403697758,STOP,1.979271403697758,0.085,legacy_fixed_r_v1,2025-06-24 20:55:00+00:00,2025-06-24 21:00:00+00:00,2025-06-24 21:15:00+00:00,4
281868,281871,0.80566,0.8053975094994025,0.931315960096367,STOP,1.016315960096367,0.085,legacy_fixed_r_v1,2025-06-24 21:55:00+00:00,2025-06-24 22:00:00+00:00,2025-06-24 22:10:00+00:00,3
281960,281962,0.80498,0.8046908063255753,0.9614682165524213,STOP,1.0464682165524213,0.085,legacy_fixed_r_v1,2025-06-25 05:35:00+00:00,2025-06-25 05:40:00+00:00,2025-06-25 05:45:00+00:00,2
282054,282058,0.80638,0.8068717275036765,-1.0850000000000428,STOP,-1.0000000000000429,0.085,legacy_fixed_r_v1,2025-06-25 13:25:00+00:00,2025-06-25 13:30:00+00:00,2025-06-25 13:45:00+00:00,4
282085,282099,0.80516,0.8056866853387811,-1.085000000000011,STOP,-1.000000000000011,0.085,legacy_fixed_r_v1,2025-06-25 16:00:00+00:00,2025-06-25 16:05:00+00:00,2025-06-25 17:10:00+00:00,14
282169,282179,0.80426,0.8038977327329297,1.0222949089423405,STOP,1.1072949089423405,0.085,legacy_fixed_r_v1,2025-06-25 23:00:00+00:00,2025-06-25 23:05:00+00:00,2025-06-25 23:50:00+00:00,10
282215,282219,0.80342,0.8030675841464561,1.0182583095500255,STOP,1.1032583095500255,0.085,legacy_fixed_r_v1,2025-06-26 02:50:00+00:00,2025-06-26 02:55:00+00:00,2025-06-26 03:10:00+00:00,4
282372,282383,0.79908,0.798240589839971,1.034013910916687,STOP,1.119013910916687,0.085,legacy_fixed_r_v1,2025-06-26 15:55:00+00:00,2025-06-26 16:00:00+00:00,2025-06-26 16:50:00+00:00,11
282432,282435,0.80088,0.7994729079673029,3.365431352783504,STOP,3.4504313527835038,0.085,legacy_fixed_r_v1,2025-06-26 20:55:00+00:00,2025-06-26 21:00:00+00:00,2025-06-26 21:10:00+00:00,3
282510,282515,0.80026,0.8006602230472382,-1.0850000000001017,STOP,-1.0000000000001017,0.085,legacy_fixed_r_v1,2025-06-27 03:25:00+00:00,2025-06-27 03:30:00+00:00,2025-06-27 03:50:00+00:00,5
282653,282675,0.79892,0.7996951042110334,-1.0850000000000142,STOP,-1.0000000000000142,0.085,legacy_fixed_r_v1,2025-06-27 15:20:00+00:00,2025-06-27 15:25:00+00:00,2025-06-27 17:10:00+00:00,22
282977,283048,0.79313,0.7920120639757614,1.8456137853825259,STOP,1.9306137853825258,0.085,legacy_fixed_r_v1,2025-06-30 18:20:00+00:00,2025-06-30 18:25:00+00:00,2025-07-01 00:15:00+00:00,71
283081,283086,0.79233,0.7920243698421484,0.7868528486339467,STOP,0.8718528486339466,0.085,legacy_fixed_r_v1,2025-07-01 03:00:00+00:00,2025-07-01 03:05:00+00:00,2025-07-01 03:25:00+00:00,5
283097,283098,0.7919,0.7922287339821344,-1.0850000000001359,STOP,-1.000000000000136,0.085,legacy_fixed_r_v1,2025-07-01 04:20:00+00:00,2025-07-01 04:25:00+00:00,2025-07-01 04:25:00+00:00,1
283208,283213,0.78949,0.7901636245106215,-1.0849999999999747,STOP,-0.9999999999999747,0.085,legacy_fixed_r_v1,2025-07-01 13:35:00+00:00,2025-07-01 13:40:00+00:00,2025-07-01 14:00:00+00:00,5
283252,283276,0.79308,0.7922714743368245,1.0781107115301243,STOP,1.1631107115301242,0.085,legacy_fixed_r_v1,2025-07-01 17:15:00+00:00,2025-07-01 17:20:00+00:00,2025-07-01 19:15:00+00:00,24
283286,283298,0.79203,0.7905025417048211,3.805816238237973,STOP,3.890816238237973,0.085,legacy_fixed_r_v1,2025-07-01 20:05:00+00:00,2025-07-01 20:10:00+00:00,2025-07-01 21:05:00+00:00,12
283326,283346,0.79091,0.7905349120084996,1.2709944179169852,STOP,1.3559944179169852,0.085,legacy_fixed_r_v1,2025-07-01 23:25:00+00:00,2025-07-01 23:30:00+00:00,2025-07-02 01:05:00+00:00,20
283367,283387,0.79085,0.7911851009999541,-1.0850000000000175,STOP,-1.0000000000000175,0.085,legacy_fixed_r_v1,2025-07-02 02:50:00+00:00,2025-07-02 02:55:00+00:00,2025-07-02 04:30:00+00:00,20
283454,283471,0.79245,0.7929482969443742,-1.085000000000065,STOP,-1.000000000000065,0.085,legacy_fixed_r_v1,2025-07-02 10:05:00+00:00,2025-07-02 10:10:00+00:00,2025-07-02 11:30:00+00:00,17
283519,283535,0.79252,0.7919049306966035,0.7913084190340732,STOP,0.8763084190340732,0.085,legacy_fixed_r_v1,2025-07-02 15:30:00+00:00,2025-07-02 15:35:00+00:00,2025-07-02 16:50:00+00:00,16
283554,283584,0.79156,0.7919152434309082,-1.0849999999998523,STOP,-0.9999999999998522,0.085,legacy_fixed_r_v1,2025-07-02 18:25:00+00:00,2025-07-02 18:30:00+00:00,2025-07-02 20:55:00+00:00,30
283587,283589,0.79246,0.7916908209022244,2.0479692206000775,STOP,2.1329692206000774,0.085,legacy_fixed_r_v1,2025-07-02 21:10:00+00:00,2025-07-02 21:15:00+00:00,2025-07-02 21:20:00+00:00,2
283621,283626,0.79156,0.7914095129257215,0.48557873886941366,STOP,0.5705787388694137,0.085,legacy_fixed_r_v1,2025-07-03 00:00:00+00:00,2025-07-03 00:05:00+00:00,2025-07-03 00:25:00+00:00,5
283693,283697,0.79137,0.791609594763859,-1.0850000000002078,STOP,-1.0000000000002078,0.085,legacy_fixed_r_v1,2025-07-03 06:00:00+00:00,2025-07-03 06:05:00+00:00,2025-07-03 06:20:00+00:00,4
283746,283753,0.79222,0.7926169752153963,-1.0849999999999678,STOP,-0.9999999999999678,0.085,legacy_fixed_r_v1,2025-07-03 10:25:00+00:00,2025-07-03 10:30:00+00:00,2025-07-03 11:00:00+00:00,7
283806,283818,0.79503,0.7959503776591806,-1.0850000000000541,STOP,-1.0000000000000542,0.085,legacy_fixed_r_v1,2025-07-03 15:25:00+00:00,2025-07-03 15:30:00+00:00,2025-07-03 16:25:00+00:00,12
283828,283837,0.7952,0.7956888758942673,-1.085000000000103,STOP,-1.000000000000103,0.085,legacy_fixed_r_v1,2025-07-03 17:15:00+00:00,2025-07-03 17:20:00+00:00,2025-07-03 18:00:00+00:00,9
283858,283870,0.79554,0.7953844138201116,0.5311013255239014,STOP,0.6161013255239014,0.085,legacy_fixed_r_v1,2025-07-03 19:45:00+00:00,2025-07-03 19:50:00+00:00,2025-07-03 20:45:00+00:00,12
283872,283874,0.79553,0.7949827230757844,1.9884741146262201,STOP,2.07347411462622,0.085,legacy_fixed_r_v1,2025-07-03 20:55:00+00:00,2025-07-03 21:00:00+00:00,2025-07-03 21:05:00+00:00,2
283948,283950,0.79397,0.7937966398150378,0.47899660789336834,STOP,0.5639966078933684,0.085,legacy_fixed_r_v1,2025-07-04 03:15:00+00:00,2025-07-04 03:20:00+00:00,2025-07-04 03:25:00+00:00,2
283961,283975,0.79336,0.7929454020222193,1.2898365791571609,STOP,1.3748365791571608,0.085,legacy_fixed_r_v1,2025-07-04 04:20:00+00:00,2025-07-04 04:25:00+00:00,2025-07-04 05:30:00+00:00,14
283976,283981,0.79271,0.793005115569539,-1.0850000000001008,STOP,-1.0000000000001008,0.085,legacy_fixed_r_v1,2025-07-04 05:35:00+00:00,2025-07-04 05:40:00+00:00,2025-07-04 06:00:00+00:00,5
284020,284036,0.79329,0.793693379830352,-1.0850000000000062,STOP,-1.0000000000000062,0.085,legacy_fixed_r_v1,2025-07-04 09:15:00+00:00,2025-07-04 09:20:00+00:00,2025-07-04 10:35:00+00:00,16
284044,284049,0.79338,0.7936890890640099,-1.0849999999999926,STOP,-0.9999999999999927,0.085,legacy_fixed_r_v1,2025-07-04 11:15:00+00:00,2025-07-04 11:20:00+00:00,2025-07-04 11:40:00+00:00,5
284072,284078,0.79403,0.7928764050789489,3.699900238999968,STOP,3.7849002389999677,0.085,legacy_fixed_r_v1,2025-07-04 13:35:00+00:00,2025-07-04 13:40:00+00:00,2025-07-04 14:05:00+00:00,6
284197,284225,0.79381,0.7942285362657537,-1.085000000000075,STOP,-1.000000000000075,0.085,legacy_fixed_r_v1,2025-07-07 00:00:00+00:00,2025-07-07 00:05:00+00:00,2025-07-07 02:20:00+00:00,28
284432,284439,0.79784,0.7982530053581173,-1.084999999999897,STOP,-0.999999999999897,0.085,legacy_fixed_r_v1,2025-07-07 19:35:00+00:00,2025-07-07 19:40:00+00:00,2025-07-07 20:10:00+00:00,7
284485,284488,0.79698,0.7966846422575038,0.7782193928046497,STOP,0.8632193928046497,0.085,legacy_fixed_r_v1,2025-07-08 00:00:00+00:00,2025-07-08 00:05:00+00:00,2025-07-08 00:15:00+00:00,3
284531,284539,0.79648,0.7960190176079462,1.261128749072428,STOP,1.3461287490724279,0.085,legacy_fixed_r_v1,2025-07-08 03:50:00+00:00,2025-07-08 03:55:00+00:00,2025-07-08 04:30:00+00:00,8
284597,284604,0.79624,0.7966142126979396,-1.085000000000119,STOP,-1.000000000000119,0.085,legacy_fixed_r_v1,2025-07-08 09:20:00+00:00,2025-07-08 09:25:00+00:00,2025-07-08 09:55:00+00:00,7
284701,284707,0.79556,0.7960775920449632,-1.0849999999999616,STOP,-0.9999999999999615,0.085,legacy_fixed_r_v1,2025-07-08 18:00:00+00:00,2025-07-08 18:05:00+00:00,2025-07-08 18:30:00+00:00,6
284727,284738,0.79574,0.7960449174327804,-1.0850000000000892,STOP,-1.0000000000000893,0.085,legacy_fixed_r_v1,2025-07-08 20:10:00+00:00,2025-07-08 20:15:00+00:00,2025-07-08 21:05:00+00:00,11
284830,284835,0.79732,0.7971491320636681,0.549675469030815,STOP,0.634675469030815,0.085,legacy_fixed_r_v1,2025-07-09 04:45:00+00:00,2025-07-09 04:50:00+00:00,2025-07-09 05:10:00+00:00,5
284942,284946,0.79467,0.7943843828422601,0.42922569670140215,STOP,0.5142256967014022,0.085,legacy_fixed_r_v1,2025-07-09 14:05:00+00:00,2025-07-09 14:10:00+00:00,2025-07-09 14:25:00+00:00,4
284978,284996,0.79523,0.7946905794351716,1.4469074625628273,STOP,1.5319074625628273,0.085,legacy_fixed_r_v1,2025-07-09 17:05:00+00:00,2025-07-09 17:10:00+00:00,2025-07-09 18:35:00+00:00,18
285278,285296,0.79712,0.7966309787571235,1.1863065748476305,STOP,1.2713065748476304,0.085,legacy_fixed_r_v1,2025-07-10 18:05:00+00:00,2025-07-10 18:10:00+00:00,2025-07-10 19:35:00+00:00,18
285313,285316,0.7975,0.7965082868364302,2.4044676347562826,STOP,2.4894676347562825,0.085,legacy_fixed_r_v1,2025-07-10 21:00:00+00:00,2025-07-10 21:05:00+00:00,2025-07-10 21:15:00+00:00,3
285388,285391,0.79755,0.797288793388569,0.7197821526442839,STOP,0.8047821526442839,0.085,legacy_fixed_r_v1,2025-07-11 03:15:00+00:00,2025-07-11 03:20:00+00:00,2025-07-11 03:30:00+00:00,3
285411,285414,0.79734,0.7971106576444827,0.8000509914560834,STOP,0.8850509914560833,0.085,legacy_fixed_r_v1,2025-07-11 05:10:00+00:00,2025-07-11 05:15:00+00:00,2025-07-11 05:25:00+00:00,3
285465,285470,0.79656,0.7957867849418102,1.7125304571329032,STOP,1.7975304571329032,0.085,legacy_fixed_r_v1,2025-07-11 09:40:00+00:00,2025-07-11 09:45:00+00:00,2025-07-11 10:05:00+00:00,5
285535,285563,0.79612,0.7966778861824388,-1.0849999999999336,STOP,-0.9999999999999335,0.085,legacy_fixed_r_v1,2025-07-11 15:30:00+00:00,2025-07-11 15:35:00+00:00,2025-07-11 17:50:00+00:00,28
285599,285601,0.79676,0.7961523195299186,1.9857617817755924,STOP,2.0707617817755923,0.085,legacy_fixed_r_v1,2025-07-11 20:50:00+00:00,2025-07-11 20:55:00+00:00,2025-07-13 21:00:00+00:00,2
285651,285659,0.79585,0.7962459691752787,-1.0849999999999949,STOP,-0.9999999999999949,0.085,legacy_fixed_r_v1,2025-07-14 01:10:00+00:00,2025-07-14 01:15:00+00:00,2025-07-14 01:50:00+00:00,8
285861,285869,0.79784,0.7981294558912879,-1.085000000000045,STOP,-1.000000000000045,0.085,legacy_fixed_r_v1,2025-07-14 18:40:00+00:00,2025-07-14 18:45:00+00:00,2025-07-14 19:20:00+00:00,8
285888,285890,0.79824,0.7977664583591805,1.9295208200825202,STOP,2.01452082008252,0.085,legacy_fixed_r_v1,2025-07-14 20:55:00+00:00,2025-07-14 21:00:00+00:00,2025-07-14 21:05:00+00:00,2
285925,285932,0.79759,0.7971541070558654,1.4981442746024536,STOP,1.5831442746024535,0.085,legacy_fixed_r_v1,2025-07-15 00:00:00+00:00,2025-07-15 00:05:00+00:00,2025-07-15 00:35:00+00:00,7
286116,286118,0.80046,0.8012036603769913,-1.084999999999944,STOP,-0.999999999999944,0.085,legacy_fixed_r_v1,2025-07-15 15:55:00+00:00,2025-07-15 16:00:00+00:00,2025-07-15 16:05:00+00:00,2
286142,286178,0.80201,0.8012437445547006,1.6388491146548245,STOP,1.7238491146548245,0.085,legacy_fixed_r_v1,2025-07-15 18:05:00+00:00,2025-07-15 18:10:00+00:00,2025-07-15 21:05:00+00:00,36
286209,286242,0.80155,0.8018069434759236,-1.0850000000000775,STOP,-1.0000000000000775,0.085,legacy_fixed_r_v1,2025-07-15 23:40:00+00:00,2025-07-15 23:45:00+00:00,2025-07-16 02:25:00+00:00,33
286345,286347,0.80137,0.8016334664800067,-1.084999999999995,STOP,-0.9999999999999951,0.085,legacy_fixed_r_v1,2025-07-16 11:00:00+00:00,2025-07-16 11:05:00+00:00,2025-07-16 11:10:00+00:00,2
286391,286401,0.8044,0.7973443587078242,7.806103350114422,STOP,7.891103350114422,0.085,legacy_fixed_r_v1,2025-07-16 14:50:00+00:00,2025-07-16 14:55:00+00:00,2025-07-16 15:40:00+00:00,10
286426,286428,0.79928,0.800371028102672,-1.0850000000000266,STOP,-1.0000000000000266,0.085,legacy_fixed_r_v1,2025-07-16 17:45:00+00:00,2025-07-16 17:50:00+00:00,2025-07-16 17:55:00+00:00,2
286556,286565,0.80258,0.8022328045274457,1.20607105025409,STOP,1.2910710502540899,0.085,legacy_fixed_r_v1,2025-07-17 04:35:00+00:00,2025-07-17 04:40:00+00:00,2025-07-17 05:20:00+00:00,9
286689,286700,0.80425,0.8048655635975748,-1.0850000000000881,STOP,-1.0000000000000882,0.085,legacy_fixed_r_v1,2025-07-17 15:40:00+00:00,2025-07-17 15:45:00+00:00,2025-07-17 16:35:00+00:00,11
286730,286733,0.80532,0.8047607853423436,1.3949632453967031,STOP,1.479963245396703,0.085,legacy_fixed_r_v1,2025-07-17 19:05:00+00:00,2025-07-17 19:10:00+00:00,2025-07-17 19:20:00+00:00,3
286753,286756,0.80494,0.8039097002940462,2.583617335020769,STOP,2.668617335020769,0.085,legacy_fixed_r_v1,2025-07-17 21:00:00+00:00,2025-07-17 21:05:00+00:00,2025-07-17 21:15:00+00:00,3
286771,286779,0.80365,0.8027747953845116,2.151144383981475,STOP,2.236144383981475,0.085,legacy_fixed_r_v1,2025-07-17 22:30:00+00:00,2025-07-17 22:35:00+00:00,2025-07-17 23:10:00+00:00,8
286810,286814,0.80242,0.8027803090582701,-1.0850000000000362,STOP,-1.0000000000000362,0.085,legacy_fixed_r_v1,2025-07-18 01:45:00+00:00,2025-07-18 01:50:00+00:00,2025-07-18 02:05:00+00:00,4
286973,286980,0.7994,0.8000668567875675,-1.0849999999999689,STOP,-0.9999999999999688,0.085,legacy_fixed_r_v1,2025-07-18 15:20:00+00:00,2025-07-18 15:25:00+00:00,2025-07-18 15:55:00+00:00,7
287029,287040,0.80144,0.8017029114474288,-1.0850000000000852,STOP,-1.0000000000000853,0.085,legacy_fixed_r_v1,2025-07-18 20:00:00+00:00,2025-07-18 20:05:00+00:00,2025-07-18 20:55:00+00:00,11
287133,287139,0.80158,0.8012624068641916,1.3715630398252157,STOP,1.4565630398252156,0.085,legacy_fixed_r_v1,2025-07-21 04:40:00+00:00,2025-07-21 04:45:00+00:00,2025-07-21 05:10:00+00:00,6
287209,287212,0.80008,0.7993745685377897,1.8244460155337956,STOP,1.9094460155337956,0.085,legacy_fixed_r_v1,2025-07-21 11:00:00+00:00,2025-07-21 11:05:00+00:00,2025-07-21 11:15:00+00:00,3
287241,287243,0.79895,0.7993971428803884,-1.0850000000000068,STOP,-1.0000000000000069,0.085,legacy_fixed_r_v1,2025-07-21 13:40:00+00:00,2025-07-21 13:45:00+00:00,2025-07-21 13:50:00+00:00,2
287324,287329,0.7981,0.7978263531433358,0.9964806567699287,STOP,1.0814806567699287,0.085,legacy_fixed_r_v1,2025-07-21 20:35:00+00:00,2025-07-21 20:40:00+00:00,2025-07-21 21:00:00+00:00,5
287416,287420,0.79799,0.7978575119692407,0.451071006655766,STOP,0.536071006655766,0.085,legacy_fixed_r_v1,2025-07-22 04:15:00+00:00,2025-07-22 04:20:00+00:00,2025-07-22 04:35:00+00:00,4
287503,287507,0.79702,0.797322996425704,-1.0849999999998385,STOP,-0.9999999999998386,0.085,legacy_fixed_r_v1,2025-07-22 11:30:00+00:00,2025-07-22 11:35:00+00:00,2025-07-22 11:50:00+00:00,4
287613,287625,0.79219,0.7924815433826363,-1.0850000000001092,STOP,-1.0000000000001092,0.085,legacy_fixed_r_v1,2025-07-22 20:40:00+00:00,2025-07-22 20:45:00+00:00,2025-07-22 21:40:00+00:00,12
287643,287644,0.79226,0.792584980579873,-1.0849999999998836,STOP,-0.9999999999998835,0.085,legacy_fixed_r_v1,2025-07-22 23:10:00+00:00,2025-07-22 23:15:00+00:00,2025-07-22 23:15:00+00:00,1
287693,287699,0.79324,0.7930179219526525,0.4826206025415279,STOP,0.5676206025415279,0.085,legacy_fixed_r_v1,2025-07-23 03:20:00+00:00,2025-07-23 03:25:00+00:00,2025-07-23 03:50:00+00:00,6
287770,287773,0.79236,0.7928103269962945,-1.084999999999937,STOP,-0.9999999999999369,0.085,legacy_fixed_r_v1,2025-07-23 09:45:00+00:00,2025-07-23 09:50:00+00:00,2025-07-23 10:00:00+00:00,3
287873,287883,0.79321,0.7927618027166758,0.72478284744379,STOP,0.8097828474437899,0.085,legacy_fixed_r_v1,2025-07-23 18:20:00+00:00,2025-07-23 18:25:00+00:00,2025-07-23 19:10:00+00:00,10
287932,287941,0.79202,0.7923067373696927,-1.0850000000000235,STOP,-1.0000000000000235,0.085,legacy_fixed_r_v1,2025-07-23 23:15:00+00:00,2025-07-23 23:20:00+00:00,2025-07-24 00:00:00+00:00,9
288075,288085,0.7946,0.7941830297869714,0.9977894250902706,STOP,1.0827894250902705,0.085,legacy_fixed_r_v1,2025-07-24 11:10:00+00:00,2025-07-24 11:15:00+00:00,2025-07-24 12:00:00+00:00,10
288139,288157,0.79479,0.7940051281534626,1.0084578424979698,STOP,1.0934578424979697,0.085,legacy_fixed_r_v1,2025-07-24 16:30:00+00:00,2025-07-24 16:35:00+00:00,2025-07-24 18:00:00+00:00,18
288263,288276,0.79641,0.7960942861473229,0.9516991521417006,STOP,1.0366991521417006,0.085,legacy_fixed_r_v1,2025-07-25 02:50:00+00:00,2025-07-25 02:55:00+00:00,2025-07-25 03:55:00+00:00,13
288300,288310,0.79584,0.7949070244350298,3.2299340533115166,STOP,3.3149340533115166,0.085,legacy_fixed_r_v1,2025-07-25 05:55:00+00:00,2025-07-25 06:00:00+00:00,2025-07-25 06:45:00+00:00,10
288354,288359,0.79625,0.796693571374199,-1.0849999999999531,STOP,-0.999999999999953,0.085,legacy_fixed_r_v1,2025-07-25 10:25:00+00:00,2025-07-25 10:30:00+00:00,2025-07-25 10:50:00+00:00,5
288428,288437,0.79616,0.7955920906561694,1.016370588460086,STOP,1.101370588460086,0.085,legacy_fixed_r_v1,2025-07-25 16:35:00+00:00,2025-07-25 16:40:00+00:00,2025-07-25 17:20:00+00:00,9
288444,288458,0.79521,0.7949055436052903,0.7568591933445665,STOP,0.8418591933445665,0.085,legacy_fixed_r_v1,2025-07-25 17:55:00+00:00,2025-07-25 18:00:00+00:00,2025-07-25 19:05:00+00:00,14
288480,288485,0.79679,0.7959044970607717,2.734974859919184,STOP,2.819974859919184,0.085,legacy_fixed_r_v1,2025-07-25 20:55:00+00:00,2025-07-27 21:00:00+00:00,2025-07-27 21:20:00+00:00,5
288493,288494,0.79502,0.7954943715357344,-1.084999999999892,STOP,-0.9999999999998921,0.085,legacy_fixed_r_v1,2025-07-27 22:00:00+00:00,2025-07-27 22:05:00+00:00,2025-07-27 22:05:00+00:00,1
288517,288526,0.79483,0.7952036191222224,-1.0850000000000997,STOP,-1.0000000000000997,0.085,legacy_fixed_r_v1,2025-07-28 00:00:00+00:00,2025-07-28 00:05:00+00:00,2025-07-28 00:45:00+00:00,9
288560,288573,0.79518,0.79548649204869,-1.0849999999999624,STOP,-0.9999999999999625,0.085,legacy_fixed_r_v1,2025-07-28 03:35:00+00:00,2025-07-28 03:40:00+00:00,2025-07-28 04:40:00+00:00,13
288661,288666,0.80052,0.8012072972270377,-1.0850000000000275,STOP,-1.0000000000000275,0.085,legacy_fixed_r_v1,2025-07-28 12:00:00+00:00,2025-07-28 12:05:00+00:00,2025-07-28 12:25:00+00:00,5
288690,288698,0.80066,0.8014215408048556,-1.084999999999957,STOP,-0.999999999999957,0.085,legacy_fixed_r_v1,2025-07-28 14:25:00+00:00,2025-07-28 14:30:00+00:00,2025-07-28 15:05:00+00:00,8
288769,288772,0.8035,0.803014151333348,1.6111984289001695,STOP,1.6961984289001695,0.085,legacy_fixed_r_v1,2025-07-28 21:00:00+00:00,2025-07-28 21:05:00+00:00,2025-07-28 21:15:00+00:00,3
288804,288810,0.80331,0.8035698537725856,-1.0849999999999025,STOP,-0.9999999999999024,0.085,legacy_fixed_r_v1,2025-07-28 23:55:00+00:00,2025-07-29 00:00:00+00:00,2025-07-29 00:25:00+00:00,6
288833,288845,0.80282,0.8031290438097349,-1.0850000000001374,STOP,-1.0000000000001374,0.085,legacy_fixed_r_v1,2025-07-29 02:20:00+00:00,2025-07-29 02:25:00+00:00,2025-07-29 03:20:00+00:00,12
289030,289039,0.80567,0.8052169385590426,1.0395262523333828,STOP,1.1245262523333828,0.085,legacy_fixed_r_v1,2025-07-29 18:45:00+00:00,2025-07-29 18:50:00+00:00,2025-07-29 19:30:00+00:00,9
289057,289064,0.80672,0.8057172203255336,2.792973987432922,STOP,2.877973987432922,0.085,legacy_fixed_r_v1,2025-07-29 21:00:00+00:00,2025-07-29 21:05:00+00:00,2025-07-29 21:35:00+00:00,7
289092,289100,0.80555,0.8047332776694748,3.925199644371415,STOP,4.010199644371415,0.085,legacy_fixed_r_v1,2025-07-29 23:55:00+00:00,2025-07-30 00:00:00+00:00,2025-07-30 00:35:00+00:00,8
289157,289164,0.80508,0.8053553119634097,-1.0849999999998767,STOP,-0.9999999999998768,0.085,legacy_fixed_r_v1,2025-07-30 05:20:00+00:00,2025-07-30 05:25:00+00:00,2025-07-30 05:55:00+00:00,7
289193,289207,0.80431,0.8048174528731994,-1.085000000000055,STOP,-1.000000000000055,0.085,legacy_fixed_r_v1,2025-07-30 08:20:00+00:00,2025-07-30 08:25:00+00:00,2025-07-30 09:30:00+00:00,14
289270,289277,0.81096,0.8104358935009454,0.619877018527493,STOP,0.704877018527493,0.085,legacy_fixed_r_v1,2025-07-30 14:45:00+00:00,2025-07-30 14:50:00+00:00,2025-07-30 15:20:00+00:00,7
289307,289310,0.81023,0.8098544291935391,0.8043142791496897,STOP,0.8893142791496896,0.085,legacy_fixed_r_v1,2025-07-30 17:50:00+00:00,2025-07-30 17:55:00+00:00,2025-07-30 18:05:00+00:00,3
289375,289384,0.81381,0.8132650181041932,0.9613430756024657,STOP,1.0463430756024656,0.085,legacy_fixed_r_v1,2025-07-30 23:30:00+00:00,2025-07-30 23:35:00+00:00,2025-07-31 00:15:00+00:00,9
289512,289523,0.81297,0.8126623020898261,0.5384598179303387,STOP,0.6234598179303387,0.085,legacy_fixed_r_v1,2025-07-31 10:55:00+00:00,2025-07-31 11:00:00+00:00,2025-07-31 11:50:00+00:00,11
289551,289558,0.8135,0.8125918442866745,1.2523665637213695,STOP,1.3373665637213694,0.085,legacy_fixed_r_v1,2025-07-31 14:10:00+00:00,2025-07-31 14:15:00+00:00,2025-07-31 14:45:00+00:00,7
289601,289619,0.81232,0.8119031853824193,0.9207015568410117,STOP,1.0057015568410117,0.085,legacy_fixed_r_v1,2025-07-31 18:20:00+00:00,2025-07-31 18:25:00+00:00,2025-07-31 19:50:00+00:00,18
289633,289636,0.8129,0.8121989899942466,1.572417732718616,STOP,1.657417732718616,0.085,legacy_fixed_r_v1,2025-07-31 21:00:00+00:00,2025-07-31 21:05:00+00:00,2025-07-31 21:15:00+00:00,3
289674,289689,0.81322,0.813888353015866,-1.0850000000000628,STOP,-1.0000000000000628,0.085,legacy_fixed_r_v1,2025-08-01 00:25:00+00:00,2025-08-01 00:30:00+00:00,2025-08-01 01:40:00+00:00,15
289705,289708,0.81363,0.8132769667933414,0.6878219203265294,STOP,0.7728219203265294,0.085,legacy_fixed_r_v1,2025-08-01 03:00:00+00:00,2025-08-01 03:05:00+00:00,2025-08-01 03:15:00+00:00,3
289790,289814,0.81583,0.8164615926499464,-1.0850000000000182,STOP,-1.0000000000000182,0.085,legacy_fixed_r_v1,2025-08-01 10:05:00+00:00,2025-08-01 10:10:00+00:00,2025-08-01 12:05:00+00:00,24
289903,289907,0.80565,0.8048224974953955,1.019434413562739,STOP,1.1044344135627389,0.085,legacy_fixed_r_v1,2025-08-01 19:30:00+00:00,2025-08-01 19:35:00+00:00,2025-08-01 19:50:00+00:00,4
289954,289957,0.80396,0.8044355561985882,-1.08500000000001,STOP,-1.00000000000001,0.085,legacy_fixed_r_v1,2025-08-03 23:45:00+00:00,2025-08-03 23:50:00+00:00,2025-08-04 00:00:00+00:00,3
290002,290017,0.80487,0.805324580909228,-1.0850000000000741,STOP,-1.0000000000000742,0.085,legacy_fixed_r_v1,2025-08-04 03:45:00+00:00,2025-08-04 03:50:00+00:00,2025-08-04 05:00:00+00:00,15
290087,290095,0.80807,0.807291118617434,1.1291415499369586,STOP,1.2141415499369586,0.085,legacy_fixed_r_v1,2025-08-04 10:50:00+00:00,2025-08-04 10:55:00+00:00,2025-08-04 11:30:00+00:00,8
290160,290196,0.80792,0.8084948119299552,-1.0849999999999496,STOP,-0.9999999999999495,0.085,legacy_fixed_r_v1,2025-08-04 16:55:00+00:00,2025-08-04 17:00:00+00:00,2025-08-04 19:55:00+00:00,36
290245,290249,0.80688,0.8071947188723697,-1.0849999999999553,STOP,-0.9999999999999553,0.085,legacy_fixed_r_v1,2025-08-05 00:00:00+00:00,2025-08-05 00:05:00+00:00,2025-08-05 00:20:00+00:00,4
290376,290384,0.81023,0.810752254150336,-1.0850000000000273,STOP,-1.0000000000000273,0.085,legacy_fixed_r_v1,2025-08-05 10:55:00+00:00,2025-08-05 11:00:00+00:00,2025-08-05 11:35:00+00:00,8
290390,290392,0.80957,0.8101477115335065,-1.0850000000000666,STOP,-1.0000000000000666,0.085,legacy_fixed_r_v1,2025-08-05 12:05:00+00:00,2025-08-05 12:10:00+00:00,2025-08-05 12:15:00+00:00,2
290484,290498,0.80734,0.8069885722656424,1.1356263484492943,STOP,1.2206263484492943,0.085,legacy_fixed_r_v1,2025-08-05 19:55:00+00:00,2025-08-05 20:00:00+00:00,2025-08-05 21:05:00+00:00,14
290529,290533,0.80721,0.8070341590304668,0.5009015117899114,STOP,0.5859015117899113,0.085,legacy_fixed_r_v1,2025-08-05 23:40:00+00:00,2025-08-05 23:45:00+00:00,2025-08-06 00:00:00+00:00,4
290561,290576,0.80762,0.8069732357534687,2.33405842703777,STOP,2.4190584270377697,0.085,legacy_fixed_r_v1,2025-08-06 02:20:00+00:00,2025-08-06 02:25:00+00:00,2025-08-06 03:35:00+00:00,15
290648,290658,0.80838,0.8071412078890738,2.495247164808454,STOP,2.580247164808454,0.085,legacy_fixed_r_v1,2025-08-06 09:35:00+00:00,2025-08-06 09:40:00+00:00,2025-08-06 10:25:00+00:00,10
290669,290675,0.80646,0.8069838995479378,-1.0849999999999338,STOP,-0.9999999999999338,0.085,legacy_fixed_r_v1,2025-08-06 11:20:00+00:00,2025-08-06 11:25:00+00:00,2025-08-06 11:50:00+00:00,6
290755,290772,0.80622,0.8068467837446671,-1.0849999999999589,STOP,-0.9999999999999588,0.085,legacy_fixed_r_v1,2025-08-06 18:30:00+00:00,2025-08-06 18:35:00+00:00,2025-08-06 19:55:00+00:00,17
290780,290787,0.80635,0.8060543947593461,0.6370918168345687,STOP,0.7220918168345687,0.085,legacy_fixed_r_v1,2025-08-06 20:35:00+00:00,2025-08-06 20:40:00+00:00,2025-08-06 21:10:00+00:00,7
290836,290845,0.80627,0.8057852946097843,1.461060621261572,STOP,1.546060621261572,0.085,legacy_fixed_r_v1,2025-08-07 01:15:00+00:00,2025-08-07 01:20:00+00:00,2025-08-07 02:00:00+00:00,9
290866,290874,0.80554,0.8050421889220409,1.686197031709947,STOP,1.771197031709947,0.085,legacy_fixed_r_v1,2025-08-07 03:45:00+00:00,2025-08-07 03:50:00+00:00,2025-08-07 04:25:00+00:00,8
290944,290954,0.80602,0.8065755842302257,-1.0849999999999707,STOP,-0.9999999999999707,0.085,legacy_fixed_r_v1,2025-08-07 10:15:00+00:00,2025-08-07 10:20:00+00:00,2025-08-07 11:05:00+00:00,10
291055,291059,0.80712,0.8066255780524926,1.0732403646899076,STOP,1.1582403646899075,0.085,legacy_fixed_r_v1,2025-08-07 19:30:00+00:00,2025-08-07 19:35:00+00:00,2025-08-07 19:50:00+00:00,4
291073,291075,0.80761,0.8062906642203134,1.9867716678915843,STOP,2.0717716678915843,0.085,legacy_fixed_r_v1,2025-08-07 21:00:00+00:00,2025-08-07 21:05:00+00:00,2025-08-07 21:10:00+00:00,2
291157,291172,0.80673,0.8069839295263643,-1.0850000000002,STOP,-1.0000000000002,0.085,legacy_fixed_r_v1,2025-08-08 04:00:00+00:00,2025-08-08 04:05:00+00:00,2025-08-08 05:15:00+00:00,15
291244,291245,0.80767,0.8080904448393327,-1.0850000000001099,STOP,-1.00000000000011,0.085,legacy_fixed_r_v1,2025-08-08 11:15:00+00:00,2025-08-08 11:20:00+00:00,2025-08-08 11:20:00+00:00,1
291258,291263,0.80741,0.807848624361286,-1.0849999999999116,STOP,-0.9999999999999116,0.085,legacy_fixed_r_v1,2025-08-08 12:25:00+00:00,2025-08-08 12:30:00+00:00,2025-08-08 12:50:00+00:00,5
291316,291325,0.80747,0.8078788535585848,-1.0849999999999826,STOP,-0.9999999999999827,0.085,legacy_fixed_r_v1,2025-08-08 17:15:00+00:00,2025-08-08 17:20:00+00:00,2025-08-08 18:00:00+00:00,9
291388,291425,0.80752,0.8068430052544805,1.365870846178315,STOP,1.4508708461783149,0.085,legacy_fixed_r_v1,2025-08-10 23:15:00+00:00,2025-08-10 23:20:00+00:00,2025-08-11 02:20:00+00:00,37
291436,291474,0.80646,0.8067333605756569,-1.0850000000001623,STOP,-1.0000000000001623,0.085,legacy_fixed_r_v1,2025-08-11 03:15:00+00:00,2025-08-11 03:20:00+00:00,2025-08-11 06:25:00+00:00,38
291610,291630,0.8123,0.8126524029771487,-1.085000000000135,STOP,-1.000000000000135,0.085,legacy_fixed_r_v1,2025-08-11 17:45:00+00:00,2025-08-11 17:50:00+00:00,2025-08-11 19:25:00+00:00,20
291640,291643,0.81227,0.8120672489544238,0.6625452821011311,STOP,0.747545282101131,0.085,legacy_fixed_r_v1,2025-08-11 20:15:00+00:00,2025-08-11 20:20:00+00:00,2025-08-11 20:30:00+00:00,3
291676,291686,0.81232,0.8119500050935546,0.9417639559219138,STOP,1.0267639559219137,0.085,legacy_fixed_r_v1,2025-08-11 23:15:00+00:00,2025-08-11 23:20:00+00:00,2025-08-12 00:05:00+00:00,10
291743,291748,0.81102,0.8108401875163938,0.576540158088629,STOP,0.661540158088629,0.085,legacy_fixed_r_v1,2025-08-12 04:50:00+00:00,2025-08-12 04:55:00+00:00,2025-08-12 05:15:00+00:00,5
291915,291924,0.8072,0.8064909191773844,1.5627158273144526,STOP,1.6477158273144525,0.085,legacy_fixed_r_v1,2025-08-12 19:10:00+00:00,2025-08-12 19:15:00+00:00,2025-08-12 19:55:00+00:00,9
291969,291974,0.80621,0.806415366959702,-1.0850000000002227,STOP,-1.0000000000002227,0.085,legacy_fixed_r_v1,2025-08-12 23:40:00+00:00,2025-08-12 23:45:00+00:00,2025-08-13 00:05:00+00:00,5
292019,292022,0.80637,0.806638478087617,-1.0850000000000166,STOP,-1.0000000000000167,0.085,legacy_fixed_r_v1,2025-08-13 03:50:00+00:00,2025-08-13 03:55:00+00:00,2025-08-13 04:05:00+00:00,3
292045,292046,0.80617,0.8064330710470755,-1.0849999999998146,STOP,-0.9999999999998146,0.085,legacy_fixed_r_v1,2025-08-13 06:00:00+00:00,2025-08-13 06:05:00+00:00,2025-08-13 06:05:00+00:00,1
292087,292094,0.80227,0.8027720539260425,-1.0850000000000766,STOP,-1.0000000000000766,0.085,legacy_fixed_r_v1,2025-08-13 09:30:00+00:00,2025-08-13 09:35:00+00:00,2025-08-13 10:05:00+00:00,7
292115,292123,0.80326,0.8037097030823157,-1.0850000000000954,STOP,-1.0000000000000955,0.085,legacy_fixed_r_v1,2025-08-13 11:50:00+00:00,2025-08-13 11:55:00+00:00,2025-08-13 12:30:00+00:00,8
292216,292224,0.80538,0.8056217818426202,-1.0850000000000934,STOP,-1.0000000000000935,0.085,legacy_fixed_r_v1,2025-08-13 20:15:00+00:00,2025-08-13 20:20:00+00:00,2025-08-13 20:55:00+00:00,8
292282,292288,0.80464,0.8049463338663567,-1.0849999999998825,STOP,-0.9999999999998825,0.085,legacy_fixed_r_v1,2025-08-14 01:45:00+00:00,2025-08-14 01:50:00+00:00,2025-08-14 02:15:00+00:00,6
292376,292389,0.80607,0.805594835765298,0.9827134952777397,STOP,1.0677134952777396,0.085,legacy_fixed_r_v1,2025-08-14 09:35:00+00:00,2025-08-14 09:40:00+00:00,2025-08-14 10:40:00+00:00,13
292403,292404,0.80514,0.805578385153463,-1.0850000000000406,STOP,-1.0000000000000406,0.085,legacy_fixed_r_v1,2025-08-14 11:50:00+00:00,2025-08-14 11:55:00+00:00,2025-08-14 11:55:00+00:00,1
292467,292473,0.80821,0.8087389101386027,-1.0850000000000224,STOP,-1.0000000000000224,0.085,legacy_fixed_r_v1,2025-08-14 17:10:00+00:00,2025-08-14 17:15:00+00:00,2025-08-14 17:40:00+00:00,6
292489,292499,0.80821,0.8073809392562116,2.1323472615922365,STOP,2.2173472615922365,0.085,legacy_fixed_r_v1,2025-08-14 19:00:00+00:00,2025-08-14 19:05:00+00:00,2025-08-14 19:50:00+00:00,10
292514,292516,0.80931,0.807406131416835,5.589486309378141,STOP,5.674486309378141,0.085,legacy_fixed_r_v1,2025-08-14 21:05:00+00:00,2025-08-14 21:10:00+00:00,2025-08-14 21:15:00+00:00,2
292754,292766,0.80606,0.8064800283678802,-1.0850000000001268,STOP,-1.0000000000001268,0.085,legacy_fixed_r_v1,2025-08-15 17:05:00+00:00,2025-08-15 17:10:00+00:00,2025-08-15 18:05:00+00:00,12
292843,292850,0.80642,0.8067689557739681,-1.085000000000122,STOP,-1.0000000000001221,0.085,legacy_fixed_r_v1,2025-08-18 00:30:00+00:00,2025-08-18 00:35:00+00:00,2025-08-18 01:05:00+00:00,7
292858,292862,0.8065,0.8061573646622543,1.0445975823374414,STOP,1.1295975823374413,0.085,legacy_fixed_r_v1,2025-08-18 01:45:00+00:00,2025-08-18 01:50:00+00:00,2025-08-18 02:05:00+00:00,4
292878,292897,0.8062,0.8060021219303666,0.7295308574377813,STOP,0.8145308574377813,0.085,legacy_fixed_r_v1,2025-08-18 03:25:00+00:00,2025-08-18 03:30:00+00:00,2025-08-18 05:00:00+00:00,19
292960,292980,0.80689,0.8073035458787782,-1.0850000000000215,STOP,-1.0000000000000215,0.085,legacy_fixed_r_v1,2025-08-18 10:15:00+00:00,2025-08-18 10:20:00+00:00,2025-08-18 11:55:00+00:00,20
293070,293091,0.80717,0.8069888075825311,0.5350225060084025,STOP,0.6200225060084025,0.085,legacy_fixed_r_v1,2025-08-18 19:25:00+00:00,2025-08-18 19:30:00+00:00,2025-08-18 21:10:00+00:00,21
293127,293135,0.80735,0.8075986098266521,-1.0849999999999018,STOP,-0.9999999999999019,0.085,legacy_fixed_r_v1,2025-08-19 00:10:00+00:00,2025-08-19 00:15:00+00:00,2025-08-19 00:50:00+00:00,8
293167,293189,0.8074,0.8070977018689143,0.9644435436454737,STOP,1.0494435436454737,0.085,legacy_fixed_r_v1,2025-08-19 03:30:00+00:00,2025-08-19 03:35:00+00:00,2025-08-19 05:20:00+00:00,22
293243,293251,0.80575,0.8051729752871051,1.4329843192627594,STOP,1.5179843192627593,0.085,legacy_fixed_r_v1,2025-08-19 09:50:00+00:00,2025-08-19 09:55:00+00:00,2025-08-19 10:30:00+00:00,8
293376,293378,0.8082,0.8053154107413867,12.951555004155871,STOP,13.036555004155872,0.085,legacy_fixed_r_v1,2025-08-19 20:55:00+00:00,2025-08-19 21:00:00+00:00,2025-08-19 21:05:00+00:00,2
293449,293460,0.80862,0.8083025350315531,0.7904471488150199,STOP,0.8754471488150198,0.085,legacy_fixed_r_v1,2025-08-20 03:00:00+00:00,2025-08-20 03:05:00+00:00,2025-08-20 03:55:00+00:00,11
293524,293537,0.8078,0.8069108397414387,2.3133193343951994,STOP,2.3983193343951994,0.085,legacy_fixed_r_v1,2025-08-20 09:15:00+00:00,2025-08-20 09:20:00+00:00,2025-08-20 10:20:00+00:00,13
293621,293624,0.80322,0.8036954905503914,-1.084999999999987,STOP,-0.999999999999987,0.085,legacy_fixed_r_v1,2025-08-20 17:20:00+00:00,2025-08-20 17:25:00+00:00,2025-08-20 17:35:00+00:00,3
293664,293666,0.80452,0.8033050757061349,4.181208765222597,STOP,4.266208765222597,0.085,legacy_fixed_r_v1,2025-08-20 20:55:00+00:00,2025-08-20 21:00:00+00:00,2025-08-20 21:05:00+00:00,2
293755,293758,0.80486,0.8051130780427852,-1.084999999999917,STOP,-0.9999999999999168,0.085,legacy_fixed_r_v1,2025-08-21 04:30:00+00:00,2025-08-21 04:35:00+00:00,2025-08-21 04:45:00+00:00,3
293904,293925,0.80818,0.8086339131158202,-1.0849999999999451,STOP,-0.999999999999945,0.085,legacy_fixed_r_v1,2025-08-21 16:55:00+00:00,2025-08-21 17:00:00+00:00,2025-08-21 18:40:00+00:00,21
293948,293956,0.80878,0.8077875622020374,5.351608753892613,STOP,5.436608753892613,0.085,legacy_fixed_r_v1,2025-08-21 20:35:00+00:00,2025-08-21 20:40:00+00:00,2025-08-21 21:15:00+00:00,8
294057,294061,0.80995,0.8102154458344446,-1.0849999999999504,STOP,-0.9999999999999504,0.085,legacy_fixed_r_v1,2025-08-22 05:40:00+00:00,2025-08-22 05:45:00+00:00,2025-08-22 06:00:00+00:00,4
294115,294124,0.80913,0.808810827958853,0.915950074349021,STOP,1.000950074349021,0.085,legacy_fixed_r_v1,2025-08-22 10:30:00+00:00,2025-08-22 10:35:00+00:00,2025-08-22 11:15:00+00:00,9
294193,294204,0.80115,0.8003749559372606,0.9965430096053818,STOP,1.0815430096053817,0.085,legacy_fixed_r_v1,2025-08-22 17:00:00+00:00,2025-08-22 17:05:00+00:00,2025-08-22 17:55:00+00:00,11
294240,294242,0.80214,0.8008443632862877,4.2536220931467295,STOP,4.338622093146729,0.085,legacy_fixed_r_v1,2025-08-22 20:55:00+00:00,2025-08-24 21:00:00+00:00,2025-08-24 21:05:00+00:00,2
294313,294316,0.80318,0.8029952410187047,0.5943129889109122,STOP,0.6793129889109122,0.085,legacy_fixed_r_v1,2025-08-25 03:00:00+00:00,2025-08-25 03:05:00+00:00,2025-08-25 03:15:00+00:00,3
294350,294353,0.80307,0.8025679103038386,1.732340623519887,STOP,1.817340623519887,0.085,legacy_fixed_r_v1,2025-08-25 06:05:00+00:00,2025-08-25 06:10:00+00:00,2025-08-25 06:20:00+00:00,3
294382,294387,0.80188,0.8022238690885164,-1.0849999999999644,STOP,-0.9999999999999644,0.085,legacy_fixed_r_v1,2025-08-25 08:45:00+00:00,2025-08-25 08:50:00+00:00,2025-08-25 09:10:00+00:00,5
294412,294427,0.80223,0.8025245346976365,-1.0850000000000906,STOP,-1.0000000000000906,0.085,legacy_fixed_r_v1,2025-08-25 11:15:00+00:00,2025-08-25 11:20:00+00:00,2025-08-25 12:30:00+00:00,15
294442,294445,0.80215,0.8024804672478727,-1.0850000000001483,STOP,-1.0000000000001483,0.085,legacy_fixed_r_v1,2025-08-25 13:45:00+00:00,2025-08-25 13:50:00+00:00,2025-08-25 14:00:00+00:00,3
294519,294527,0.80648,0.8060441624080089,1.1023531154752149,STOP,1.1873531154752148,0.085,legacy_fixed_r_v1,2025-08-25 20:10:00+00:00,2025-08-25 20:15:00+00:00,2025-08-25 20:50:00+00:00,8
294565,294568,0.80526,0.804387439574211,1.9220787597907099,STOP,2.00707875979071,0.085,legacy_fixed_r_v1,2025-08-26 00:00:00+00:00,2025-08-26 00:05:00+00:00,2025-08-26 00:15:00+00:00,3
294632,294634,0.80534,0.8050747987723338,0.7206371578157801,STOP,0.80563715781578,0.085,legacy_fixed_r_v1,2025-08-26 05:35:00+00:00,2025-08-26 05:40:00+00:00,2025-08-26 05:45:00+00:00,2
294678,294690,0.80624,0.805885829294821,0.6255125268252807,STOP,0.7105125268252807,0.085,legacy_fixed_r_v1,2025-08-26 09:25:00+00:00,2025-08-26 09:30:00+00:00,2025-08-26 10:25:00+00:00,12
294697,294701,0.80569,0.8053159090970481,0.7897948181297034,STOP,0.8747948181297034,0.085,legacy_fixed_r_v1,2025-08-26 11:00:00+00:00,2025-08-26 11:05:00+00:00,2025-08-26 11:20:00+00:00,4
294759,294769,0.80293,0.8034144540381696,-1.0850000000000921,STOP,-1.0000000000000921,0.085,legacy_fixed_r_v1,2025-08-26 16:10:00+00:00,2025-08-26 16:15:00+00:00,2025-08-26 17:00:00+00:00,10
294816,294818,0.80382,0.8030383751494887,2.6141929230111125,STOP,2.6991929230111125,0.085,legacy_fixed_r_v1,2025-08-26 20:55:00+00:00,2025-08-26 21:00:00+00:00,2025-08-26 21:05:00+00:00,2
294987,295004,0.80676,0.8057050877614806,2.7355724212655907,STOP,2.8205724212655907,0.085,legacy_fixed_r_v1,2025-08-27 11:10:00+00:00,2025-08-27 11:15:00+00:00,2025-08-27 12:35:00+00:00,17
295050,295058,0.80327,0.8019385955188955,2.9792508359250482,STOP,3.064250835925048,0.085,legacy_fixed_r_v1,2025-08-27 16:25:00+00:00,2025-08-27 16:30:00+00:00,2025-08-27 17:05:00+00:00,8
295136,295157,0.80164,0.8014808736252734,0.6735233758529585,STOP,0.7585233758529585,0.085,legacy_fixed_r_v1,2025-08-27 23:35:00+00:00,2025-08-27 23:40:00+00:00,2025-08-28 01:20:00+00:00,21
295249,295272,0.80096,0.7996713660605184,3.3104472103281544,STOP,3.3954472103281543,0.085,legacy_fixed_r_v1,2025-08-28 09:00:00+00:00,2025-08-28 09:05:00+00:00,2025-08-28 10:55:00+00:00,23
295330,295337,0.80169,0.8013770548546937,0.4815712931344441,STOP,0.5665712931344441,0.085,legacy_fixed_r_v1,2025-08-28 15:45:00+00:00,2025-08-28 15:50:00+00:00,2025-08-28 16:20:00+00:00,7
295342,295349,0.80094,0.8001199875076719,1.7720491714908078,STOP,1.8570491714908077,0.085,legacy_fixed_r_v1,2025-08-28 16:45:00+00:00,2025-08-28 16:50:00+00:00,2025-08-28 17:20:00+00:00,7
295392,295396,0.80188,0.8009119409695383,3.5109393883440942,STOP,3.595939388344094,0.085,legacy_fixed_r_v1,2025-08-28 20:55:00+00:00,2025-08-28 21:00:00+00:00,2025-08-28 21:15:00+00:00,4
295470,295501,0.80257,0.8022022948613249,1.2727202604333745,STOP,1.3577202604333745,0.085,legacy_fixed_r_v1,2025-08-29 03:25:00+00:00,2025-08-29 03:30:00+00:00,2025-08-29 06:00:00+00:00,31
295632,295647,0.79934,0.7998695934425402,-1.0850000000001028,STOP,-1.0000000000001028,0.085,legacy_fixed_r_v1,2025-08-29 16:55:00+00:00,2025-08-29 17:00:00+00:00,2025-08-29 18:10:00+00:00,15
295716,295722,0.80073,0.8010614981262264,-1.0850000000000295,STOP,-1.0000000000000295,0.085,legacy_fixed_r_v1,2025-08-31 23:55:00+00:00,2025-09-01 00:00:00+00:00,2025-09-01 00:25:00+00:00,6
295741,295744,0.80065,0.800375519623922,0.8060477735161722,STOP,0.8910477735161721,0.085,legacy_fixed_r_v1,2025-09-01 02:00:00+00:00,2025-09-01 02:05:00+00:00,2025-09-01 02:15:00+00:00,3
295774,295785,0.79949,0.7993562887250356,0.47227833284537685,STOP,0.5572783328453769,0.085,legacy_fixed_r_v1,2025-09-01 04:45:00+00:00,2025-09-01 04:50:00+00:00,2025-09-01 05:40:00+00:00,11
295895,295897,0.8002,0.8005759804209363,-1.0849999999998698,STOP,-0.9999999999998698,0.085,legacy_fixed_r_v1,2025-09-01 14:50:00+00:00,2025-09-01 14:55:00+00:00,2025-09-01 15:00:00+00:00,2
295933,295937,0.80116,0.8010394700267084,0.6035609151729796,STOP,0.6885609151729796,0.085,legacy_fixed_r_v1,2025-09-01 18:00:00+00:00,2025-09-01 18:05:00+00:00,2025-09-01 18:20:00+00:00,4
295968,295970,0.80097,0.7998905808322871,5.015365770033507,STOP,5.100365770033507,0.085,legacy_fixed_r_v1,2025-09-01 20:55:00+00:00,2025-09-01 21:00:00+00:00,2025-09-01 21:05:00+00:00,2
296002,296005,0.8001,0.8003597811725385,-1.0850000000001307,STOP,-1.0000000000001308,0.085,legacy_fixed_r_v1,2025-09-01 23:45:00+00:00,2025-09-01 23:50:00+00:00,2025-09-02 00:00:00+00:00,3
296132,296142,0.80438,0.8049896008642864,-1.0850000000000801,STOP,-1.0000000000000802,0.085,legacy_fixed_r_v1,2025-09-02 10:35:00+00:00,2025-09-02 10:40:00+00:00,2025-09-02 11:25:00+00:00,10
296148,296152,0.80413,0.8046854355566664,-1.0849999999999589,STOP,-0.9999999999999588,0.085,legacy_fixed_r_v1,2025-09-02 11:55:00+00:00,2025-09-02 12:00:00+00:00,2025-09-02 12:15:00+00:00,4
296237,296258,0.80482,0.8026476504340115,6.17601177449873,STOP,6.26101177449873,0.085,legacy_fixed_r_v1,2025-09-02 19:20:00+00:00,2025-09-02 19:25:00+00:00,2025-09-02 21:05:00+00:00,21
296347,296353,0.80547,0.8052600581421853,0.9631130174997327,STOP,1.0481130174997326,0.085,legacy_fixed_r_v1,2025-09-03 04:30:00+00:00,2025-09-03 04:35:00+00:00,2025-09-03 05:00:00+00:00,6
296435,296441,0.80429,0.8047307720980806,-1.085000000000083,STOP,-1.000000000000083,0.085,legacy_fixed_r_v1,2025-09-03 11:50:00+00:00,2025-09-03 11:55:00+00:00,2025-09-03 12:20:00+00:00,6
296544,296546,0.80449,0.8027208995526599,6.831393734772222,STOP,6.916393734772222,0.085,legacy_fixed_r_v1,2025-09-03 20:55:00+00:00,2025-09-03 21:00:00+00:00,2025-09-03 21:05:00+00:00,2
296599,296606,0.80389,0.8041718741515486,-1.0850000000001574,STOP,-1.0000000000001574,0.085,legacy_fixed_r_v1,2025-09-04 01:30:00+00:00,2025-09-04 01:35:00+00:00,2025-09-04 02:05:00+00:00,7
296703,296712,0.8045,0.8049129566042441,-1.0849999999999635,STOP,-0.9999999999999635,0.085,legacy_fixed_r_v1,2025-09-04 10:10:00+00:00,2025-09-04 10:15:00+00:00,2025-09-04 10:55:00+00:00,9
296727,296731,0.80528,0.805673378406968,-1.0849999999999085,STOP,-0.9999999999999084,0.085,legacy_fixed_r_v1,2025-09-04 12:10:00+00:00,2025-09-04 12:15:00+00:00,2025-09-04 12:30:00+00:00,4
296797,296803,0.80649,0.8062829397028703,0.5455052320734132,STOP,0.6305052320734131,0.085,legacy_fixed_r_v1,2025-09-04 18:00:00+00:00,2025-09-04 18:05:00+00:00,2025-09-04 18:30:00+00:00,6
296810,296813,0.80596,0.8057347978685088,0.6665518502001564,STOP,0.7515518502001564,0.085,legacy_fixed_r_v1,2025-09-04 19:05:00+00:00,2025-09-04 19:10:00+00:00,2025-09-04 19:20:00+00:00,3
296832,296835,0.80582,0.8048009057291917,4.415306387727029,STOP,4.500306387727029,0.085,legacy_fixed_r_v1,2025-09-04 20:55:00+00:00,2025-09-04 21:00:00+00:00,2025-09-04 21:10:00+00:00,3
296860,296869,0.80556,0.8052287476017412,1.1479450536897269,STOP,1.2329450536897268,0.085,legacy_fixed_r_v1,2025-09-04 23:15:00+00:00,2025-09-04 23:20:00+00:00,2025-09-05 00:00:00+00:00,9
296909,296924,0.80445,0.8046794107331023,-1.0850000000000504,STOP,-1.0000000000000504,0.085,legacy_fixed_r_v1,2025-09-05 03:20:00+00:00,2025-09-05 03:25:00+00:00,2025-09-05 04:35:00+00:00,15
296934,296941,0.80458,0.8040992009404965,3.1169740655890243,STOP,3.2019740655890243,0.085,legacy_fixed_r_v1,2025-09-05 05:25:00+00:00,2025-09-05 05:30:00+00:00,2025-09-05 06:00:00+00:00,7
296993,297002,0.80272,0.8030356782104014,-1.0849999999999453,STOP,-0.9999999999999454,0.085,legacy_fixed_r_v1,2025-09-05 10:20:00+00:00,2025-09-05 10:25:00+00:00,2025-09-05 11:05:00+00:00,9
297050,297065,0.79698,0.7959720117847309,0.9581918664522941,STOP,1.0431918664522941,0.085,legacy_fixed_r_v1,2025-09-05 15:05:00+00:00,2025-09-05 15:10:00+00:00,2025-09-05 16:20:00+00:00,15
297117,297121,0.79826,0.7976377825862128,2.1030209279758902,STOP,2.18802092797589,0.085,legacy_fixed_r_v1,2025-09-05 20:40:00+00:00,2025-09-05 20:45:00+00:00,2025-09-07 21:00:00+00:00,4
297180,297201,0.79796,0.7983457689380747,-1.0849999999998567,STOP,-0.9999999999998567,0.085,legacy_fixed_r_v1,2025-09-08 02:00:00+00:00,2025-09-08 02:05:00+00:00,2025-09-08 03:45:00+00:00,21
297207,297223,0.79789,0.797129935789187,2.1598841335181485,STOP,2.2448841335181484,0.085,legacy_fixed_r_v1,2025-09-08 04:15:00+00:00,2025-09-08 04:20:00+00:00,2025-09-08 05:35:00+00:00,16
297282,297290,0.7961,0.7953579870054944,2.1815251299443985,STOP,2.2665251299443985,0.085,legacy_fixed_r_v1,2025-09-08 10:30:00+00:00,2025-09-08 10:35:00+00:00,2025-09-08 11:10:00+00:00,8
297435,297438,0.79302,0.792708552781115,1.2255171858391913,STOP,1.3105171858391913,0.085,legacy_fixed_r_v1,2025-09-08 23:15:00+00:00,2025-09-08 23:20:00+00:00,2025-09-08 23:30:00+00:00,3
297448,297452,0.79264,0.7924933101217002,0.5256422338378017,STOP,0.6106422338378017,0.085,legacy_fixed_r_v1,2025-09-09 00:20:00+00:00,2025-09-09 00:25:00+00:00,2025-09-09 00:40:00+00:00,4
297693,297698,0.79753,0.7956246813848616,7.82935566549779,STOP,7.91435566549779,0.085,legacy_fixed_r_v1,2025-09-09 20:45:00+00:00,2025-09-09 20:50:00+00:00,2025-09-09 21:10:00+00:00,5
297782,297788,0.79729,0.7971487308706963,0.5908036043313127,STOP,0.6758036043313127,0.085,legacy_fixed_r_v1,2025-09-10 04:10:00+00:00,2025-09-10 04:15:00+00:00,2025-09-10 04:40:00+00:00,6
297951,297957,0.79868,0.7990047768009921,-1.0849999999998332,STOP,-0.9999999999998331,0.085,legacy_fixed_r_v1,2025-09-10 18:15:00+00:00,2025-09-10 18:20:00+00:00,2025-09-10 18:45:00+00:00,6
297984,297987,0.79907,0.7984812923651028,1.6512792301578934,STOP,1.7362792301578933,0.085,legacy_fixed_r_v1,2025-09-10 21:00:00+00:00,2025-09-10 21:05:00+00:00,2025-09-10 21:15:00+00:00,3
298056,298065,0.7988,0.7990132899452115,-1.0850000000000708,STOP,-1.0000000000000708,0.085,legacy_fixed_r_v1,2025-09-11 03:00:00+00:00,2025-09-11 03:05:00+00:00,2025-09-11 03:45:00+00:00,9
298137,298146,0.7992,0.7995883966506586,-1.0849999999999822,STOP,-0.9999999999999821,0.085,legacy_fixed_r_v1,2025-09-11 09:45:00+00:00,2025-09-11 09:50:00+00:00,2025-09-11 10:30:00+00:00,9
298271,298273,0.79622,0.7942174504099775,8.850008958685638,STOP,8.93500895868564,0.085,legacy_fixed_r_v1,2025-09-11 20:55:00+00:00,2025-09-11 21:00:00+00:00,2025-09-11 21:05:00+00:00,2
298474,298483,0.79746,0.7966549804672123,1.681147237074289,STOP,1.766147237074289,0.085,legacy_fixed_r_v1,2025-09-12 13:50:00+00:00,2025-09-12 13:55:00+00:00,2025-09-12 14:35:00+00:00,9
298506,298510,0.79682,0.796548032099694,0.6302752667207249,STOP,0.7152752667207248,0.085,legacy_fixed_r_v1,2025-09-12 16:30:00+00:00,2025-09-12 16:35:00+00:00,2025-09-12 16:50:00+00:00,4
298532,298538,0.79616,0.795990353583751,0.5884780617855578,STOP,0.6734780617855578,0.085,legacy_fixed_r_v1,2025-09-12 18:40:00+00:00,2025-09-12 18:45:00+00:00,2025-09-12 19:10:00+00:00,6
298559,298561,0.79703,0.7960195096804378,3.583075932431988,STOP,3.668075932431988,0.085,legacy_fixed_r_v1,2025-09-12 20:55:00+00:00,2025-09-14 21:00:00+00:00,2025-09-14 21:05:00+00:00,2
298633,298638,0.79666,0.7965275282881473,0.6482080243918632,STOP,0.7332080243918632,0.085,legacy_fixed_r_v1,2025-09-15 03:05:00+00:00,2025-09-15 03:10:00+00:00,2025-09-15 03:30:00+00:00,5
298807,298811,0.79427,0.7940549925009966,0.6863713150032611,STOP,0.7713713150032611,0.085,legacy_fixed_r_v1,2025-09-15 17:35:00+00:00,2025-09-15 17:40:00+00:00,2025-09-15 17:55:00+00:00,4
298877,298902,0.7946,0.7947715466788252,-1.0849999999999735,STOP,-0.9999999999999735,0.085,legacy_fixed_r_v1,2025-09-15 23:25:00+00:00,2025-09-15 23:30:00+00:00,2025-09-16 01:30:00+00:00,25
298945,298957,0.79361,0.7934546141984629,0.6404219787860762,STOP,0.7254219787860762,0.085,legacy_fixed_r_v1,2025-09-16 05:05:00+00:00,2025-09-16 05:10:00+00:00,2025-09-16 06:05:00+00:00,12
298994,299003,0.79163,0.7910944343047115,1.1717200907958947,STOP,1.2567200907958946,0.085,legacy_fixed_r_v1,2025-09-16 09:10:00+00:00,2025-09-16 09:15:00+00:00,2025-09-16 09:55:00+00:00,9
299127,299137,0.78616,0.7855773590442552,2.1363673096572464,STOP,2.2213673096572464,0.085,legacy_fixed_r_v1,2025-09-16 20:15:00+00:00,2025-09-16 20:20:00+00:00,2025-09-16 21:05:00+00:00,10
299164,299173,0.78601,0.7862073492869711,-1.084999999999773,STOP,-0.9999999999997731,0.085,legacy_fixed_r_v1,2025-09-16 23:20:00+00:00,2025-09-16 23:25:00+00:00,2025-09-17 00:05:00+00:00,9
299273,299279,0.78732,0.7868384031000685,1.3984425240583234,STOP,1.4834425240583233,0.085,legacy_fixed_r_v1,2025-09-17 08:25:00+00:00,2025-09-17 08:30:00+00:00,2025-09-17 08:55:00+00:00,6
299424,299426,0.78896,0.788200762927843,0.9103329616590157,STOP,0.9953329616590156,0.085,legacy_fixed_r_v1,2025-09-17 21:00:00+00:00,2025-09-17 21:05:00+00:00,2025-09-17 21:10:00+00:00,2
299570,299577,0.78826,0.7875632651990798,1.227614851632915,STOP,1.312614851632915,0.085,legacy_fixed_r_v1,2025-09-18 09:10:00+00:00,2025-09-18 09:15:00+00:00,2025-09-18 09:45:00+00:00,7
299644,299647,0.7916,0.7923184427987254,-1.0850000000000048,STOP,-1.0000000000000049,0.085,legacy_fixed_r_v1,2025-09-18 15:20:00+00:00,2025-09-18 15:25:00+00:00,2025-09-18 15:35:00+00:00,3
299690,299694,0.79224,0.79256766893418,-1.0850000000000972,STOP,-1.0000000000000973,0.085,legacy_fixed_r_v1,2025-09-18 19:10:00+00:00,2025-09-18 19:15:00+00:00,2025-09-18 19:30:00+00:00,4
299711,299713,0.79292,0.7922363907528994,2.115309445886332,STOP,2.200309445886332,0.085,legacy_fixed_r_v1,2025-09-18 20:55:00+00:00,2025-09-18 21:00:00+00:00,2025-09-18 21:05:00+00:00,2
299758,299761,0.79239,0.7927469726881957,-1.0850000000000632,STOP,-1.0000000000000633,0.085,legacy_fixed_r_v1,2025-09-19 00:50:00+00:00,2025-09-19 00:55:00+00:00,2025-09-19 01:05:00+00:00,3
299940,299944,0.7949,0.7953965341636131,-1.085000000000062,STOP,-1.000000000000062,0.085,legacy_fixed_r_v1,2025-09-19 16:00:00+00:00,2025-09-19 16:05:00+00:00,2025-09-19 16:20:00+00:00,4
299999,300001,0.7962,0.7931911307156156,10.897322930329908,STOP,10.982322930329909,0.085,legacy_fixed_r_v1,2025-09-19 20:55:00+00:00,2025-09-21 21:00:00+00:00,2025-09-21 21:05:00+00:00,2
300174,300181,0.79355,0.7932711630888509,0.7418844867254814,STOP,0.8268844867254813,0.085,legacy_fixed_r_v1,2025-09-22 11:30:00+00:00,2025-09-22 11:35:00+00:00,2025-09-22 12:05:00+00:00,7
300248,300279,0.79259,0.7923815917285346,0.6145560989263966,STOP,0.6995560989263966,0.085,legacy_fixed_r_v1,2025-09-22 17:40:00+00:00,2025-09-22 17:45:00+00:00,2025-09-22 20:15:00+00:00,31
300330,300337,0.79222,0.7920968100454723,0.5698136721494553,STOP,0.6548136721494553,0.085,legacy_fixed_r_v1,2025-09-23 00:30:00+00:00,2025-09-23 00:35:00+00:00,2025-09-23 01:05:00+00:00,7
300465,300470,0.79209,0.7924479914759036,-1.0850000000000088,STOP,-1.0000000000000089,0.085,legacy_fixed_r_v1,2025-09-23 11:45:00+00:00,2025-09-23 11:50:00+00:00,2025-09-23 12:10:00+00:00,5
300515,300523,0.79232,0.791862672543663,0.8410302692200758,STOP,0.9260302692200758,0.085,legacy_fixed_r_v1,2025-09-23 15:55:00+00:00,2025-09-23 16:00:00+00:00,2025-09-23 16:35:00+00:00,8
300535,300555,0.79124,0.7917255885949093,-1.0849999999999618,STOP,-0.9999999999999618,0.085,legacy_fixed_r_v1,2025-09-23 17:35:00+00:00,2025-09-23 17:40:00+00:00,2025-09-23 19:15:00+00:00,20
300575,300577,0.79177,0.7907257557755246,4.364182373002275,STOP,4.449182373002275,0.085,legacy_fixed_r_v1,2025-09-23 20:55:00+00:00,2025-09-23 21:00:00+00:00,2025-09-23 21:05:00+00:00,2
300665,300677,0.79226,0.7919620124158532,1.597000464299123,STOP,1.6820004642991229,0.085,legacy_fixed_r_v1,2025-09-24 04:25:00+00:00,2025-09-24 04:30:00+00:00,2025-09-24 05:25:00+00:00,12
300818,300829,0.79509,0.7954933375153075,-1.0849999999998758,STOP,-0.9999999999998758,0.085,legacy_fixed_r_v1,2025-09-24 17:10:00+00:00,2025-09-24 17:15:00+00:00,2025-09-24 18:05:00+00:00,11
300848,300865,0.79533,0.7928744730540284,9.922487069398501,STOP,10.007487069398502,0.085,legacy_fixed_r_v1,2025-09-24 19:40:00+00:00,2025-09-24 19:45:00+00:00,2025-09-24 21:05:00+00:00,17
301026,301033,0.7954,0.7957992932596202,-1.08499999999992,STOP,-0.99999999999992,0.085,legacy_fixed_r_v1,2025-09-25 10:30:00+00:00,2025-09-25 10:35:00+00:00,2025-09-25 11:05:00+00:00,7
301093,301099,0.80015,0.8007175001953922,-1.0850000000000808,STOP,-1.0000000000000808,0.085,legacy_fixed_r_v1,2025-09-25 16:05:00+00:00,2025-09-25 16:10:00+00:00,2025-09-25 16:35:00+00:00,6
301114,301134,0.8003,0.7999524904874544,0.6514028019477425,STOP,0.7364028019477424,0.085,legacy_fixed_r_v1,2025-09-25 17:50:00+00:00,2025-09-25 17:55:00+00:00,2025-09-25 19:30:00+00:00,20
301145,301152,0.7997,0.7993926719068037,0.971302897464446,STOP,1.056302897464446,0.085,legacy_fixed_r_v1,2025-09-25 20:25:00+00:00,2025-09-25 20:30:00+00:00,2025-09-25 21:00:00+00:00,7
301199,301220,0.79985,0.7995482024313297,0.8734298105911668,STOP,0.9584298105911667,0.085,legacy_fixed_r_v1,2025-09-26 00:55:00+00:00,2025-09-26 01:00:00+00:00,2025-09-26 02:40:00+00:00,21
301232,301248,0.79938,0.7992428393690055,0.555891353225314,STOP,0.640891353225314,0.085,legacy_fixed_r_v1,2025-09-26 03:40:00+00:00,2025-09-26 03:45:00+00:00,2025-09-26 05:00:00+00:00,16
301290,301297,0.7991,0.7994820150842269,-1.0849999999999584,STOP,-0.9999999999999584,0.085,legacy_fixed_r_v1,2025-09-26 08:30:00+00:00,2025-09-26 08:35:00+00:00,2025-09-26 09:05:00+00:00,7
301326,301331,0.79979,0.7994586212434145,0.9469542205974348,STOP,1.0319542205974348,0.085,legacy_fixed_r_v1,2025-09-26 11:30:00+00:00,2025-09-26 11:35:00+00:00,2025-09-26 11:55:00+00:00,5
301364,301367,0.79764,0.7982687878232544,-1.0850000000000393,STOP,-1.0000000000000393,0.085,legacy_fixed_r_v1,2025-09-26 14:40:00+00:00,2025-09-26 14:45:00+00:00,2025-09-26 14:55:00+00:00,3
301414,301422,0.79761,0.7979088768244439,-1.0850000000001285,STOP,-1.0000000000001286,0.085,legacy_fixed_r_v1,2025-09-26 18:50:00+00:00,2025-09-26 18:55:00+00:00,2025-09-26 19:30:00+00:00,8
301428,301434,0.79746,0.7976993518327625,-1.0849999999997935,STOP,-0.9999999999997935,0.085,legacy_fixed_r_v1,2025-09-26 20:00:00+00:00,2025-09-26 20:05:00+00:00,2025-09-26 20:30:00+00:00,6
301483,301488,0.79685,0.7965974085901036,0.9961005317947274,STOP,1.0811005317947273,0.085,legacy_fixed_r_v1,2025-09-29 00:35:00+00:00,2025-09-29 00:40:00+00:00,2025-09-29 01:00:00+00:00,5
301534,301536,0.79584,0.7960473813824832,-1.0850000000000144,STOP,-1.0000000000000144,0.085,legacy_fixed_r_v1,2025-09-29 04:50:00+00:00,2025-09-29 04:55:00+00:00,2025-09-29 05:00:00+00:00,2
301695,301705,0.79725,0.7975274019479444,-1.0850000000001532,STOP,-1.0000000000001532,0.085,legacy_fixed_r_v1,2025-09-29 18:15:00+00:00,2025-09-29 18:20:00+00:00,2025-09-29 19:05:00+00:00,10
301727,301729,0.79809,0.7971875584393214,3.979156016034138,STOP,4.064156016034138,0.085,legacy_fixed_r_v1,2025-09-29 20:55:00+00:00,2025-09-29 21:00:00+00:00,2025-09-29 21:05:00+00:00,2
301754,301770,0.79752,0.7977890912871018,-1.084999999999941,STOP,-0.9999999999999408,0.085,legacy_fixed_r_v1,2025-09-29 23:10:00+00:00,2025-09-29 23:15:00+00:00,2025-09-30 00:30:00+00:00,16
301802,301818,0.79747,0.7977008143022504,-1.08500000000004,STOP,-1.00000000000004,0.085,legacy_fixed_r_v1,2025-09-30 03:10:00+00:00,2025-09-30 03:15:00+00:00,2025-09-30 04:30:00+00:00,16
301907,301914,0.79742,0.7971290923066757,0.6163792236176215,STOP,0.7013792236176215,0.085,legacy_fixed_r_v1,2025-09-30 11:55:00+00:00,2025-09-30 12:00:00+00:00,2025-09-30 12:30:00+00:00,7
301959,301974,0.79601,0.7944457634061828,2.448598815469841,STOP,2.533598815469841,0.085,legacy_fixed_r_v1,2025-09-30 16:15:00+00:00,2025-09-30 16:20:00+00:00,2025-09-30 17:30:00+00:00,15
302017,302019,0.79692,0.796186426916523,1.5313601666198762,STOP,1.6163601666198761,0.085,legacy_fixed_r_v1,2025-09-30 21:05:00+00:00,2025-09-30 21:10:00+00:00,2025-09-30 21:15:00+00:00,2
302089,302113,0.79615,0.7941075256331376,9.604889272632878,STOP,9.689889272632879,0.085,legacy_fixed_r_v1,2025-10-01 03:05:00+00:00,2025-10-01 03:10:00+00:00,2025-10-01 05:05:00+00:00,24
302130,302133,0.79437,0.7934640602195239,2.16581164329452,STOP,2.25081164329452,0.085,legacy_fixed_r_v1,2025-10-01 06:30:00+00:00,2025-10-01 06:35:00+00:00,2025-10-01 06:45:00+00:00,3
302199,302203,0.79639,0.7972120813733353,-1.0850000000000433,STOP,-1.0000000000000433,0.085,legacy_fixed_r_v1,2025-10-01 12:15:00+00:00,2025-10-01 12:20:00+00:00,2025-10-01 12:35:00+00:00,4
302216,302222,0.79657,0.7974361226020913,-1.085000000000061,STOP,-1.000000000000061,0.085,legacy_fixed_r_v1,2025-10-01 13:40:00+00:00,2025-10-01 13:45:00+00:00,2025-10-01 14:10:00+00:00,6
302256,302276,0.79802,0.7970182663655286,1.4367998512856546,STOP,1.5217998512856545,0.085,legacy_fixed_r_v1,2025-10-01 17:00:00+00:00,2025-10-01 17:05:00+00:00,2025-10-01 18:40:00+00:00,20
302303,302305,0.79767,0.7965901590628515,3.2697824850294337,STOP,3.3547824850294337,0.085,legacy_fixed_r_v1,2025-10-01 20:55:00+00:00,2025-10-01 21:00:00+00:00,2025-10-01 21:05:00+00:00,2
302448,302455,0.79591,0.7955932671344706,0.5405984715730137,STOP,0.6255984715730136,0.085,legacy_fixed_r_v1,2025-10-02 09:00:00+00:00,2025-10-02 09:05:00+00:00,2025-10-02 09:35:00+00:00,7
302484,302488,0.7953,0.7957655273947709,-1.084999999999941,STOP,-0.9999999999999409,0.085,legacy_fixed_r_v1,2025-10-02 12:00:00+00:00,2025-10-02 12:05:00+00:00,2025-10-02 12:20:00+00:00,4
302565,302574,0.79792,0.7973209723252184,1.7920355071308092,STOP,1.8770355071308091,0.085,legacy_fixed_r_v1,2025-10-02 18:45:00+00:00,2025-10-02 18:50:00+00:00,2025-10-02 19:30:00+00:00,9
302592,302594,0.79891,0.7973530089661726,5.299286166394443,STOP,5.384286166394443,0.085,legacy_fixed_r_v1,2025-10-02 21:00:00+00:00,2025-10-02 21:05:00+00:00,2025-10-02 21:10:00+00:00,2
302674,302678,0.79763,0.7973722323090034,1.1968201057623318,STOP,1.2818201057623317,0.085,legacy_fixed_r_v1,2025-10-03 03:50:00+00:00,2025-10-03 03:55:00+00:00,2025-10-03 04:10:00+00:00,4
302765,302771,0.79637,0.7961437266679611,0.5065648162390929,STOP,0.5915648162390928,0.085,legacy_fixed_r_v1,2025-10-03 11:25:00+00:00,2025-10-03 11:30:00+00:00,2025-10-03 11:55:00+00:00,6
302855,302870,0.7955,0.7953028137422674,0.5889976587523237,STOP,0.6739976587523236,0.085,legacy_fixed_r_v1,2025-10-03 18:55:00+00:00,2025-10-03 19:00:00+00:00,2025-10-03 20:10:00+00:00,15
302937,302941,0.79615,0.7959039292386754,0.4586216999697305,STOP,0.5436216999697305,0.085,legacy_fixed_r_v1,2025-10-06 01:45:00+00:00,2025-10-06 01:50:00+00:00,2025-10-06 02:05:00+00:00,4
303046,303057,0.79856,0.7979553072180171,1.3100644371349888,STOP,1.3950644371349887,0.085,legacy_fixed_r_v1,2025-10-06 10:50:00+00:00,2025-10-06 10:55:00+00:00,2025-10-06 11:45:00+00:00,11
303119,303132,0.79515,0.7955315862390886,-1.0850000000000783,STOP,-1.0000000000000784,0.085,legacy_fixed_r_v1,2025-10-06 16:55:00+00:00,2025-10-06 17:00:00+00:00,2025-10-06 18:00:00+00:00,13
303149,303153,0.79505,0.7949071989821671,0.47660990890574967,STOP,0.5616099089057497,0.085,legacy_fixed_r_v1,2025-10-06 19:25:00+00:00,2025-10-06 19:30:00+00:00,2025-10-06 19:45:00+00:00,4
303200,303204,0.79493,0.7951543028941958,-1.0849999999998372,STOP,-0.9999999999998372,0.085,legacy_fixed_r_v1,2025-10-06 23:40:00+00:00,2025-10-06 23:45:00+00:00,2025-10-07 00:00:00+00:00,4
303327,303335,0.79761,0.7971412601482083,1.2559092821538367,STOP,1.3409092821538366,0.085,legacy_fixed_r_v1,2025-10-07 10:15:00+00:00,2025-10-07 10:20:00+00:00,2025-10-07 10:55:00+00:00,8
303385,303396,0.79744,0.7970519112296367,0.7211611065741211,STOP,0.8061611065741211,0.085,legacy_fixed_r_v1,2025-10-07 15:05:00+00:00,2025-10-07 15:10:00+00:00,2025-10-07 16:00:00+00:00,11
303453,303457,0.79836,0.7977008281856526,2.449765533508422,STOP,2.534765533508422,0.085,legacy_fixed_r_v1,2025-10-07 20:45:00+00:00,2025-10-07 20:50:00+00:00,2025-10-07 21:05:00+00:00,4
303602,303619,0.8006,0.8002940763774047,0.5902014141552707,STOP,0.6752014141552707,0.085,legacy_fixed_r_v1,2025-10-08 09:10:00+00:00,2025-10-08 09:15:00+00:00,2025-10-08 10:35:00+00:00,17
303638,303643,0.79979,0.8002408565840973,-1.0849999999999078,STOP,-0.9999999999999079,0.085,legacy_fixed_r_v1,2025-10-08 12:10:00+00:00,2025-10-08 12:15:00+00:00,2025-10-08 12:35:00+00:00,5
303743,303748,0.80231,0.801286113652336,3.60214899790602,STOP,3.68714899790602,0.085,legacy_fixed_r_v1,2025-10-08 20:55:00+00:00,2025-10-08 21:00:00+00:00,2025-10-08 21:20:00+00:00,5
303812,303818,0.80053,0.8007539714039673,-1.0850000000002153,STOP,-1.0000000000002154,0.085,legacy_fixed_r_v1,2025-10-09 02:40:00+00:00,2025-10-09 02:45:00+00:00,2025-10-09 03:10:00+00:00,6
303884,303889,0.80223,0.801669014059891,1.0383923357388487,STOP,1.1233923357388487,0.085,legacy_fixed_r_v1,2025-10-09 08:40:00+00:00,2025-10-09 08:45:00+00:00,2025-10-09 09:05:00+00:00,5
304013,304018,0.8068,0.8066052625599022,0.48073789671938233,STOP,0.5657378967193823,0.085,legacy_fixed_r_v1,2025-10-09 19:25:00+00:00,2025-10-09 19:30:00+00:00,2025-10-09 19:50:00+00:00,5
304096,304106,0.80616,0.806451616812013,-1.0849999999999431,STOP,-0.9999999999999432,0.085,legacy_fixed_r_v1,2025-10-10 02:20:00+00:00,2025-10-10 02:25:00+00:00,2025-10-10 03:10:00+00:00,10
304111,304118,0.80609,0.8063364649092851,-1.0849999999999516,STOP,-0.9999999999999516,0.085,legacy_fixed_r_v1,2025-10-10 03:35:00+00:00,2025-10-10 03:40:00+00:00,2025-10-10 04:10:00+00:00,7
304129,304152,0.80591,0.8057244966908791,0.7193999060603015,STOP,0.8043999060603014,0.085,legacy_fixed_r_v1,2025-10-10 05:05:00+00:00,2025-10-10 05:10:00+00:00,2025-10-10 07:00:00+00:00,23
304170,304179,0.80502,0.8054493517073253,-1.085000000000081,STOP,-1.000000000000081,0.085,legacy_fixed_r_v1,2025-10-10 08:30:00+00:00,2025-10-10 08:35:00+00:00,2025-10-10 09:15:00+00:00,9
304192,304195,0.80542,0.8057622660051788,-1.084999999999872,STOP,-0.999999999999872,0.085,legacy_fixed_r_v1,2025-10-10 10:20:00+00:00,2025-10-10 10:25:00+00:00,2025-10-10 10:35:00+00:00,3
304289,304321,0.80127,0.7996446830182347,2.949512177801117,STOP,3.034512177801117,0.085,legacy_fixed_r_v1,2025-10-10 18:25:00+00:00,2025-10-10 18:30:00+00:00,2025-10-12 21:05:00+00:00,32
304400,304426,0.80114,0.8014183738929403,-1.0849999999998365,STOP,-0.9999999999998365,0.085,legacy_fixed_r_v1,2025-10-13 03:40:00+00:00,2025-10-13 03:45:00+00:00,2025-10-13 05:50:00+00:00,26
304557,304569,0.80385,0.8042448962074406,-1.0850000000000437,STOP,-1.0000000000000437,0.085,legacy_fixed_r_v1,2025-10-13 16:45:00+00:00,2025-10-13 16:50:00+00:00,2025-10-13 17:45:00+00:00,12
304573,304583,0.80394,0.8042350557838522,-1.0850000000000584,STOP,-1.0000000000000584,0.085,legacy_fixed_r_v1,2025-10-13 18:05:00+00:00,2025-10-13 18:10:00+00:00,2025-10-13 18:55:00+00:00,10
304607,304609,0.80448,0.8038188452696773,3.4848497870906305,STOP,3.5698497870906305,0.085,legacy_fixed_r_v1,2025-10-13 20:55:00+00:00,2025-10-13 21:00:00+00:00,2025-10-13 21:05:00+00:00,2
304686,304693,0.8041,0.8033346229603446,4.0287485341230065,STOP,4.1137485341230065,0.085,legacy_fixed_r_v1,2025-10-14 03:30:00+00:00,2025-10-14 03:35:00+00:00,2025-10-14 04:05:00+00:00,7
304746,304762,0.80346,0.8040594113858016,-1.0850000000000117,STOP,-1.0000000000000118,0.085,legacy_fixed_r_v1,2025-10-14 08:30:00+00:00,2025-10-14 08:35:00+00:00,2025-10-14 09:50:00+00:00,16
304835,304845,0.80116,0.8006122436051393,0.7176074728063688,STOP,0.8026074728063688,0.085,legacy_fixed_r_v1,2025-10-14 15:55:00+00:00,2025-10-14 16:00:00+00:00,2025-10-14 16:45:00+00:00,10
304895,304899,0.80137,0.7996621348127724,5.229785053369849,STOP,5.314785053369849,0.085,legacy_fixed_r_v1,2025-10-14 20:55:00+00:00,2025-10-14 21:00:00+00:00,2025-10-14 21:15:00+00:00,4
304995,305001,0.79992,0.7996840716305964,1.130235728945605,STOP,1.215235728945605,0.085,legacy_fixed_r_v1,2025-10-15 05:15:00+00:00,2025-10-15 05:20:00+00:00,2025-10-15 05:45:00+00:00,6
305068,305073,0.80024,0.8005924517991951,-1.0849999999999584,STOP,-0.9999999999999585,0.085,legacy_fixed_r_v1,2025-10-15 11:20:00+00:00,2025-10-15 11:25:00+00:00,2025-10-15 11:45:00+00:00,5
305135,305142,0.79675,0.7973945151905483,-1.0849999999999478,STOP,-0.9999999999999478,0.085,legacy_fixed_r_v1,2025-10-15 16:55:00+00:00,2025-10-15 17:00:00+00:00,2025-10-15 17:30:00+00:00,7
305166,305175,0.79703,0.7967502836534921,0.7859676342457096,STOP,0.8709676342457096,0.085,legacy_fixed_r_v1,2025-10-15 19:30:00+00:00,2025-10-15 19:35:00+00:00,2025-10-15 20:15:00+00:00,9
305183,305185,0.79706,0.7962180810029306,2.5707231279267684,STOP,2.6557231279267683,0.085,legacy_fixed_r_v1,2025-10-15 20:55:00+00:00,2025-10-15 21:00:00+00:00,2025-10-15 21:05:00+00:00,2
305221,305229,0.79652,0.7953028703244343,5.170722900155027,STOP,5.2557229001550265,0.085,legacy_fixed_r_v1,2025-10-16 00:05:00+00:00,2025-10-16 00:10:00+00:00,2025-10-16 00:45:00+00:00,8
305336,305349,0.79651,0.7969149658618055,-1.0850000000000335,STOP,-1.0000000000000335,0.085,legacy_fixed_r_v1,2025-10-16 09:40:00+00:00,2025-10-16 09:45:00+00:00,2025-10-16 10:45:00+00:00,13
305416,305419,0.79528,0.7948244112847936,0.7409065065313298,STOP,0.8259065065313298,0.085,legacy_fixed_r_v1,2025-10-16 16:20:00+00:00,2025-10-16 16:25:00+00:00,2025-10-16 16:35:00+00:00,3
305450,305493,0.79267,0.7922944709845714,0.6319704156834238,STOP,0.7169704156834238,0.085,legacy_fixed_r_v1,2025-10-16 19:10:00+00:00,2025-10-16 19:15:00+00:00,2025-10-16 22:45:00+00:00,43
305537,305541,0.7909,0.7904923344887167,0.8962056409214993,STOP,0.9812056409214993,0.085,legacy_fixed_r_v1,2025-10-17 02:25:00+00:00,2025-10-17 02:30:00+00:00,2025-10-17 02:45:00+00:00,4
305568,305577,0.79013,0.7897713815162156,1.1443153239065145,STOP,1.2293153239065144,0.085,legacy_fixed_r_v1,2025-10-17 05:00:00+00:00,2025-10-17 05:05:00+00:00,2025-10-17 05:45:00+00:00,9
305667,305677,0.79154,0.7922717231066125,-1.085000000000048,STOP,-1.000000000000048,0.085,legacy_fixed_r_v1,2025-10-17 13:15:00+00:00,2025-10-17 13:20:00+00:00,2025-10-17 14:05:00+00:00,10
305695,305724,0.79202,0.7926749162206992,-1.085000000000037,STOP,-1.000000000000037,0.085,legacy_fixed_r_v1,2025-10-17 15:35:00+00:00,2025-10-17 15:40:00+00:00,2025-10-17 18:00:00+00:00,29
305788,305798,0.79369,0.7932948562848019,0.9191683084520617,STOP,1.0041683084520616,0.085,legacy_fixed_r_v1,2025-10-19 23:20:00+00:00,2025-10-19 23:25:00+00:00,2025-10-20 00:10:00+00:00,10
305800,305812,0.79314,0.7934982848088263,-1.0850000000001498,STOP,-1.0000000000001499,0.085,legacy_fixed_r_v1,2025-10-20 00:20:00+00:00,2025-10-20 00:25:00+00:00,2025-10-20 01:20:00+00:00,12
305822,305832,0.79292,0.7932788699465769,-1.0850000000000437,STOP,-1.0000000000000437,0.085,legacy_fixed_r_v1,2025-10-20 02:10:00+00:00,2025-10-20 02:15:00+00:00,2025-10-20 03:00:00+00:00,10
305850,305855,0.79293,0.7927350306561425,0.8137698768808019,STOP,0.8987698768808019,0.085,legacy_fixed_r_v1,2025-10-20 04:30:00+00:00,2025-10-20 04:35:00+00:00,2025-10-20 04:55:00+00:00,5
306019,306039,0.79209,0.7923450339989424,-1.0849999999999795,STOP,-0.9999999999999796,0.085,legacy_fixed_r_v1,2025-10-20 18:35:00+00:00,2025-10-20 18:40:00+00:00,2025-10-20 20:15:00+00:00,20
306084,306088,0.79221,0.791548885967029,2.734552322617738,STOP,2.819552322617738,0.085,legacy_fixed_r_v1,2025-10-21 00:00:00+00:00,2025-10-21 00:05:00+00:00,2025-10-21 00:20:00+00:00,4
306143,306147,0.79309,0.7933517534248099,-1.0850000000000661,STOP,-1.0000000000000662,0.085,legacy_fixed_r_v1,2025-10-21 04:55:00+00:00,2025-10-21 05:00:00+00:00,2025-10-21 05:15:00+00:00,4
306162,306165,0.79294,0.7923178912406632,1.6328202215857317,STOP,1.7178202215857317,0.085,legacy_fixed_r_v1,2025-10-21 06:30:00+00:00,2025-10-21 06:35:00+00:00,2025-10-21 06:45:00+00:00,3
306336,306346,0.79641,0.7958398881365395,1.5313710348986211,STOP,1.616371034898621,0.085,legacy_fixed_r_v1,2025-10-21 21:00:00+00:00,2025-10-21 21:05:00+00:00,2025-10-21 21:50:00+00:00,10
306375,306386,0.79641,0.7957681744667077,2.5062260942957604,STOP,2.5912260942957603,0.085,legacy_fixed_r_v1,2025-10-22 00:15:00+00:00,2025-10-22 00:20:00+00:00,2025-10-22 01:10:00+00:00,11
306432,306436,0.79569,0.7954202753952768,1.2879436572733938,STOP,1.3729436572733937,0.085,legacy_fixed_r_v1,2025-10-22 05:00:00+00:00,2025-10-22 05:05:00+00:00,2025-10-22 05:20:00+00:00,4
306616,306625,0.79598,0.7953854268293555,2.265253097974096,STOP,2.350253097974096,0.085,legacy_fixed_r_v1,2025-10-22 20:20:00+00:00,2025-10-22 20:25:00+00:00,2025-10-22 21:05:00+00:00,9
306719,306727,0.79729,0.7971974849723472,0.5594758753760201,STOP,0.64447587537602,0.085,legacy_fixed_r_v1,2025-10-23 04:55:00+00:00,2025-10-23 05:00:00+00:00,2025-10-23 05:35:00+00:00,8
306854,306864,0.79539,0.7957370860214515,-1.0850000000000157,STOP,-1.0000000000000158,0.085,legacy_fixed_r_v1,2025-10-23 16:10:00+00:00,2025-10-23 16:15:00+00:00,2025-10-23 17:00:00+00:00,10
306874,306892,0.79556,0.7951905095023684,1.17509249216273,STOP,1.26009249216273,0.085,legacy_fixed_r_v1,2025-10-23 17:50:00+00:00,2025-10-23 17:55:00+00:00,2025-10-23 19:20:00+00:00,18
306910,306912,0.79516,0.7953472605220694,-1.0849999999997588,STOP,-0.9999999999997589,0.085,legacy_fixed_r_v1,2025-10-23 20:50:00+00:00,2025-10-23 20:55:00+00:00,2025-10-23 21:00:00+00:00,2
306948,306950,0.79495,0.7948073544191546,0.6003085052226498,STOP,0.6853085052226497,0.085,legacy_fixed_r_v1,2025-10-24 00:00:00+00:00,2025-10-24 00:05:00+00:00,2025-10-24 00:10:00+00:00,2
306994,306997,0.79573,0.7958899125955754,-1.0849999999997588,STOP,-0.9999999999997587,0.085,legacy_fixed_r_v1,2025-10-24 03:50:00+00:00,2025-10-24 03:55:00+00:00,2025-10-24 04:05:00+00:00,3
307010,307013,0.79594,0.7960898838209991,-1.0850000000003353,STOP,-1.0000000000003353,0.085,legacy_fixed_r_v1,2025-10-24 05:10:00+00:00,2025-10-24 05:15:00+00:00,2025-10-24 05:25:00+00:00,3
307153,307194,0.79557,0.7950841602178854,1.161791448905733,STOP,1.246791448905733,0.085,legacy_fixed_r_v1,2025-10-24 17:05:00+00:00,2025-10-24 17:10:00+00:00,2025-10-24 20:30:00+00:00,41
307242,307254,0.79579,0.7946747815523647,3.7105931912138863,STOP,3.7955931912138863,0.085,legacy_fixed_r_v1,2025-10-27 00:30:00+00:00,2025-10-27 00:35:00+00:00,2025-10-27 01:30:00+00:00,12
307274,307283,0.79565,0.7958767998821175,-1.0849999999998041,STOP,-0.999999999999804,0.085,legacy_fixed_r_v1,2025-10-27 03:10:00+00:00,2025-10-27 03:15:00+00:00,2025-10-27 03:55:00+00:00,9
307371,307375,0.79565,0.7959997028971768,-1.0850000000000246,STOP,-1.0000000000000246,0.085,legacy_fixed_r_v1,2025-10-27 11:15:00+00:00,2025-10-27 11:20:00+00:00,2025-10-27 11:35:00+00:00,4
307480,307518,0.79522,0.7946570074424925,2.2611319536298398,STOP,2.3461319536298397,0.085,legacy_fixed_r_v1,2025-10-27 20:20:00+00:00,2025-10-27 20:25:00+00:00,2025-10-27 23:30:00+00:00,38
307752,307762,0.79277,0.7930961793646677,-1.0849999999999913,STOP,-0.9999999999999913,0.085,legacy_fixed_r_v1,2025-10-28 19:00:00+00:00,2025-10-28 19:05:00+00:00,2025-10-28 19:50:00+00:00,10
307776,307781,0.79407,0.7933591921936217,2.711783194298916,STOP,2.796783194298916,0.085,legacy_fixed_r_v1,2025-10-28 21:00:00+00:00,2025-10-28 21:05:00+00:00,2025-10-28 21:25:00+00:00,5
307810,307813,0.79327,0.7927583294633324,2.542128288299884,STOP,2.627128288299884,0.085,legacy_fixed_r_v1,2025-10-28 23:50:00+00:00,2025-10-28 23:55:00+00:00,2025-10-29 00:05:00+00:00,3
307929,307946,0.79605,0.7965662046475683,-1.084999999999957,STOP,-0.9999999999999571,0.085,legacy_fixed_r_v1,2025-10-29 09:45:00+00:00,2025-10-29 09:50:00+00:00,2025-10-29 11:10:00+00:00,17
307971,307976,0.79672,0.7971737349431477,-1.0850000000000228,STOP,-1.0000000000000229,0.085,legacy_fixed_r_v1,2025-10-29 13:15:00+00:00,2025-10-29 13:20:00+00:00,2025-10-29 13:40:00+00:00,5
307991,308002,0.79706,0.796572864058395,0.9749396101499637,STOP,1.0599396101499636,0.085,legacy_fixed_r_v1,2025-10-29 14:55:00+00:00,2025-10-29 15:00:00+00:00,2025-10-29 15:50:00+00:00,11
308125,308139,0.79919,0.7989526208604674,0.6699697931717755,STOP,0.7549697931717755,0.085,legacy_fixed_r_v1,2025-10-30 02:05:00+00:00,2025-10-30 02:10:00+00:00,2025-10-30 03:15:00+00:00,14
308327,308344,0.80212,0.8018943511698691,0.6099185969141218,STOP,0.6949185969141217,0.085,legacy_fixed_r_v1,2025-10-30 18:55:00+00:00,2025-10-30 19:00:00+00:00,2025-10-30 20:20:00+00:00,17
308367,308371,0.80149,0.8012744240969623,0.751143112205027,STOP,0.836143112205027,0.085,legacy_fixed_r_v1,2025-10-30 22:15:00+00:00,2025-10-30 22:20:00+00:00,2025-10-30 22:35:00+00:00,4
308621,308625,0.80437,0.8046765018802269,-1.0849999999998634,STOP,-0.9999999999998634,0.085,legacy_fixed_r_v1,2025-10-31 19:25:00+00:00,2025-10-31 19:30:00+00:00,2025-10-31 19:45:00+00:00,4
308811,308819,0.80682,0.8071943452564133,-1.0849999999999038,STOP,-0.9999999999999039,0.085,legacy_fixed_r_v1,2025-11-03 12:15:00+00:00,2025-11-03 12:20:00+00:00,2025-11-03 12:55:00+00:00,8
308871,308877,0.80701,0.8074771258377508,-1.085000000000055,STOP,-1.000000000000055,0.085,legacy_fixed_r_v1,2025-11-03 17:15:00+00:00,2025-11-03 17:20:00+00:00,2025-11-03 17:45:00+00:00,6
308923,308929,0.80796,0.8071618731905477,3.962616045993258,STOP,4.047616045993258,0.085,legacy_fixed_r_v1,2025-11-03 21:35:00+00:00,2025-11-03 21:40:00+00:00,2025-11-03 22:05:00+00:00,6
309206,309217,0.81042,0.8097821183183188,2.366409217707266,STOP,2.451409217707266,0.085,legacy_fixed_r_v1,2025-11-04 21:10:00+00:00,2025-11-04 21:15:00+00:00,2025-11-04 22:05:00+00:00,11
309245,309250,0.81026,0.8099571532789818,1.0802904036157304,STOP,1.1652904036157303,0.085,legacy_fixed_r_v1,2025-11-05 00:25:00+00:00,2025-11-05 00:30:00+00:00,2025-11-05 00:50:00+00:00,5
309308,309311,0.80946,0.8090618845822064,1.7606672939811294,STOP,1.8456672939811294,0.085,legacy_fixed_r_v1,2025-11-05 05:40:00+00:00,2025-11-05 05:45:00+00:00,2025-11-05 05:55:00+00:00,3
309418,309419,0.81009,0.8106016234416064,-1.0849999999999518,STOP,-0.9999999999999517,0.085,legacy_fixed_r_v1,2025-11-05 14:50:00+00:00,2025-11-05 14:55:00+00:00,2025-11-05 14:55:00+00:00,1
309458,309481,0.81061,0.8102029114152558,0.9387494984195603,STOP,1.0237494984195603,0.085,legacy_fixed_r_v1,2025-11-05 18:10:00+00:00,2025-11-05 18:15:00+00:00,2025-11-05 20:05:00+00:00,23
309503,309505,0.81063,0.8096876023625682,4.472953630952943,STOP,4.557953630952943,0.085,legacy_fixed_r_v1,2025-11-05 21:55:00+00:00,2025-11-05 22:00:00+00:00,2025-11-05 22:05:00+00:00,2
309665,309670,0.80901,0.8087578891153914,0.7106892492226963,STOP,0.7956892492226962,0.085,legacy_fixed_r_v1,2025-11-06 11:25:00+00:00,2025-11-06 11:30:00+00:00,2025-11-06 11:50:00+00:00,5
309760,309779,0.8065,0.8061742628469584,1.0067529228115766,STOP,1.0917529228115765,0.085,legacy_fixed_r_v1,2025-11-06 19:20:00+00:00,2025-11-06 19:25:00+00:00,2025-11-06 20:55:00+00:00,19
309841,309847,0.80669,0.8069708649617852,-1.0850000000000952,STOP,-1.0000000000000953,0.085,legacy_fixed_r_v1,2025-11-07 02:05:00+00:00,2025-11-07 02:10:00+00:00,2025-11-07 02:35:00+00:00,6
309933,309935,0.80786,0.8081751403449658,-1.0849999999998297,STOP,-0.9999999999998297,0.085,legacy_fixed_r_v1,2025-11-07 09:45:00+00:00,2025-11-07 09:50:00+00:00,2025-11-07 09:55:00+00:00,2
309972,309976,0.80532,0.8049676540438405,0.7434943976221093,STOP,0.8284943976221093,0.085,legacy_fixed_r_v1,2025-11-07 13:00:00+00:00,2025-11-07 13:05:00+00:00,2025-11-07 13:20:00+00:00,4
310079,310081,0.80699,0.8037806229710878,10.159931463648412,STOP,10.244931463648413,0.085,legacy_fixed_r_v1,2025-11-07 21:55:00+00:00,2025-11-09 22:00:00+00:00,2025-11-09 22:05:00+00:00,2
310132,310147,0.8062,0.8065572226901944,-1.0850000000000783,STOP,-1.0000000000000784,0.085,legacy_fixed_r_v1,2025-11-10 02:20:00+00:00,2025-11-10 02:25:00+00:00,2025-11-10 03:35:00+00:00,15
310171,310173,0.80595,0.8058140045160632,0.5231404857084646,STOP,0.6081404857084646,0.085,legacy_fixed_r_v1,2025-11-10 05:35:00+00:00,2025-11-10 05:40:00+00:00,2025-11-10 05:45:00+00:00,2
310225,310230,0.80539,0.8058688459753143,-1.0849999999999125,STOP,-0.9999999999999125,0.085,legacy_fixed_r_v1,2025-11-10 10:05:00+00:00,2025-11-10 10:10:00+00:00,2025-11-10 10:30:00+00:00,5
310250,310254,0.80563,0.8053511341689227,0.7329218561310531,STOP,0.8179218561310531,0.085,legacy_fixed_r_v1,2025-11-10 12:10:00+00:00,2025-11-10 12:15:00+00:00,2025-11-10 12:30:00+00:00,4
310352,310362,0.80472,0.8049251822511957,-1.0850000000001394,STOP,-1.0000000000001394,0.085,legacy_fixed_r_v1,2025-11-10 20:40:00+00:00,2025-11-10 20:45:00+00:00,2025-11-10 21:30:00+00:00,10
310440,310444,0.80486,0.8047251236473203,0.5241190057604119,STOP,0.6091190057604119,0.085,legacy_fixed_r_v1,2025-11-11 04:00:00+00:00,2025-11-11 04:05:00+00:00,2025-11-11 04:20:00+00:00,4
310453,310457,0.80455,0.804108056282699,2.166620665731263,STOP,2.251620665731263,0.085,legacy_fixed_r_v1,2025-11-11 05:05:00+00:00,2025-11-11 05:10:00+00:00,2025-11-11 05:25:00+00:00,4
310505,310508,0.8032,0.8028522490908431,0.6150278165414478,STOP,0.7000278165414477,0.085,legacy_fixed_r_v1,2025-11-11 09:25:00+00:00,2025-11-11 09:30:00+00:00,2025-11-11 09:40:00+00:00,3
310519,310526,0.80238,0.8017124415120479,1.423260525354838,STOP,1.508260525354838,0.085,legacy_fixed_r_v1,2025-11-11 10:35:00+00:00,2025-11-11 10:40:00+00:00,2025-11-11 11:10:00+00:00,7
310538,310555,0.80159,0.7995491343745924,4.7921537024655425,STOP,4.8771537024655425,0.085,legacy_fixed_r_v1,2025-11-11 12:10:00+00:00,2025-11-11 12:15:00+00:00,2025-11-11 13:35:00+00:00,17
310639,310641,0.79984,0.8001097848863983,-1.0849999999999749,STOP,-0.9999999999999749,0.085,legacy_fixed_r_v1,2025-11-11 20:35:00+00:00,2025-11-11 20:40:00+00:00,2025-11-11 20:45:00+00:00,2
310655,310657,0.80089,0.7996313788467175,3.77524754341769,STOP,3.86024754341769,0.085,legacy_fixed_r_v1,2025-11-11 21:55:00+00:00,2025-11-11 22:00:00+00:00,2025-11-11 22:05:00+00:00,2
310719,310729,0.80054,0.800728782874396,-1.0850000000002828,STOP,-1.0000000000002829,0.085,legacy_fixed_r_v1,2025-11-12 03:15:00+00:00,2025-11-12 03:20:00+00:00,2025-11-12 04:05:00+00:00,10
310761,310765,0.80048,0.8000896637316417,1.6195199066822694,STOP,1.7045199066822694,0.085,legacy_fixed_r_v1,2025-11-12 06:45:00+00:00,2025-11-12 06:50:00+00:00,2025-11-12 07:05:00+00:00,4
310823,310835,0.79884,0.7992244356842689,-1.0849999999998934,STOP,-0.9999999999998934,0.085,legacy_fixed_r_v1,2025-11-12 11:55:00+00:00,2025-11-12 12:00:00+00:00,2025-11-12 12:55:00+00:00,12
310847,310850,0.79851,0.7988974859932558,-1.084999999999891,STOP,-0.9999999999998909,0.085,legacy_fixed_r_v1,2025-11-12 13:55:00+00:00,2025-11-12 14:00:00+00:00,2025-11-12 14:10:00+00:00,3
310943,310946,0.798,0.7974559543149883,2.47724184552647,STOP,2.56224184552647,0.085,legacy_fixed_r_v1,2025-11-12 21:55:00+00:00,2025-11-12 22:00:00+00:00,2025-11-12 22:10:00+00:00,3
310990,310996,0.79822,0.798477235697892,-1.0849999999998925,STOP,-0.9999999999998925,0.085,legacy_fixed_r_v1,2025-11-13 01:50:00+00:00,2025-11-13 01:55:00+00:00,2025-11-13 02:20:00+00:00,6
311017,311021,0.79831,0.798532942718616,-1.0850000000001614,STOP,-1.0000000000001614,0.085,legacy_fixed_r_v1,2025-11-13 04:05:00+00:00,2025-11-13 04:10:00+00:00,2025-11-13 04:25:00+00:00,4
311051,311053,0.79892,0.7987542493301605,0.6713260418356438,STOP,0.7563260418356438,0.085,legacy_fixed_r_v1,2025-11-13 06:55:00+00:00,2025-11-13 07:00:00+00:00,2025-11-13 07:05:00+00:00,2
311142,311160,0.79501,0.7928534041850119,4.536007086843741,STOP,4.621007086843741,0.085,legacy_fixed_r_v1,2025-11-13 14:30:00+00:00,2025-11-13 14:35:00+00:00,2025-11-13 16:00:00+00:00,18
311259,311269,0.79322,0.7930254895197875,0.459649954260084,STOP,0.544649954260084,0.085,legacy_fixed_r_v1,2025-11-14 00:15:00+00:00,2025-11-14 00:20:00+00:00,2025-11-14 01:05:00+00:00,10
311292,311301,0.79249,0.7921269214794681,1.0175616788753035,STOP,1.1025616788753034,0.085,legacy_fixed_r_v1,2025-11-14 03:00:00+00:00,2025-11-14 03:05:00+00:00,2025-11-14 03:45:00+00:00,9
311395,311400,0.7918,0.7915442292584212,0.5463186181804026,STOP,0.6313186181804026,0.085,legacy_fixed_r_v1,2025-11-14 11:35:00+00:00,2025-11-14 11:40:00+00:00,2025-11-14 12:00:00+00:00,5
311498,311511,0.79386,0.7941449797558887,-1.0850000000001712,STOP,-1.0000000000001712,0.085,legacy_fixed_r_v1,2025-11-14 20:10:00+00:00,2025-11-14 20:15:00+00:00,2025-11-14 21:15:00+00:00,13
311557,311568,0.79423,0.7945683591649386,-1.0850000000000717,STOP,-1.0000000000000717,0.085,legacy_fixed_r_v1,2025-11-17 01:05:00+00:00,2025-11-17 01:10:00+00:00,2025-11-17 02:00:00+00:00,11
311598,311607,0.79525,0.7946596276989196,2.8411817206256336,STOP,2.9261817206256335,0.085,legacy_fixed_r_v1,2025-11-17 04:30:00+00:00,2025-11-17 04:35:00+00:00,2025-11-17 05:15:00+00:00,9
311658,311665,0.79422,0.7946538168326207,-1.085000000000021,STOP,-1.000000000000021,0.085,legacy_fixed_r_v1,2025-11-17 09:30:00+00:00,2025-11-17 09:35:00+00:00,2025-11-17 10:05:00+00:00,7
311774,311779,0.79578,0.7960418355501785,-1.0849999999998938,STOP,-0.9999999999998938,0.085,legacy_fixed_r_v1,2025-11-17 19:10:00+00:00,2025-11-17 19:15:00+00:00,2025-11-17 19:35:00+00:00,5
311802,311809,0.79617,0.795256058405033,3.9067336260510688,STOP,3.9917336260510687,0.085,legacy_fixed_r_v1,2025-11-17 21:30:00+00:00,2025-11-17 21:35:00+00:00,2025-11-17 22:05:00+00:00,7
311838,311847,0.79609,0.7963497492752956,-1.0850000000001652,STOP,-1.0000000000001652,0.085,legacy_fixed_r_v1,2025-11-18 00:30:00+00:00,2025-11-18 00:35:00+00:00,2025-11-18 01:15:00+00:00,9
311862,311870,0.796,0.7956752278088076,1.4056645327441963,STOP,1.4906645327441963,0.085,legacy_fixed_r_v1,2025-11-18 02:30:00+00:00,2025-11-18 02:35:00+00:00,2025-11-18 03:10:00+00:00,8
311910,311918,0.79431,0.7941279372716771,0.5284093071035592,STOP,0.6134093071035591,0.085,legacy_fixed_r_v1,2025-11-18 06:30:00+00:00,2025-11-18 06:35:00+00:00,2025-11-18 07:10:00+00:00,8
311972,311979,0.79693,0.7964710186531726,1.2334220086259058,STOP,1.3184220086259058,0.085,legacy_fixed_r_v1,2025-11-18 11:40:00+00:00,2025-11-18 11:45:00+00:00,2025-11-18 12:15:00+00:00,7
312053,312059,0.79922,0.7989121496652376,0.637348225427983,STOP,0.7223482254279829,0.085,legacy_fixed_r_v1,2025-11-18 18:25:00+00:00,2025-11-18 18:30:00+00:00,2025-11-18 18:55:00+00:00,6
312093,312097,0.79968,0.7988187679735187,3.4262298510227125,STOP,3.5112298510227125,0.085,legacy_fixed_r_v1,2025-11-18 21:45:00+00:00,2025-11-18 21:50:00+00:00,2025-11-18 22:05:00+00:00,4
312123,312132,0.79962,0.7999213517511531,-1.084999999999937,STOP,-0.9999999999999368,0.085,legacy_fixed_r_v1,2025-11-19 00:15:00+00:00,2025-11-19 00:20:00+00:00,2025-11-19 01:00:00+00:00,9
312210,312215,0.79918,0.7995675442973219,-1.085000000000016,STOP,-1.000000000000016,0.085,legacy_fixed_r_v1,2025-11-19 07:30:00+00:00,2025-11-19 07:35:00+00:00,2025-11-19 07:55:00+00:00,5
312279,312282,0.80113,0.8016499546361405,-1.085000000000075,STOP,-1.000000000000075,0.085,legacy_fixed_r_v1,2025-11-19 13:15:00+00:00,2025-11-19 13:20:00+00:00,2025-11-19 13:30:00+00:00,3
312324,312328,0.80444,0.8050090506401764,-1.085000000000034,STOP,-1.000000000000034,0.085,legacy_fixed_r_v1,2025-11-19 17:00:00+00:00,2025-11-19 17:05:00+00:00,2025-11-19 17:20:00+00:00,4
312344,312347,0.80471,0.8051620826597157,-1.084999999999954,STOP,-0.9999999999999539,0.085,legacy_fixed_r_v1,2025-11-19 18:40:00+00:00,2025-11-19 18:45:00+00:00,2025-11-19 18:55:00+00:00,3
312378,312385,0.80575,0.8050802504103772,1.6214756727062927,STOP,1.7064756727062926,0.085,legacy_fixed_r_v1,2025-11-19 21:30:00+00:00,2025-11-19 21:35:00+00:00,2025-11-19 22:05:00+00:00,7
312463,312468,0.80654,0.806819835898526,-1.0849999999999087,STOP,-0.9999999999999087,0.085,legacy_fixed_r_v1,2025-11-20 04:35:00+00:00,2025-11-20 04:40:00+00:00,2025-11-20 05:00:00+00:00,5
312478,312479,0.80647,0.806748450237957,-1.0850000000001137,STOP,-1.0000000000001137,0.085,legacy_fixed_r_v1,2025-11-20 05:50:00+00:00,2025-11-20 05:55:00+00:00,2025-11-20 05:55:00+00:00,1
312526,312533,0.80564,0.8060405224558763,-1.0849999999999687,STOP,-0.9999999999999686,0.085,legacy_fixed_r_v1,2025-11-20 09:50:00+00:00,2025-11-20 09:55:00+00:00,2025-11-20 10:25:00+00:00,7
312600,312605,0.8062,0.8054875279886641,0.8111071305925036,STOP,0.8961071305925036,0.085,legacy_fixed_r_v1,2025-11-20 16:00:00+00:00,2025-11-20 16:05:00+00:00,2025-11-20 16:25:00+00:00,5
312633,312654,0.80538,0.8059800528804759,-1.0850000000000757,STOP,-1.0000000000000757,0.085,legacy_fixed_r_v1,2025-11-20 18:45:00+00:00,2025-11-20 18:50:00+00:00,2025-11-20 20:30:00+00:00,21
312671,312673,0.8071,0.8050388300670892,5.879774349326397,STOP,5.964774349326397,0.085,legacy_fixed_r_v1,2025-11-20 21:55:00+00:00,2025-11-20 22:00:00+00:00,2025-11-20 22:05:00+00:00,2
312692,312697,0.80562,0.8059312290869037,-1.0850000000001587,STOP,-1.0000000000001588,0.085,legacy_fixed_r_v1,2025-11-20 23:40:00+00:00,2025-11-20 23:45:00+00:00,2025-11-21 00:05:00+00:00,5
312722,312749,0.80492,0.8044306627379286,1.273795707885952,STOP,1.358795707885952,0.085,legacy_fixed_r_v1,2025-11-21 02:10:00+00:00,2025-11-21 02:15:00+00:00,2025-11-21 04:25:00+00:00,27
312846,312854,0.80597,0.8065906342374286,-1.0850000000000684,STOP,-1.0000000000000684,0.085,legacy_fixed_r_v1,2025-11-21 12:30:00+00:00,2025-11-21 12:35:00+00:00,2025-11-21 13:10:00+00:00,8
312900,312934,0.80841,0.8077636934834883,0.8526710692963038,STOP,0.9376710692963037,0.085,legacy_fixed_r_v1,2025-11-21 17:00:00+00:00,2025-11-21 17:05:00+00:00,2025-11-21 19:50:00+00:00,34
312950,312953,0.80759,0.8079216835735054,-1.0850000000001006,STOP,-1.0000000000001006,0.085,legacy_fixed_r_v1,2025-11-21 21:10:00+00:00,2025-11-21 21:15:00+00:00,2025-11-21 21:25:00+00:00,3
313044,313059,0.80812,0.808325992780192,-1.0850000000002318,STOP,-1.0000000000002318,0.085,legacy_fixed_r_v1,2025-11-24 05:00:00+00:00,2025-11-24 05:05:00+00:00,2025-11-24 06:15:00+00:00,15
313105,313117,0.8069,0.8064565954669122,0.7084048454836008,STOP,0.7934048454836008,0.085,legacy_fixed_r_v1,2025-11-24 10:05:00+00:00,2025-11-24 10:10:00+00:00,2025-11-24 11:05:00+00:00,12
313200,313212,0.8082,0.8078380887880799,0.7012296566379673,STOP,0.7862296566379673,0.085,legacy_fixed_r_v1,2025-11-24 18:00:00+00:00,2025-11-24 18:05:00+00:00,2025-11-24 19:00:00+00:00,12
313342,313344,0.809,0.8091874608566643,-1.0849999999998852,STOP,-0.9999999999998852,0.085,legacy_fixed_r_v1,2025-11-25 05:50:00+00:00,2025-11-25 05:55:00+00:00,2025-11-25 06:00:00+00:00,2
313383,313389,0.80869,0.80908290096612,-1.0849999999999278,STOP,-0.9999999999999277,0.085,legacy_fixed_r_v1,2025-11-25 09:15:00+00:00,2025-11-25 09:20:00+00:00,2025-11-25 09:45:00+00:00,6
313420,313425,0.80978,0.8094485928691175,0.9744031173595009,STOP,1.0594031173595009,0.085,legacy_fixed_r_v1,2025-11-25 12:20:00+00:00,2025-11-25 12:25:00+00:00,2025-11-25 12:45:00+00:00,5
313511,313515,0.80648,0.8068869061051966,-1.0850000000000954,STOP,-1.0000000000000955,0.085,legacy_fixed_r_v1,2025-11-25 19:55:00+00:00,2025-11-25 20:00:00+00:00,2025-11-25 20:15:00+00:00,4
313535,313542,0.80818,0.8068615122935734,4.164309448246903,STOP,4.249309448246903,0.085,legacy_fixed_r_v1,2025-11-25 21:55:00+00:00,2025-11-25 22:00:00+00:00,2025-11-25 22:30:00+00:00,7
313566,313570,0.80758,0.8078732234735846,-1.084999999999971,STOP,-0.9999999999999711,0.085,legacy_fixed_r_v1,2025-11-26 00:30:00+00:00,2025-11-26 00:35:00+00:00,2025-11-26 00:50:00+00:00,4
313597,313607,0.80618,0.8055676686655726,1.445330550349407,STOP,1.530330550349407,0.085,legacy_fixed_r_v1,2025-11-26 03:05:00+00:00,2025-11-26 03:10:00+00:00,2025-11-26 03:55:00+00:00,10
313624,313627,0.80583,0.8056795449080574,0.45922169583271716,STOP,0.5442216958327172,0.085,legacy_fixed_r_v1,2025-11-26 05:20:00+00:00,2025-11-26 05:25:00+00:00,2025-11-26 05:35:00+00:00,3
313770,313779,0.80458,0.804213735206714,0.7131436923787267,STOP,0.7981436923787266,0.085,legacy_fixed_r_v1,2025-11-26 17:30:00+00:00,2025-11-26 17:35:00+00:00,2025-11-26 18:15:00+00:00,9
313801,313805,0.8042,0.8040156692229193,0.6643804655354641,STOP,0.7493804655354641,0.085,legacy_fixed_r_v1,2025-11-26 20:05:00+00:00,2025-11-26 20:10:00+00:00,2025-11-26 20:25:00+00:00,4
313848,313851,0.80323,0.8034765824052938,-1.0849999999997852,STOP,-0.9999999999997852,0.085,legacy_fixed_r_v1,2025-11-27 00:00:00+00:00,2025-11-27 00:05:00+00:00,2025-11-27 00:15:00+00:00,3
314036,314041,0.80528,0.8055950024420967,-1.0850000000000477,STOP,-1.0000000000000477,0.085,legacy_fixed_r_v1,2025-11-27 15:40:00+00:00,2025-11-27 15:45:00+00:00,2025-11-27 16:05:00+00:00,5
314084,314086,0.80502,0.8049204807124449,0.8815965273775956,STOP,0.9665965273775956,0.085,legacy_fixed_r_v1,2025-11-27 19:40:00+00:00,2025-11-27 19:45:00+00:00,2025-11-27 19:50:00+00:00,2
314104,314109,0.80487,0.804794519935481,0.7544999686331016,STOP,0.8394999686331016,0.085,legacy_fixed_r_v1,2025-11-27 21:20:00+00:00,2025-11-27 21:25:00+00:00,2025-11-27 21:45:00+00:00,5
314166,314168,0.80511,0.8053493118757714,-1.0850000000000368,STOP,-1.0000000000000369,0.085,legacy_fixed_r_v1,2025-11-28 02:30:00+00:00,2025-11-28 02:35:00+00:00,2025-11-28 02:40:00+00:00,2
314302,314309,0.80476,0.8052070125401366,-1.0849999999999038,STOP,-0.9999999999999037,0.085,legacy_fixed_r_v1,2025-11-28 13:50:00+00:00,2025-11-28 13:55:00+00:00,2025-11-28 14:25:00+00:00,7
314347,314400,0.80337,0.803860476998841,-1.0850000000000959,STOP,-1.000000000000096,0.085,legacy_fixed_r_v1,2025-11-28 17:35:00+00:00,2025-11-28 17:40:00+00:00,2025-11-30 22:00:00+00:00,53
314414,314418,0.80325,0.8036897283751008,-1.0850000000000621,STOP,-1.0000000000000622,0.085,legacy_fixed_r_v1,2025-11-30 23:10:00+00:00,2025-11-30 23:15:00+00:00,2025-11-30 23:30:00+00:00,4
314556,314569,0.80268,0.8024265802398122,0.47223748256782444,STOP,0.5572374825678245,0.085,legacy_fixed_r_v1,2025-12-01 11:00:00+00:00,2025-12-01 11:05:00+00:00,2025-12-01 12:05:00+00:00,13
314688,314700,0.80472,0.8043430266989647,0.8706764437561265,STOP,0.9556764437561265,0.085,legacy_fixed_r_v1,2025-12-01 22:00:00+00:00,2025-12-01 22:05:00+00:00,2025-12-01 23:00:00+00:00,12
314731,314735,0.80467,0.804402739815711,1.267519119734974,STOP,1.352519119734974,0.085,legacy_fixed_r_v1,2025-12-02 01:35:00+00:00,2025-12-02 01:40:00+00:00,2025-12-02 01:55:00+00:00,4
314855,314866,0.80452,0.804314060030183,0.5361285425508973,STOP,0.6211285425508972,0.085,legacy_fixed_r_v1,2025-12-02 11:55:00+00:00,2025-12-02 12:00:00+00:00,2025-12-02 12:50:00+00:00,11
314941,314955,0.80383,0.8030014672485264,2.565687666772602,STOP,2.650687666772602,0.085,legacy_fixed_r_v1,2025-12-02 19:05:00+00:00,2025-12-02 19:10:00+00:00,2025-12-02 20:15:00+00:00,14
314975,314977,0.8039,0.8027909702108266,4.452813793413575,STOP,4.537813793413575,0.085,legacy_fixed_r_v1,2025-12-02 21:55:00+00:00,2025-12-02 22:00:00+00:00,2025-12-02 22:05:00+00:00,2
315043,315049,0.80195,0.8021123636470314,-1.084999999999761,STOP,-0.9999999999997611,0.085,legacy_fixed_r_v1,2025-12-03 03:35:00+00:00,2025-12-03 03:40:00+00:00,2025-12-03 04:05:00+00:00,6
315057,315064,0.80196,0.8018783964059428,0.4897957168782741,STOP,0.5747957168782741,0.085,legacy_fixed_r_v1,2025-12-03 04:45:00+00:00,2025-12-03 04:50:00+00:00,2025-12-03 05:20:00+00:00,7
315121,315131,0.80128,0.8008750356415063,0.8304765520976599,STOP,0.9154765520976599,0.085,legacy_fixed_r_v1,2025-12-03 10:05:00+00:00,2025-12-03 10:10:00+00:00,2025-12-03 10:55:00+00:00,10
315135,315152,0.80051,0.8001771218434588,0.7364568976962536,STOP,0.8214568976962535,0.085,legacy_fixed_r_v1,2025-12-03 11:15:00+00:00,2025-12-03 11:20:00+00:00,2025-12-03 12:40:00+00:00,17
315263,315265,0.80003,0.7992314913552128,3.229627937844541,STOP,3.314627937844541,0.085,legacy_fixed_r_v1,2025-12-03 21:55:00+00:00,2025-12-03 22:00:00+00:00,2025-12-03 22:05:00+00:00,2
315302,315304,0.79998,0.8002526902733164,-1.0850000000000413,STOP,-1.0000000000000413,0.085,legacy_fixed_r_v1,2025-12-04 01:10:00+00:00,2025-12-04 01:15:00+00:00,2025-12-04 01:20:00+00:00,2
315406,315410,0.79975,0.8002211269516714,-1.0850000000000244,STOP,-1.0000000000000244,0.085,legacy_fixed_r_v1,2025-12-04 09:50:00+00:00,2025-12-04 09:55:00+00:00,2025-12-04 10:10:00+00:00,4
315422,315439,0.79985,0.800283715691294,-1.0849999999999815,STOP,-0.9999999999999815,0.085,legacy_fixed_r_v1,2025-12-04 11:10:00+00:00,2025-12-04 11:15:00+00:00,2025-12-04 12:35:00+00:00,17
315578,315585,0.80366,0.8035028697437326,0.6664559106275715,STOP,0.7514559106275714,0.085,legacy_fixed_r_v1,2025-12-05 00:10:00+00:00,2025-12-05 00:15:00+00:00,2025-12-05 00:45:00+00:00,7
315625,315637,0.80334,0.8030860010784056,1.4599651841535888,STOP,1.5449651841535887,0.085,legacy_fixed_r_v1,2025-12-05 04:05:00+00:00,2025-12-05 04:10:00+00:00,2025-12-05 05:05:00+00:00,12
315813,315820,0.80448,0.8043339454498568,0.4715564188587356,STOP,0.5565564188587356,0.085,legacy_fixed_r_v1,2025-12-05 19:45:00+00:00,2025-12-05 19:50:00+00:00,2025-12-05 20:20:00+00:00,7
315840,315842,0.80549,0.8037735148687216,4.1585412738043885,STOP,4.2435412738043885,0.085,legacy_fixed_r_v1,2025-12-07 22:00:00+00:00,2025-12-07 22:05:00+00:00,2025-12-07 22:10:00+00:00,2
315903,315912,0.80339,0.8036276594248829,-1.0849999999999465,STOP,-0.9999999999999464,0.085,legacy_fixed_r_v1,2025-12-08 03:15:00+00:00,2025-12-08 03:20:00+00:00,2025-12-08 04:00:00+00:00,9
315918,315937,0.80343,0.8030166174288295,2.1055763583147122,STOP,2.190576358314712,0.085,legacy_fixed_r_v1,2025-12-08 04:30:00+00:00,2025-12-08 04:35:00+00:00,2025-12-08 06:05:00+00:00,19
316077,316086,0.80704,0.806750807226411,0.5437825885484021,STOP,0.6287825885484021,0.085,legacy_fixed_r_v1,2025-12-08 17:45:00+00:00,2025-12-08 17:50:00+00:00,2025-12-08 18:30:00+00:00,9
316124,316130,0.8067,0.8064650983636871,0.8923216080452294,STOP,0.9773216080452294,0.085,legacy_fixed_r_v1,2025-12-08 21:40:00+00:00,2025-12-08 21:45:00+00:00,2025-12-08 22:10:00+00:00,6
316188,316205,0.80613,0.8063347583140298,-1.0850000000000695,STOP,-1.0000000000000695,0.085,legacy_fixed_r_v1,2025-12-09 03:00:00+00:00,2025-12-09 03:05:00+00:00,2025-12-09 04:25:00+00:00,17
316294,316297,0.80631,0.8067142299601698,-1.0850000000001208,STOP,-1.0000000000001208,0.085,legacy_fixed_r_v1,2025-12-09 11:50:00+00:00,2025-12-09 11:55:00+00:00,2025-12-09 12:05:00+00:00,3
316385,316396,0.8062,0.8057854375129923,1.3991522933774254,STOP,1.4841522933774254,0.085,legacy_fixed_r_v1,2025-12-09 19:25:00+00:00,2025-12-09 19:30:00+00:00,2025-12-09 20:20:00+00:00,11
316416,316420,0.80693,0.8059291840998404,3.889015857425593,STOP,3.974015857425593,0.085,legacy_fixed_r_v1,2025-12-09 22:00:00+00:00,2025-12-09 22:05:00+00:00,2025-12-09 22:20:00+00:00,4
316497,316505,0.80604,0.8061891884413138,-1.0849999999998572,STOP,-0.9999999999998572,0.085,legacy_fixed_r_v1,2025-12-10 04:45:00+00:00,2025-12-10 04:50:00+00:00,2025-12-10 05:25:00+00:00,8
316509,316511,0.80591,0.8060620308642157,-1.0849999999997428,STOP,-0.9999999999997429,0.085,legacy_fixed_r_v1,2025-12-10 05:45:00+00:00,2025-12-10 05:50:00+00:00,2025-12-10 05:55:00+00:00,2
316590,316593,0.80494,0.8046149349377129,0.9191983853105172,STOP,1.0041983853105172,0.085,legacy_fixed_r_v1,2025-12-10 12:30:00+00:00,2025-12-10 12:35:00+00:00,2025-12-10 12:45:00+00:00,3
316646,316669,0.80251,0.8017782270667726,1.7173132300567509,STOP,1.8023132300567508,0.085,legacy_fixed_r_v1,2025-12-10 17:10:00+00:00,2025-12-10 17:15:00+00:00,2025-12-10 19:05:00+00:00,23
316740,316763,0.79901,0.7993222335231002,-1.0850000000000808,STOP,-1.0000000000000808,0.085,legacy_fixed_r_v1,2025-12-11 01:00:00+00:00,2025-12-11 01:05:00+00:00,2025-12-11 02:55:00+00:00,23
316771,316775,0.799,0.7988116536280986,0.6179988213857748,STOP,0.7029988213857747,0.085,legacy_fixed_r_v1,2025-12-11 03:35:00+00:00,2025-12-11 03:40:00+00:00,2025-12-11 03:55:00+00:00,4
316874,316895,0.79628,0.7954911340555797,1.6165946302086687,STOP,1.7015946302086686,0.085,legacy_fixed_r_v1,2025-12-11 12:10:00+00:00,2025-12-11 12:15:00+00:00,2025-12-11 13:55:00+00:00,21
316932,316949,0.79299,0.7936334228461045,-1.0849999999999327,STOP,-0.9999999999999326,0.085,legacy_fixed_r_v1,2025-12-11 17:00:00+00:00,2025-12-11 17:05:00+00:00,2025-12-11 18:25:00+00:00,17
317016,317066,0.79458,0.7949618884850318,-1.085000000000075,STOP,-1.000000000000075,0.085,legacy_fixed_r_v1,2025-12-12 00:00:00+00:00,2025-12-12 00:05:00+00:00,2025-12-12 04:10:00+00:00,50
317231,317244,0.79545,0.7958629729851852,-1.0850000000001179,STOP,-1.000000000000118,0.085,legacy_fixed_r_v1,2025-12-12 17:55:00+00:00,2025-12-12 18:00:00+00:00,2025-12-12 19:00:00+00:00,13
317256,317264,0.79568,0.7959646247983067,-1.0849999999998676,STOP,-0.9999999999998677,0.085,legacy_fixed_r_v1,2025-12-12 20:00:00+00:00,2025-12-12 20:05:00+00:00,2025-12-12 20:40:00+00:00,8
317279,317281,0.79731,0.7949978133242815,7.31167943890122,STOP,7.39667943890122,0.085,legacy_fixed_r_v1,2025-12-12 21:55:00+00:00,2025-12-14 22:00:00+00:00,2025-12-14 22:05:00+00:00,2
317337,317344,0.79553,0.7958368646096269,-1.084999999999854,STOP,-0.9999999999998541,0.085,legacy_fixed_r_v1,2025-12-15 02:45:00+00:00,2025-12-15 02:50:00+00:00,2025-12-15 03:20:00+00:00,7
317375,317377,0.79601,0.796215933575087,-1.08500000000026,STOP,-1.00000000000026,0.085,legacy_fixed_r_v1,2025-12-15 05:55:00+00:00,2025-12-15 06:00:00+00:00,2025-12-15 06:05:00+00:00,2
317420,317426,0.79624,0.7959807785888687,0.5856668210342606,STOP,0.6706668210342606,0.085,legacy_fixed_r_v1,2025-12-15 09:40:00+00:00,2025-12-15 09:45:00+00:00,2025-12-15 10:10:00+00:00,6
317542,317564,0.79658,0.7963971904058129,0.6590733351566448,STOP,0.7440733351566448,0.085,legacy_fixed_r_v1,2025-12-15 19:50:00+00:00,2025-12-15 19:55:00+00:00,2025-12-15 21:40:00+00:00,22
317592,317602,0.79584,0.7961879798053736,-1.0850000000000604,STOP,-1.0000000000000604,0.085,legacy_fixed_r_v1,2025-12-16 00:00:00+00:00,2025-12-16 00:05:00+00:00,2025-12-16 00:50:00+00:00,10
317611,317614,0.79571,0.7960338644416733,-1.0849999999999842,STOP,-0.9999999999999842,0.085,legacy_fixed_r_v1,2025-12-16 01:35:00+00:00,2025-12-16 01:40:00+00:00,2025-12-16 01:50:00+00:00,3
317733,317742,0.79582,0.7950741685806103,2.428658920832244,STOP,2.513658920832244,0.085,legacy_fixed_r_v1,2025-12-16 11:45:00+00:00,2025-12-16 11:50:00+00:00,2025-12-16 12:30:00+00:00,9
317800,317808,0.79418,0.7947338428272211,-1.0850000000000943,STOP,-1.0000000000000944,0.085,legacy_fixed_r_v1,2025-12-16 17:20:00+00:00,2025-12-16 17:25:00+00:00,2025-12-16 18:00:00+00:00,8
317826,317831,0.79492,0.794588258291206,0.57755668134942,STOP,0.6625566813494199,0.085,legacy_fixed_r_v1,2025-12-16 19:30:00+00:00,2025-12-16 19:35:00+00:00,2025-12-16 19:55:00+00:00,5
317856,317858,0.79555,0.7949380399601529,1.9495878868269352,STOP,2.034587886826935,0.085,legacy_fixed_r_v1,2025-12-16 22:00:00+00:00,2025-12-16 22:05:00+00:00,2025-12-16 22:10:00+00:00,2
317890,317892,0.79515,0.7950350546801862,0.5437690457858675,STOP,0.6287690457858675,0.085,legacy_fixed_r_v1,2025-12-17 00:50:00+00:00,2025-12-17 00:55:00+00:00,2025-12-17 01:00:00+00:00,2
318025,318033,0.79669,0.7961857020565782,1.2030677216219077,STOP,1.2880677216219076,0.085,legacy_fixed_r_v1,2025-12-17 12:05:00+00:00,2025-12-17 12:10:00+00:00,2025-12-17 12:45:00+00:00,8
318039,318043,0.79543,0.7958801396393654,-1.0849999999999531,STOP,-0.999999999999953,0.085,legacy_fixed_r_v1,2025-12-17 13:15:00+00:00,2025-12-17 13:20:00+00:00,2025-12-17 13:35:00+00:00,4
318096,318101,0.79437,0.794785297711359,-1.0849999999999793,STOP,-0.9999999999999792,0.085,legacy_fixed_r_v1,2025-12-17 18:00:00+00:00,2025-12-17 18:05:00+00:00,2025-12-17 18:25:00+00:00,5
318143,318145,0.79599,0.794132426800888,7.361444880343655,STOP,7.446444880343655,0.085,legacy_fixed_r_v1,2025-12-17 21:55:00+00:00,2025-12-17 22:00:00+00:00,2025-12-17 22:05:00+00:00,2
318226,318242,0.79527,0.7949977498491456,1.5358091579002007,STOP,1.6208091579002006,0.085,legacy_fixed_r_v1,2025-12-18 04:50:00+00:00,2025-12-18 04:55:00+00:00,2025-12-18 06:10:00+00:00,16
318294,318299,0.796,0.795341249414685,2.01854215939412,STOP,2.10354215939412,0.085,legacy_fixed_r_v1,2025-12-18 10:30:00+00:00,2025-12-18 10:35:00+00:00,2025-12-18 10:55:00+00:00,5
318326,318328,0.79467,0.7944139297151676,0.5366421652517376,STOP,0.6216421652517375,0.085,legacy_fixed_r_v1,2025-12-18 13:10:00+00:00,2025-12-18 13:15:00+00:00,2025-12-18 13:20:00+00:00,2
318358,318365,0.79406,0.7934588843280082,0.7289556348606777,STOP,0.8139556348606777,0.085,legacy_fixed_r_v1,2025-12-18 15:50:00+00:00,2025-12-18 15:55:00+00:00,2025-12-18 16:25:00+00:00,7
318454,318457,0.79409,0.7942997563684501,-1.0850000000001647,STOP,-1.0000000000001648,0.085,legacy_fixed_r_v1,2025-12-18 23:50:00+00:00,2025-12-18 23:55:00+00:00,2025-12-19 00:05:00+00:00,3
318568,318571,0.79508,0.7954925465520761,-1.0849999999999276,STOP,-0.9999999999999276,0.085,legacy_fixed_r_v1,2025-12-19 09:20:00+00:00,2025-12-19 09:25:00+00:00,2025-12-19 09:35:00+00:00,3
318719,318721,0.79557,0.7935612448930116,5.459503021400295,STOP,5.544503021400295,0.085,legacy_fixed_r_v1,2025-12-19 21:55:00+00:00,2025-12-21 22:00:00+00:00,2025-12-21 22:05:00+00:00,2
318747,318807,0.79488,0.7944524266396112,0.7465176278029728,STOP,0.8315176278029728,0.085,legacy_fixed_r_v1,2025-12-22 00:15:00+00:00,2025-12-22 00:20:00+00:00,2025-12-22 05:15:00+00:00,60
318884,318892,0.7932,0.7935390194706576,-1.0849999999999038,STOP,-0.9999999999999037,0.085,legacy_fixed_r_v1,2025-12-22 11:40:00+00:00,2025-12-22 11:45:00+00:00,2025-12-22 12:20:00+00:00,8
318938,318946,0.79222,0.7926559204406203,-1.0849999999999804,STOP,-0.9999999999999803,0.085,legacy_fixed_r_v1,2025-12-22 16:10:00+00:00,2025-12-22 16:15:00+00:00,2025-12-22 16:50:00+00:00,8
318953,318956,0.79211,0.7917783525678496,0.876309986101141,STOP,0.9613099861011409,0.085,legacy_fixed_r_v1,2025-12-22 17:25:00+00:00,2025-12-22 17:30:00+00:00,2025-12-22 17:40:00+00:00,3
318983,318994,0.79184,0.7920969116366819,-1.0849999999998063,STOP,-0.9999999999998063,0.085,legacy_fixed_r_v1,2025-12-22 19:55:00+00:00,2025-12-22 20:00:00+00:00,2025-12-22 20:50:00+00:00,11
319032,319047,0.79145,0.7908269377776328,2.3815338175534415,STOP,2.4665338175534415,0.085,legacy_fixed_r_v1,2025-12-23 00:00:00+00:00,2025-12-23 00:05:00+00:00,2025-12-23 01:15:00+00:00,15
319081,319102,0.78944,0.789694992020485,-1.0850000000001403,STOP,-1.0000000000001403,0.085,legacy_fixed_r_v1,2025-12-23 04:05:00+00:00,2025-12-23 04:10:00+00:00,2025-12-23 05:50:00+00:00,21
319166,319173,0.78729,0.7877812264371367,-1.0849999999999076,STOP,-0.9999999999999075,0.085,legacy_fixed_r_v1,2025-12-23 11:10:00+00:00,2025-12-23 11:15:00+00:00,2025-12-23 11:45:00+00:00,7
319179,319188,0.78727,0.7877092880031851,-1.0849999999999493,STOP,-0.9999999999999493,0.085,legacy_fixed_r_v1,2025-12-23 12:15:00+00:00,2025-12-23 12:20:00+00:00,2025-12-23 13:00:00+00:00,9
319243,319254,0.78926,0.7889341606147886,0.6992482898468635,STOP,0.7842482898468635,0.085,legacy_fixed_r_v1,2025-12-23 17:35:00+00:00,2025-12-23 17:40:00+00:00,2025-12-23 18:30:00+00:00,11
319257,319272,0.78869,0.787799429505635,2.6620801853356757,STOP,2.7470801853356757,0.085,legacy_fixed_r_v1,2025-12-23 18:45:00+00:00,2025-12-23 18:50:00+00:00,2025-12-23 20:00:00+00:00,15
319291,319295,0.78766,0.7874741538039197,0.729846364025613,STOP,0.814846364025613,0.085,legacy_fixed_r_v1,2025-12-23 21:35:00+00:00,2025-12-23 21:40:00+00:00,2025-12-23 21:55:00+00:00,4
319388,319390,0.7871,0.786954327689726,0.6416357042854737,STOP,0.7266357042854736,0.085,legacy_fixed_r_v1,2025-12-24 05:40:00+00:00,2025-12-24 05:45:00+00:00,2025-12-24 05:50:00+00:00,2
319439,319443,0.78634,0.7867201689111613,-1.0849999999999358,STOP,-0.9999999999999358,0.085,legacy_fixed_r_v1,2025-12-24 09:55:00+00:00,2025-12-24 10:00:00+00:00,2025-12-24 10:15:00+00:00,4
319610,319622,0.78793,0.7870954365223478,2.4107548042281692,STOP,2.495754804228169,0.085,legacy_fixed_r_v1,2025-12-25 00:50:00+00:00,2025-12-25 00:55:00+00:00,2025-12-25 01:55:00+00:00,12
319675,319677,0.78982,0.7867582955799175,8.854732248445881,STOP,8.939732248445882,0.085,legacy_fixed_r_v1,2025-12-25 07:25:00+00:00,2025-12-25 07:30:00+00:00,2025-12-25 07:35:00+00:00,2
319718,319720,0.78788,0.7883173022187613,-1.0849999999999167,STOP,-0.9999999999999167,0.085,legacy_fixed_r_v1,2025-12-26 01:00:00+00:00,2025-12-26 01:05:00+00:00,2025-12-26 01:10:00+00:00,2
319760,319770,0.7882,0.7884327442722066,-1.0849999999998445,STOP,-0.9999999999998445,0.085,legacy_fixed_r_v1,2025-12-26 04:30:00+00:00,2025-12-26 04:35:00+00:00,2025-12-26 05:20:00+00:00,10
319775,319785,0.78819,0.7883985883814226,-1.08500000000022,STOP,-1.00000000000022,0.085,legacy_fixed_r_v1,2025-12-26 05:45:00+00:00,2025-12-26 05:50:00+00:00,2025-12-26 06:35:00+00:00,10
319937,319948,0.7896,0.7889922981289482,2.003559897000024,STOP,2.088559897000024,0.085,legacy_fixed_r_v1,2025-12-26 19:15:00+00:00,2025-12-26 19:20:00+00:00,2025-12-26 20:10:00+00:00,11
319999,320002,0.78891,0.7886245462332041,0.5704387883056267,STOP,0.6554387883056266,0.085,legacy_fixed_r_v1,2025-12-29 00:25:00+00:00,2025-12-29 00:30:00+00:00,2025-12-29 00:40:00+00:00,3
320168,320172,0.78925,0.7888719967119443,0.5553930640843209,STOP,0.6403930640843208,0.085,legacy_fixed_r_v1,2025-12-29 14:30:00+00:00,2025-12-29 14:35:00+00:00,2025-12-29 14:50:00+00:00,4
320226,320238,0.79031,0.7895581445381015,2.2605886607294936,STOP,2.3455886607294936,0.085,legacy_fixed_r_v1,2025-12-29 19:20:00+00:00,2025-12-29 19:25:00+00:00,2025-12-29 20:20:00+00:00,12
320247,320259,0.78945,0.7884704335464036,3.5198810294970477,STOP,3.6048810294970477,0.085,legacy_fixed_r_v1,2025-12-29 21:05:00+00:00,2025-12-29 21:10:00+00:00,2025-12-29 22:05:00+00:00,12
320283,320291,0.78849,0.788782663580441,-1.0850000000000128,STOP,-1.0000000000000129,0.085,legacy_fixed_r_v1,2025-12-30 00:05:00+00:00,2025-12-30 00:10:00+00:00,2025-12-30 00:45:00+00:00,8
320306,320308,0.7888,0.7890303861517336,-1.0849999999998783,STOP,-0.9999999999998783,0.085,legacy_fixed_r_v1,2025-12-30 02:00:00+00:00,2025-12-30 02:05:00+00:00,2025-12-30 02:10:00+00:00,2
320322,320329,0.78893,0.7886010591893283,1.5411466122519109,STOP,1.6261466122519108,0.085,legacy_fixed_r_v1,2025-12-30 03:20:00+00:00,2025-12-30 03:25:00+00:00,2025-12-30 03:55:00+00:00,7
320478,320481,0.79056,0.7910785646641532,-1.0850000000000402,STOP,-1.0000000000000402,0.085,legacy_fixed_r_v1,2025-12-30 16:20:00+00:00,2025-12-30 16:25:00+00:00,2025-12-30 16:35:00+00:00,3
320543,320547,0.79196,0.791360906515542,2.462508529020107,STOP,2.547508529020107,0.085,legacy_fixed_r_v1,2025-12-30 21:45:00+00:00,2025-12-30 21:50:00+00:00,2025-12-30 22:05:00+00:00,4
320585,320593,0.79172,0.7919085705554892,-1.085000000000006,STOP,-1.000000000000006,0.085,legacy_fixed_r_v1,2025-12-31 01:15:00+00:00,2025-12-31 01:20:00+00:00,2025-12-31 01:55:00+00:00,8
320699,320702,0.79319,0.7935353429560859,-1.0850000000000195,STOP,-1.0000000000000195,0.085,legacy_fixed_r_v1,2025-12-31 10:45:00+00:00,2025-12-31 10:50:00+00:00,2025-12-31 11:00:00+00:00,3
320784,320809,0.79348,0.7929354325559728,1.1148042956435313,STOP,1.1998042956435313,0.085,legacy_fixed_r_v1,2025-12-31 17:50:00+00:00,2025-12-31 17:55:00+00:00,2025-12-31 19:55:00+00:00,25
320810,320817,0.7927,0.7923348344491792,1.0757992444908024,STOP,1.1607992444908024,0.085,legacy_fixed_r_v1,2025-12-31 20:00:00+00:00,2025-12-31 20:05:00+00:00,2025-12-31 20:35:00+00:00,7
320834,320841,0.79439,0.7918272976221545,6.639249601088785,STOP,6.724249601088785,0.085,legacy_fixed_r_v1,2026-01-01 22:00:00+00:00,2026-01-01 22:05:00+00:00,2026-01-01 22:35:00+00:00,7
320859,320877,0.79188,0.7911702153642226,1.8540517909933272,STOP,1.9390517909933271,0.085,legacy_fixed_r_v1,2026-01-02 00:05:00+00:00,2026-01-02 00:10:00+00:00,2026-01-02 01:35:00+00:00,18
321001,321019,0.79312,0.7928949598182315,0.4669665606640125,STOP,0.5519665606640125,0.085,legacy_fixed_r_v1,2026-01-02 11:55:00+00:00,2026-01-02 12:00:00+00:00,2026-01-02 13:25:00+00:00,18
321200,321204,0.79446,0.7942481752347834,0.47302467098628737,STOP,0.5580246709862874,0.085,legacy_fixed_r_v1,2026-01-05 04:30:00+00:00,2026-01-05 04:35:00+00:00,2026-01-05 04:50:00+00:00,4
321224,321233,0.79395,0.7942571138379025,-1.0849999999999764,STOP,-0.9999999999999764,0.085,legacy_fixed_r_v1,2026-01-05 06:30:00+00:00,2026-01-05 06:35:00+00:00,2026-01-05 07:15:00+00:00,9
321296,321301,0.79434,0.7948487729974726,-1.0849999999999365,STOP,-0.9999999999999365,0.085,legacy_fixed_r_v1,2026-01-05 12:30:00+00:00,2026-01-05 12:35:00+00:00,2026-01-05 12:55:00+00:00,5
321328,321351,0.79406,0.7926556440080702,2.024947512827762,STOP,2.109947512827762,0.085,legacy_fixed_r_v1,2026-01-05 15:10:00+00:00,2026-01-05 15:15:00+00:00,2026-01-05 17:05:00+00:00,23
321445,321449,0.79199,0.7922542220283749,-1.0850000000001863,STOP,-1.0000000000001863,0.085,legacy_fixed_r_v1,2026-01-06 00:55:00+00:00,2026-01-06 01:00:00+00:00,2026-01-06 01:15:00+00:00,4
321496,321503,0.791,0.7912124739583586,-1.08500000000024,STOP,-1.00000000000024,0.085,legacy_fixed_r_v1,2026-01-06 05:10:00+00:00,2026-01-06 05:15:00+00:00,2026-01-06 05:45:00+00:00,7
321579,321584,0.79285,0.793200243891705,-1.084999999999963,STOP,-0.9999999999999631,0.085,legacy_fixed_r_v1,2026-01-06 12:05:00+00:00,2026-01-06 12:10:00+00:00,2026-01-06 12:30:00+00:00,5
321649,321659,0.79499,0.7954371878559121,-1.0850000000000024,STOP,-1.0000000000000024,0.085,legacy_fixed_r_v1,2026-01-06 17:55:00+00:00,2026-01-06 18:00:00+00:00,2026-01-06 18:45:00+00:00,10
321673,321685,0.79537,0.7956680464041365,-1.0850000000001754,STOP,-1.0000000000001754,0.085,legacy_fixed_r_v1,2026-01-06 19:55:00+00:00,2026-01-06 20:00:00+00:00,2026-01-06 20:55:00+00:00,12
321697,321699,0.79596,0.7947925386174454,4.785539812092186,STOP,4.870539812092186,0.085,legacy_fixed_r_v1,2026-01-06 21:55:00+00:00,2026-01-06 22:00:00+00:00,2026-01-06 22:05:00+00:00,2
321728,321730,0.79559,0.7953741976488666,0.841638778891879,STOP,0.926638778891879,0.085,legacy_fixed_r_v1,2026-01-07 00:30:00+00:00,2026-01-07 00:35:00+00:00,2026-01-07 00:40:00+00:00,2
321770,321773,0.79464,0.7948817250341835,-1.0849999999998177,STOP,-0.9999999999998177,0.085,legacy_fixed_r_v1,2026-01-07 04:00:00+00:00,2026-01-07 04:05:00+00:00,2026-01-07 04:15:00+00:00,3
321799,321805,0.79488,0.7947304082021249,0.6213347536687626,STOP,0.7063347536687625,0.085,legacy_fixed_r_v1,2026-01-07 06:25:00+00:00,2026-01-07 06:30:00+00:00,2026-01-07 06:55:00+00:00,6
321900,321902,0.79532,0.7957972684335329,-1.0849999999999527,STOP,-0.9999999999999527,0.085,legacy_fixed_r_v1,2026-01-07 14:50:00+00:00,2026-01-07 14:55:00+00:00,2026-01-07 15:00:00+00:00,2
321962,321973,0.79725,0.7975839249955349,-1.0849999999999698,STOP,-0.9999999999999698,0.085,legacy_fixed_r_v1,2026-01-07 20:00:00+00:00,2026-01-07 20:05:00+00:00,2026-01-07 20:55:00+00:00,11
321986,321990,0.79796,0.7974363234908464,1.5508763872558229,STOP,1.6358763872558229,0.085,legacy_fixed_r_v1,2026-01-07 22:00:00+00:00,2026-01-07 22:05:00+00:00,2026-01-07 22:20:00+00:00,4
322077,322085,0.79718,0.797092334316525,0.4253062664790321,STOP,0.5103062664790321,0.085,legacy_fixed_r_v1,2026-01-08 05:35:00+00:00,2026-01-08 05:40:00+00:00,2026-01-08 06:15:00+00:00,8
322128,322133,0.79765,0.797409219182312,0.5046357154251867,STOP,0.5896357154251867,0.085,legacy_fixed_r_v1,2026-01-08 09:50:00+00:00,2026-01-08 09:55:00+00:00,2026-01-08 10:15:00+00:00,5
322170,322172,0.79743,0.7977810287689493,-1.0850000000000672,STOP,-1.0000000000000673,0.085,legacy_fixed_r_v1,2026-01-08 13:20:00+00:00,2026-01-08 13:25:00+00:00,2026-01-08 13:30:00+00:00,2
322248,322257,0.79956,0.7993019562120158,0.9433312936840448,STOP,1.0283312936840447,0.085,legacy_fixed_r_v1,2026-01-08 19:50:00+00:00,2026-01-08 19:55:00+00:00,2026-01-08 20:35:00+00:00,9
322268,322272,0.79916,0.7988280453442583,1.5542441177418131,STOP,1.6392441177418131,0.085,legacy_fixed_r_v1,2026-01-08 21:30:00+00:00,2026-01-08 21:35:00+00:00,2026-01-08 21:50:00+00:00,4
322427,322430,0.79988,0.7997084186499981,0.4673273705307713,STOP,0.5523273705307713,0.085,legacy_fixed_r_v1,2026-01-09 10:45:00+00:00,2026-01-09 10:50:00+00:00,2026-01-09 11:00:00+00:00,3
322456,322460,0.79968,0.8000143310784386,-1.084999999999962,STOP,-0.999999999999962,0.085,legacy_fixed_r_v1,2026-01-09 13:10:00+00:00,2026-01-09 13:15:00+00:00,2026-01-09 13:30:00+00:00,4
322520,322545,0.80108,0.8007594192194275,0.8598652098358992,STOP,0.9448652098358992,0.085,legacy_fixed_r_v1,2026-01-09 18:30:00+00:00,2026-01-09 18:35:00+00:00,2026-01-09 20:35:00+00:00,25
322587,322590,0.80041,0.7998187945879263,1.2262469946574635,STOP,1.3112469946574634,0.085,legacy_fixed_r_v1,2026-01-12 00:05:00+00:00,2026-01-12 00:10:00+00:00,2026-01-12 00:20:00+00:00,3
322646,322658,0.79888,0.7980394588923788,3.073903908219987,STOP,3.158903908219987,0.085,legacy_fixed_r_v1,2026-01-12 05:00:00+00:00,2026-01-12 05:05:00+00:00,2026-01-12 06:00:00+00:00,12
322720,322727,0.79693,0.7973997018518024,-1.0850000000001112,STOP,-1.0000000000001112,0.085,legacy_fixed_r_v1,2026-01-12 11:10:00+00:00,2026-01-12 11:15:00+00:00,2026-01-12 11:45:00+00:00,7
322818,322830,0.79678,0.7971214769829116,-1.0850000000000053,STOP,-1.0000000000000053,0.085,legacy_fixed_r_v1,2026-01-12 19:20:00+00:00,2026-01-12 19:25:00+00:00,2026-01-12 20:20:00+00:00,12
322849,322853,0.79761,0.7969698246414916,2.4768377703920335,STOP,2.5618377703920334,0.085,legacy_fixed_r_v1,2026-01-12 21:55:00+00:00,2026-01-12 22:00:00+00:00,2026-01-12 22:15:00+00:00,4
322912,322919,0.79752,0.7977536203140252,-1.084999999999775,STOP,-0.999999999999775,0.085,legacy_fixed_r_v1,2026-01-13 03:10:00+00:00,2026-01-13 03:15:00+00:00,2026-01-13 03:45:00+00:00,7
323098,323109,0.80047,0.8008589670408479,-1.08500000000002,STOP,-1.00000000000002,0.085,legacy_fixed_r_v1,2026-01-13 18:40:00+00:00,2026-01-13 18:45:00+00:00,2026-01-13 19:35:00+00:00,11
323195,323200,0.80136,0.8012516937764007,0.43385857482371953,STOP,0.5188585748237196,0.085,legacy_fixed_r_v1,2026-01-14 02:45:00+00:00,2026-01-14 02:50:00+00:00,2026-01-14 03:10:00+00:00,5
323280,323282,0.80172,0.8022004298925854,-1.0850000000000293,STOP,-1.0000000000000293,0.085,legacy_fixed_r_v1,2026-01-14 09:50:00+00:00,2026-01-14 09:55:00+00:00,2026-01-14 10:00:00+00:00,2
323352,323358,0.7991,0.7986495071476988,0.7395433666159987,STOP,0.8245433666159987,0.085,legacy_fixed_r_v1,2026-01-14 15:50:00+00:00,2026-01-14 15:55:00+00:00,2026-01-14 16:20:00+00:00,6
323405,323413,0.80008,0.8003791019431636,-1.0849999999998885,STOP,-0.9999999999998885,0.085,legacy_fixed_r_v1,2026-01-14 20:15:00+00:00,2026-01-14 20:20:00+00:00,2026-01-14 20:55:00+00:00,8
323523,323524,0.80082,0.8010126039525499,-1.0850000000000164,STOP,-1.0000000000000164,0.085,legacy_fixed_r_v1,2026-01-15 06:05:00+00:00,2026-01-15 06:10:00+00:00,2026-01-15 06:10:00+00:00,1
323639,323662,0.80319,0.8027502106645111,0.6778473464572459,STOP,0.7628473464572458,0.085,legacy_fixed_r_v1,2026-01-15 15:45:00+00:00,2026-01-15 15:50:00+00:00,2026-01-15 17:40:00+00:00,23
323681,323686,0.80265,0.8029539488804786,-1.0850000000000104,STOP,-1.0000000000000104,0.085,legacy_fixed_r_v1,2026-01-15 19:15:00+00:00,2026-01-15 19:20:00+00:00,2026-01-15 19:40:00+00:00,5
323707,323714,0.80334,0.8027879301277584,2.6956732319257517,STOP,2.7806732319257517,0.085,legacy_fixed_r_v1,2026-01-15 21:25:00+00:00,2026-01-15 21:30:00+00:00,2026-01-15 22:00:00+00:00,7
323863,323865,0.80172,0.8013319491681645,1.2086431799703583,STOP,1.2936431799703583,0.085,legacy_fixed_r_v1,2026-01-16 10:25:00+00:00,2026-01-16 10:30:00+00:00,2026-01-16 10:35:00+00:00,2
323879,323881,0.80114,0.8014526776324398,-1.084999999999835,STOP,-0.9999999999998349,0.085,legacy_fixed_r_v1,2026-01-16 11:45:00+00:00,2026-01-16 11:50:00+00:00,2026-01-16 11:55:00+00:00,2
323938,323941,0.8021,0.8027078140914672,-1.0850000000000388,STOP,-1.0000000000000389,0.085,legacy_fixed_r_v1,2026-01-16 16:40:00+00:00,2026-01-16 16:45:00+00:00,2026-01-16 16:55:00+00:00,3
323995,324000,0.80294,0.8031770888984983,-1.0850000000001672,STOP,-1.0000000000001672,0.085,legacy_fixed_r_v1,2026-01-16 21:25:00+00:00,2026-01-16 21:30:00+00:00,2026-01-16 21:50:00+00:00,5
324062,324085,0.79896,0.798640979126625,0.634178878393357,STOP,0.7191788783933569,0.085,legacy_fixed_r_v1,2026-01-19 03:00:00+00:00,2026-01-19 03:05:00+00:00,2026-01-19 04:55:00+00:00,23
324156,324159,0.79862,0.7990254209568451,-1.0849999999998658,STOP,-0.9999999999998658,0.085,legacy_fixed_r_v1,2026-01-19 10:50:00+00:00,2026-01-19 10:55:00+00:00,2026-01-19 11:05:00+00:00,3
324184,324187,0.79794,0.7977530538990677,0.4434396806605306,STOP,0.5284396806605306,0.085,legacy_fixed_r_v1,2026-01-19 13:10:00+00:00,2026-01-19 13:15:00+00:00,2026-01-19 13:25:00+00:00,3
324242,324267,0.79724,0.7975269118844072,-1.085000000000107,STOP,-1.000000000000107,0.085,legacy_fixed_r_v1,2026-01-19 18:00:00+00:00,2026-01-19 18:05:00+00:00,2026-01-19 20:05:00+00:00,25
324286,324290,0.79738,0.79724308802324,1.0352938311973492,STOP,1.1202938311973492,0.085,legacy_fixed_r_v1,2026-01-19 21:40:00+00:00,2026-01-19 21:45:00+00:00,2026-01-19 22:00:00+00:00,4
324343,324358,0.79734,0.7964883399402449,3.6343859985063562,STOP,3.719385998506356,0.085,legacy_fixed_r_v1,2026-01-20 02:25:00+00:00,2026-01-20 02:30:00+00:00,2026-01-20 03:40:00+00:00,15
324445,324451,0.78938,0.7901773650643641,-1.0849999999999826,STOP,-0.9999999999999827,0.085,legacy_fixed_r_v1,2026-01-20 10:55:00+00:00,2026-01-20 11:00:00+00:00,2026-01-20 11:25:00+00:00,6
324461,324464,0.7888,0.7895226946028743,-1.0850000000000142,STOP,-1.0000000000000142,0.085,legacy_fixed_r_v1,2026-01-20 12:15:00+00:00,2026-01-20 12:20:00+00:00,2026-01-20 12:30:00+00:00,3
324503,324522,0.79029,0.7890442463784976,1.3615193863991433,STOP,1.4465193863991432,0.085,legacy_fixed_r_v1,2026-01-20 15:45:00+00:00,2026-01-20 15:50:00+00:00,2026-01-20 17:20:00+00:00,19
324539,324544,0.78917,0.7896415015363746,-1.0850000000000022,STOP,-1.0000000000000022,0.085,legacy_fixed_r_v1,2026-01-20 18:45:00+00:00,2026-01-20 18:50:00+00:00,2026-01-20 19:10:00+00:00,5
324730,324745,0.79213,0.7909066661661542,2.6521094743022435,STOP,2.7371094743022435,0.085,legacy_fixed_r_v1,2026-01-21 10:40:00+00:00,2026-01-21 10:45:00+00:00,2026-01-21 11:55:00+00:00,15
324834,324835,0.7932,0.7937010707941781,-1.0850000000000575,STOP,-1.0000000000000575,0.085,legacy_fixed_r_v1,2026-01-21 19:20:00+00:00,2026-01-21 19:25:00+00:00,2026-01-21 19:25:00+00:00,1
324896,324902,0.79564,0.7953603996761627,0.5668658424017579,STOP,0.6518658424017578,0.085,legacy_fixed_r_v1,2026-01-22 00:30:00+00:00,2026-01-22 00:35:00+00:00,2026-01-22 01:00:00+00:00,6
324936,324945,0.79524,0.7943464121378676,3.2801141104435785,STOP,3.3651141104435784,0.085,legacy_fixed_r_v1,2026-01-22 03:50:00+00:00,2026-01-22 03:55:00+00:00,2026-01-22 04:35:00+00:00,9
325002,325011,0.79319,0.7936897522394962,-1.084999999999905,STOP,-0.999999999999905,0.085,legacy_fixed_r_v1,2026-01-22 09:20:00+00:00,2026-01-22 09:25:00+00:00,2026-01-22 10:05:00+00:00,9
325049,325052,0.79211,0.7925760294428698,-1.085000000000026,STOP,-1.000000000000026,0.085,legacy_fixed_r_v1,2026-01-22 13:15:00+00:00,2026-01-22 13:20:00+00:00,2026-01-22 13:30:00+00:00,3
325102,325107,0.78967,0.7901884845769591,-1.084999999999929,STOP,-0.999999999999929,0.085,legacy_fixed_r_v1,2026-01-22 17:40:00+00:00,2026-01-22 17:45:00+00:00,2026-01-22 18:05:00+00:00,5
325167,325173,0.78878,0.7890563149405346,-1.0850000000000588,STOP,-1.0000000000000588,0.085,legacy_fixed_r_v1,2026-01-22 23:05:00+00:00,2026-01-22 23:10:00+00:00,2026-01-22 23:35:00+00:00,6
325233,325238,0.79031,0.7901618429205907,0.6671575265362869,STOP,0.7521575265362869,0.085,legacy_fixed_r_v1,2026-01-23 04:35:00+00:00,2026-01-23 04:40:00+00:00,2026-01-23 05:00:00+00:00,5
325406,325410,0.78528,0.7847101379115801,0.7112157237197041,STOP,0.7962157237197041,0.085,legacy_fixed_r_v1,2026-01-23 19:00:00+00:00,2026-01-23 19:05:00+00:00,2026-01-23 19:20:00+00:00,4
325431,325436,0.78148,0.7804088309259143,1.1887933452112631,STOP,1.273793345211263,0.085,legacy_fixed_r_v1,2026-01-23 21:05:00+00:00,2026-01-23 21:10:00+00:00,2026-01-23 21:30:00+00:00,5
325476,325493,0.77743,0.7767051599958446,0.6319501798740603,STOP,0.7169501798740603,0.085,legacy_fixed_r_v1,2026-01-26 00:50:00+00:00,2026-01-26 00:55:00+00:00,2026-01-26 02:15:00+00:00,17
325516,325521,0.77665,0.777228745822015,-1.084999999999945,STOP,-0.9999999999999449,0.085,legacy_fixed_r_v1,2026-01-26 04:10:00+00:00,2026-01-26 04:15:00+00:00,2026-01-26 04:35:00+00:00,5
325531,325535,0.77655,0.7770682939301936,-1.0849999999999058,STOP,-0.9999999999999059,0.085,legacy_fixed_r_v1,2026-01-26 05:25:00+00:00,2026-01-26 05:30:00+00:00,2026-01-26 05:45:00+00:00,4
325704,325713,0.77626,0.776771376290435,-1.0849999999999198,STOP,-0.9999999999999198,0.085,legacy_fixed_r_v1,2026-01-26 19:50:00+00:00,2026-01-26 19:55:00+00:00,2026-01-26 20:35:00+00:00,9
325865,325873,0.77728,0.7761176415477514,2.1202641984866184,STOP,2.2052641984866184,0.085,legacy_fixed_r_v1,2026-01-27 09:15:00+00:00,2026-01-27 09:20:00+00:00,2026-01-27 09:55:00+00:00,8
325952,325961,0.76657,0.7676627344818076,-1.0850000000000457,STOP,-1.0000000000000457,0.085,legacy_fixed_r_v1,2026-01-27 16:30:00+00:00,2026-01-27 16:35:00+00:00,2026-01-27 17:15:00+00:00,9
325970,325973,0.76609,0.7669682196875675,-1.0849999999999935,STOP,-0.9999999999999934,0.085,legacy_fixed_r_v1,2026-01-27 18:00:00+00:00,2026-01-27 18:05:00+00:00,2026-01-27 18:15:00+00:00,3
326099,326102,0.76555,0.7659520702815692,-1.0850000000000128,STOP,-1.0000000000000129,0.085,legacy_fixed_r_v1,2026-01-28 04:45:00+00:00,2026-01-28 04:50:00+00:00,2026-01-28 05:00:00+00:00,3
326171,326174,0.7667,0.7675659644846526,-1.08499999999996,STOP,-0.9999999999999599,0.085,legacy_fixed_r_v1,2026-01-28 10:45:00+00:00,2026-01-28 10:50:00+00:00,2026-01-28 11:00:00+00:00,3
326188,326194,0.76725,0.7667989776290494,0.5439590446789636,STOP,0.6289590446789636,0.085,legacy_fixed_r_v1,2026-01-28 12:10:00+00:00,2026-01-28 12:15:00+00:00,2026-01-28 12:40:00+00:00,6
326294,326309,0.76878,0.768152211048177,0.6871388872526928,STOP,0.7721388872526928,0.085,legacy_fixed_r_v1,2026-01-28 21:00:00+00:00,2026-01-28 21:05:00+00:00,2026-01-28 22:15:00+00:00,15
326414,326417,0.76515,0.7656033281807444,-1.0849999999999882,STOP,-0.9999999999999882,0.085,legacy_fixed_r_v1,2026-01-29 07:00:00+00:00,2026-01-29 07:05:00+00:00,2026-01-29 07:15:00+00:00,3
326471,326474,0.76783,0.7684201401549747,-1.0850000000000437,STOP,-1.0000000000000437,0.085,legacy_fixed_r_v1,2026-01-29 11:45:00+00:00,2026-01-29 11:50:00+00:00,2026-01-29 12:00:00+00:00,3
326484,326493,0.76759,0.766916406859025,1.0650316855569206,STOP,1.1500316855569206,0.085,legacy_fixed_r_v1,2026-01-29 12:50:00+00:00,2026-01-29 12:55:00+00:00,2026-01-29 13:35:00+00:00,9
326531,326581,0.76699,0.7654614460464564,1.2318545321731542,STOP,1.3168545321731542,0.085,legacy_fixed_r_v1,2026-01-29 16:45:00+00:00,2026-01-29 16:50:00+00:00,2026-01-29 20:55:00+00:00,50
326588,326594,0.76494,0.7641325337058297,1.6648715740185882,STOP,1.7498715740185882,0.085,legacy_fixed_r_v1,2026-01-29 21:30:00+00:00,2026-01-29 21:35:00+00:00,2026-01-29 22:00:00+00:00,6
326610,326621,0.76417,0.7646072626118532,-1.0849999999999846,STOP,-0.9999999999999847,0.085,legacy_fixed_r_v1,2026-01-29 23:20:00+00:00,2026-01-29 23:25:00+00:00,2026-01-30 00:15:00+00:00,11
326666,326685,0.76826,0.7689363861471719,-1.0850000000000612,STOP,-1.0000000000000613,0.085,legacy_fixed_r_v1,2026-01-30 04:00:00+00:00,2026-01-30 04:05:00+00:00,2026-01-30 05:35:00+00:00,19
326755,326766,0.768,0.7666360108200513,2.0524782284318523,STOP,2.1374782284318523,0.085,legacy_fixed_r_v1,2026-01-30 11:25:00+00:00,2026-01-30 11:30:00+00:00,2026-01-30 12:20:00+00:00,11
326882,326886,0.7732,0.7725531924415532,1.072495695311737,STOP,1.157495695311737,0.085,legacy_fixed_r_v1,2026-02-01 22:00:00+00:00,2026-02-01 22:05:00+00:00,2026-02-01 22:20:00+00:00,4
326929,326941,0.77217,0.7727860856372045,-1.0849999999999353,STOP,-0.9999999999999353,0.085,legacy_fixed_r_v1,2026-02-02 01:55:00+00:00,2026-02-02 02:00:00+00:00,2026-02-02 02:55:00+00:00,12
326955,326960,0.77175,0.7723440021968302,-1.0849999999999143,STOP,-0.9999999999999142,0.085,legacy_fixed_r_v1,2026-02-02 04:05:00+00:00,2026-02-02 04:10:00+00:00,2026-02-02 04:30:00+00:00,5
327104,327108,0.7796,0.780592703918368,-1.0850000000000217,STOP,-1.0000000000000218,0.085,legacy_fixed_r_v1,2026-02-02 16:30:00+00:00,2026-02-02 16:35:00+00:00,2026-02-02 16:50:00+00:00,4
327142,327168,0.78008,0.7795049982774803,0.933552523924593,STOP,1.018552523924593,0.085,legacy_fixed_r_v1,2026-02-02 19:40:00+00:00,2026-02-02 19:45:00+00:00,2026-02-02 21:50:00+00:00,26
327169,327171,0.78016,0.7795651957075987,1.6842464288773717,STOP,1.7692464288773717,0.085,legacy_fixed_r_v1,2026-02-02 21:55:00+00:00,2026-02-02 22:00:00+00:00,2026-02-02 22:05:00+00:00,2
327186,327203,0.77933,0.7787347123759133,1.4173595822053817,STOP,1.5023595822053817,0.085,legacy_fixed_r_v1,2026-02-02 23:20:00+00:00,2026-02-02 23:25:00+00:00,2026-02-03 00:45:00+00:00,17
327205,327207,0.77845,0.778793382583739,-1.084999999999994,STOP,-0.999999999999994,0.085,legacy_fixed_r_v1,2026-02-03 00:55:00+00:00,2026-02-03 01:00:00+00:00,2026-02-03 01:05:00+00:00,2
327268,327288,0.77778,0.7771782877329738,1.5926591377087385,STOP,1.6776591377087384,0.085,legacy_fixed_r_v1,2026-02-03 06:10:00+00:00,2026-02-03 06:15:00+00:00,2026-02-03 07:50:00+00:00,20
327331,327349,0.77805,0.7775351492517695,0.9380761690112853,STOP,1.0230761690112853,0.085,legacy_fixed_r_v1,2026-02-03 11:25:00+00:00,2026-02-03 11:30:00+00:00,2026-02-03 12:55:00+00:00,18
327401,327404,0.77419,0.7748938059132708,-1.0849999999999493,STOP,-0.9999999999999493,0.085,legacy_fixed_r_v1,2026-02-03 17:15:00+00:00,2026-02-03 17:20:00+00:00,2026-02-03 17:30:00+00:00,3
327448,327473,0.77514,0.7755146429676775,-1.0849999999998885,STOP,-0.9999999999998884,0.085,legacy_fixed_r_v1,2026-02-03 21:10:00+00:00,2026-02-03 21:15:00+00:00,2026-02-03 23:15:00+00:00,25
327523,327525,0.77546,0.775824684897694,-1.0849999999998703,STOP,-0.9999999999998702,0.085,legacy_fixed_r_v1,2026-02-04 03:25:00+00:00,2026-02-04 03:30:00+00:00,2026-02-04 03:35:00+00:00,2
327629,327636,0.77594,0.7754994872742669,0.9049079299077507,STOP,0.9899079299077507,0.085,legacy_fixed_r_v1,2026-02-04 12:15:00+00:00,2026-02-04 12:20:00+00:00,2026-02-04 12:50:00+00:00,7
327684,327692,0.77655,0.7759401538023633,0.7709150888681382,STOP,0.8559150888681382,0.085,legacy_fixed_r_v1,2026-02-04 16:50:00+00:00,2026-02-04 16:55:00+00:00,2026-02-04 17:30:00+00:00,8
327780,327790,0.77709,0.7767740943140824,1.0683527460849194,STOP,1.1533527460849193,0.085,legacy_fixed_r_v1,2026-02-05 00:50:00+00:00,2026-02-05 00:55:00+00:00,2026-02-05 01:40:00+00:00,10
327906,327917,0.7776,0.7772320375742187,0.8133918531436157,STOP,0.8983918531436157,0.085,legacy_fixed_r_v1,2026-02-05 11:20:00+00:00,2026-02-05 11:25:00+00:00,2026-02-05 12:15:00+00:00,11
328034,328037,0.77857,0.7778699071868096,1.9431686668156507,STOP,2.0281686668156507,0.085,legacy_fixed_r_v1,2026-02-05 22:00:00+00:00,2026-02-05 22:05:00+00:00,2026-02-05 22:15:00+00:00,3
328112,328116,0.77702,0.7765726534604912,1.7130377191647452,STOP,1.7980377191647452,0.085,legacy_fixed_r_v1,2026-02-06 04:30:00+00:00,2026-02-06 04:35:00+00:00,2026-02-06 04:50:00+00:00,4
328212,328218,0.77772,0.778092233453011,-1.0850000000001307,STOP,-1.0000000000001308,0.085,legacy_fixed_r_v1,2026-02-06 12:50:00+00:00,2026-02-06 12:55:00+00:00,2026-02-06 13:20:00+00:00,6
328282,328291,0.7752,0.775586059094216,-1.085000000000121,STOP,-1.000000000000121,0.085,legacy_fixed_r_v1,2026-02-06 18:40:00+00:00,2026-02-06 18:45:00+00:00,2026-02-06 19:25:00+00:00,9
328299,328318,0.77532,0.7756019195268451,-1.0849999999998232,STOP,-0.9999999999998231,0.085,legacy_fixed_r_v1,2026-02-06 20:05:00+00:00,2026-02-06 20:10:00+00:00,2026-02-06 21:40:00+00:00,19
328358,328370,0.77515,0.775624677040858,-1.0850000000000386,STOP,-1.0000000000000386,0.085,legacy_fixed_r_v1,2026-02-09 01:00:00+00:00,2026-02-09 01:05:00+00:00,2026-02-09 02:00:00+00:00,12
328389,328416,0.77571,0.7748518700188913,2.1402595598036616,STOP,2.2252595598036615,0.085,legacy_fixed_r_v1,2026-02-09 03:35:00+00:00,2026-02-09 03:40:00+00:00,2026-02-09 05:50:00+00:00,27
328453,328461,0.7724,0.7720849522026053,0.469175016188695,STOP,0.554175016188695,0.085,legacy_fixed_r_v1,2026-02-09 08:55:00+00:00,2026-02-09 09:00:00+00:00,2026-02-09 09:35:00+00:00,8
328562,328574,0.76715,0.7667547473137307,0.7001812011866682,STOP,0.7851812011866681,0.085,legacy_fixed_r_v1,2026-02-09 18:00:00+00:00,2026-02-09 18:05:00+00:00,2026-02-09 19:00:00+00:00,12
328608,328610,0.76627,0.7658768032322244,1.3190849654394214,STOP,1.4040849654394214,0.085,legacy_fixed_r_v1,2026-02-09 21:50:00+00:00,2026-02-09 21:55:00+00:00,2026-02-09 22:00:00+00:00,2
328666,328672,0.76669,0.7660806513677196,2.0439607841244225,STOP,2.1289607841244225,0.085,legacy_fixed_r_v1,2026-02-10 02:40:00+00:00,2026-02-10 02:45:00+00:00,2026-02-10 03:10:00+00:00,6
328870,328874,0.76798,0.7675499211551937,1.0922524992782743,STOP,1.1772524992782742,0.085,legacy_fixed_r_v1,2026-02-10 19:40:00+00:00,2026-02-10 19:45:00+00:00,2026-02-10 20:00:00+00:00,4
328926,328933,0.7682,0.7678604779407527,0.997912307600715,STOP,1.082912307600715,0.085,legacy_fixed_r_v1,2026-02-11 00:20:00+00:00,2026-02-11 00:25:00+00:00,2026-02-11 00:55:00+00:00,7
328987,328991,0.76589,0.7656938585907299,0.5397534458743242,STOP,0.6247534458743241,0.085,legacy_fixed_r_v1,2026-02-11 05:25:00+00:00,2026-02-11 05:30:00+00:00,2026-02-11 05:45:00+00:00,4
329037,329066,0.76591,0.7664539259598032,-1.085000000000062,STOP,-1.000000000000062,0.085,legacy_fixed_r_v1,2026-02-11 09:35:00+00:00,2026-02-11 09:40:00+00:00,2026-02-11 12:00:00+00:00,29
329118,329126,0.77166,0.7704871874053112,1.0094527048922697,STOP,1.0944527048922696,0.085,legacy_fixed_r_v1,2026-02-11 16:20:00+00:00,2026-02-11 16:25:00+00:00,2026-02-11 17:00:00+00:00,8
329214,329222,0.77086,0.7706391478731743,0.47789020573416335,STOP,0.5628902057341634,0.085,legacy_fixed_r_v1,2026-02-12 00:20:00+00:00,2026-02-12 00:25:00+00:00,2026-02-12 01:00:00+00:00,8
329280,329285,0.77138,0.7717203928504766,-1.0849999999999622,STOP,-0.9999999999999621,0.085,legacy_fixed_r_v1,2026-02-12 05:50:00+00:00,2026-02-12 05:55:00+00:00,2026-02-12 06:15:00+00:00,5
329315,329330,0.77016,0.7682674395500425,3.1680117067094766,STOP,3.2530117067094766,0.085,legacy_fixed_r_v1,2026-02-12 08:45:00+00:00,2026-02-12 08:50:00+00:00,2026-02-12 10:00:00+00:00,15
329346,329355,0.76761,0.7670892446075325,0.9997973399637408,STOP,1.0847973399637407,0.085,legacy_fixed_r_v1,2026-02-12 11:20:00+00:00,2026-02-12 11:25:00+00:00,2026-02-12 12:05:00+00:00,9
329457,329467,0.76948,0.7692252528327904,0.5275399118159402,STOP,0.6125399118159401,0.085,legacy_fixed_r_v1,2026-02-12 20:35:00+00:00,2026-02-12 20:40:00+00:00,2026-02-12 21:25:00+00:00,10
329474,329475,0.76874,0.7691280363005375,-1.0850000000000608,STOP,-1.0000000000000608,0.085,legacy_fixed_r_v1,2026-02-12 22:00:00+00:00,2026-02-12 22:05:00+00:00,2026-02-12 22:05:00+00:00,1
329508,329515,0.76926,0.7696021824003171,-1.085000000000038,STOP,-1.000000000000038,0.085,legacy_fixed_r_v1,2026-02-13 00:50:00+00:00,2026-02-13 00:55:00+00:00,2026-02-13 01:25:00+00:00,7
329660,329662,0.76817,0.7687867471417573,-1.0850000000000528,STOP,-1.0000000000000528,0.085,legacy_fixed_r_v1,2026-02-13 13:30:00+00:00,2026-02-13 13:35:00+00:00,2026-02-13 13:40:00+00:00,2
329748,329751,0.76804,0.7678381126813807,0.5746837581970659,STOP,0.6596837581970658,0.085,legacy_fixed_r_v1,2026-02-13 20:50:00+00:00,2026-02-13 20:55:00+00:00,2026-02-13 21:05:00+00:00,3
329760,329762,0.76768,0.7671571619144436,1.787147693098403,STOP,1.872147693098403,0.085,legacy_fixed_r_v1,2026-02-13 21:50:00+00:00,2026-02-13 21:55:00+00:00,2026-02-15 22:00:00+00:00,2
329809,329828,0.76841,0.7681772104694476,0.7363711459834995,STOP,0.8213711459834995,0.085,legacy_fixed_r_v1,2026-02-16 01:55:00+00:00,2026-02-16 02:00:00+00:00,2026-02-16 03:30:00+00:00,19
330008,330026,0.76955,0.7692698339408721,1.3446898618172665,STOP,1.4296898618172664,0.085,legacy_fixed_r_v1,2026-02-16 18:30:00+00:00,2026-02-16 18:35:00+00:00,2026-02-16 20:00:00+00:00,18
330049,330051,0.76992,0.76895768634946,6.446934673840064,STOP,6.531934673840064,0.085,legacy_fixed_r_v1,2026-02-16 21:55:00+00:00,2026-02-16 22:00:00+00:00,2026-02-16 22:05:00+00:00,2
330119,330134,0.76963,0.7693976510713754,1.0052456517367008,STOP,1.0902456517367007,0.085,legacy_fixed_r_v1,2026-02-17 03:45:00+00:00,2026-02-17 03:50:00+00:00,2026-02-17 05:00:00+00:00,15
330269,330287,0.77245,0.7713076182914853,1.6107852748453777,STOP,1.6957852748453777,0.085,legacy_fixed_r_v1,2026-02-17 16:15:00+00:00,2026-02-17 16:20:00+00:00,2026-02-17 17:45:00+00:00,18
330295,330304,0.77072,0.7703616479822244,0.8463367464966421,STOP,0.9313367464966421,0.085,legacy_fixed_r_v1,2026-02-17 18:25:00+00:00,2026-02-17 18:30:00+00:00,2026-02-17 19:10:00+00:00,9
330327,330339,0.77004,0.7697625947961912,1.0307831442113256,STOP,1.1157831442113255,0.085,legacy_fixed_r_v1,2026-02-17 21:05:00+00:00,2026-02-17 21:10:00+00:00,2026-02-17 22:05:00+00:00,12
330367,330374,0.77007,0.77036044668453,-1.0849999999999116,STOP,-0.9999999999999115,0.085,legacy_fixed_r_v1,2026-02-18 00:25:00+00:00,2026-02-18 00:30:00+00:00,2026-02-18 01:00:00+00:00,7
330423,330434,0.77097,0.7708482933014147,0.6392620962415223,STOP,0.7242620962415223,0.085,legacy_fixed_r_v1,2026-02-18 05:05:00+00:00,2026-02-18 05:10:00+00:00,2026-02-18 06:00:00+00:00,11
330501,330514,0.77117,0.770433043923383,2.0795753387620053,STOP,2.1645753387620053,0.085,legacy_fixed_r_v1,2026-02-18 11:35:00+00:00,2026-02-18 11:40:00+00:00,2026-02-18 12:40:00+00:00,13
330554,330556,0.7711,0.7716467646900744,-1.085000000000038,STOP,-1.000000000000038,0.085,legacy_fixed_r_v1,2026-02-18 16:00:00+00:00,2026-02-18 16:05:00+00:00,2026-02-18 16:10:00+00:00,2
330717,330733,0.77306,0.7722650258252447,3.7044948124332278,STOP,3.7894948124332277,0.085,legacy_fixed_r_v1,2026-02-19 05:35:00+00:00,2026-02-19 05:40:00+00:00,2026-02-19 06:55:00+00:00,16
330898,330907,0.77556,0.7751323099665443,1.1878252414840755,STOP,1.2728252414840755,0.085,legacy_fixed_r_v1,2026-02-19 20:40:00+00:00,2026-02-19 20:45:00+00:00,2026-02-19 21:25:00+00:00,9
330976,330979,0.77583,0.7760774851044219,-1.085000000000199,STOP,-1.000000000000199,0.085,legacy_fixed_r_v1,2026-02-20 03:10:00+00:00,2026-02-20 03:15:00+00:00,2026-02-20 03:25:00+00:00,3
331094,331100,0.77583,0.7762310560190252,-1.0850000000001132,STOP,-1.0000000000001132,0.085,legacy_fixed_r_v1,2026-02-20 13:00:00+00:00,2026-02-20 13:05:00+00:00,2026-02-20 13:30:00+00:00,6
331152,331165,0.77512,0.7746614734564549,0.5837289016813748,STOP,0.6687289016813748,0.085,legacy_fixed_r_v1,2026-02-20 17:50:00+00:00,2026-02-20 17:55:00+00:00,2026-02-20 18:55:00+00:00,13
331183,331201,0.77503,0.775512984056814,-1.084999999999926,STOP,-0.9999999999999261,0.085,legacy_fixed_r_v1,2026-02-20 20:25:00+00:00,2026-02-20 20:30:00+00:00,2026-02-20 21:55:00+00:00,18
331202,331204,0.77606,0.7734188027201119,3.5116742127479306,STOP,3.5966742127479305,0.085,legacy_fixed_r_v1,2026-02-22 22:00:00+00:00,2026-02-22 22:05:00+00:00,2026-02-22 22:10:00+00:00,2
331218,331226,0.77307,0.772100911611896,1.2337900888967983,STOP,1.3187900888967983,0.085,legacy_fixed_r_v1,2026-02-22 23:20:00+00:00,2026-02-22 23:25:00+00:00,2026-02-23 00:00:00+00:00,8
331252,331260,0.77122,0.7717667173849334,-1.084999999999981,STOP,-0.999999999999981,0.085,legacy_fixed_r_v1,2026-02-23 02:10:00+00:00,2026-02-23 02:15:00+00:00,2026-02-23 02:50:00+00:00,8
331299,331304,0.77224,0.771842770485766,1.2522839379202182,STOP,1.3372839379202182,0.085,legacy_fixed_r_v1,2026-02-23 06:05:00+00:00,2026-02-23 06:10:00+00:00,2026-02-23 06:30:00+00:00,5
331402,331406,0.77429,0.7739479837801484,0.552606455991065,STOP,0.6376064559910649,0.085,legacy_fixed_r_v1,2026-02-23 14:40:00+00:00,2026-02-23 14:45:00+00:00,2026-02-23 15:00:00+00:00,4
331429,331436,0.77351,0.7740486823892122,-1.0849999999999642,STOP,-0.9999999999999641,0.085,legacy_fixed_r_v1,2026-02-23 16:55:00+00:00,2026-02-23 17:00:00+00:00,2026-02-23 17:30:00+00:00,7
331550,331553,0.77518,0.7755106742989735,-1.0849999999999973,STOP,-0.9999999999999972,0.085,legacy_fixed_r_v1,2026-02-24 03:00:00+00:00,2026-02-24 03:05:00+00:00,2026-02-24 03:15:00+00:00,3
331584,331586,0.77617,0.7756114520359407,2.007146679865406,STOP,2.092146679865406,0.085,legacy_fixed_r_v1,2026-02-24 05:50:00+00:00,2026-02-24 05:55:00+00:00,2026-02-24 06:00:00+00:00,2
331640,331655,0.77351,0.7739699865430423,-1.0849999999998963,STOP,-0.9999999999998963,0.085,legacy_fixed_r_v1,2026-02-24 10:30:00+00:00,2026-02-24 10:35:00+00:00,2026-02-24 11:45:00+00:00,15
331749,331754,0.77322,0.773585774836982,-1.0850000000001132,STOP,-1.0000000000001132,0.085,legacy_fixed_r_v1,2026-02-24 19:35:00+00:00,2026-02-24 19:40:00+00:00,2026-02-24 20:00:00+00:00,5
331805,331821,0.77366,0.7734760985975305,0.6544934950462638,STOP,0.7394934950462637,0.085,legacy_fixed_r_v1,2026-02-25 00:15:00+00:00,2026-02-25 00:20:00+00:00,2026-02-25 01:35:00+00:00,16
331862,331871,0.77278,0.7720851244150198,2.204467183726452,STOP,2.289467183726452,0.085,legacy_fixed_r_v1,2026-02-25 05:00:00+00:00,2026-02-25 05:05:00+00:00,2026-02-25 05:45:00+00:00,9
332008,332030,0.77229,0.7728348096227377,-1.0850000000000106,STOP,-1.0000000000000107,0.085,legacy_fixed_r_v1,2026-02-25 17:10:00+00:00,2026-02-25 17:15:00+00:00,2026-02-25 19:00:00+00:00,22
332065,332068,0.77267,0.772355676883731,1.0895490127724938,STOP,1.1745490127724938,0.085,legacy_fixed_r_v1,2026-02-25 21:55:00+00:00,2026-02-25 22:00:00+00:00,2026-02-25 22:10:00+00:00,3
332098,332103,0.772,0.771803461457808,0.5443761719710908,STOP,0.6293761719710907,0.085,legacy_fixed_r_v1,2026-02-26 00:40:00+00:00,2026-02-26 00:45:00+00:00,2026-02-26 01:05:00+00:00,5
332313,332340,0.77467,0.7738470766379214,1.8902991105014686,STOP,1.9752991105014686,0.085,legacy_fixed_r_v1,2026-02-26 18:35:00+00:00,2026-02-26 18:40:00+00:00,2026-02-26 20:50:00+00:00,27
332354,332362,0.77525,0.773431714625108,6.586169410053323,STOP,6.671169410053323,0.085,legacy_fixed_r_v1,2026-02-26 22:00:00+00:00,2026-02-26 22:05:00+00:00,2026-02-26 22:40:00+00:00,8
332376,332384,0.77342,0.7730716436649306,1.1450582440543855,STOP,1.2300582440543855,0.085,legacy_fixed_r_v1,2026-02-26 23:50:00+00:00,2026-02-26 23:55:00+00:00,2026-02-27 00:30:00+00:00,8
332411,332421,0.77333,0.7730110636152234,0.9315914701734003,STOP,1.0165914701734002,0.085,legacy_fixed_r_v1,2026-02-27 02:45:00+00:00,2026-02-27 02:50:00+00:00,2026-02-27 03:35:00+00:00,10
332431,332437,0.77286,0.7725854182304989,1.0275747135904332,STOP,1.1125747135904331,0.085,legacy_fixed_r_v1,2026-02-27 04:25:00+00:00,2026-02-27 04:30:00+00:00,2026-02-27 04:55:00+00:00,6
332520,332528,0.77224,0.7718406712911097,0.9726515500145285,STOP,1.0576515500145285,0.085,legacy_fixed_r_v1,2026-02-27 11:50:00+00:00,2026-02-27 11:55:00+00:00,2026-02-27 12:30:00+00:00,8
332535,332539,0.77119,0.7707306784857434,1.0695263387197613,STOP,1.1545263387197613,0.085,legacy_fixed_r_v1,2026-02-27 13:05:00+00:00,2026-02-27 13:10:00+00:00,2026-02-27 13:25:00+00:00,4
332602,332613,0.76842,0.7679023714598736,1.174515470204321,STOP,1.259515470204321,0.085,legacy_fixed_r_v1,2026-02-27 18:40:00+00:00,2026-02-27 18:45:00+00:00,2026-02-27 19:35:00+00:00,11
332670,332678,0.7686,0.7692758632741951,-1.0850000000000568,STOP,-1.0000000000000568,0.085,legacy_fixed_r_v1,2026-03-02 00:20:00+00:00,2026-03-02 00:25:00+00:00,2026-03-02 01:00:00+00:00,8
332684,332738,0.76858,0.7692058095012092,-1.0849999999999838,STOP,-0.9999999999999837,0.085,legacy_fixed_r_v1,2026-03-02 01:30:00+00:00,2026-03-02 01:35:00+00:00,2026-03-02 06:00:00+00:00,54
332868,332876,0.77998,0.779173766300146,0.9280644213014979,STOP,1.0130644213014979,0.085,legacy_fixed_r_v1,2026-03-02 16:50:00+00:00,2026-03-02 16:55:00+00:00,2026-03-02 17:30:00+00:00,8
332880,332889,0.77871,0.7793552651747576,-1.0850000000000315,STOP,-1.0000000000000315,0.085,legacy_fixed_r_v1,2026-03-02 17:50:00+00:00,2026-03-02 17:55:00+00:00,2026-03-02 18:35:00+00:00,9
332929,332931,0.77963,0.7791651790920588,1.013664688598428,STOP,1.098664688598428,0.085,legacy_fixed_r_v1,2026-03-02 21:55:00+00:00,2026-03-02 22:00:00+00:00,2026-03-02 22:05:00+00:00,2
332970,332978,0.77889,0.7792734464967487,-1.0850000000000453,STOP,-1.0000000000000453,0.085,legacy_fixed_r_v1,2026-03-03 01:20:00+00:00,2026-03-03 01:25:00+00:00,2026-03-03 02:00:00+00:00,8
333096,333110,0.78626,0.7845099465331601,2.137568348753228,STOP,2.222568348753228,0.085,legacy_fixed_r_v1,2026-03-03 11:50:00+00:00,2026-03-03 11:55:00+00:00,2026-03-03 13:00:00+00:00,14
333245,333255,0.78173,0.7822731802744911,-1.0849999999999098,STOP,-0.9999999999999097,0.085,legacy_fixed_r_v1,2026-03-04 00:15:00+00:00,2026-03-04 00:20:00+00:00,2026-03-04 01:05:00+00:00,10
333268,333295,0.78197,0.780608493267259,2.7196930982668945,STOP,2.8046930982668945,0.085,legacy_fixed_r_v1,2026-03-04 02:10:00+00:00,2026-03-04 02:15:00+00:00,2026-03-04 04:25:00+00:00,27
333400,333402,0.77969,0.7804325502587556,-1.0849999999999607,STOP,-0.9999999999999606,0.085,legacy_fixed_r_v1,2026-03-04 13:10:00+00:00,2026-03-04 13:15:00+00:00,2026-03-04 13:20:00+00:00,2
333432,333485,0.77998,0.7789824768678709,1.1575664755999895,STOP,1.2425664755999895,0.085,legacy_fixed_r_v1,2026-03-04 15:50:00+00:00,2026-03-04 15:55:00+00:00,2026-03-04 20:15:00+00:00,53
333533,333536,0.77883,0.7786716194535913,0.4490500689899572,STOP,0.5340500689899572,0.085,legacy_fixed_r_v1,2026-03-05 00:15:00+00:00,2026-03-05 00:20:00+00:00,2026-03-05 00:30:00+00:00,3
333772,333785,0.7814,0.7809203957095169,0.5549309120919543,STOP,0.6399309120919543,0.085,legacy_fixed_r_v1,2026-03-05 20:10:00+00:00,2026-03-05 20:15:00+00:00,2026-03-05 21:15:00+00:00,13
333795,333802,0.78158,0.7806416350249826,1.7893710238846794,STOP,1.8743710238846794,0.085,legacy_fixed_r_v1,2026-03-05 22:05:00+00:00,2026-03-05 22:10:00+00:00,2026-03-05 22:40:00+00:00,7
333821,333834,0.78044,0.7807936256646575,-1.0849999999999609,STOP,-0.9999999999999608,0.085,legacy_fixed_r_v1,2026-03-06 00:15:00+00:00,2026-03-06 00:20:00+00:00,2026-03-06 01:20:00+00:00,13
334013,334039,0.77809,0.7766131887970712,1.299402383613939,STOP,1.384402383613939,0.085,legacy_fixed_r_v1,2026-03-06 16:15:00+00:00,2026-03-06 16:20:00+00:00,2026-03-06 18:25:00+00:00,26
334070,334076,0.77678,0.7764378255237161,0.5809872362926738,STOP,0.6659872362926738,0.085,legacy_fixed_r_v1,2026-03-06 21:00:00+00:00,2026-03-06 21:05:00+00:00,2026-03-06 21:30:00+00:00,6
334149,334169,0.78144,0.7810427996750243,0.6336177431945739,STOP,0.7186177431945738,0.085,legacy_fixed_r_v1,2026-03-09 02:35:00+00:00,2026-03-09 02:40:00+00:00,2026-03-09 04:15:00+00:00,20
334232,334234,0.77867,0.7795499790645685,-1.0850000000000164,STOP,-1.0000000000000164,0.085,legacy_fixed_r_v1,2026-03-09 09:30:00+00:00,2026-03-09 09:35:00+00:00,2026-03-09 09:40:00+00:00,2
334279,334284,0.77854,0.7791718390771069,-1.0849999999999258,STOP,-0.9999999999999258,0.085,legacy_fixed_r_v1,2026-03-09 13:25:00+00:00,2026-03-09 13:30:00+00:00,2026-03-09 13:50:00+00:00,5
334349,334352,0.77876,0.7782694251060598,0.8663741244106727,STOP,0.9513741244106727,0.085,legacy_fixed_r_v1,2026-03-09 19:15:00+00:00,2026-03-09 19:20:00+00:00,2026-03-09 19:30:00+00:00,3
334384,334386,0.77694,0.7773702654627336,-1.0849999999999627,STOP,-0.9999999999999627,0.085,legacy_fixed_r_v1,2026-03-09 22:10:00+00:00,2026-03-09 22:15:00+00:00,2026-03-09 22:20:00+00:00,2
334432,334441,0.77715,0.7776080890753181,-1.0849999999998983,STOP,-0.9999999999998982,0.085,legacy_fixed_r_v1,2026-03-10 02:10:00+00:00,2026-03-10 02:15:00+00:00,2026-03-10 02:55:00+00:00,9
334478,334483,0.77747,0.7772364758224273,0.6946313387598613,STOP,0.7796313387598612,0.085,legacy_fixed_r_v1,2026-03-10 06:00:00+00:00,2026-03-10 06:05:00+00:00,2026-03-10 06:25:00+00:00,5
334562,334568,0.77561,0.7751762725943694,0.615273928805022,STOP,0.7002739288050219,0.085,legacy_fixed_r_v1,2026-03-10 13:00:00+00:00,2026-03-10 13:05:00+00:00,2026-03-10 13:30:00+00:00,6
334613,334616,0.77552,0.7761074142307565,-1.0849999999999291,STOP,-0.9999999999999292,0.085,legacy_fixed_r_v1,2026-03-10 17:15:00+00:00,2026-03-10 17:20:00+00:00,2026-03-10 17:30:00+00:00,3
334657,334660,0.77906,0.7779454725136243,2.2413200677289637,STOP,2.3263200677289637,0.085,legacy_fixed_r_v1,2026-03-10 20:55:00+00:00,2026-03-10 21:00:00+00:00,2026-03-10 21:10:00+00:00,3
334696,334706,0.77817,0.778509749456757,-1.0849999999999391,STOP,-0.999999999999939,0.085,legacy_fixed_r_v1,2026-03-11 00:10:00+00:00,2026-03-11 00:15:00+00:00,2026-03-11 01:00:00+00:00,10
334714,334730,0.77798,0.7774234570505892,1.5383280501060432,STOP,1.6233280501060432,0.085,legacy_fixed_r_v1,2026-03-11 01:40:00+00:00,2026-03-11 01:45:00+00:00,2026-03-11 03:00:00+00:00,16
334745,334752,0.77722,0.7770371188663754,0.6130241872453804,STOP,0.6980241872453804,0.085,legacy_fixed_r_v1,2026-03-11 04:15:00+00:00,2026-03-11 04:20:00+00:00,2026-03-11 04:50:00+00:00,7
334843,334845,0.7781,0.7786958749890258,-1.0849999999999802,STOP,-0.9999999999999801,0.085,legacy_fixed_r_v1,2026-03-11 12:25:00+00:00,2026-03-11 12:30:00+00:00,2026-03-11 12:35:00+00:00,2
334932,334935,0.77959,0.7798949426871623,-1.085000000000015,STOP,-1.000000000000015,0.085,legacy_fixed_r_v1,2026-03-11 19:50:00+00:00,2026-03-11 19:55:00+00:00,2026-03-11 20:05:00+00:00,3
334946,334948,0.78053,0.7796726230442225,2.4577260566411616,STOP,2.5427260566411616,0.085,legacy_fixed_r_v1,2026-03-11 21:00:00+00:00,2026-03-11 21:05:00+00:00,2026-03-11 21:10:00+00:00,2
335001,335009,0.78092,0.7812987180093216,-1.0850000000001456,STOP,-1.0000000000001457,0.085,legacy_fixed_r_v1,2026-03-12 01:35:00+00:00,2026-03-12 01:40:00+00:00,2026-03-12 02:15:00+00:00,8
335234,335236,0.78584,0.7854060560043962,0.9153021188356798,STOP,1.0003021188356798,0.085,legacy_fixed_r_v1,2026-03-12 21:00:00+00:00,2026-03-12 21:05:00+00:00,2026-03-12 21:10:00+00:00,2
335423,335426,0.7865,0.7871662688493092,-1.085000000000041,STOP,-1.000000000000041,0.085,legacy_fixed_r_v1,2026-03-13 12:45:00+00:00,2026-03-13 12:50:00+00:00,2026-03-13 13:00:00+00:00,3
335522,335524,0.79113,0.7898064529221935,1.963180418833809,STOP,2.048180418833809,0.085,legacy_fixed_r_v1,2026-03-15 21:00:00+00:00,2026-03-15 21:05:00+00:00,2026-03-15 21:10:00+00:00,2
335557,335565,0.79,0.7893888142911674,1.2008829630727553,STOP,1.2858829630727553,0.085,legacy_fixed_r_v1,2026-03-15 23:55:00+00:00,2026-03-16 00:00:00+00:00,2026-03-16 00:35:00+00:00,8
335674,335684,0.78918,0.7882830862649682,1.5779282588322647,STOP,1.6629282588322647,0.085,legacy_fixed_r_v1,2026-03-16 09:40:00+00:00,2026-03-16 09:45:00+00:00,2026-03-16 10:30:00+00:00,10
335722,335729,0.78728,0.7877468354315154,-1.0849999999999105,STOP,-0.9999999999999104,0.085,legacy_fixed_r_v1,2026-03-16 13:40:00+00:00,2026-03-16 13:45:00+00:00,2026-03-16 14:15:00+00:00,7
335778,335783,0.78732,0.7867882690075939,0.918888796823291,STOP,1.003888796823291,0.085,legacy_fixed_r_v1,2026-03-16 18:20:00+00:00,2026-03-16 18:25:00+00:00,2026-03-16 18:45:00+00:00,5
335810,335817,0.78789,0.7872566336409068,1.3146760901158867,STOP,1.3996760901158867,0.085,legacy_fixed_r_v1,2026-03-16 21:00:00+00:00,2026-03-16 21:05:00+00:00,2026-03-16 21:35:00+00:00,7
335903,335912,0.78815,0.7883753292706066,-1.0850000000001125,STOP,-1.0000000000001126,0.085,legacy_fixed_r_v1,2026-03-17 04:45:00+00:00,2026-03-17 04:50:00+00:00,2026-03-17 05:30:00+00:00,9
335979,335988,0.78645,0.7869108604670536,-1.0849999999999425,STOP,-0.9999999999999424,0.085,legacy_fixed_r_v1,2026-03-17 11:05:00+00:00,2026-03-17 11:10:00+00:00,2026-03-17 11:50:00+00:00,9
336057,336102,0.78482,0.7844836938500616,0.6860906860110622,STOP,0.7710906860110621,0.085,legacy_fixed_r_v1,2026-03-17 17:35:00+00:00,2026-03-17 17:40:00+00:00,2026-03-17 21:20:00+00:00,45
336269,336271,0.78557,0.7859860940580949,-1.0850000000000952,STOP,-1.0000000000000953,0.085,legacy_fixed_r_v1,2026-03-18 11:15:00+00:00,2026-03-18 11:20:00+00:00,2026-03-18 11:25:00+00:00,2
336389,336391,0.79317,0.7922866028278617,1.8023280631941965,STOP,1.8873280631941964,0.085,legacy_fixed_r_v1,2026-03-18 21:15:00+00:00,2026-03-18 21:20:00+00:00,2026-03-18 21:25:00+00:00,2
336496,336500,0.79227,0.7926079551860402,-1.0849999999999405,STOP,-0.9999999999999405,0.085,legacy_fixed_r_v1,2026-03-19 06:10:00+00:00,2026-03-19 06:15:00+00:00,2026-03-19 06:30:00+00:00,4
336604,336608,0.79056,0.7915821052216852,-1.0849999999999644,STOP,-0.9999999999999644,0.085,legacy_fixed_r_v1,2026-03-19 15:10:00+00:00,2026-03-19 15:15:00+00:00,2026-03-19 15:30:00+00:00,4
336628,336632,0.79115,0.7906443626963381,0.46976646268643746,STOP,0.5547664626864375,0.085,legacy_fixed_r_v1,2026-03-19 17:10:00+00:00,2026-03-19 17:15:00+00:00,2026-03-19 17:30:00+00:00,4
336648,336654,0.79014,0.7865754759853476,5.489141179079211,STOP,5.574141179079211,0.085,legacy_fixed_r_v1,2026-03-19 18:50:00+00:00,2026-03-19 18:55:00+00:00,2026-03-19 19:20:00+00:00,6
336686,336692,0.78774,0.7881445006671425,-1.0849999999998965,STOP,-0.9999999999998965,0.085,legacy_fixed_r_v1,2026-03-19 22:00:00+00:00,2026-03-19 22:05:00+00:00,2026-03-19 22:30:00+00:00,6
336713,336725,0.78871,0.7882832896717545,1.1692880469656428,STOP,1.2542880469656428,0.085,legacy_fixed_r_v1,2026-03-20 00:15:00+00:00,2026-03-20 00:20:00+00:00,2026-03-20 01:15:00+00:00,12
336770,336776,0.78916,0.7893843937250407,-1.0849999999998088,STOP,-0.9999999999998087,0.085,legacy_fixed_r_v1,2026-03-20 05:00:00+00:00,2026-03-20 05:05:00+00:00,2026-03-20 05:30:00+00:00,6
336948,336980,0.78812,0.7871985309613388,1.3699308277226776,STOP,1.4549308277226776,0.085,legacy_fixed_r_v1,2026-03-20 19:50:00+00:00,2026-03-20 19:55:00+00:00,2026-03-22 22:35:00+00:00,32
337041,337060,0.78896,0.7893572464616054,-1.0849999999998845,STOP,-0.9999999999998844,0.085,legacy_fixed_r_v1,2026-03-23 03:40:00+00:00,2026-03-23 03:45:00+00:00,2026-03-23 05:15:00+00:00,19
337130,337131,0.7889,0.7903929544600825,-1.0849999999999946,STOP,-0.9999999999999947,0.085,legacy_fixed_r_v1,2026-03-23 11:05:00+00:00,2026-03-23 11:10:00+00:00,2026-03-23 11:10:00+00:00,1
337149,337173,0.78704,0.7844231576676821,1.4238320634881452,STOP,1.5088320634881451,0.085,legacy_fixed_r_v1,2026-03-23 12:40:00+00:00,2026-03-23 12:45:00+00:00,2026-03-23 14:40:00+00:00,24
337207,337224,0.78677,0.7849009356730285,1.941550658477663,STOP,2.026550658477663,0.085,legacy_fixed_r_v1,2026-03-23 17:30:00+00:00,2026-03-23 17:35:00+00:00,2026-03-23 18:55:00+00:00,17
337249,337261,0.78652,0.7861998757333166,0.6781566527419132,STOP,0.7631566527419131,0.085,legacy_fixed_r_v1,2026-03-23 21:00:00+00:00,2026-03-23 21:05:00+00:00,2026-03-23 22:00:00+00:00,12
337314,337319,0.7879,0.788345050251376,-1.0850000000001172,STOP,-1.0000000000001172,0.085,legacy_fixed_r_v1,2026-03-24 02:25:00+00:00,2026-03-24 02:30:00+00:00,2026-03-24 02:50:00+00:00,5
337347,337356,0.78857,0.7883766028732566,0.49994046843528833,STOP,0.5849404684352884,0.085,legacy_fixed_r_v1,2026-03-24 05:10:00+00:00,2026-03-24 05:15:00+00:00,2026-03-24 05:55:00+00:00,9
337457,337463,0.7898,0.7906324457873386,-1.0849999999999336,STOP,-0.9999999999999336,0.085,legacy_fixed_r_v1,2026-03-24 14:20:00+00:00,2026-03-24 14:25:00+00:00,2026-03-24 14:50:00+00:00,6
337529,337531,0.78786,0.7885084581522673,-1.0849999999999804,STOP,-0.9999999999999805,0.085,legacy_fixed_r_v1,2026-03-24 20:20:00+00:00,2026-03-24 20:25:00+00:00,2026-03-24 20:30:00+00:00,2
337548,337551,0.78844,0.7879462590970459,1.006695925235589,STOP,1.091695925235589,0.085,legacy_fixed_r_v1,2026-03-24 21:55:00+00:00,2026-03-24 22:00:00+00:00,2026-03-24 22:10:00+00:00,3
337565,337576,0.78797,0.7877676077696153,0.4187363659589148,STOP,0.5037363659589148,0.085,legacy_fixed_r_v1,2026-03-24 23:20:00+00:00,2026-03-24 23:25:00+00:00,2026-03-25 00:15:00+00:00,11
337718,337720,0.78832,0.788872597878108,-1.0849999999999544,STOP,-0.9999999999999545,0.085,legacy_fixed_r_v1,2026-03-25 12:05:00+00:00,2026-03-25 12:10:00+00:00,2026-03-25 12:15:00+00:00,2
337783,337799,0.79101,0.7915521308115793,-1.0849999999999864,STOP,-0.9999999999999865,0.085,legacy_fixed_r_v1,2026-03-25 17:30:00+00:00,2026-03-25 17:35:00+00:00,2026-03-25 18:50:00+00:00,16
337824,337826,0.79207,0.791209486154714,2.6331082877410776,STOP,2.7181082877410776,0.085,legacy_fixed_r_v1,2026-03-25 20:55:00+00:00,2026-03-25 21:00:00+00:00,2026-03-25 21:05:00+00:00,2
337845,337867,0.79149,0.7917357511919861,-1.0849999999997981,STOP,-0.9999999999997982,0.085,legacy_fixed_r_v1,2026-03-25 22:40:00+00:00,2026-03-25 22:45:00+00:00,2026-03-26 00:30:00+00:00,22
337902,337918,0.7917,0.7914969652152143,0.7406678294807671,STOP,0.8256678294807671,0.085,legacy_fixed_r_v1,2026-03-26 03:25:00+00:00,2026-03-26 03:30:00+00:00,2026-03-26 04:45:00+00:00,16
338103,338106,0.79397,0.7945558203938278,-1.0849999999999733,STOP,-0.9999999999999734,0.085,legacy_fixed_r_v1,2026-03-26 20:10:00+00:00,2026-03-26 20:15:00+00:00,2026-03-26 20:25:00+00:00,3
338167,338186,0.79478,0.7951175700702271,-1.0849999999998574,STOP,-0.9999999999998574,0.085,legacy_fixed_r_v1,2026-03-27 01:30:00+00:00,2026-03-27 01:35:00+00:00,2026-03-27 03:05:00+00:00,19
338210,338213,0.79521,0.7950093523203029,0.6920072349595566,STOP,0.7770072349595566,0.085,legacy_fixed_r_v1,2026-03-27 05:05:00+00:00,2026-03-27 05:10:00+00:00,2026-03-27 05:20:00+00:00,3
338437,338444,0.7997,0.7987892925775907,2.218797463443883,STOP,2.303797463443883,0.085,legacy_fixed_r_v1,2026-03-30 00:05:00+00:00,2026-03-30 00:10:00+00:00,2026-03-30 00:40:00+00:00,7
338454,338456,0.79841,0.7987909994085296,-1.0849999999999884,STOP,-0.9999999999999883,0.085,legacy_fixed_r_v1,2026-03-30 01:30:00+00:00,2026-03-30 01:35:00+00:00,2026-03-30 01:40:00+00:00,2
338469,338503,0.79855,0.798872273085031,-1.0850000000001148,STOP,-1.0000000000001148,0.085,legacy_fixed_r_v1,2026-03-30 02:45:00+00:00,2026-03-30 02:50:00+00:00,2026-03-30 05:35:00+00:00,34
338572,338573,0.79913,0.7994610239602785,-1.0849999999998612,STOP,-0.9999999999998611,0.085,legacy_fixed_r_v1,2026-03-30 11:20:00+00:00,2026-03-30 11:25:00+00:00,2026-03-30 11:25:00+00:00,1
338676,338689,0.79968,0.7988473592315959,2.820169347049129,STOP,2.905169347049129,0.085,legacy_fixed_r_v1,2026-03-30 20:00:00+00:00,2026-03-30 20:05:00+00:00,2026-03-30 21:05:00+00:00,13
338827,338835,0.79983,0.8002049764796387,-1.0850000000001327,STOP,-1.0000000000001328,0.085,legacy_fixed_r_v1,2026-03-31 08:35:00+00:00,2026-03-31 08:40:00+00:00,2026-03-31 09:15:00+00:00,8
338923,338935,0.80123,0.8005562849641139,0.6286059885018311,STOP,0.7136059885018311,0.085,legacy_fixed_r_v1,2026-03-31 16:35:00+00:00,2026-03-31 16:40:00+00:00,2026-03-31 17:35:00+00:00,12
338959,338969,0.79976,0.7991882554775117,0.8537013550446013,STOP,0.9387013550446013,0.085,legacy_fixed_r_v1,2026-03-31 19:35:00+00:00,2026-03-31 19:40:00+00:00,2026-03-31 20:25:00+00:00,10
338977,338979,0.80017,0.7991973429722363,2.0327996409194227,STOP,2.1177996409194226,0.085,legacy_fixed_r_v1,2026-03-31 21:05:00+00:00,2026-03-31 21:10:00+00:00,2026-03-31 21:15:00+00:00,2
339003,339012,0.79888,0.7978581611058081,2.688309187965073,STOP,2.773309187965073,0.085,legacy_fixed_r_v1,2026-03-31 23:15:00+00:00,2026-03-31 23:20:00+00:00,2026-04-01 00:00:00+00:00,9
339068,339082,0.79776,0.7966670554844281,4.12273815317345,STOP,4.20773815317345,0.085,legacy_fixed_r_v1,2026-04-01 04:40:00+00:00,2026-04-01 04:45:00+00:00,2026-04-01 05:50:00+00:00,14
339130,339143,0.79299,0.7924540742225183,0.8122215398934033,STOP,0.8972215398934033,0.085,legacy_fixed_r_v1,2026-04-01 09:50:00+00:00,2026-04-01 09:55:00+00:00,2026-04-01 10:55:00+00:00,13
339213,339219,0.79287,0.7923118013898351,0.8634216619626073,STOP,0.9484216619626072,0.085,legacy_fixed_r_v1,2026-04-01 16:45:00+00:00,2026-04-01 16:50:00+00:00,2026-04-01 17:15:00+00:00,6
339254,339262,0.79446,0.7942318743059471,0.5452485415540476,STOP,0.6302485415540475,0.085,legacy_fixed_r_v1,2026-04-01 20:10:00+00:00,2026-04-01 20:15:00+00:00,2026-04-01 20:50:00+00:00,8
339508,339513,0.79812,0.7986640574869053,-1.085000000000067,STOP,-1.000000000000067,0.085,legacy_fixed_r_v1,2026-04-02 17:20:00+00:00,2026-04-02 17:25:00+00:00,2026-04-02 17:45:00+00:00,5
339580,339608,0.79871,0.7989651085835099,-1.0850000000001572,STOP,-1.0000000000001572,0.085,legacy_fixed_r_v1,2026-04-02 23:20:00+00:00,2026-04-02 23:25:00+00:00,2026-04-03 01:40:00+00:00,28
339656,339663,0.79863,0.7984327148425815,1.443548045921276,STOP,1.528548045921276,0.085,legacy_fixed_r_v1,2026-04-03 05:40:00+00:00,2026-04-03 05:45:00+00:00,2026-04-03 06:15:00+00:00,7
339803,339817,0.80063,0.800930265168236,-1.0850000000000724,STOP,-1.0000000000000724,0.085,legacy_fixed_r_v1,2026-04-03 17:55:00+00:00,2026-04-03 18:00:00+00:00,2026-04-03 19:05:00+00:00,14
339915,339940,0.8006,0.8001570920352912,1.3037550123247585,STOP,1.3887550123247585,0.085,legacy_fixed_r_v1,2026-04-06 03:20:00+00:00,2026-04-06 03:25:00+00:00,2026-04-06 05:25:00+00:00,25
340126,340128,0.7987,0.7973339178666652,5.7477802995960365,STOP,5.8327802995960365,0.085,legacy_fixed_r_v1,2026-04-06 20:55:00+00:00,2026-04-06 21:05:00+00:00,2026-04-06 21:10:00+00:00,2
340198,340211,0.79957,0.7993508452646331,0.8040151393370979,STOP,0.8890151393370979,0.085,legacy_fixed_r_v1,2026-04-07 03:00:00+00:00,2026-04-07 03:05:00+00:00,2026-04-07 04:05:00+00:00,13
340305,340323,0.79944,0.7999501153922767,-1.0849999999999431,STOP,-0.999999999999943,0.085,legacy_fixed_r_v1,2026-04-07 11:55:00+00:00,2026-04-07 12:00:00+00:00,2026-04-07 13:25:00+00:00,18
340373,340389,0.79889,0.7993857590713607,-1.085000000000111,STOP,-1.000000000000111,0.085,legacy_fixed_r_v1,2026-04-07 17:35:00+00:00,2026-04-07 17:40:00+00:00,2026-04-07 18:55:00+00:00,16
340393,340407,0.79869,0.7975831948941322,2.4091432088250295,STOP,2.4941432088250295,0.085,legacy_fixed_r_v1,2026-04-07 19:15:00+00:00,2026-04-07 19:20:00+00:00,2026-04-07 20:25:00+00:00,14
340418,340420,0.7982,0.7971341583885028,1.973393373839071,STOP,2.058393373839071,0.085,legacy_fixed_r_v1,2026-04-07 21:20:00+00:00,2026-04-07 21:25:00+00:00,2026-04-07 21:30:00+00:00,2
340464,340502,0.79057,0.7898218185947874,0.7703238175346111,STOP,0.8553238175346111,0.085,legacy_fixed_r_v1,2026-04-08 01:10:00+00:00,2026-04-08 01:15:00+00:00,2026-04-08 04:20:00+00:00,38
340584,340589,0.7883,0.7878500112511461,0.7484166441964493,STOP,0.8334166441964492,0.085,legacy_fixed_r_v1,2026-04-08 11:10:00+00:00,2026-04-08 11:15:00+00:00,2026-04-08 11:35:00+00:00,5
340628,340632,0.78851,0.7893067729892081,-1.0849999999999493,STOP,-0.9999999999999494,0.085,legacy_fixed_r_v1,2026-04-08 14:50:00+00:00,2026-04-08 14:55:00+00:00,2026-04-08 15:10:00+00:00,4
340688,340703,0.79136,0.7899088090228402,2.929480659436878,STOP,3.014480659436878,0.085,legacy_fixed_r_v1,2026-04-08 19:50:00+00:00,2026-04-08 19:55:00+00:00,2026-04-08 21:05:00+00:00,15
340760,340774,0.79163,0.7911697061110884,1.5658909806685875,STOP,1.6508909806685874,0.085,legacy_fixed_r_v1,2026-04-09 01:50:00+00:00,2026-04-09 01:55:00+00:00,2026-04-09 03:00:00+00:00,14
340781,340783,0.79094,0.7911700497210354,-1.0850000000001716,STOP,-1.0000000000001716,0.085,legacy_fixed_r_v1,2026-04-09 03:35:00+00:00,2026-04-09 03:40:00+00:00,2026-04-09 03:45:00+00:00,2
340873,340880,0.79109,0.7904606615403067,1.7294553562776638,STOP,1.8144553562776637,0.085,legacy_fixed_r_v1,2026-04-09 11:15:00+00:00,2026-04-09 11:20:00+00:00,2026-04-09 11:50:00+00:00,7
341043,341049,0.79116,0.7904299980604254,2.9951574389273943,STOP,3.0801574389273942,0.085,legacy_fixed_r_v1,2026-04-10 01:25:00+00:00,2026-04-10 01:30:00+00:00,2026-04-10 01:55:00+00:00,6
341065,341070,0.79053,0.7903870939521325,0.4848949384773263,STOP,0.5698949384773263,0.085,legacy_fixed_r_v1,2026-04-10 03:15:00+00:00,2026-04-10 03:20:00+00:00,2026-04-10 03:40:00+00:00,5
341077,341088,0.79023,0.7904529495104545,-1.0849999999998197,STOP,-0.9999999999998197,0.085,legacy_fixed_r_v1,2026-04-10 04:15:00+00:00,2026-04-10 04:20:00+00:00,2026-04-10 05:10:00+00:00,11
341153,341164,0.78954,0.7892449047706231,0.5206029835500033,STOP,0.6056029835500033,0.085,legacy_fixed_r_v1,2026-04-10 10:35:00+00:00,2026-04-10 10:40:00+00:00,2026-04-10 11:30:00+00:00,11
341277,341279,0.79146,0.7901170405322252,3.8990108691956142,STOP,3.984010869195614,0.085,legacy_fixed_r_v1,2026-04-10 20:55:00+00:00,2026-04-12 21:00:00+00:00,2026-04-12 21:05:00+00:00,2
341315,341345,0.79257,0.7920808357940867,0.9582148459467452,STOP,1.0432148459467452,0.085,legacy_fixed_r_v1,2026-04-13 00:05:00+00:00,2026-04-13 00:10:00+00:00,2026-04-13 02:35:00+00:00,30
341358,341374,0.79191,0.7921353053041698,-1.0850000000001288,STOP,-1.0000000000001288,0.085,legacy_fixed_r_v1,2026-04-13 03:40:00+00:00,2026-04-13 03:45:00+00:00,2026-04-13 05:00:00+00:00,16
341533,341542,0.78472,0.7833830596817659,2.8563683090965184,STOP,2.9413683090965184,0.085,legacy_fixed_r_v1,2026-04-13 18:15:00+00:00,2026-04-13 18:20:00+00:00,2026-04-13 19:00:00+00:00,9
341565,341567,0.78423,0.7819062017393359,7.78479474771159,STOP,7.86979474771159,0.085,legacy_fixed_r_v1,2026-04-13 20:55:00+00:00,2026-04-13 21:00:00+00:00,2026-04-13 21:05:00+00:00,2
341591,341607,0.7834,0.7832331644834606,0.5110983377025944,STOP,0.5960983377025943,0.085,legacy_fixed_r_v1,2026-04-13 23:05:00+00:00,2026-04-13 23:10:00+00:00,2026-04-14 00:25:00+00:00,16
341644,341652,0.78352,0.7830772213772226,2.0244586773018582,STOP,2.109458677301858,0.085,legacy_fixed_r_v1,2026-04-14 03:30:00+00:00,2026-04-14 03:35:00+00:00,2026-04-14 04:10:00+00:00,8
341846,341855,0.78106,0.7805534258537513,1.9844785125019615,STOP,2.0694785125019615,0.085,legacy_fixed_r_v1,2026-04-14 20:20:00+00:00,2026-04-14 20:25:00+00:00,2026-04-14 21:05:00+00:00,9
341884,341890,0.78073,0.780954880777428,-1.0850000000001954,STOP,-1.0000000000001954,0.085,legacy_fixed_r_v1,2026-04-14 23:30:00+00:00,2026-04-14 23:35:00+00:00,2026-04-15 00:00:00+00:00,6
341931,341954,0.78147,0.7809005983714437,2.1645811011487197,STOP,2.2495811011487197,0.085,legacy_fixed_r_v1,2026-04-15 03:25:00+00:00,2026-04-15 03:30:00+00:00,2026-04-15 05:20:00+00:00,23
342167,342189,0.78146,0.7811957079898804,0.9976616166529844,STOP,1.0826616166529843,0.085,legacy_fixed_r_v1,2026-04-15 23:05:00+00:00,2026-04-15 23:10:00+00:00,2026-04-16 00:55:00+00:00,22
342310,342344,0.7835,0.7832354979016297,0.5526593305393659,STOP,0.6376593305393659,0.085,legacy_fixed_r_v1,2026-04-16 11:00:00+00:00,2026-04-16 11:05:00+00:00,2026-04-16 13:50:00+00:00,34
342369,342376,0.78339,0.7838956591134769,-1.0849999999999773,STOP,-0.9999999999999772,0.085,legacy_fixed_r_v1,2026-04-16 15:55:00+00:00,2026-04-16 16:00:00+00:00,2026-04-16 16:30:00+00:00,7
342400,342414,0.78379,0.7830533508652731,2.0613763575996207,STOP,2.1463763575996206,0.085,legacy_fixed_r_v1,2026-04-16 18:30:00+00:00,2026-04-16 18:35:00+00:00,2026-04-16 19:40:00+00:00,14
342430,342433,0.78398,0.7830049596555819,3.674636832198251,STOP,3.759636832198251,0.085,legacy_fixed_r_v1,2026-04-16 21:00:00+00:00,2026-04-16 21:05:00+00:00,2026-04-16 21:15:00+00:00,3
342457,342466,0.78308,0.7832986874641443,-1.0850000000002342,STOP,-1.0000000000002343,0.085,legacy_fixed_r_v1,2026-04-16 23:15:00+00:00,2026-04-16 23:20:00+00:00,2026-04-17 00:00:00+00:00,9
342511,342541,0.78332,0.7835353146413748,-1.0849999999997426,STOP,-0.9999999999997425,0.085,legacy_fixed_r_v1,2026-04-17 03:45:00+00:00,2026-04-17 03:50:00+00:00,2026-04-17 06:15:00+00:00,30
342718,342720,0.78196,0.7811423292855698,1.9493103823037878,STOP,2.034310382303788,0.085,legacy_fixed_r_v1,2026-04-19 21:00:00+00:00,2026-04-19 21:05:00+00:00,2026-04-19 21:10:00+00:00,2
342744,342750,0.78314,0.7835591429002674,-1.0850000000001019,STOP,-1.000000000000102,0.085,legacy_fixed_r_v1,2026-04-19 23:10:00+00:00,2026-04-19 23:15:00+00:00,2026-04-19 23:40:00+00:00,6
342757,342777,0.78294,0.7823793490260142,1.2427297830561017,STOP,1.3277297830561017,0.085,legacy_fixed_r_v1,2026-04-20 00:15:00+00:00,2026-04-20 00:20:00+00:00,2026-04-20 01:55:00+00:00,20
342798,342807,0.78226,0.7824909641152,-1.0850000000002176,STOP,-1.0000000000002176,0.085,legacy_fixed_r_v1,2026-04-20 03:40:00+00:00,2026-04-20 03:45:00+00:00,2026-04-20 04:25:00+00:00,9
342862,342877,0.78175,0.781318763974328,0.8430119793240959,STOP,0.9280119793240958,0.085,legacy_fixed_r_v1,2026-04-20 09:00:00+00:00,2026-04-20 09:05:00+00:00,2026-04-20 10:15:00+00:00,15
342887,342900,0.78107,0.7814052273483816,-1.085000000000108,STOP,-1.0000000000001081,0.085,legacy_fixed_r_v1,2026-04-20 11:05:00+00:00,2026-04-20 11:10:00+00:00,2026-04-20 12:10:00+00:00,13
343005,343007,0.7789,0.7779444077926458,3.64731306020788,STOP,3.73231306020788,0.085,legacy_fixed_r_v1,2026-04-20 20:55:00+00:00,2026-04-20 21:05:00+00:00,2026-04-20 21:10:00+00:00,2
343028,343032,0.77806,0.7783460973192572,-1.0850000000000295,STOP,-1.0000000000000295,0.085,legacy_fixed_r_v1,2026-04-20 22:55:00+00:00,2026-04-20 23:00:00+00:00,2026-04-20 23:15:00+00:00,4
343101,343109,0.77904,0.7785865899149178,2.422925503676898,STOP,2.507925503676898,0.085,legacy_fixed_r_v1,2026-04-21 05:00:00+00:00,2026-04-21 05:05:00+00:00,2026-04-21 05:40:00+00:00,8
343159,343174,0.77971,0.7801374329248655,-1.0850000000000166,STOP,-1.0000000000000167,0.085,legacy_fixed_r_v1,2026-04-21 09:50:00+00:00,2026-04-21 09:55:00+00:00,2026-04-21 11:05:00+00:00,15
343177,343185,0.77971,0.7793876474687231,0.8273737113195294,STOP,0.9123737113195294,0.085,legacy_fixed_r_v1,2026-04-21 11:20:00+00:00,2026-04-21 11:25:00+00:00,2026-04-21 12:00:00+00:00,8
343216,343218,0.77863,0.779065104180885,-1.0849999999999227,STOP,-0.9999999999999227,0.085,legacy_fixed_r_v1,2026-04-21 14:35:00+00:00,2026-04-21 14:40:00+00:00,2026-04-21 14:45:00+00:00,2
343271,343276,0.78046,0.7810888831420292,-1.0849999999999613,STOP,-0.9999999999999613,0.085,legacy_fixed_r_v1,2026-04-21 19:10:00+00:00,2026-04-21 19:15:00+00:00,2026-04-21 19:35:00+00:00,5
343326,343334,0.78076,0.780112906970985,2.445165040070348,STOP,2.530165040070348,0.085,legacy_fixed_r_v1,2026-04-21 23:45:00+00:00,2026-04-21 23:50:00+00:00,2026-04-22 00:25:00+00:00,8
343386,343395,0.78058,0.7796064400826057,5.075528593760336,STOP,5.160528593760336,0.085,legacy_fixed_r_v1,2026-04-22 04:45:00+00:00,2026-04-22 04:50:00+00:00,2026-04-22 05:30:00+00:00,9
343580,343583,0.78513,0.7839434871715549,4.350613854781636,STOP,4.435613854781636,0.085,legacy_fixed_r_v1,2026-04-22 20:55:00+00:00,2026-04-22 21:00:00+00:00,2026-04-22 21:10:00+00:00,3
343674,343684,0.78558,0.78544670481361,0.6155811856763156,STOP,0.7005811856763156,0.085,legacy_fixed_r_v1,2026-04-23 04:45:00+00:00,2026-04-23 04:50:00+00:00,2026-04-23 05:35:00+00:00,10
343757,343761,0.78506,0.7845357199540424,1.216034315544653,STOP,1.3010343155446529,0.085,legacy_fixed_r_v1,2026-04-23 11:40:00+00:00,2026-04-23 11:45:00+00:00,2026-04-23 12:00:00+00:00,4
343869,343874,0.7872,0.7855555931746642,5.725159886097294,STOP,5.810159886097294,0.085,legacy_fixed_r_v1,2026-04-23 21:00:00+00:00,2026-04-23 21:05:00+00:00,2026-04-23 21:25:00+00:00,5
343962,343966,0.78682,0.7870503689409755,-1.0849999999998896,STOP,-0.9999999999998896,0.085,legacy_fixed_r_v1,2026-04-24 04:45:00+00:00,2026-04-24 04:50:00+00:00,2026-04-24 05:05:00+00:00,4
344033,344038,0.78616,0.7856906338966659,1.2174376236136706,STOP,1.3024376236136705,0.085,legacy_fixed_r_v1,2026-04-24 10:40:00+00:00,2026-04-24 10:45:00+00:00,2026-04-24 11:05:00+00:00,5
344093,344100,0.78554,0.7850223989424789,0.7783631588663164,STOP,0.8633631588663163,0.085,legacy_fixed_r_v1,2026-04-24 15:40:00+00:00,2026-04-24 15:45:00+00:00,2026-04-24 16:15:00+00:00,7
344135,344156,0.78505,0.7847502366277811,0.8394946081604635,STOP,0.9244946081604635,0.085,legacy_fixed_r_v1,2026-04-24 19:10:00+00:00,2026-04-24 19:15:00+00:00,2026-04-24 20:55:00+00:00,21
344227,344238,0.78483,0.7845487251255046,0.9068261097558789,STOP,0.9918261097558788,0.085,legacy_fixed_r_v1,2026-04-27 02:50:00+00:00,2026-04-27 02:55:00+00:00,2026-04-27 03:45:00+00:00,11
344368,344371,0.78332,0.7837887466180765,-1.0850000000000002,STOP,-1.0000000000000002,0.085,legacy_fixed_r_v1,2026-04-27 14:35:00+00:00,2026-04-27 14:40:00+00:00,2026-04-27 14:50:00+00:00,3
344444,344447,0.78606,0.7848433464802566,5.900547294931717,STOP,5.985547294931717,0.085,legacy_fixed_r_v1,2026-04-27 20:55:00+00:00,2026-04-27 21:00:00+00:00,2026-04-27 21:10:00+00:00,3
344481,344486,0.78524,0.7854665597809735,-1.0849999999999504,STOP,-0.9999999999999504,0.085,legacy_fixed_r_v1,2026-04-28 00:00:00+00:00,2026-04-28 00:05:00+00:00,2026-04-28 00:25:00+00:00,5
344521,344524,0.78654,0.7863361556310353,0.8056792438711892,STOP,0.8906792438711891,0.085,legacy_fixed_r_v1,2026-04-28 03:20:00+00:00,2026-04-28 03:25:00+00:00,2026-04-28 03:35:00+00:00,3
344537,344540,0.78651,0.7867063662509644,-1.0849999999999858,STOP,-0.9999999999999857,0.085,legacy_fixed_r_v1,2026-04-28 04:40:00+00:00,2026-04-28 04:45:00+00:00,2026-04-28 04:55:00+00:00,3
344612,344619,0.78947,0.7899256111095171,-1.0849999999999864,STOP,-0.9999999999999863,0.085,legacy_fixed_r_v1,2026-04-28 10:55:00+00:00,2026-04-28 11:00:00+00:00,2026-04-28 11:30:00+00:00,7
344660,344675,0.78981,0.7890511865113152,1.0783890355010877,STOP,1.1633890355010876,0.085,legacy_fixed_r_v1,2026-04-28 14:55:00+00:00,2026-04-28 15:00:00+00:00,2026-04-28 16:10:00+00:00,15
344694,344708,0.78905,0.7894365849981785,-1.0850000000000968,STOP,-1.0000000000000968,0.085,legacy_fixed_r_v1,2026-04-28 17:45:00+00:00,2026-04-28 17:50:00+00:00,2026-04-28 18:55:00+00:00,14
344767,344770,0.78907,0.788698785131851,2.342013301841521,STOP,2.4270133018415208,0.085,legacy_fixed_r_v1,2026-04-28 23:50:00+00:00,2026-04-28 23:55:00+00:00,2026-04-29 00:05:00+00:00,3
344898,344901,0.7896,0.7893821265432392,0.5357262329203777,STOP,0.6207262329203777,0.085,legacy_fixed_r_v1,2026-04-29 10:45:00+00:00,2026-04-29 10:50:00+00:00,2026-04-29 11:00:00+00:00,3
344984,344985,0.79045,0.7908855780677717,-1.084999999999918,STOP,-0.9999999999999181,0.085,legacy_fixed_r_v1,2026-04-29 17:55:00+00:00,2026-04-29 18:00:00+00:00,2026-04-29 18:00:00+00:00,1
345021,345025,0.79284,0.7898872463746217,6.610406061434016,STOP,6.695406061434016,0.085,legacy_fixed_r_v1,2026-04-29 21:00:00+00:00,2026-04-29 21:05:00+00:00,2026-04-29 21:20:00+00:00,4
345051,345057,0.79106,0.7906451416049872,0.990694826045257,STOP,1.075694826045257,0.085,legacy_fixed_r_v1,2026-04-29 23:30:00+00:00,2026-04-29 23:35:00+00:00,2026-04-30 00:00:00+00:00,6
345182,345186,0.78664,0.786243303632693,0.4693788312998543,STOP,0.5543788312998543,0.085,legacy_fixed_r_v1,2026-04-30 10:25:00+00:00,2026-04-30 10:30:00+00:00,2026-04-30 10:45:00+00:00,4
345205,345215,0.78444,0.7839486889495737,0.5005217025051099,STOP,0.5855217025051098,0.085,legacy_fixed_r_v1,2026-04-30 12:20:00+00:00,2026-04-30 12:25:00+00:00,2026-04-30 13:10:00+00:00,10
345227,345232,0.78241,0.7833789275907403,-1.08499999999997,STOP,-0.99999999999997,0.085,legacy_fixed_r_v1,2026-04-30 14:10:00+00:00,2026-04-30 14:15:00+00:00,2026-04-30 14:35:00+00:00,5
345266,345284,0.78203,0.7812723228344297,1.0803952740772593,STOP,1.1653952740772593,0.085,legacy_fixed_r_v1,2026-04-30 17:25:00+00:00,2026-04-30 17:30:00+00:00,2026-04-30 18:55:00+00:00,18
345308,345311,0.78182,0.7808535993826488,2.394983729590409,STOP,2.479983729590409,0.085,legacy_fixed_r_v1,2026-04-30 20:55:00+00:00,2026-04-30 21:00:00+00:00,2026-04-30 21:10:00+00:00,3
345385,345391,0.7813,0.781523428347488,-1.0850000000000621,STOP,-1.0000000000000622,0.085,legacy_fixed_r_v1,2026-05-01 03:20:00+00:00,2026-05-01 03:25:00+00:00,2026-05-01 03:50:00+00:00,6
345446,345457,0.78098,0.7816406681613787,-1.084999999999938,STOP,-0.9999999999999379,0.085,legacy_fixed_r_v1,2026-05-01 08:25:00+00:00,2026-05-01 08:30:00+00:00,2026-05-01 09:20:00+00:00,11
345663,345675,0.78105,0.7802367388499403,2.427252847322684,STOP,2.512252847322684,0.085,legacy_fixed_r_v1,2026-05-04 02:55:00+00:00,2026-05-04 03:00:00+00:00,2026-05-04 03:55:00+00:00,12
345703,345706,0.78065,0.7809277300887967,-1.0850000000000686,STOP,-1.0000000000000686,0.085,legacy_fixed_r_v1,2026-05-04 06:15:00+00:00,2026-05-04 06:20:00+00:00,2026-05-04 06:30:00+00:00,3
345775,345783,0.78361,0.7832530865532241,0.589327662152845,STOP,0.674327662152845,0.085,legacy_fixed_r_v1,2026-05-04 12:15:00+00:00,2026-05-04 12:20:00+00:00,2026-05-04 12:55:00+00:00,8
345837,345871,0.7835,0.784050653671955,-1.085000000000058,STOP,-1.000000000000058,0.085,legacy_fixed_r_v1,2026-05-04 17:25:00+00:00,2026-05-04 17:30:00+00:00,2026-05-04 20:15:00+00:00,34
345916,345919,0.78399,0.7841661493276368,-1.084999999999912,STOP,-0.999999999999912,0.085,legacy_fixed_r_v1,2026-05-05 00:00:00+00:00,2026-05-05 00:05:00+00:00,2026-05-05 00:15:00+00:00,3
346035,346043,0.78323,0.7828071924049553,1.0058462456460873,STOP,1.0908462456460872,0.085,legacy_fixed_r_v1,2026-05-05 09:55:00+00:00,2026-05-05 10:00:00+00:00,2026-05-05 10:35:00+00:00,8
346169,346172,0.78369,0.7824849755219897,3.7512547717502427,STOP,3.8362547717502427,0.085,legacy_fixed_r_v1,2026-05-05 21:05:00+00:00,2026-05-05 21:10:00+00:00,2026-05-05 21:20:00+00:00,3
346190,346197,0.78249,0.7811465607025689,3.768414104435579,STOP,3.8534141044355787,0.085,legacy_fixed_r_v1,2026-05-05 22:50:00+00:00,2026-05-05 22:55:00+00:00,2026-05-05 23:25:00+00:00,7
346257,346260,0.78074,0.7801174691333561,2.003785037436654,STOP,2.088785037436654,0.085,legacy_fixed_r_v1,2026-05-06 04:25:00+00:00,2026-05-06 04:30:00+00:00,2026-05-06 04:40:00+00:00,3
346379,346381,0.7794,0.779067626413517,0.5267126656225234,STOP,0.6117126656225234,0.085,legacy_fixed_r_v1,2026-05-06 14:35:00+00:00,2026-05-06 14:40:00+00:00,2026-05-06 14:45:00+00:00,2
346409,346434,0.77918,0.778469601333694,1.5020950051058175,STOP,1.5870950051058175,0.085,legacy_fixed_r_v1,2026-05-06 17:05:00+00:00,2026-05-06 17:10:00+00:00,2026-05-06 19:10:00+00:00,25
346455,346457,0.77917,0.7776788208628004,6.20488592647017,STOP,6.28988592647017,0.085,legacy_fixed_r_v1,2026-05-06 20:55:00+00:00,2026-05-06 21:00:00+00:00,2026-05-06 21:05:00+00:00,2
346547,346556,0.77882,0.7790430399884727,-1.0849999999998197,STOP,-0.9999999999998197,0.085,legacy_fixed_r_v1,2026-05-07 04:35:00+00:00,2026-05-07 04:40:00+00:00,2026-05-07 05:20:00+00:00,9
346613,346621,0.77726,0.777673366727177,-1.084999999999895,STOP,-0.999999999999895,0.085,legacy_fixed_r_v1,2026-05-07 10:05:00+00:00,2026-05-07 10:10:00+00:00,2026-05-07 10:45:00+00:00,8
346638,346648,0.77766,0.7773666871391902,0.6335919083812254,STOP,0.7185919083812253,0.085,legacy_fixed_r_v1,2026-05-07 12:10:00+00:00,2026-05-07 12:15:00+00:00,2026-05-07 13:00:00+00:00,10
346744,346748,0.781,0.7796270635531269,2.3311371870677107,STOP,2.4161371870677106,0.085,legacy_fixed_r_v1,2026-05-07 21:00:00+00:00,2026-05-07 21:05:00+00:00,2026-05-07 21:20:00+00:00,4
346777,346782,0.78056,0.780305427587314,0.8623031255546307,STOP,0.9473031255546307,0.085,legacy_fixed_r_v1,2026-05-07 23:45:00+00:00,2026-05-07 23:50:00+00:00,2026-05-08 00:10:00+00:00,5
346822,346829,0.78031,0.780582951557385,-1.0849999999999722,STOP,-0.9999999999999722,0.085,legacy_fixed_r_v1,2026-05-08 03:30:00+00:00,2026-05-08 03:35:00+00:00,2026-05-08 04:05:00+00:00,7
346835,346841,0.78028,0.7798419205461302,1.5891360957517493,STOP,1.6741360957517493,0.085,legacy_fixed_r_v1,2026-05-08 04:35:00+00:00,2026-05-08 04:40:00+00:00,2026-05-08 05:05:00+00:00,6
346852,346858,0.77938,0.7789485590902833,1.4075459319023325,STOP,1.4925459319023324,0.085,legacy_fixed_r_v1,2026-05-08 06:00:00+00:00,2026-05-08 06:05:00+00:00,2026-05-08 06:30:00+00:00,6
346922,346926,0.77818,0.7784662887924079,-1.0849999999999778,STOP,-0.9999999999999778,0.085,legacy_fixed_r_v1,2026-05-08 11:50:00+00:00,2026-05-08 11:55:00+00:00,2026-05-08 12:10:00+00:00,4
346988,346999,0.77695,0.7766465231127214,0.8203697915656524,STOP,0.9053697915656523,0.085,legacy_fixed_r_v1,2026-05-08 17:20:00+00:00,2026-05-08 17:25:00+00:00,2026-05-08 18:15:00+00:00,11
347059,347078,0.7778,0.7781622253375134,-1.0849999999999664,STOP,-0.9999999999999664,0.085,legacy_fixed_r_v1,2026-05-10 23:15:00+00:00,2026-05-10 23:20:00+00:00,2026-05-11 00:50:00+00:00,19
347130,347133,0.7791,0.7792878401895378,-1.0849999999999977,STOP,-0.9999999999999977,0.085,legacy_fixed_r_v1,2026-05-11 05:10:00+00:00,2026-05-11 05:15:00+00:00,2026-05-11 05:25:00+00:00,3
347197,347211,0.77834,0.778680685617684,-1.0849999999998603,STOP,-0.9999999999998603,0.085,legacy_fixed_r_v1,2026-05-11 10:45:00+00:00,2026-05-11 10:50:00+00:00,2026-05-11 11:55:00+00:00,14
347311,347317,0.77815,0.7780070883767407,0.5277202086173014,STOP,0.6127202086173014,0.085,legacy_fixed_r_v1,2026-05-11 20:15:00+00:00,2026-05-11 20:20:00+00:00,2026-05-11 20:45:00+00:00,6
347411,347418,0.77974,0.7799057750131755,-1.0849999999998734,STOP,-0.9999999999998733,0.085,legacy_fixed_r_v1,2026-05-12 04:35:00+00:00,2026-05-12 04:40:00+00:00,2026-05-12 05:10:00+00:00,7
347576,347588,0.7813,0.7805790395564215,2.2736181310290244,STOP,2.3586181310290244,0.085,legacy_fixed_r_v1,2026-05-12 18:20:00+00:00,2026-05-12 18:25:00+00:00,2026-05-12 19:20:00+00:00,12
347607,347609,0.78092,0.7801543230526682,3.6070001567806673,STOP,3.6920001567806673,0.085,legacy_fixed_r_v1,2026-05-12 20:55:00+00:00,2026-05-12 21:00:00+00:00,2026-05-12 21:05:00+00:00,2
347708,347712,0.78039,0.7803107995099589,0.4437119364647731,STOP,0.5287119364647731,0.085,legacy_fixed_r_v1,2026-05-13 05:20:00+00:00,2026-05-13 05:25:00+00:00,2026-05-13 05:40:00+00:00,4
347870,347890,0.78208,0.7817218345906087,1.2369007416877564,STOP,1.3219007416877564,0.085,legacy_fixed_r_v1,2026-05-13 18:50:00+00:00,2026-05-13 18:55:00+00:00,2026-05-13 20:30:00+00:00,20
348049,348060,0.78174,0.7820303756989662,-1.0849999999998978,STOP,-0.9999999999998979,0.085,legacy_fixed_r_v1,2026-05-14 09:45:00+00:00,2026-05-14 09:50:00+00:00,2026-05-14 10:40:00+00:00,11
348078,348082,0.78164,0.7819536824074975,-1.0850000000001014,STOP,-1.0000000000001015,0.085,legacy_fixed_r_v1,2026-05-14 12:10:00+00:00,2026-05-14 12:15:00+00:00,2026-05-14 12:30:00+00:00,4
348183,348185,0.78393,0.7831261225440099,3.6321127672970217,STOP,3.7171127672970217,0.085,legacy_fixed_r_v1,2026-05-14 20:55:00+00:00,2026-05-14 21:00:00+00:00,2026-05-14 21:05:00+00:00,2
348341,348351,0.78557,0.7842048099755481,3.0978274733654367,STOP,3.1828274733654367,0.085,legacy_fixed_r_v1,2026-05-15 10:05:00+00:00,2026-05-15 10:10:00+00:00,2026-05-15 10:55:00+00:00,10
348419,348439,0.78653,0.7869793068228557,-1.0849999999999977,STOP,-0.9999999999999977,0.085,legacy_fixed_r_v1,2026-05-15 16:35:00+00:00,2026-05-15 16:40:00+00:00,2026-05-15 18:15:00+00:00,20
348459,348473,0.78669,0.7860221622161395,2.323450255271713,STOP,2.408450255271713,0.085,legacy_fixed_r_v1,2026-05-15 19:55:00+00:00,2026-05-15 20:00:00+00:00,2026-05-17 21:05:00+00:00,14
348552,348559,0.78677,0.7866088256029757,0.5688227104826892,STOP,0.6538227104826891,0.085,legacy_fixed_r_v1,2026-05-18 03:40:00+00:00,2026-05-18 03:45:00+00:00,2026-05-18 04:15:00+00:00,7
348760,348773,0.78549,0.7841130829423314,3.426782425898712,STOP,3.511782425898712,0.085,legacy_fixed_r_v1,2026-05-18 21:00:00+00:00,2026-05-18 21:05:00+00:00,2026-05-18 22:05:00+00:00,13
348917,348923,0.78687,0.7872476183833294,-1.0849999999999447,STOP,-0.9999999999999447,0.085,legacy_fixed_r_v1,2026-05-19 10:05:00+00:00,2026-05-19 10:10:00+00:00,2026-05-19 10:35:00+00:00,6
348983,348998,0.7897,0.7889101675496382,1.2968932938640583,STOP,1.3818932938640582,0.085,legacy_fixed_r_v1,2026-05-19 15:35:00+00:00,2026-05-19 15:40:00+00:00,2026-05-19 16:50:00+00:00,15
349012,349017,0.78848,0.7888642979338234,-1.0849999999998956,STOP,-0.9999999999998956,0.085,legacy_fixed_r_v1,2026-05-19 18:00:00+00:00,2026-05-19 18:05:00+00:00,2026-05-19 18:25:00+00:00,5
349032,349048,0.78878,0.7891104000345238,-1.085000000000134,STOP,-1.0000000000001341,0.085,legacy_fixed_r_v1,2026-05-19 19:40:00+00:00,2026-05-19 19:45:00+00:00,2026-05-19 21:00:00+00:00,16
349075,349080,0.78878,0.7885475853217749,1.0779117094019273,STOP,1.1629117094019272,0.085,legacy_fixed_r_v1,2026-05-19 23:15:00+00:00,2026-05-19 23:20:00+00:00,2026-05-19 23:40:00+00:00,5
349126,349135,0.78957,0.7894059359571359,0.4801802042467685,STOP,0.5651802042467685,0.085,legacy_fixed_r_v1,2026-05-20 03:30:00+00:00,2026-05-20 03:35:00+00:00,2026-05-20 04:15:00+00:00,9
349190,349197,0.79022,0.7905207557648439,-1.0850000000000934,STOP,-1.0000000000000935,0.085,legacy_fixed_r_v1,2026-05-20 08:50:00+00:00,2026-05-20 08:55:00+00:00,2026-05-20 09:25:00+00:00,7
349206,349212,0.79018,0.7896230486025086,1.9357040005285713,STOP,2.0207040005285712,0.085,legacy_fixed_r_v1,2026-05-20 10:10:00+00:00,2026-05-20 10:15:00+00:00,2026-05-20 10:40:00+00:00,6
349306,349320,0.78701,0.7867176335047266,0.5554326190467271,STOP,0.6404326190467271,0.085,legacy_fixed_r_v1,2026-05-20 18:30:00+00:00,2026-05-20 18:35:00+00:00,2026-05-20 19:40:00+00:00,14
349336,349338,0.78775,0.7863770699383534,4.101785245050332,STOP,4.186785245050332,0.085,legacy_fixed_r_v1,2026-05-20 21:00:00+00:00,2026-05-20 21:05:00+00:00,2026-05-20 21:10:00+00:00,2
349428,349437,0.78691,0.7871271540429978,-1.085000000000204,STOP,-1.000000000000204,0.085,legacy_fixed_r_v1,2026-05-21 04:40:00+00:00,2026-05-21 04:45:00+00:00,2026-05-21 05:25:00+00:00,9
349624,349626,0.78799,0.7863332506494284,4.162222308414157,STOP,4.247222308414157,0.085,legacy_fixed_r_v1,2026-05-21 21:00:00+00:00,2026-05-21 21:05:00+00:00,2026-05-21 21:10:00+00:00,2
349691,349715,0.78672,0.7864140750718471,1.5132989650952562,STOP,1.5982989650952562,0.085,legacy_fixed_r_v1,2026-05-22 02:35:00+00:00,2026-05-22 02:40:00+00:00,2026-05-22 04:35:00+00:00,24
349801,349807,0.78631,0.7857979980162872,1.4620131355722403,STOP,1.5470131355722403,0.085,legacy_fixed_r_v1,2026-05-22 11:45:00+00:00,2026-05-22 11:50:00+00:00,2026-05-22 12:15:00+00:00,6
349853,349865,0.78547,0.7841889235332168,2.5473393555005983,STOP,2.6323393555005983,0.085,legacy_fixed_r_v1,2026-05-22 16:05:00+00:00,2026-05-22 16:10:00+00:00,2026-05-22 17:05:00+00:00,12
349911,349918,0.78511,0.7837341061597296,4.535020294924053,STOP,4.6200202949240525,0.085,legacy_fixed_r_v1,2026-05-22 20:55:00+00:00,2026-05-24 21:00:00+00:00,2026-05-24 21:30:00+00:00,7
349956,349958,0.78182,0.7821781975026602,-1.085000000000114,STOP,-1.0000000000001141,0.085,legacy_fixed_r_v1,2026-05-25 00:45:00+00:00,2026-05-25 00:50:00+00:00,2026-05-25 00:55:00+00:00,2
350004,350012,0.78206,0.7818037799618957,1.3520970754856154,STOP,1.4370970754856154,0.085,legacy_fixed_r_v1,2026-05-25 04:45:00+00:00,2026-05-25 04:50:00+00:00,2026-05-25 05:25:00+00:00,8
350057,350064,0.78161,0.7813973272912945,0.6620822305752007,STOP,0.7470822305752006,0.085,legacy_fixed_r_v1,2026-05-25 09:10:00+00:00,2026-05-25 09:15:00+00:00,2026-05-25 09:45:00+00:00,7
350086,350090,0.78111,0.7813203589864423,-1.0850000000000635,STOP,-1.0000000000000635,0.085,legacy_fixed_r_v1,2026-05-25 11:35:00+00:00,2026-05-25 11:40:00+00:00,2026-05-25 11:55:00+00:00,4
350153,350160,0.78299,0.7827403635722687,0.8883761707218799,STOP,0.9733761707218799,0.085,legacy_fixed_r_v1,2026-05-25 17:10:00+00:00,2026-05-25 17:15:00+00:00,2026-05-25 17:45:00+00:00,7
350198,350200,0.78308,0.7823364156667496,5.901848028543458,STOP,5.9868480285434575,0.085,legacy_fixed_r_v1,2026-05-25 20:55:00+00:00,2026-05-25 21:00:00+00:00,2026-05-25 21:05:00+00:00,2
350274,350276,0.78329,0.7831867566911527,0.45203977566652226,STOP,0.5370397756665223,0.085,legacy_fixed_r_v1,2026-05-26 03:15:00+00:00,2026-05-26 03:20:00+00:00,2026-05-26 03:25:00+00:00,2
350348,350372,0.78427,0.7846649817971219,-1.085000000000117,STOP,-1.000000000000117,0.085,legacy_fixed_r_v1,2026-05-26 09:25:00+00:00,2026-05-26 09:30:00+00:00,2026-05-26 11:25:00+00:00,24
350388,350393,0.785,0.7853457226036515,-1.0850000000001376,STOP,-1.0000000000001377,0.085,legacy_fixed_r_v1,2026-05-26 12:45:00+00:00,2026-05-26 12:50:00+00:00,2026-05-26 13:10:00+00:00,5
350577,350581,0.7852,0.7851090925198596,0.4564918929312403,STOP,0.5414918929312403,0.085,legacy_fixed_r_v1,2026-05-27 04:30:00+00:00,2026-05-27 04:35:00+00:00,2026-05-27 04:50:00+00:00,4
350641,350643,0.78548,0.7858235454575331,-1.0850000000000526,STOP,-1.0000000000000526,0.085,legacy_fixed_r_v1,2026-05-27 09:50:00+00:00,2026-05-27 09:55:00+00:00,2026-05-27 10:00:00+00:00,2
350694,350697,0.78464,0.7852187602420132,-1.0850000000000757,STOP,-1.0000000000000757,0.085,legacy_fixed_r_v1,2026-05-27 14:15:00+00:00,2026-05-27 14:20:00+00:00,2026-05-27 14:30:00+00:00,3
350747,350776,0.78688,0.7864482243006689,1.2976108096185452,STOP,1.3826108096185452,0.085,legacy_fixed_r_v1,2026-05-27 18:40:00+00:00,2026-05-27 18:45:00+00:00,2026-05-27 21:05:00+00:00,29
350866,350883,0.78958,0.7886915336213828,3.1978230511087347,STOP,3.2828230511087346,0.085,legacy_fixed_r_v1,2026-05-28 04:35:00+00:00,2026-05-28 04:40:00+00:00,2026-05-28 06:00:00+00:00,17
350981,351002,0.7857,0.7845408473665922,1.4414312013664892,STOP,1.5264312013664891,0.085,legacy_fixed_r_v1,2026-05-28 14:10:00+00:00,2026-05-28 14:15:00+00:00,2026-05-28 15:55:00+00:00,21
351007,351065,0.78374,0.783270105093443,0.7393356331807883,STOP,0.8243356331807883,0.085,legacy_fixed_r_v1,2026-05-28 16:20:00+00:00,2026-05-28 16:25:00+00:00,2026-05-28 21:10:00+00:00,58
351099,351110,0.78373,0.783894866993582,-1.0850000000002786,STOP,-1.0000000000002787,0.085,legacy_fixed_r_v1,2026-05-29 00:00:00+00:00,2026-05-29 00:05:00+00:00,2026-05-29 00:55:00+00:00,11
351155,351163,0.7842,0.7838934788810121,1.3666256301807795,STOP,1.4516256301807795,0.085,legacy_fixed_r_v1,2026-05-29 04:40:00+00:00,2026-05-29 04:45:00+00:00,2026-05-29 05:20:00+00:00,8
351321,351324,0.7812,0.7816387211574326,-1.0849999999999143,STOP,-0.9999999999999143,0.085,legacy_fixed_r_v1,2026-05-29 18:30:00+00:00,2026-05-29 18:35:00+00:00,2026-05-29 18:45:00+00:00,3
351423,351426,0.78292,0.7831825608528339,-1.0850000000001656,STOP,-1.0000000000001656,0.085,legacy_fixed_r_v1,2026-06-01 03:00:00+00:00,2026-06-01 03:05:00+00:00,2026-06-01 03:15:00+00:00,3
351516,351538,0.78398,0.7837697299083158,0.551816306431563,STOP,0.636816306431563,0.085,legacy_fixed_r_v1,2026-06-01 10:45:00+00:00,2026-06-01 10:50:00+00:00,2026-06-01 12:35:00+00:00,22
351566,351576,0.78733,0.7867147356139657,0.7844708227316071,STOP,0.869470822731607,0.085,legacy_fixed_r_v1,2026-06-01 14:55:00+00:00,2026-06-01 15:00:00+00:00,2026-06-01 15:45:00+00:00,10
351589,351601,0.78652,0.7860914709597864,0.7489933392332356,STOP,0.8339933392332356,0.085,legacy_fixed_r_v1,2026-06-01 16:50:00+00:00,2026-06-01 16:55:00+00:00,2026-06-01 17:50:00+00:00,12
351639,351642,0.78752,0.7859096020077931,5.398836701760644,STOP,5.4838367017606435,0.085,legacy_fixed_r_v1,2026-06-01 21:00:00+00:00,2026-06-01 21:05:00+00:00,2026-06-01 21:15:00+00:00,3
351666,351673,0.78647,0.7863455589542373,0.5636060905839244,STOP,0.6486060905839244,0.085,legacy_fixed_r_v1,2026-06-01 23:15:00+00:00,2026-06-01 23:20:00+00:00,2026-06-01 23:50:00+00:00,7
351797,351812,0.78566,0.7854466393387595,0.5006737625013863,STOP,0.5856737625013863,0.085,legacy_fixed_r_v1,2026-06-02 10:10:00+00:00,2026-06-02 10:15:00+00:00,2026-06-02 11:25:00+00:00,15
351900,351917,0.78738,0.7869233695570494,1.276774589707347,STOP,1.361774589707347,0.085,legacy_fixed_r_v1,2026-06-02 18:45:00+00:00,2026-06-02 18:50:00+00:00,2026-06-02 20:10:00+00:00,17
351927,351930,0.78808,0.7866424206947261,5.514091023076849,STOP,5.599091023076849,0.085,legacy_fixed_r_v1,2026-06-02 21:00:00+00:00,2026-06-02 21:05:00+00:00,2026-06-02 21:15:00+00:00,3
352026,352028,0.78826,0.7884505148927505,-1.0849999999999136,STOP,-0.9999999999999135,0.085,legacy_fixed_r_v1,2026-06-03 05:15:00+00:00,2026-06-03 05:20:00+00:00,2026-06-03 05:25:00+00:00,2
352072,352077,0.78904,0.7894099171976192,-1.0849999999999813,STOP,-0.9999999999999812,0.085,legacy_fixed_r_v1,2026-06-03 09:05:00+00:00,2026-06-03 09:10:00+00:00,2026-06-03 09:30:00+00:00,5
352189,352217,0.79234,0.7910812845669218,4.219736013524821,STOP,4.304736013524821,0.085,legacy_fixed_r_v1,2026-06-03 18:50:00+00:00,2026-06-03 18:55:00+00:00,2026-06-03 21:10:00+00:00,28
352238,352251,0.79143,0.7911175698775706,0.8622956584397203,STOP,0.9472956584397203,0.085,legacy_fixed_r_v1,2026-06-03 22:55:00+00:00,2026-06-03 23:00:00+00:00,2026-06-04 00:00:00+00:00,13
352274,352287,0.79073,0.7905479016156052,0.6107706629887634,STOP,0.6957706629887633,0.085,legacy_fixed_r_v1,2026-06-04 01:55:00+00:00,2026-06-04 02:00:00+00:00,2026-06-04 03:00:00+00:00,13
352305,352315,0.79078,0.7910215177648067,-1.0850000000001165,STOP,-1.0000000000001166,0.085,legacy_fixed_r_v1,2026-06-04 04:30:00+00:00,2026-06-04 04:35:00+00:00,2026-06-04 05:20:00+00:00,10
352322,352329,0.79061,0.7904503925424073,0.6167750856845782,STOP,0.7017750856845781,0.085,legacy_fixed_r_v1,2026-06-04 05:55:00+00:00,2026-06-04 06:00:00+00:00,2026-06-04 06:30:00+00:00,7
352383,352389,0.78872,0.7875894585472276,2.3087703994783673,STOP,2.3937703994783672,0.085,legacy_fixed_r_v1,2026-06-04 11:00:00+00:00,2026-06-04 11:05:00+00:00,2026-06-04 11:30:00+00:00,6
352503,352505,0.79018,0.7887597710350354,5.096006183102101,STOP,5.181006183102101,0.085,legacy_fixed_r_v1,2026-06-04 21:00:00+00:00,2026-06-04 21:05:00+00:00,2026-06-04 21:10:00+00:00,2
352530,352539,0.78933,0.7891818518075583,0.5951880755801313,STOP,0.6801880755801313,0.085,legacy_fixed_r_v1,2026-06-04 23:15:00+00:00,2026-06-04 23:20:00+00:00,2026-06-05 00:00:00+00:00,9
352587,352592,0.78928,0.78915009200151,0.7140385220451964,STOP,0.7990385220451963,0.085,legacy_fixed_r_v1,2026-06-05 04:00:00+00:00,2026-06-05 04:05:00+00:00,2026-06-05 04:25:00+00:00,5
352605,352610,0.78897,0.7891221031681961,-1.0850000000003304,STOP,-1.0000000000003304,0.085,legacy_fixed_r_v1,2026-06-05 05:30:00+00:00,2026-06-05 05:35:00+00:00,2026-06-05 05:55:00+00:00,5
352663,352671,0.78753,0.7878295480262997,-1.0850000000001414,STOP,-1.0000000000001414,0.085,legacy_fixed_r_v1,2026-06-05 10:20:00+00:00,2026-06-05 10:25:00+00:00,2026-06-05 11:00:00+00:00,8
352742,352745,0.79539,0.7958929273306838,-1.0849999999999385,STOP,-0.9999999999999384,0.085,legacy_fixed_r_v1,2026-06-05 16:55:00+00:00,2026-06-05 17:00:00+00:00,2026-06-05 17:10:00+00:00,3
352817,352840,0.7966,0.7957776809084581,2.173177265877859,STOP,2.258177265877859,0.085,legacy_fixed_r_v1,2026-06-07 23:15:00+00:00,2026-06-07 23:20:00+00:00,2026-06-08 01:10:00+00:00,23
352889,352892,0.79632,0.7966460113628538,-1.0849999999999318,STOP,-0.9999999999999318,0.085,legacy_fixed_r_v1,2026-06-08 05:15:00+00:00,2026-06-08 05:20:00+00:00,2026-06-08 05:30:00+00:00,3
352947,352957,0.79767,0.7973621469897781,0.49929021861736006,STOP,0.5842902186173601,0.085,legacy_fixed_r_v1,2026-06-08 10:05:00+00:00,2026-06-08 10:10:00+00:00,2026-06-08 10:55:00+00:00,10
352960,352966,0.79672,0.7962801258884384,0.7135390186930113,STOP,0.7985390186930112,0.085,legacy_fixed_r_v1,2026-06-08 11:10:00+00:00,2026-06-08 11:15:00+00:00,2026-06-08 11:40:00+00:00,6
352982,352992,0.79537,0.7959276192248205,-1.0849999999999245,STOP,-0.9999999999999245,0.085,legacy_fixed_r_v1,2026-06-08 13:00:00+00:00,2026-06-08 13:05:00+00:00,2026-06-08 13:50:00+00:00,10
353042,353053,0.79731,0.7976736612296395,-1.0850000000001163,STOP,-1.0000000000001164,0.085,legacy_fixed_r_v1,2026-06-08 18:00:00+00:00,2026-06-08 18:05:00+00:00,2026-06-08 18:55:00+00:00,11
353077,353081,0.7979,0.7970540645408849,3.071650328644281,STOP,3.156650328644281,0.085,legacy_fixed_r_v1,2026-06-08 20:55:00+00:00,2026-06-08 21:00:00+00:00,2026-06-08 21:15:00+00:00,4
353220,353249,0.79649,0.7959890025663365,1.0884613164228893,STOP,1.1734613164228893,0.085,legacy_fixed_r_v1,2026-06-09 08:50:00+00:00,2026-06-09 08:55:00+00:00,2026-06-09 11:15:00+00:00,29
353365,353367,0.79852,0.7972008574754863,4.908828278413892,STOP,4.993828278413892,0.085,legacy_fixed_r_v1,2026-06-09 20:55:00+00:00,2026-06-09 21:00:00+00:00,2026-06-09 21:05:00+00:00,2
353404,353408,0.79882,0.7990966354538116,-1.084999999999812,STOP,-0.9999999999998119,0.085,legacy_fixed_r_v1,2026-06-10 00:10:00+00:00,2026-06-10 00:15:00+00:00,2026-06-10 00:30:00+00:00,4
353431,353459,0.79895,0.7992818669075435,-1.0849999999999214,STOP,-0.9999999999999213,0.085,legacy_fixed_r_v1,2026-06-10 02:25:00+00:00,2026-06-10 02:30:00+00:00,2026-06-10 04:45:00+00:00,28
353467,353471,0.79871,0.7981721912294828,1.917241670444401,STOP,2.002241670444401,0.085,legacy_fixed_r_v1,2026-06-10 05:25:00+00:00,2026-06-10 05:30:00+00:00,2026-06-10 05:45:00+00:00,4
353552,353556,0.79825,0.7973705662439994,1.4006630138660117,STOP,1.4856630138660116,0.085,legacy_fixed_r_v1,2026-06-10 12:30:00+00:00,2026-06-10 12:35:00+00:00,2026-06-10 12:50:00+00:00,4
353653,353655,0.80013,0.7995375360903418,2.0159298155115493,STOP,2.1009298155115492,0.085,legacy_fixed_r_v1,2026-06-10 20:55:00+00:00,2026-06-10 21:00:00+00:00,2026-06-10 21:05:00+00:00,2
353746,353756,0.7985,0.798315619152712,0.7892902185996922,STOP,0.8742902185996921,0.085,legacy_fixed_r_v1,2026-06-11 04:40:00+00:00,2026-06-11 04:45:00+00:00,2026-06-11 05:30:00+00:00,10
353822,353830,0.7993,0.799113856731508,0.468301945011017,STOP,0.553301945011017,0.085,legacy_fixed_r_v1,2026-06-11 11:00:00+00:00,2026-06-11 11:05:00+00:00,2026-06-11 11:40:00+00:00,8
353899,353903,0.79972,0.7971603846478463,4.992189874140612,STOP,5.077189874140612,0.085,legacy_fixed_r_v1,2026-06-11 17:25:00+00:00,2026-06-11 17:30:00+00:00,2026-06-11 17:45:00+00:00,4
354004,354008,0.79585,0.7961702466376963,-1.0850000000000437,STOP,-1.0000000000000437,0.085,legacy_fixed_r_v1,2026-06-12 02:10:00+00:00,2026-06-12 02:15:00+00:00,2026-06-12 02:30:00+00:00,4
354019,354023,0.79591,0.7956845928874225,0.7466187303993489,STOP,0.8316187303993489,0.085,legacy_fixed_r_v1,2026-06-12 03:25:00+00:00,2026-06-12 03:30:00+00:00,2026-06-12 03:45:00+00:00,4
354230,354233,0.79737,0.7959896858109781,3.24286905831816,STOP,3.32786905831816,0.085,legacy_fixed_r_v1,2026-06-14 21:00:00+00:00,2026-06-14 21:05:00+00:00,2026-06-14 21:15:00+00:00,3
354266,354276,0.79358,0.7940245453119994,-1.0849999999998807,STOP,-0.9999999999998807,0.085,legacy_fixed_r_v1,2026-06-15 00:00:00+00:00,2026-06-15 00:05:00+00:00,2026-06-15 00:50:00+00:00,10
354309,354331,0.79393,0.7929729520169367,3.865655076558566,STOP,3.950655076558566,0.085,legacy_fixed_r_v1,2026-06-15 03:35:00+00:00,2026-06-15 03:40:00+00:00,2026-06-15 05:25:00+00:00,22
354374,354387,0.79297,0.793426821146737,-1.085000000000104,STOP,-1.0000000000001041,0.085,legacy_fixed_r_v1,2026-06-15 09:00:00+00:00,2026-06-15 09:05:00+00:00,2026-06-15 10:05:00+00:00,13
354517,354520,0.7949,0.7937272714922334,4.3721960801232544,STOP,4.457196080123254,0.085,legacy_fixed_r_v1,2026-06-15 20:55:00+00:00,2026-06-15 21:00:00+00:00,2026-06-15 21:10:00+00:00,3
354599,354602,0.7949,0.7951296334006284,-1.0850000000001832,STOP,-1.0000000000001832,0.085,legacy_fixed_r_v1,2026-06-16 03:45:00+00:00,2026-06-16 03:50:00+00:00,2026-06-16 04:00:00+00:00,3
354652,354667,0.79481,0.7951410198025796,-1.0849999999998667,STOP,-0.9999999999998667,0.085,legacy_fixed_r_v1,2026-06-16 08:10:00+00:00,2026-06-16 08:15:00+00:00,2026-06-16 09:25:00+00:00,15
354744,354750,0.79271,0.7924022531962855,0.44567427698621204,STOP,0.5306742769862121,0.085,legacy_fixed_r_v1,2026-06-16 15:50:00+00:00,2026-06-16 15:55:00+00:00,2026-06-16 16:20:00+00:00,6
354805,354808,0.79343,0.7925516680801575,4.6103445640237615,STOP,4.695344564023761,0.085,legacy_fixed_r_v1,2026-06-16 20:55:00+00:00,2026-06-16 21:00:00+00:00,2026-06-16 21:10:00+00:00,3
354870,354877,0.79229,0.7925123710705861,-1.08500000000024,STOP,-1.00000000000024,0.085,legacy_fixed_r_v1,2026-06-17 02:20:00+00:00,2026-06-17 02:25:00+00:00,2026-06-17 02:55:00+00:00,7
355054,355058,0.79307,0.7925861841234634,1.5824186368566,STOP,1.6674186368566,0.085,legacy_fixed_r_v1,2026-06-17 17:40:00+00:00,2026-06-17 17:45:00+00:00,2026-06-17 18:00:00+00:00,4
355119,355132,0.79962,0.7986668997786505,2.488471157646885,STOP,2.573471157646885,0.085,legacy_fixed_r_v1,2026-06-17 23:05:00+00:00,2026-06-17 23:10:00+00:00,2026-06-18 00:10:00+00:00,13
355186,355193,0.79847,0.7987141702357863,-1.0850000000001634,STOP,-1.0000000000001634,0.085,legacy_fixed_r_v1,2026-06-18 04:40:00+00:00,2026-06-18 04:45:00+00:00,2026-06-18 05:15:00+00:00,7
355278,355281,0.80316,0.8038766783345219,-1.0849999999999649,STOP,-0.9999999999999648,0.085,legacy_fixed_r_v1,2026-06-18 12:20:00+00:00,2026-06-18 12:25:00+00:00,2026-06-18 12:35:00+00:00,3
355292,355310,0.80316,0.8025638694728069,0.6999696828626298,STOP,0.7849696828626298,0.085,legacy_fixed_r_v1,2026-06-18 13:30:00+00:00,2026-06-18 13:35:00+00:00,2026-06-18 15:00:00+00:00,18
355517,355526,0.80657,0.8060106027088829,0.9009479506648659,STOP,0.9859479506648658,0.085,legacy_fixed_r_v1,2026-06-19 08:15:00+00:00,2026-06-19 08:20:00+00:00,2026-06-19 09:00:00+00:00,9
355554,355556,0.80615,0.8065218081483663,-1.084999999999858,STOP,-0.999999999999858,0.085,legacy_fixed_r_v1,2026-06-19 11:20:00+00:00,2026-06-19 11:25:00+00:00,2026-06-19 11:30:00+00:00,2
355572,355574,0.80611,0.8065955234887264,-1.085000000000094,STOP,-1.000000000000094,0.085,legacy_fixed_r_v1,2026-06-19 12:50:00+00:00,2026-06-19 12:55:00+00:00,2026-06-19 13:00:00+00:00,2
355615,355633,0.80739,0.8071404004062636,0.5524245259349678,STOP,0.6374245259349678,0.085,legacy_fixed_r_v1,2026-06-19 16:25:00+00:00,2026-06-19 16:30:00+00:00,2026-06-19 17:55:00+00:00,18
355852,355855,0.80793,0.8075656623783256,0.6871761543245615,STOP,0.7721761543245614,0.085,legacy_fixed_r_v1,2026-06-22 12:10:00+00:00,2026-06-22 12:15:00+00:00,2026-06-22 12:25:00+00:00,3
355944,355950,0.80883,0.8086276519418933,0.5791460518188704,STOP,0.6641460518188703,0.085,legacy_fixed_r_v1,2026-06-22 19:50:00+00:00,2026-06-22 19:55:00+00:00,2026-06-22 20:20:00+00:00,6
356000,356005,0.8088,0.8085724275102868,0.7730860852346298,STOP,0.8580860852346298,0.085,legacy_fixed_r_v1,2026-06-23 00:30:00+00:00,2026-06-23 00:35:00+00:00,2026-06-23 00:55:00+00:00,5
356128,356137,0.80957,0.8099891616217927,-1.085000000000102,STOP,-1.0000000000001021,0.085,legacy_fixed_r_v1,2026-06-23 11:10:00+00:00,2026-06-23 11:15:00+00:00,2026-06-23 11:55:00+00:00,9
356221,356225,0.81002,0.8096577951091979,1.1715863154194233,STOP,1.2565863154194232,0.085,legacy_fixed_r_v1,2026-06-23 18:55:00+00:00,2026-06-23 19:00:00+00:00,2026-06-23 19:15:00+00:00,4
356244,356249,0.80972,0.8094397126504549,1.2265493174084061,STOP,1.311549317408406,0.085,legacy_fixed_r_v1,2026-06-23 20:50:00+00:00,2026-06-23 20:55:00+00:00,2026-06-23 21:15:00+00:00,5
356421,356425,0.81226,0.812709564109827,-1.0850000000000986,STOP,-1.0000000000000986,0.085,legacy_fixed_r_v1,2026-06-24 11:35:00+00:00,2026-06-24 11:40:00+00:00,2026-06-24 11:55:00+00:00,4
356532,356535,0.81235,0.8120770506391628,0.8172881000472195,STOP,0.9022881000472195,0.085,legacy_fixed_r_v1,2026-06-24 20:50:00+00:00,2026-06-24 20:55:00+00:00,2026-06-24 21:05:00+00:00,3
356580,356586,0.81252,0.8114026409808839,4.205878505563526,STOP,4.290878505563526,0.085,legacy_fixed_r_v1,2026-06-25 00:50:00+00:00,2026-06-25 00:55:00+00:00,2026-06-25 01:20:00+00:00,6
356614,356634,0.81095,0.8112613339885494,-1.0850000000000017,STOP,-1.0000000000000018,0.085,legacy_fixed_r_v1,2026-06-25 03:40:00+00:00,2026-06-25 03:45:00+00:00,2026-06-25 05:20:00+00:00,20
356789,356808,0.80957,0.8100128628515305,-1.0849999999999727,STOP,-0.9999999999999726,0.085,legacy_fixed_r_v1,2026-06-25 18:15:00+00:00,2026-06-25 18:20:00+00:00,2026-06-25 19:50:00+00:00,19
356822,356825,0.81111,0.8094310081340685,3.584325403766122,STOP,3.669325403766122,0.085,legacy_fixed_r_v1,2026-06-25 21:00:00+00:00,2026-06-25 21:05:00+00:00,2026-06-25 21:15:00+00:00,3
356863,356874,0.81051,0.8103099461753692,0.6363399282113924,STOP,0.7213399282113924,0.085,legacy_fixed_r_v1,2026-06-26 00:25:00+00:00,2026-06-26 00:30:00+00:00,2026-06-26 01:20:00+00:00,11
356894,356906,0.81049,0.8095719193317327,2.822698184213552,STOP,2.907698184213552,0.085,legacy_fixed_r_v1,2026-06-26 03:00:00+00:00,2026-06-26 03:05:00+00:00,2026-06-26 04:00:00+00:00,12
356975,356978,0.80794,0.8085097223633633,-1.0849999999999052,STOP,-0.9999999999999052,0.085,legacy_fixed_r_v1,2026-06-26 09:45:00+00:00,2026-06-26 09:50:00+00:00,2026-06-26 10:00:00+00:00,3
357101,357104,0.80933,0.8096353775723167,-1.0850000000001239,STOP,-1.000000000000124,0.085,legacy_fixed_r_v1,2026-06-26 20:15:00+00:00,2026-06-26 20:20:00+00:00,2026-06-26 20:30:00+00:00,3
357146,357152,0.80984,0.8100473472884456,-1.085000000000216,STOP,-1.000000000000216,0.085,legacy_fixed_r_v1,2026-06-29 00:00:00+00:00,2026-06-29 00:05:00+00:00,2026-06-29 00:30:00+00:00,6
357174,357192,0.80962,0.8098760141460246,-1.0850000000000233,STOP,-1.0000000000000233,0.085,legacy_fixed_r_v1,2026-06-29 02:20:00+00:00,2026-06-29 02:25:00+00:00,2026-06-29 03:50:00+00:00,18
357207,357214,0.80981,0.809556235383763,1.2499032141485233,STOP,1.3349032141485233,0.085,legacy_fixed_r_v1,2026-06-29 05:05:00+00:00,2026-06-29 05:10:00+00:00,2026-06-29 05:40:00+00:00,7
357259,357262,0.80866,0.8090274329956688,-1.0849999999999849,STOP,-0.9999999999999849,0.085,legacy_fixed_r_v1,2026-06-29 09:25:00+00:00,2026-06-29 09:30:00+00:00,2026-06-29 09:40:00+00:00,3
357276,357286,0.80833,0.8086767859568366,-1.0849999999998816,STOP,-0.9999999999998815,0.085,legacy_fixed_r_v1,2026-06-29 10:50:00+00:00,2026-06-29 10:55:00+00:00,2026-06-29 11:40:00+00:00,10
357307,357317,0.8084,0.8087684902569249,-1.0850000000000446,STOP,-1.0000000000000446,0.085,legacy_fixed_r_v1,2026-06-29 13:25:00+00:00,2026-06-29 13:30:00+00:00,2026-06-29 14:15:00+00:00,10
357360,357400,0.80752,0.8071870628595442,0.9767499154721175,STOP,1.0617499154721175,0.085,legacy_fixed_r_v1,2026-06-29 17:50:00+00:00,2026-06-29 17:55:00+00:00,2026-06-29 21:10:00+00:00,40
357557,357568,0.80942,0.8089450144918089,1.0027637393359992,STOP,1.0877637393359991,0.085,legacy_fixed_r_v1,2026-06-30 10:15:00+00:00,2026-06-30 10:20:00+00:00,2026-06-30 11:10:00+00:00,11
357584,357589,0.80919,0.8088952692006536,0.524672595323941,STOP,0.6096725953239409,0.085,legacy_fixed_r_v1,2026-06-30 12:30:00+00:00,2026-06-30 12:35:00+00:00,2026-06-30 12:55:00+00:00,5
357644,357653,0.80827,0.8078372576523762,0.9873612153729345,STOP,1.0723612153729345,0.085,legacy_fixed_r_v1,2026-06-30 17:30:00+00:00,2026-06-30 17:35:00+00:00,2026-06-30 18:15:00+00:00,9
357674,357685,0.80798,0.808326219438681,-1.0849999999999165,STOP,-0.9999999999999164,0.085,legacy_fixed_r_v1,2026-06-30 20:00:00+00:00,2026-06-30 20:05:00+00:00,2026-06-30 20:55:00+00:00,11
357686,357689,0.80941,0.8080258684939747,3.783946160977676,STOP,3.868946160977676,0.085,legacy_fixed_r_v1,2026-06-30 21:00:00+00:00,2026-06-30 21:05:00+00:00,2026-06-30 21:15:00+00:00,3
357848,357860,0.80979,0.8101554349516763,-1.0849999999999291,STOP,-0.9999999999999291,0.085,legacy_fixed_r_v1,2026-07-01 10:30:00+00:00,2026-07-01 10:35:00+00:00,2026-07-01 11:30:00+00:00,12
357914,357928,0.80808,0.808780604320394,-1.0849999999999649,STOP,-0.9999999999999649,0.085,legacy_fixed_r_v1,2026-07-01 16:00:00+00:00,2026-07-01 16:05:00+00:00,2026-07-01 17:10:00+00:00,14
357974,357976,0.81006,0.8094352587667818,2.2306736822562168,STOP,2.3156736822562167,0.085,legacy_fixed_r_v1,2026-07-01 21:00:00+00:00,2026-07-01 21:05:00+00:00,2026-07-01 21:10:00+00:00,2
358010,358012,0.80916,0.8089697457303883,0.9913421151937429,STOP,1.076342115193743,0.085,legacy_fixed_r_v1,2026-07-02 00:00:00+00:00,2026-07-02 00:05:00+00:00,2026-07-02 00:10:00+00:00,2
358058,358060,0.80879,0.8086552069178892,0.41770045154722274,STOP,0.5027004515472228,0.085,legacy_fixed_r_v1,2026-07-02 04:00:00+00:00,2026-07-02 04:05:00+00:00,2026-07-02 04:10:00+00:00,2
358082,358088,0.80835,0.8086164108772131,-1.0850000000000246,STOP,-1.0000000000000246,0.085,legacy_fixed_r_v1,2026-07-02 06:00:00+00:00,2026-07-02 06:05:00+00:00,2026-07-02 06:30:00+00:00,6
358179,358217,0.80243,0.803482068284117,-1.0849999999999744,STOP,-0.9999999999999745,0.085,legacy_fixed_r_v1,2026-07-02 14:05:00+00:00,2026-07-02 14:10:00+00:00,2026-07-02 17:15:00+00:00,38
358250,358263,0.80343,0.8024801077361539,3.0406533726217875,STOP,3.1256533726217874,0.085,legacy_fixed_r_v1,2026-07-02 20:00:00+00:00,2026-07-02 20:05:00+00:00,2026-07-02 21:05:00+00:00,13
358348,358360,0.80274,0.8021384809052339,2.1387025532647215,STOP,2.2237025532647214,0.085,legacy_fixed_r_v1,2026-07-03 04:10:00+00:00,2026-07-03 04:15:00+00:00,2026-07-03 05:10:00+00:00,12
358428,358429,0.80276,0.803048593375394,-1.084999999999957,STOP,-0.9999999999999571,0.085,legacy_fixed_r_v1,2026-07-03 10:50:00+00:00,2026-07-03 10:55:00+00:00,2026-07-03 10:55:00+00:00,1
358469,358473,0.80327,0.8030170699446312,0.7023826691436703,STOP,0.7873826691436703,0.085,legacy_fixed_r_v1,2026-07-03 14:15:00+00:00,2026-07-03 14:20:00+00:00,2026-07-03 14:35:00+00:00,4
358505,358528,0.80333,0.8035510905661277,-1.0849999999998492,STOP,-0.9999999999998492,0.085,legacy_fixed_r_v1,2026-07-03 17:15:00+00:00,2026-07-03 17:20:00+00:00,2026-07-03 19:10:00+00:00,23
358549,358555,0.80423,0.8029645246510451,4.1530592470389,STOP,4.2380592470389,0.085,legacy_fixed_r_v1,2026-07-03 20:55:00+00:00,2026-07-05 21:00:00+00:00,2026-07-05 21:25:00+00:00,6
358620,358628,0.80432,0.80458040046031,-1.0850000000001196,STOP,-1.0000000000001197,0.085,legacy_fixed_r_v1,2026-07-06 02:50:00+00:00,2026-07-06 02:55:00+00:00,2026-07-06 03:30:00+00:00,8
358710,358716,0.80533,0.805733408908064,-1.0849999999998872,STOP,-0.9999999999998872,0.085,legacy_fixed_r_v1,2026-07-06 10:20:00+00:00,2026-07-06 10:25:00+00:00,2026-07-06 10:50:00+00:00,6
358788,358803,0.80589,0.8054867558756931,1.1122476953185956,STOP,1.1972476953185955,0.085,legacy_fixed_r_v1,2026-07-06 16:50:00+00:00,2026-07-06 16:55:00+00:00,2026-07-06 18:05:00+00:00,15
358807,358813,0.8053,0.804862838514801,1.6205154037296292,STOP,1.7055154037296292,0.085,legacy_fixed_r_v1,2026-07-06 18:25:00+00:00,2026-07-06 18:30:00+00:00,2026-07-06 18:55:00+00:00,6
358837,358839,0.80562,0.8041770582184173,6.172691054819793,STOP,6.257691054819793,0.085,legacy_fixed_r_v1,2026-07-06 20:55:00+00:00,2026-07-06 21:00:00+00:00,2026-07-06 21:05:00+00:00,2
358862,358874,0.80482,0.8050976206181071,-1.08500000000011,STOP,-1.0000000000001101,0.085,legacy_fixed_r_v1,2026-07-06 23:00:00+00:00,2026-07-06 23:05:00+00:00,2026-07-07 00:00:00+00:00,12
359126,359128,0.80892,0.8080910861871767,1.5999387460540608,STOP,1.6849387460540608,0.085,legacy_fixed_r_v1,2026-07-07 21:00:00+00:00,2026-07-07 21:05:00+00:00,2026-07-07 21:10:00+00:00,2
359360,359374,0.80957,0.8080714671105981,2.912836690843544,STOP,2.997836690843544,0.085,legacy_fixed_r_v1,2026-07-08 16:30:00+00:00,2026-07-08 16:35:00+00:00,2026-07-08 17:40:00+00:00,14
359380,359393,0.80777,0.8074160824882166,0.7013969390549052,STOP,0.7863969390549052,0.085,legacy_fixed_r_v1,2026-07-08 18:10:00+00:00,2026-07-08 18:15:00+00:00,2026-07-08 19:15:00+00:00,13
359414,359417,0.80954,0.8077360449352573,5.262197520650236,STOP,5.347197520650236,0.085,legacy_fixed_r_v1,2026-07-08 21:00:00+00:00,2026-07-08 21:05:00+00:00,2026-07-08 21:15:00+00:00,3
359450,359454,0.80786,0.8074905760994489,1.4955398934132578,STOP,1.5805398934132577,0.085,legacy_fixed_r_v1,2026-07-09 00:00:00+00:00,2026-07-09 00:05:00+00:00,2026-07-09 00:20:00+00:00,4
359491,359494,0.80734,0.8070890623197422,0.8756101328783177,STOP,0.9606101328783176,0.085,legacy_fixed_r_v1,2026-07-09 03:25:00+00:00,2026-07-09 03:30:00+00:00,2026-07-09 03:40:00+00:00,3
359512,359513,0.80678,0.8070341677654386,-1.0850000000000777,STOP,-1.0000000000000777,0.085,legacy_fixed_r_v1,2026-07-09 05:10:00+00:00,2026-07-09 05:15:00+00:00,2026-07-09 05:15:00+00:00,1
359547,359555,0.80628,0.8066944874036874,-1.085000000000094,STOP,-1.000000000000094,0.085,legacy_fixed_r_v1,2026-07-09 08:05:00+00:00,2026-07-09 08:10:00+00:00,2026-07-09 08:45:00+00:00,8
359657,359669,0.80601,0.8063935145038005,-1.0850000000000088,STOP,-1.0000000000000089,0.085,legacy_fixed_r_v1,2026-07-09 17:15:00+00:00,2026-07-09 17:20:00+00:00,2026-07-09 18:15:00+00:00,12
359693,359701,0.80681,0.8070364909561345,-1.0849999999999786,STOP,-0.9999999999999786,0.085,legacy_fixed_r_v1,2026-07-09 20:15:00+00:00,2026-07-09 20:20:00+00:00,2026-07-09 20:55:00+00:00,8
359738,359742,0.80658,0.8067644456819945,-1.0850000000001088,STOP,-1.0000000000001088,0.085,legacy_fixed_r_v1,2026-07-10 00:00:00+00:00,2026-07-10 00:05:00+00:00,2026-07-10 00:20:00+00:00,4
359884,359887,0.80649,0.8069407406262524,-1.0849999999999198,STOP,-0.9999999999999197,0.085,legacy_fixed_r_v1,2026-07-10 12:10:00+00:00,2026-07-10 12:15:00+00:00,2026-07-10 12:25:00+00:00,3
359978,359984,0.80849,0.8087674392534284,-1.0849999999999236,STOP,-0.9999999999999236,0.085,legacy_fixed_r_v1,2026-07-10 20:00:00+00:00,2026-07-10 20:05:00+00:00,2026-07-10 20:30:00+00:00,6
360023,360036,0.80977,0.8101571795915785,-1.0849999999998932,STOP,-0.9999999999998931,0.085,legacy_fixed_r_v1,2026-07-12 23:45:00+00:00,2026-07-12 23:50:00+00:00,2026-07-13 00:50:00+00:00,13
360049,360062,0.80987,0.8102963618057026,-1.0850000000000142,STOP,-1.0000000000000142,0.085,legacy_fixed_r_v1,2026-07-13 01:55:00+00:00,2026-07-13 02:00:00+00:00,2026-07-13 03:00:00+00:00,13
360073,360082,0.80988,0.8095998269018009,0.9792387267569886,STOP,1.0642387267569886,0.085,legacy_fixed_r_v1,2026-07-13 03:55:00+00:00,2026-07-13 04:00:00+00:00,2026-07-13 04:40:00+00:00,9
360157,360160,0.80899,0.8094028078048172,-1.0849999999999331,STOP,-0.9999999999999332,0.085,legacy_fixed_r_v1,2026-07-13 10:55:00+00:00,2026-07-13 11:00:00+00:00,2026-07-13 11:10:00+00:00,3
360277,360279,0.81492,0.8142971965843853,2.3343736285008134,STOP,2.4193736285008134,0.085,legacy_fixed_r_v1,2026-07-13 20:55:00+00:00,2026-07-13 21:00:00+00:00,2026-07-13 21:05:00+00:00,2
360357,360363,0.81337,0.8136783697257071,-1.0849999999999678,STOP,-0.9999999999999678,0.085,legacy_fixed_r_v1,2026-07-14 03:35:00+00:00,2026-07-14 03:40:00+00:00,2026-07-14 04:05:00+00:00,6
360380,360384,0.81358,0.8134112831056414,0.6401754314032074,STOP,0.7251754314032074,0.085,legacy_fixed_r_v1,2026-07-14 05:30:00+00:00,2026-07-14 05:35:00+00:00,2026-07-14 05:50:00+00:00,4
360451,360457,0.8122,0.811540100929545,1.5995829764735898,STOP,1.6845829764735898,0.085,legacy_fixed_r_v1,2026-07-14 11:25:00+00:00,2026-07-14 11:30:00+00:00,2026-07-14 11:55:00+00:00,6
360482,360488,0.80664,0.8075790239761037,-1.0849999999999425,STOP,-0.9999999999999425,0.085,legacy_fixed_r_v1,2026-07-14 14:00:00+00:00,2026-07-14 14:05:00+00:00,2026-07-14 14:30:00+00:00,6
360544,360548,0.80905,0.8094332292793301,-1.0849999999998732,STOP,-0.9999999999998731,0.085,legacy_fixed_r_v1,2026-07-14 19:10:00+00:00,2026-07-14 19:15:00+00:00,2026-07-14 19:30:00+00:00,4
360565,360569,0.80989,0.8081285345282215,6.233913683646718,STOP,6.318913683646718,0.085,legacy_fixed_r_v1,2026-07-14 20:55:00+00:00,2026-07-14 21:00:00+00:00,2026-07-14 21:15:00+00:00,4
360595,360603,0.80933,0.8090133996793553,1.072359668684586,STOP,1.157359668684586,0.085,legacy_fixed_r_v1,2026-07-14 23:25:00+00:00,2026-07-14 23:30:00+00:00,2026-07-15 00:05:00+00:00,8
360607,360619,0.80884,0.808256252599636,2.084202050943517,STOP,2.169202050943517,0.085,legacy_fixed_r_v1,2026-07-15 00:25:00+00:00,2026-07-15 00:30:00+00:00,2026-07-15 01:25:00+00:00,12
360670,360678,0.80888,0.8085234354382307,1.266128298420989,STOP,1.351128298420989,0.085,legacy_fixed_r_v1,2026-07-15 05:40:00+00:00,2026-07-15 05:45:00+00:00,2026-07-15 06:20:00+00:00,8
360734,360742,0.81062,0.8110031619230497,-1.0849999999999387,STOP,-0.9999999999999386,0.085,legacy_fixed_r_v1,2026-07-15 11:00:00+00:00,2026-07-15 11:05:00+00:00,2026-07-15 11:40:00+00:00,8
360807,360816,0.80625,0.8047670876002319,2.6776790227817697,STOP,2.7626790227817697,0.085,legacy_fixed_r_v1,2026-07-15 17:05:00+00:00,2026-07-15 17:10:00+00:00,2026-07-15 17:50:00+00:00,9
360854,360856,0.80584,0.8039399140402234,4.150014673989701,STOP,4.235014673989701,0.085,legacy_fixed_r_v1,2026-07-15 21:00:00+00:00,2026-07-15 21:05:00+00:00,2026-07-15 21:10:00+00:00,2
360931,360939,0.80572,0.8060042966176509,-1.0850000000000382,STOP,-1.0000000000000382,0.085,legacy_fixed_r_v1,2026-07-16 03:25:00+00:00,2026-07-16 03:30:00+00:00,2026-07-16 04:05:00+00:00,8
360953,360959,0.80596,0.8061919432187893,-1.0849999999997952,STOP,-0.9999999999997953,0.085,legacy_fixed_r_v1,2026-07-16 05:15:00+00:00,2026-07-16 05:20:00+00:00,2026-07-16 05:45:00+00:00,6
360978,360980,0.80567,0.8060002286278932,-1.084999999999868,STOP,-0.999999999999868,0.085,legacy_fixed_r_v1,2026-07-16 07:20:00+00:00,2026-07-16 07:25:00+00:00,2026-07-16 07:30:00+00:00,2
361020,361021,0.80698,0.807330482512414,-1.0849999999999878,STOP,-0.9999999999999877,0.085,legacy_fixed_r_v1,2026-07-16 10:50:00+00:00,2026-07-16 10:55:00+00:00,2026-07-16 10:55:00+00:00,1
361103,361106,0.80906,0.8088827899905794,0.4382040599569928,STOP,0.5232040599569928,0.085,legacy_fixed_r_v1,2026-07-16 17:45:00+00:00,2026-07-16 17:50:00+00:00,2026-07-16 18:00:00+00:00,3
361171,361175,0.80856,0.8084245100580392,0.5329752130628366,STOP,0.6179752130628365,0.085,legacy_fixed_r_v1,2026-07-16 23:25:00+00:00,2026-07-16 23:30:00+00:00,2026-07-16 23:45:00+00:00,4
361244,361247,0.80897,0.8086375434428552,1.5415737366728857,STOP,1.6265737366728856,0.085,legacy_fixed_r_v1,2026-07-17 05:30:00+00:00,2026-07-17 05:35:00+00:00,2026-07-17 05:45:00+00:00,3
361315,361319,0.80734,0.8070557561071674,0.5681109102080211,STOP,0.653110910208021,0.085,legacy_fixed_r_v1,2026-07-17 11:25:00+00:00,2026-07-17 11:30:00+00:00,2026-07-17 11:45:00+00:00,4
361467,361479,0.80839,0.8079428638320187,1.7107327178359635,STOP,1.7957327178359634,0.085,legacy_fixed_r_v1,2026-07-20 00:05:00+00:00,2026-07-20 00:10:00+00:00,2026-07-20 01:05:00+00:00,12
361495,361509,0.80771,0.8074048487981769,1.2374911438623988,STOP,1.3224911438623987,0.085,legacy_fixed_r_v1,2026-07-20 02:25:00+00:00,2026-07-20 02:30:00+00:00,2026-07-20 03:35:00+00:00,14
361516,361521,0.80729,0.8070782639332137,1.2208887345352886,STOP,1.3058887345352885,0.085,legacy_fixed_r_v1,2026-07-20 04:10:00+00:00,2026-07-20 04:15:00+00:00,2026-07-20 04:35:00+00:00,5
361593,361598,0.80759,0.8079637049930335,-1.0850000000001438,STOP,-1.0000000000001439,0.085,legacy_fixed_r_v1,2026-07-20 10:35:00+00:00,2026-07-20 10:40:00+00:00,2026-07-20 11:00:00+00:00,5
361659,361666,0.81012,0.810534794050223,-1.0850000000000242,STOP,-1.0000000000000242,0.085,legacy_fixed_r_v1,2026-07-20 16:05:00+00:00,2026-07-20 16:10:00+00:00,2026-07-20 16:40:00+00:00,7
361674,361719,0.80999,0.8096362307166345,0.9313607133857682,STOP,1.0163607133857682,0.085,legacy_fixed_r_v1,2026-07-20 17:20:00+00:00,2026-07-20 17:25:00+00:00,2026-07-20 21:05:00+00:00,45
361752,361754,0.81018,0.8100314175358491,0.8833565175284825,STOP,0.9683565175284825,0.085,legacy_fixed_r_v1,2026-07-20 23:50:00+00:00,2026-07-20 23:55:00+00:00,2026-07-21 00:00:00+00:00,2
361799,361814,0.81048,0.8102594548235147,1.0531528022766707,STOP,1.1381528022766707,0.085,legacy_fixed_r_v1,2026-07-21 03:45:00+00:00,2026-07-21 03:50:00+00:00,2026-07-21 05:00:00+00:00,15
361993,362007,0.81269,0.8118645579969537,3.6291251158200013,STOP,3.7141251158200013,0.085,legacy_fixed_r_v1,2026-07-21 19:55:00+00:00,2026-07-21 20:00:00+00:00,2026-07-21 21:05:00+00:00,14
362040,362043,0.81277,0.8126205150531708,0.7087611060155858,STOP,0.7937611060155858,0.085,legacy_fixed_r_v1,2026-07-21 23:50:00+00:00,2026-07-21 23:55:00+00:00,2026-07-22 00:05:00+00:00,3
362071,362088,0.8126,0.8128667079223244,-1.0850000000001971,STOP,-1.0000000000001972,0.085,legacy_fixed_r_v1,2026-07-22 02:25:00+00:00,2026-07-22 02:30:00+00:00,2026-07-22 03:50:00+00:00,17
362281,362296,0.81452,0.8142377264791708,1.23808884131616,STOP,1.32308884131616,0.085,legacy_fixed_r_v1,2026-07-22 19:55:00+00:00,2026-07-22 20:00:00+00:00,2026-07-22 21:10:00+00:00,15
362379,362394,0.81317,0.8134173979362789,-1.0850000000001148,STOP,-1.0000000000001148,0.085,legacy_fixed_r_v1,2026-07-23 04:05:00+00:00,2026-07-23 04:10:00+00:00,2026-07-23 05:20:00+00:00,15
362527,362546,0.81663,0.8172449556604084,-1.0850000000000697,STOP,-1.0000000000000697,0.085,legacy_fixed_r_v1,2026-07-23 16:25:00+00:00,2026-07-23 16:30:00+00:00,2026-07-23 18:00:00+00:00,19
362563,362583,0.81679,0.8149113662131737,6.48455683614225,STOP,6.56955683614225,0.085,legacy_fixed_r_v1,2026-07-23 19:25:00+00:00,2026-07-23 19:30:00+00:00,2026-07-23 21:05:00+00:00,20
362629,362635,0.81634,0.8161873859499741,0.4627337245341718,STOP,0.5477337245341718,0.085,legacy_fixed_r_v1,2026-07-24 00:55:00+00:00,2026-07-24 01:00:00+00:00,2026-07-24 01:25:00+00:00,6
362666,362674,0.81699,0.8172173564084333,-1.0849999999998383,STOP,-0.9999999999998384,0.085,legacy_fixed_r_v1,2026-07-24 04:00:00+00:00,2026-07-24 04:05:00+00:00,2026-07-24 04:40:00+00:00,8
362684,362689,0.81711,0.8173158460122328,-1.0850000000001998,STOP,-1.0000000000001998,0.085,legacy_fixed_r_v1,2026-07-24 05:30:00+00:00,2026-07-24 05:35:00+00:00,2026-07-24 05:55:00+00:00,5
362742,362748,0.81637,0.8167337289997265,-1.0849999999998683,STOP,-0.9999999999998682,0.085,legacy_fixed_r_v1,2026-07-24 10:20:00+00:00,2026-07-24 10:25:00+00:00,2026-07-24 10:50:00+00:00,6
362785,362795,0.81792,0.817603134956577,0.6725677003511409,STOP,0.7575677003511408,0.085,legacy_fixed_r_v1,2026-07-24 13:55:00+00:00,2026-07-24 14:00:00+00:00,2026-07-24 14:45:00+00:00,10
362846,362866,0.81822,0.8184729662457322,-1.0849999999998123,STOP,-0.9999999999998123,0.085,legacy_fixed_r_v1,2026-07-24 19:00:00+00:00,2026-07-24 19:05:00+00:00,2026-07-24 20:40:00+00:00,20
362869,362871,0.81724,0.8159184050089682,5.798127788582102,STOP,5.883127788582102,0.085,legacy_fixed_r_v1,2026-07-24 20:55:00+00:00,2026-07-26 21:00:00+00:00,2026-07-26 21:05:00+00:00,2
362902,362913,0.8166,0.8143820461656214,6.984334567474387,STOP,7.069334567474387,0.085,legacy_fixed_r_v1,2026-07-26 23:40:00+00:00,2026-07-26 23:45:00+00:00,2026-07-27 00:35:00+00:00,11
363026,363028,0.81462,0.8150405650449425,-1.0849999999998825,STOP,-0.9999999999998824,0.085,legacy_fixed_r_v1,2026-07-27 10:00:00+00:00,2026-07-27 10:05:00+00:00,2026-07-27 10:10:00+00:00,2
363103,363110,0.81791,0.818417731218825,-1.0849999999999298,STOP,-0.9999999999999297,0.085,legacy_fixed_r_v1,2026-07-27 16:25:00+00:00,2026-07-27 16:30:00+00:00,2026-07-27 17:00:00+00:00,7
363157,363159,0.81939,0.8178935532262072,6.876486974561657,STOP,6.961486974561657,0.085,legacy_fixed_r_v1,2026-07-27 20:55:00+00:00,2026-07-27 21:00:00+00:00,2026-07-27 21:05:00+00:00,2
363187,363194,0.81918,0.8194514342034236,-1.085000000000167,STOP,-1.000000000000167,0.085,legacy_fixed_r_v1,2026-07-27 23:25:00+00:00,2026-07-27 23:30:00+00:00,2026-07-28 00:00:00+00:00,7
363200,363208,0.81887,0.8185440231001241,1.0254637537751508,STOP,1.1104637537751507,0.085,legacy_fixed_r_v1,2026-07-28 00:30:00+00:00,2026-07-28 00:35:00+00:00,2026-07-28 01:10:00+00:00,8
363324,363326,0.81989,0.8202463825782548,-1.0850000000000524,STOP,-1.0000000000000524,0.085,legacy_fixed_r_v1,2026-07-28 10:50:00+00:00,2026-07-28 10:55:00+00:00,2026-07-28 11:00:00+00:00,2
363372,363383,0.81847,0.817090549931568,3.205947146101976,STOP,3.290947146101976,0.085,legacy_fixed_r_v1,2026-07-28 14:50:00+00:00,2026-07-28 14:55:00+00:00,2026-07-28 15:45:00+00:00,11
363492,363499,0.8192,0.8190113306935928,0.6259163287326297,STOP,0.7109163287326297,0.085,legacy_fixed_r_v1,2026-07-29 00:50:00+00:00,2026-07-29 00:55:00+00:00,2026-07-29 01:25:00+00:00,7
363615,363629,0.81974,0.8200916832495705,-1.0850000000000777,STOP,-1.0000000000000777,0.085,legacy_fixed_r_v1,2026-07-29 11:05:00+00:00,2026-07-29 11:10:00+00:00,2026-07-29 12:15:00+00:00,14
363727,363742,0.81439,0.8135012363721885,0.8264273937866412,STOP,0.9114273937866412,0.085,legacy_fixed_r_v1,2026-07-29 20:25:00+00:00,2026-07-29 20:30:00+00:00,2026-07-29 21:40:00+00:00,15
363759,363773,0.81345,0.8138758150238613,-1.0850000000000029,STOP,-1.0000000000000029,0.085,legacy_fixed_r_v1,2026-07-29 23:05:00+00:00,2026-07-29 23:10:00+00:00,2026-07-30 00:15:00+00:00,14
363832,363835,0.81531,0.8150981889013329,0.8012597663338187,STOP,0.8862597663338186,0.085,legacy_fixed_r_v1,2026-07-30 05:10:00+00:00,2026-07-30 05:15:00+00:00,2026-07-30 05:25:00+00:00,3
363914,363924,0.81224,0.8128683614029079,-1.0849999999999371,STOP,-0.9999999999999372,0.085,legacy_fixed_r_v1,2026-07-30 12:00:00+00:00,2026-07-30 12:05:00+00:00,2026-07-30 12:50:00+00:00,10
363933,363936,0.81017,0.8093760342829944,0.796885651372254,STOP,0.8818856513722539,0.085,legacy_fixed_r_v1,2026-07-30 13:35:00+00:00,2026-07-30 13:40:00+00:00,2026-07-30 13:50:00+00:00,3
363956,363970,0.80622,0.805088574394256,0.807787818335641,STOP,0.8927878183356409,0.085,legacy_fixed_r_v1,2026-07-30 15:30:00+00:00,2026-07-30 15:35:00+00:00,2026-07-30 16:40:00+00:00,14
364062,364064,0.80558,0.8059521967400087,-1.0850000000001094,STOP,-1.0000000000001095,0.085,legacy_fixed_r_v1,2026-07-31 00:20:00+00:00,2026-07-31 00:25:00+00:00,2026-07-31 00:30:00+00:00,2
364165,364167,0.80622,0.8068995687321131,-1.0850000000000195,STOP,-1.0000000000000195,0.085,legacy_fixed_r_v1,2026-07-31 08:55:00+00:00,2026-07-31 09:00:00+00:00,2026-07-31 09:05:00+00:00,2
364234,364238,0.81008,0.8094713789922156,0.5844478535538603,STOP,0.6694478535538603,0.085,legacy_fixed_r_v1,2026-07-31 14:40:00+00:00,2026-07-31 14:45:00+00:00,2026-07-31 15:00:00+00:00,4
364266,364271,0.80821,0.807614573513213,0.8703410686186103,STOP,0.9553410686186102,0.085,legacy_fixed_r_v1,2026-07-31 17:20:00+00:00,2026-07-31 17:25:00+00:00,2026-07-31 17:45:00+00:00,5
364294,364298,0.80797,0.8084199005038963,-1.0849999999999393,STOP,-0.9999999999999393,0.085,legacy_fixed_r_v1,2026-07-31 19:40:00+00:00,2026-07-31 19:45:00+00:00,2026-07-31 20:00:00+00:00,4
364351,364356,0.80588,0.8064609632733223,-1.085000000000058,STOP,-1.000000000000058,0.085,legacy_fixed_r_v1,2026-08-03 00:25:00+00:00,2026-08-03 00:30:00+00:00,2026-08-03 00:50:00+00:00,5
364397,364404,0.8089,0.8086508157377967,0.6498664036601027,STOP,0.7348664036601027,0.085,legacy_fixed_r_v1,2026-08-03 04:15:00+00:00,2026-08-03 04:20:00+00:00,2026-08-03 04:50:00+00:00,7
364459,364466,0.80831,0.8087780017504788,-1.0849999999999504,STOP,-0.9999999999999504,0.085,legacy_fixed_r_v1,2026-08-03 09:25:00+00:00,2026-08-03 09:30:00+00:00,2026-08-03 10:00:00+00:00,7
364488,364492,0.80864,0.8081202951408933,1.1876108299869308,STOP,1.2726108299869308,0.085,legacy_fixed_r_v1,2026-08-03 11:50:00+00:00,2026-08-03 11:55:00+00:00,2026-08-03 12:10:00+00:00,4
364563,364580,0.81098,0.8100587322316456,2.361854618574319,STOP,2.446854618574319,0.085,legacy_fixed_r_v1,2026-08-03 18:05:00+00:00,2026-08-03 18:10:00+00:00,2026-08-03 19:30:00+00:00,17
364597,364599,0.81074,0.8076961810856182,10.973934423620923,STOP,11.058934423620924,0.085,legacy_fixed_r_v1,2026-08-03 20:55:00+00:00,2026-08-03 21:00:00+00:00,2026-08-03 21:05:00+00:00,2
364634,364642,0.80998,0.8096204786824128,1.0425461210029685,STOP,1.1275461210029685,0.085,legacy_fixed_r_v1,2026-08-04 00:00:00+00:00,2026-08-04 00:05:00+00:00,2026-08-04 00:40:00+00:00,8
364676,364678,0.80984,0.8101384572399809,-1.0849999999998607,STOP,-0.9999999999998607,0.085,legacy_fixed_r_v1,2026-08-04 03:30:00+00:00,2026-08-04 03:35:00+00:00,2026-08-04 03:40:00+00:00,2
364762,364774,0.80992,0.808863360340286,2.7784262461252176,STOP,2.8634262461252176,0.085,legacy_fixed_r_v1,2026-08-04 10:40:00+00:00,2026-08-04 10:45:00+00:00,2026-08-04 11:40:00+00:00,12
364846,364850,0.80973,0.810095947348951,-1.0850000000000117,STOP,-1.0000000000000118,0.085,legacy_fixed_r_v1,2026-08-04 17:40:00+00:00,2026-08-04 17:45:00+00:00,2026-08-04 18:00:00+00:00,4
364858,364864,0.80962,0.8092486847952158,1.1018620566569415,STOP,1.1868620566569414,0.085,legacy_fixed_r_v1,2026-08-04 18:40:00+00:00,2026-08-04 18:45:00+00:00,2026-08-04 19:10:00+00:00,6
364877,364887,0.80906,0.8086873830526959,1.311100320163542,STOP,1.396100320163542,0.085,legacy_fixed_r_v1,2026-08-04 20:15:00+00:00,2026-08-04 20:20:00+00:00,2026-08-04 21:05:00+00:00,10
364922,364929,0.80905,0.8088973983468909,0.6223215764256311,STOP,0.7073215764256311,0.085,legacy_fixed_r_v1,2026-08-05 00:00:00+00:00,2026-08-05 00:05:00+00:00,2026-08-05 00:35:00+00:00,7
365054,365058,0.80929,0.8088206815334972,1.1984348943056695,STOP,1.2834348943056695,0.085,legacy_fixed_r_v1,2026-08-05 11:00:00+00:00,2026-08-05 11:05:00+00:00,2026-08-05 11:20:00+00:00,4
365131,365141,0.80748,0.8069061655300959,1.3038105467325016,STOP,1.3888105467325016,0.085,legacy_fixed_r_v1,2026-08-05 17:25:00+00:00,2026-08-05 17:30:00+00:00,2026-08-05 18:15:00+00:00,10
365173,365175,0.80753,0.8067219708002424,2.8046430553901796,STOP,2.8896430553901795,0.085,legacy_fixed_r_v1,2026-08-05 20:55:00+00:00,2026-08-05 21:00:00+00:00,2026-08-05 21:05:00+00:00,2
365241,365246,0.80614,0.8063861325852181,-1.0850000000001405,STOP,-1.0000000000001406,0.085,legacy_fixed_r_v1,2026-08-06 02:35:00+00:00,2026-08-06 02:40:00+00:00,2026-08-06 03:00:00+00:00,5
365438,365442,0.81202,0.8123403304788694,-1.0850000000000908,STOP,-1.0000000000000908,0.085,legacy_fixed_r_v1,2026-08-06 19:00:00+00:00,2026-08-06 19:05:00+00:00,2026-08-06 19:20:00+00:00,4
365461,365463,0.81293,0.8118169686157811,3.3559015014285207,STOP,3.4409015014285207,0.085,legacy_fixed_r_v1,2026-08-06 20:55:00+00:00,2026-08-06 21:00:00+00:00,2026-08-06 21:05:00+00:00,2
365558,365575,0.8126,0.8118758114236106,4.27767627288613,STOP,4.36267627288613,0.085,legacy_fixed_r_v1,2026-08-07 05:00:00+00:00,2026-08-07 05:05:00+00:00,2026-08-07 06:25:00+00:00,17
365600,365612,0.81126,0.8105546994700438,2.2143501429502717,STOP,2.2993501429502716,0.085,legacy_fixed_r_v1,2026-08-07 08:30:00+00:00,2026-08-07 08:35:00+00:00,2026-08-07 09:30:00+00:00,12
365630,365633,0.81008,0.8103947768990473,-1.085000000000176,STOP,-1.000000000000176,0.085,legacy_fixed_r_v1,2026-08-07 11:00:00+00:00,2026-08-07 11:05:00+00:00,2026-08-07 11:15:00+00:00,3
365692,365714,0.80723,0.8078364493413072,-1.0850000000000761,STOP,-1.0000000000000762,0.085,legacy_fixed_r_v1,2026-08-07 16:10:00+00:00,2026-08-07 16:15:00+00:00,2026-08-07 18:00:00+00:00,22
365723,365733,0.80744,0.8071073111828975,0.9819947247727789,STOP,1.066994724772779,0.085,legacy_fixed_r_v1,2026-08-07 18:45:00+00:00,2026-08-07 18:50:00+00:00,2026-08-07 19:35:00+00:00,10
365750,365752,0.80928,0.8066211537070086,6.929993034376949,STOP,7.014993034376949,0.085,legacy_fixed_r_v1,2026-08-09 21:00:00+00:00,2026-08-09 21:05:00+00:00,2026-08-09 21:10:00+00:00,2
366038,366041,0.81038,0.8095084899914289,2.839758078055921,STOP,2.924758078055921,0.085,legacy_fixed_r_v1,2026-08-10 21:00:00+00:00,2026-08-10 21:05:00+00:00,2026-08-10 21:15:00+00:00,3
366071,366075,0.81002,0.8098293217312227,0.910916902820991,STOP,0.995916902820991,0.085,legacy_fixed_r_v1,2026-08-10 23:45:00+00:00,2026-08-10 23:50:00+00:00,2026-08-11 00:05:00+00:00,4
366115,366130,0.81006,0.8102895013304114,-1.0850000000002264,STOP,-1.0000000000002265,0.085,legacy_fixed_r_v1,2026-08-11 03:25:00+00:00,2026-08-11 03:30:00+00:00,2026-08-11 04:40:00+00:00,15
366194,366197,0.81101,0.8108283944549445,0.5983115818882994,STOP,0.6833115818882993,0.085,legacy_fixed_r_v1,2026-08-11 10:00:00+00:00,2026-08-11 10:05:00+00:00,2026-08-11 10:15:00+00:00,3
366313,366322,0.8108,0.8111015926989065,-1.0850000000000721,STOP,-1.0000000000000722,0.085,legacy_fixed_r_v1,2026-08-11 19:55:00+00:00,2026-08-11 20:00:00+00:00,2026-08-11 20:40:00+00:00,9
366325,366328,0.81149,0.8099597895637292,5.58388704868421,STOP,5.66888704868421,0.085,legacy_fixed_r_v1,2026-08-11 20:55:00+00:00,2026-08-11 21:00:00+00:00,2026-08-11 21:10:00+00:00,3
366498,366506,0.81213,0.8114208108977508,1.8807323261813433,STOP,1.9657323261813433,0.085,legacy_fixed_r_v1,2026-08-12 11:20:00+00:00,2026-08-12 11:25:00+00:00,2026-08-12 12:00:00+00:00,8
366648,366655,0.81338,0.8128751303510934,2.7878997846717266,STOP,2.8728997846717266,0.085,legacy_fixed_r_v1,2026-08-12 23:50:00+00:00,2026-08-12 23:55:00+00:00,2026-08-13 00:25:00+00:00,7
366707,366712,0.81412,0.8137823830875343,1.775410882445208,STOP,1.860410882445208,0.085,legacy_fixed_r_v1,2026-08-13 04:45:00+00:00,2026-08-13 04:50:00+00:00,2026-08-13 05:10:00+00:00,5
366776,366785,0.81186,0.8121937776650776,-1.0850000000000681,STOP,-1.0000000000000682,0.085,legacy_fixed_r_v1,2026-08-13 10:30:00+00:00,2026-08-13 10:35:00+00:00,2026-08-13 11:15:00+00:00,9
366899,366903,0.81432,0.8138972361141874,1.6967169759328995,STOP,1.7817169759328995,0.085,legacy_fixed_r_v1,2026-08-13 20:45:00+00:00,2026-08-13 20:50:00+00:00,2026-08-13 21:05:00+00:00,4
366941,366945,0.81402,0.8138900632012718,0.6535067432862368,STOP,0.7385067432862368,0.085,legacy_fixed_r_v1,2026-08-14 00:15:00+00:00,2026-08-14 00:20:00+00:00,2026-08-14 00:35:00+00:00,4
367001,367004,0.81339,0.813291261710363,0.4983598970985545,STOP,0.5833598970985545,0.085,legacy_fixed_r_v1,2026-08-14 05:15:00+00:00,2026-08-14 05:20:00+00:00,2026-08-14 05:30:00+00:00,3
367072,367079,0.81267,0.8119179250740604,2.181288493393217,STOP,2.266288493393217,0.085,legacy_fixed_r_v1,2026-08-14 11:10:00+00:00,2026-08-14 11:15:00+00:00,2026-08-14 11:45:00+00:00,7
367159,367173,0.81302,0.813319019530915,-1.0849999999998594,STOP,-0.9999999999998594,0.085,legacy_fixed_r_v1,2026-08-14 18:25:00+00:00,2026-08-14 18:30:00+00:00,2026-08-14 19:35:00+00:00,14
367189,367191,0.81346,0.8098542615020152,13.623741001953352,STOP,13.708741001953353,0.085,legacy_fixed_r_v1,2026-08-14 20:55:00+00:00,2026-08-16 21:00:00+00:00,2026-08-16 21:05:00+00:00,2
367226,367233,0.81226,0.8119133014062456,0.9842116512657171,STOP,1.069211651265717,0.085,legacy_fixed_r_v1,2026-08-17 00:00:00+00:00,2026-08-17 00:05:00+00:00,2026-08-17 00:35:00+00:00,7
367255,367262,0.8116,0.8118879837460627,-1.0850000000000035,STOP,-1.0000000000000036,0.085,legacy_fixed_r_v1,2026-08-17 02:25:00+00:00,2026-08-17 02:30:00+00:00,2026-08-17 03:00:00+00:00,7
367273,367278,0.81161,0.8114965953101965,0.4388812637697767,STOP,0.5238812637697767,0.085,legacy_fixed_r_v1,2026-08-17 03:55:00+00:00,2026-08-17 04:00:00+00:00,2026-08-17 04:20:00+00:00,5
367370,367375,0.80971,0.8101778383197065,-1.085000000000034,STOP,-1.000000000000034,0.085,legacy_fixed_r_v1,2026-08-17 12:00:00+00:00,2026-08-17 12:05:00+00:00,2026-08-17 12:25:00+00:00,5
367456,367464,0.81116,0.8108619282573183,0.8000353445169515,STOP,0.8850353445169514,0.085,legacy_fixed_r_v1,2026-08-17 19:10:00+00:00,2026-08-17 19:15:00+00:00,2026-08-17 19:50:00+00:00,8
367477,367479,0.8112,0.8087969582619079,9.785839644852125,STOP,9.870839644852126,0.085,legacy_fixed_r_v1,2026-08-17 20:55:00+00:00,2026-08-17 21:00:00+00:00,2026-08-17 21:05:00+00:00,2
367506,367512,0.81093,0.8105925766383071,1.3816125011238705,STOP,1.4666125011238704,0.085,legacy_fixed_r_v1,2026-08-17 23:20:00+00:00,2026-08-17 23:25:00+00:00,2026-08-17 23:50:00+00:00,6
367628,367630,0.81134,0.8116940480695114,-1.0850000000001365,STOP,-1.0000000000001366,0.085,legacy_fixed_r_v1,2026-08-18 09:30:00+00:00,2026-08-18 09:35:00+00:00,2026-08-18 09:40:00+00:00,2
367765,367768,0.81266,0.8120946313813574,2.385785196630939,STOP,2.470785196630939,0.085,legacy_fixed_r_v1,2026-08-18 20:55:00+00:00,2026-08-18 21:00:00+00:00,2026-08-18 21:10:00+00:00,3
367802,367806,0.81208,0.811846541743418,0.870675274950021,STOP,0.9556752749500209,0.085,legacy_fixed_r_v1,2026-08-19 00:00:00+00:00,2026-08-19 00:05:00+00:00,2026-08-19 00:20:00+00:00,4
367853,367863,0.8114,0.8111927010234773,0.7793530834004738,STOP,0.8643530834004738,0.085,legacy_fixed_r_v1,2026-08-19 04:15:00+00:00,2026-08-19 04:20:00+00:00,2026-08-19 05:05:00+00:00,10
368018,368037,0.79883,0.7974711711703338,1.617338369901879,STOP,1.702338369901879,0.085,legacy_fixed_r_v1,2026-08-19 18:00:00+00:00,2026-08-19 18:05:00+00:00,2026-08-19 19:35:00+00:00,19
368049,368085,0.79707,0.7975912225728506,-1.084999999999904,STOP,-0.9999999999999041,0.085,legacy_fixed_r_v1,2026-08-19 20:35:00+00:00,2026-08-19 20:40:00+00:00,2026-08-19 23:35:00+00:00,36
368270,368271,0.79797,0.7987931047102881,-1.0850000000000244,STOP,-1.0000000000000244,0.085,legacy_fixed_r_v1,2026-08-20 15:00:00+00:00,2026-08-20 15:05:00+00:00,2026-08-20 15:05:00+00:00,1
368364,368367,0.80001,0.799776021707749,0.7293737311877792,STOP,0.8143737311877791,0.085,legacy_fixed_r_v1,2026-08-20 22:50:00+00:00,2026-08-20 22:55:00+00:00,2026-08-20 23:05:00+00:00,3
368411,368419,0.79882,0.7991876311704494,-1.0849999999999573,STOP,-0.9999999999999573,0.085,legacy_fixed_r_v1,2026-08-21 02:45:00+00:00,2026-08-21 02:50:00+00:00,2026-08-21 03:25:00+00:00,8
368444,368446,0.79977,0.7996004574661228,0.6129690362844199,STOP,0.6979690362844199,0.085,legacy_fixed_r_v1,2026-08-21 05:30:00+00:00,2026-08-21 05:35:00+00:00,2026-08-21 05:40:00+00:00,2
368503,368509,0.79866,0.7991805452310984,-1.0849999999999718,STOP,-0.9999999999999717,0.085,legacy_fixed_r_v1,2026-08-21 10:25:00+00:00,2026-08-21 10:30:00+00:00,2026-08-21 10:55:00+00:00,6
368594,368624,0.80087,0.8012628123220673,-1.0849999999999627,STOP,-0.9999999999999627,0.085,legacy_fixed_r_v1,2026-08-21 18:00:00+00:00,2026-08-21 18:05:00+00:00,2026-08-21 20:30:00+00:00,30
368638,368640,0.80135,0.8010367061383067,0.9350483102917084,STOP,1.0200483102917084,0.085,legacy_fixed_r_v1,2026-08-23 21:40:00+00:00,2026-08-23 21:45:00+00:00,2026-08-23 21:50:00+00:00,2
368664,368671,0.8009,0.8001300505740395,3.1273287016162867,STOP,3.2123287016162867,0.085,legacy_fixed_r_v1,2026-08-23 23:50:00+00:00,2026-08-23 23:55:00+00:00,2026-08-24 00:25:00+00:00,7
368692,368702,0.79999,0.8003451809778529,-1.0850000000001072,STOP,-1.0000000000001072,0.085,legacy_fixed_r_v1,2026-08-24 02:10:00+00:00,2026-08-24 02:15:00+00:00,2026-08-24 03:00:00+00:00,10
368719,368730,0.8002,0.800491629945529,-1.0849999999998534,STOP,-0.9999999999998533,0.085,legacy_fixed_r_v1,2026-08-24 04:25:00+00:00,2026-08-24 04:30:00+00:00,2026-08-24 05:20:00+00:00,11
368805,368808,0.80182,0.8022880257370766,-1.0850000000000193,STOP,-1.0000000000000193,0.085,legacy_fixed_r_v1,2026-08-24 11:35:00+00:00,2026-08-24 11:40:00+00:00,2026-08-24 11:50:00+00:00,3
368887,368897,0.80235,0.8027056341815862,-1.0849999999999331,STOP,-0.999999999999933,0.085,legacy_fixed_r_v1,2026-08-24 18:25:00+00:00,2026-08-24 18:30:00+00:00,2026-08-24 19:15:00+00:00,10
368915,368919,0.80246,0.8009776214173142,7.186293529880526,STOP,7.271293529880526,0.085,legacy_fixed_r_v1,2026-08-24 20:45:00+00:00,2026-08-24 20:50:00+00:00,2026-08-24 21:05:00+00:00,4
368952,368966,0.80225,0.8024018965406788,-1.0849999999997504,STOP,-0.9999999999997503,0.085,legacy_fixed_r_v1,2026-08-24 23:50:00+00:00,2026-08-24 23:55:00+00:00,2026-08-25 01:00:00+00:00,14
369095,369113,0.80253,0.8022829590676996,0.5545066677640265,STOP,0.6395066677640264,0.085,legacy_fixed_r_v1,2026-08-25 11:45:00+00:00,2026-08-25 11:50:00+00:00,2026-08-25 13:15:00+00:00,18
369161,369170,0.80247,0.802137684615431,0.8480961871703668,STOP,0.9330961871703668,0.085,legacy_fixed_r_v1,2026-08-25 17:15:00+00:00,2026-08-25 17:20:00+00:00,2026-08-25 18:00:00+00:00,9
369183,369186,0.80188,0.8015319630349899,1.3805279833471134,STOP,1.4655279833471133,0.085,legacy_fixed_r_v1,2026-08-25 19:05:00+00:00,2026-08-25 19:10:00+00:00,2026-08-25 19:20:00+00:00,3
369207,369210,0.80192,0.8009896413584878,3.02328183150138,STOP,3.10828183150138,0.085,legacy_fixed_r_v1,2026-08-25 21:05:00+00:00,2026-08-25 21:10:00+00:00,2026-08-25 21:20:00+00:00,3
369308,369312,0.80315,0.8033657546212299,-1.085000000000139,STOP,-1.000000000000139,0.085,legacy_fixed_r_v1,2026-08-26 05:30:00+00:00,2026-08-26 05:35:00+00:00,2026-08-26 05:50:00+00:00,4
369376,369378,0.80387,0.8041745193680592,-1.0850000000000193,STOP,-1.0000000000000193,0.085,legacy_fixed_r_v1,2026-08-26 11:10:00+00:00,2026-08-26 11:15:00+00:00,2026-08-26 11:20:00+00:00,2
369494,369497,0.80615,0.8049051620471224,5.476348958109998,STOP,5.561348958109998,0.085,legacy_fixed_r_v1,2026-08-26 21:00:00+00:00,2026-08-26 21:05:00+00:00,2026-08-26 21:15:00+00:00,3
369520,369539,0.80499,0.8052442316387715,-1.084999999999933,STOP,-0.9999999999999328,0.085,legacy_fixed_r_v1,2026-08-26 23:10:00+00:00,2026-08-26 23:15:00+00:00,2026-08-27 00:45:00+00:00,19
369580,369589,0.80534,0.8055222667318982,-1.08499999999985,STOP,-0.9999999999998501,0.085,legacy_fixed_r_v1,2026-08-27 04:10:00+00:00,2026-08-27 04:15:00+00:00,2026-08-27 04:55:00+00:00,9
369595,369599,0.80526,0.805436670747215,-1.0849999999999758,STOP,-0.9999999999999758,0.085,legacy_fixed_r_v1,2026-08-27 05:25:00+00:00,2026-08-27 05:30:00+00:00,2026-08-27 05:45:00+00:00,4
369652,369657,0.80561,0.8059758124690939,-1.0849999999999789,STOP,-0.9999999999999789,0.085,legacy_fixed_r_v1,2026-08-27 10:10:00+00:00,2026-08-27 10:15:00+00:00,2026-08-27 10:35:00+00:00,5
369781,369783,0.80453,0.8022066448304113,13.989016586155968,STOP,14.074016586155969,0.085,legacy_fixed_r_v1,2026-08-27 20:55:00+00:00,2026-08-27 21:00:00+00:00,2026-08-27 21:05:00+00:00,2
369808,369821,0.80388,0.8041166787448851,-1.0849999999998003,STOP,-0.9999999999998003,0.085,legacy_fixed_r_v1,2026-08-27 23:10:00+00:00,2026-08-27 23:15:00+00:00,2026-08-28 00:15:00+00:00,13
370053,370065,0.80933,0.8096476965176413,-1.0850000000001663,STOP,-1.0000000000001663,0.085,legacy_fixed_r_v1,2026-08-28 19:35:00+00:00,2026-08-28 19:40:00+00:00,2026-08-28 20:35:00+00:00,12
370070,370074,0.81022,0.8084130261571241,2.9098843662546474,STOP,2.9948843662546474,0.085,legacy_fixed_r_v1,2026-08-30 21:00:00+00:00,2026-08-30 21:05:00+00:00,2026-08-30 21:20:00+00:00,4
370101,370108,0.80906,0.8086542642804285,1.2693839653309569,STOP,1.3543839653309568,0.085,legacy_fixed_r_v1,2026-08-30 23:35:00+00:00,2026-08-30 23:40:00+00:00,2026-08-31 00:10:00+00:00,7
370241,370251,0.8084,0.8087793976138654,-1.0849999999999993,STOP,-0.9999999999999993,0.085,legacy_fixed_r_v1,2026-08-31 11:15:00+00:00,2026-08-31 11:20:00+00:00,2026-08-31 12:05:00+00:00,10
370358,370361,0.80838,0.8075316726127655,3.0777008110267823,STOP,3.1627008110267822,0.085,legacy_fixed_r_v1,2026-08-31 21:00:00+00:00,2026-08-31 21:05:00+00:00,2026-08-31 21:15:00+00:00,3
370395,370403,0.80816,0.8083977939514432,-1.0850000000002176,STOP,-1.0000000000002176,0.085,legacy_fixed_r_v1,2026-09-01 00:05:00+00:00,2026-09-01 00:10:00+00:00,2026-09-01 00:45:00+00:00,8
370453,370456,0.80972,0.809535415009695,0.8409091312068776,STOP,0.9259091312068776,0.085,legacy_fixed_r_v1,2026-09-01 04:55:00+00:00,2026-09-01 05:00:00+00:00,2026-09-01 05:10:00+00:00,3
370530,370537,0.80979,0.8101538041744311,-1.084999999999916,STOP,-0.999999999999916,0.085,legacy_fixed_r_v1,2026-09-01 11:20:00+00:00,2026-09-01 11:25:00+00:00,2026-09-01 11:55:00+00:00,7
370614,370618,0.81169,0.812071553781807,-1.084999999999937,STOP,-0.9999999999999369,0.085,legacy_fixed_r_v1,2026-09-01 18:20:00+00:00,2026-09-01 18:25:00+00:00,2026-09-01 18:40:00+00:00,4
370633,370637,0.81145,0.8117445519295606,-1.0849999999998643,STOP,-0.9999999999998642,0.085,legacy_fixed_r_v1,2026-09-01 19:55:00+00:00,2026-09-01 20:00:00+00:00,2026-09-01 20:15:00+00:00,4
370646,370650,0.81179,0.8111555314202826,1.9852514667700825,STOP,2.0702514667700824,0.085,legacy_fixed_r_v1,2026-09-01 21:00:00+00:00,2026-09-01 21:05:00+00:00,2026-09-01 21:20:00+00:00,4
370816,370822,0.81494,0.8144875201939963,1.0251744236556697,STOP,1.1101744236556697,0.085,legacy_fixed_r_v1,2026-09-02 11:10:00+00:00,2026-09-02 11:15:00+00:00,2026-09-02 11:40:00+00:00,6
370934,370938,0.81348,0.8124287480046418,3.0280865302723923,STOP,3.1130865302723922,0.085,legacy_fixed_r_v1,2026-09-02 21:00:00+00:00,2026-09-02 21:05:00+00:00,2026-09-02 21:20:00+00:00,4
371104,371121,0.80885,0.8083779166233076,0.8315713679213977,STOP,0.9165713679213977,0.085,legacy_fixed_r_v1,2026-09-03 11:10:00+00:00,2026-09-03 11:15:00+00:00,2026-09-03 12:35:00+00:00,17
371155,371172,0.80744,0.8056308386349077,2.158761660180538,STOP,2.243761660180538,0.085,legacy_fixed_r_v1,2026-09-03 15:25:00+00:00,2026-09-03 15:30:00+00:00,2026-09-03 16:50:00+00:00,17
371222,371224,0.80819,0.8064850044714608,5.865119976005409,STOP,5.950119976005409,0.085,legacy_fixed_r_v1,2026-09-03 21:00:00+00:00,2026-09-03 21:05:00+00:00,2026-09-03 21:10:00+00:00,2
371282,371287,0.80751,0.807824132109387,-1.0849999999998527,STOP,-0.9999999999998528,0.085,legacy_fixed_r_v1,2026-09-04 02:00:00+00:00,2026-09-04 02:05:00+00:00,2026-09-04 02:25:00+00:00,5
371406,371408,0.80874,0.8084467865747917,0.7009289879182421,STOP,0.7859289879182421,0.085,legacy_fixed_r_v1,2026-09-04 12:20:00+00:00,2026-09-04 12:25:00+00:00,2026-09-04 12:30:00+00:00,2
371441,371481,0.80943,0.8102082266870759,-1.084999999999947,STOP,-0.9999999999999469,0.085,legacy_fixed_r_v1,2026-09-04 15:15:00+00:00,2026-09-04 15:20:00+00:00,2026-09-04 18:35:00+00:00,40
371491,371497,0.80993,0.8097401866956899,0.6102421016923867,STOP,0.6952421016923866,0.085,legacy_fixed_r_v1,2026-09-04 19:25:00+00:00,2026-09-04 19:30:00+00:00,2026-09-04 19:55:00+00:00,6
371509,371512,0.81086,0.808107711781789,10.358587859257456,STOP,10.443587859257457,0.085,legacy_fixed_r_v1,2026-09-04 20:55:00+00:00,2026-09-06 21:00:00+00:00,2026-09-06 21:10:00+00:00,3
371536,371557,0.80991,0.8096113590315308,0.8402127335996048,STOP,0.9252127335996048,0.085,legacy_fixed_r_v1,2026-09-06 23:10:00+00:00,2026-09-06 23:15:00+00:00,2026-09-07 00:55:00+00:00,21
371586,371618,0.81059,0.8108337732098513,-1.0849999999999895,STOP,-0.9999999999999895,0.085,legacy_fixed_r_v1,2026-09-07 03:20:00+00:00,2026-09-07 03:25:00+00:00,2026-09-07 06:00:00+00:00,32
371669,371680,0.80868,0.8091085709966377,-1.0850000000001283,STOP,-1.0000000000001283,0.085,legacy_fixed_r_v1,2026-09-07 10:15:00+00:00,2026-09-07 10:20:00+00:00,2026-09-07 11:10:00+00:00,11
371713,371738,0.80889,0.8092613973779613,-1.0849999999999163,STOP,-0.9999999999999162,0.085,legacy_fixed_r_v1,2026-09-07 13:55:00+00:00,2026-09-07 14:00:00+00:00,2026-09-07 16:00:00+00:00,25
371792,371799,0.80955,0.8085713302665974,10.67310922387857,STOP,10.75810922387857,0.085,legacy_fixed_r_v1,2026-09-07 20:30:00+00:00,2026-09-07 20:35:00+00:00,2026-09-07 21:05:00+00:00,7
371822,371826,0.80922,0.8087344719095575,2.5486004784641185,STOP,2.6336004784641185,0.085,legacy_fixed_r_v1,2026-09-07 23:00:00+00:00,2026-09-07 23:05:00+00:00,2026-09-07 23:20:00+00:00,4
371894,371898,0.80929,0.8091422547689052,0.5461858584461555,STOP,0.6311858584461555,0.085,legacy_fixed_r_v1,2026-09-08 05:00:00+00:00,2026-09-08 05:05:00+00:00,2026-09-08 05:20:00+00:00,4
371983,371986,0.81106,0.8106940651918644,0.6732183294374456,STOP,0.7582183294374456,0.085,legacy_fixed_r_v1,2026-09-08 12:25:00+00:00,2026-09-08 12:30:00+00:00,2026-09-08 12:40:00+00:00,3
372008,372013,0.8089,0.8085623250433754,0.5373288346464341,STOP,0.6223288346464341,0.085,legacy_fixed_r_v1,2026-09-08 14:30:00+00:00,2026-09-08 14:35:00+00:00,2026-09-08 14:55:00+00:00,5
372038,372059,0.80906,0.8094603325589022,-1.0849999999999655,STOP,-0.9999999999999656,0.085,legacy_fixed_r_v1,2026-09-08 17:00:00+00:00,2026-09-08 17:05:00+00:00,2026-09-08 18:45:00+00:00,21
372085,372089,0.80951,0.8087834181755618,2.350653323757449,STOP,2.435653323757449,0.085,legacy_fixed_r_v1,2026-09-08 20:55:00+00:00,2026-09-08 21:00:00+00:00,2026-09-08 21:15:00+00:00,4
372111,372119,0.80916,0.8089579380363064,0.62917810271979,STOP,0.71417810271979,0.085,legacy_fixed_r_v1,2026-09-08 23:05:00+00:00,2026-09-08 23:10:00+00:00,2026-09-08 23:45:00+00:00,8
372182,372184,0.80862,0.8084731324551314,0.5807852152868156,STOP,0.6657852152868156,0.085,legacy_fixed_r_v1,2026-09-09 05:00:00+00:00,2026-09-09 05:05:00+00:00,2026-09-09 05:10:00+00:00,2
372283,372286,0.80704,0.8075671881221832,-1.0849999999999742,STOP,-0.9999999999999741,0.085,legacy_fixed_r_v1,2026-09-09 13:25:00+00:00,2026-09-09 13:30:00+00:00,2026-09-09 13:40:00+00:00,3
372323,372347,0.80961,0.8102883323858596,-1.0849999999999969,STOP,-0.9999999999999968,0.085,legacy_fixed_r_v1,2026-09-09 16:45:00+00:00,2026-09-09 16:50:00+00:00,2026-09-09 18:45:00+00:00,24
372373,372376,0.81031,0.8089634721108744,6.278434578652086,STOP,6.363434578652086,0.085,legacy_fixed_r_v1,2026-09-09 20:55:00+00:00,2026-09-09 21:00:00+00:00,2026-09-09 21:10:00+00:00,3
372476,372477,0.8089,0.809128182007978,-1.0850000000002256,STOP,-1.0000000000002256,0.085,legacy_fixed_r_v1,2026-09-10 05:30:00+00:00,2026-09-10 05:35:00+00:00,2026-09-10 05:35:00+00:00,1
372661,372667,0.81306,0.8127356045716569,0.9348839980219381,STOP,1.019883998021938,0.085,legacy_fixed_r_v1,2026-09-10 20:55:00+00:00,2026-09-10 21:00:00+00:00,2026-09-10 21:25:00+00:00,6
372760,372770,0.81302,0.8128130207049205,0.5996932976002629,STOP,0.6846932976002629,0.085,legacy_fixed_r_v1,2026-09-11 05:10:00+00:00,2026-09-11 05:15:00+00:00,2026-09-11 06:00:00+00:00,10
372838,372848,0.81527,0.814866919000196,0.8789851821310849,STOP,0.9639851821310849,0.085,legacy_fixed_r_v1,2026-09-11 11:40:00+00:00,2026-09-11 11:45:00+00:00,2026-09-11 12:30:00+00:00,10
372949,372954,0.81755,0.8159269977855168,5.57179401065539,STOP,5.65679401065539,0.085,legacy_fixed_r_v1,2026-09-11 20:55:00+00:00,2026-09-13 21:00:00+00:00,2026-09-13 21:20:00+00:00,5
372982,372988,0.81687,0.8166247303301287,0.6691820046764756,STOP,0.7541820046764756,0.085,legacy_fixed_r_v1,2026-09-13 23:40:00+00:00,2026-09-13 23:45:00+00:00,2026-09-14 00:10:00+00:00,6
373051,373054,0.81809,0.8179239862101385,0.6165381453876654,STOP,0.7015381453876653,0.085,legacy_fixed_r_v1,2026-09-14 05:25:00+00:00,2026-09-14 05:30:00+00:00,2026-09-14 05:40:00+00:00,3
373125,373134,0.81678,0.817192420149476,-1.08499999999987,STOP,-0.9999999999998701,0.085,legacy_fixed_r_v1,2026-09-14 11:35:00+00:00,2026-09-14 11:40:00+00:00,2026-09-14 12:20:00+00:00,9
373179,373190,0.81691,0.8157149430666546,1.9143292794335964,STOP,1.9993292794335964,0.085,legacy_fixed_r_v1,2026-09-14 16:05:00+00:00,2026-09-14 16:10:00+00:00,2026-09-14 17:00:00+00:00,11
373238,373241,0.81776,0.8168821767482887,2.929779493878964,STOP,3.014779493878964,0.085,legacy_fixed_r_v1,2026-09-14 21:00:00+00:00,2026-09-14 21:05:00+00:00,2026-09-14 21:15:00+00:00,3
373310,373314,0.81787,0.8180744693825052,-1.0850000000000695,STOP,-1.0000000000000695,0.085,legacy_fixed_r_v1,2026-09-15 03:00:00+00:00,2026-09-15 03:05:00+00:00,2026-09-15 03:20:00+00:00,4
373525,373527,0.81895,0.81766713315854,6.586632277328758,STOP,6.671632277328758,0.085,legacy_fixed_r_v1,2026-09-15 20:55:00+00:00,2026-09-15 21:00:00+00:00,2026-09-15 21:05:00+00:00,2
