event_i,exit_i,entry,exit,R,reason,signal_datetime,entry_datetime,exit_datetime,duration_bars
55,61,1.27175,1.27129061625468,0.8587007839087398,STOP,2024-01-01 21:35:00,2024-01-01 21:40:00,2024-01-01 22:05:00,6
71,78,1.27192,1.271480598023998,0.852845817127928,STOP,2024-01-01 22:55:00,2024-01-01 23:00:00,2024-01-01 23:30:00,7
140,149,1.27276,1.2711339829856605,1.5819141997557349,STOP,2024-01-02 04:40:00,2024-01-02 04:45:00,2024-01-02 05:25:00,9
155,160,1.26957,1.267506594463288,1.9535198078713183,STOP,2024-01-02 05:55:00,2024-01-02 06:00:00,2024-01-02 06:20:00,5
175,191,1.26484,1.2630750572055516,1.5365132118868796,STOP,2024-01-02 07:35:00,2024-01-02 07:40:00,2024-01-02 08:55:00,16
275,315,1.26185,1.2624228473374608,-1.08500000000014,STOP,2024-01-02 15:55:00,2024-01-02 16:00:00,2024-01-02 19:15:00,40
448,454,1.26213,1.2629246765391116,-1.085000000000137,STOP,2024-01-03 06:20:00,2024-01-03 06:25:00,2024-01-03 06:50:00,6
759,765,1.26938,1.267724923182603,1.8184742733484143,STOP,2024-01-04 08:15:00,2024-01-04 08:20:00,2024-01-04 08:45:00,6
778,780,1.26827,1.269395064235546,-1.0850000000000504,STOP,2024-01-04 09:50:00,2024-01-04 09:55:00,2024-01-04 10:00:00,2
843,868,1.2682,1.2687741930997536,-1.0850000000001796,STOP,2024-01-04 15:15:00,2024-01-04 15:20:00,2024-01-04 17:25:00,25
948,963,1.26769,1.267138929640938,1.5365745085425662,STOP,2024-01-05 00:05:00,2024-01-05 00:10:00,2024-01-05 01:20:00,15
1022,1033,1.26563,1.2663061693571613,-1.0849999999998752,STOP,2024-01-05 06:15:00,2024-01-05 06:20:00,2024-01-05 07:10:00,11
1151,1159,1.27293,1.271551092245631,2.1959809664024146,STOP,2024-01-07 17:00:00,2024-01-07 17:05:00,2024-01-07 17:40:00,8
1163,1172,1.27149,1.271067827068603,0.7561590019735093,STOP,2024-01-07 18:00:00,2024-01-07 18:05:00,2024-01-07 18:45:00,9
1209,1222,1.27128,1.2701361480207645,2.6734982313302122,STOP,2024-01-07 21:50:00,2024-01-07 21:55:00,2024-01-07 22:55:00,13
1241,1246,1.27002,1.2703646861634141,-1.0850000000002322,STOP,2024-01-08 00:30:00,2024-01-08 00:35:00,2024-01-08 00:55:00,5
1448,1463,1.27487,1.274268439665613,1.668602376216885,STOP,2024-01-08 17:45:00,2024-01-08 17:50:00,2024-01-08 19:00:00,15
1527,1537,1.27414,1.2745465808306093,-1.0850000000002424,STOP,2024-01-09 00:20:00,2024-01-09 00:25:00,2024-01-09 01:10:00,10
1548,1554,1.27446,1.2749361640706909,-1.084999999999825,STOP,2024-01-09 02:05:00,2024-01-09 02:10:00,2024-01-09 02:35:00,6
1656,1658,1.26906,1.2699725263958468,-1.0849999999999598,STOP,2024-01-09 11:05:00,2024-01-09 11:10:00,2024-01-09 11:15:00,2
1702,1707,1.27004,1.2706284799216532,-1.0849999999998217,STOP,2024-01-09 14:55:00,2024-01-09 15:00:00,2024-01-09 15:20:00,5
1785,1792,1.27031,1.2706909218046654,-1.0849999999999747,STOP,2024-01-09 21:50:00,2024-01-09 21:55:00,2024-01-09 22:25:00,7
1816,1827,1.2705,1.2696481779398872,2.90357057855156,STOP,2024-01-10 00:25:00,2024-01-10 00:30:00,2024-01-10 01:20:00,11
1927,1937,1.27197,1.2726919358153825,-1.084999999999901,STOP,2024-01-10 09:40:00,2024-01-10 09:45:00,2024-01-10 10:30:00,10
2153,2161,1.27438,1.2739083270759153,0.6837211227268627,STOP,2024-01-11 04:30:00,2024-01-11 04:35:00,2024-01-11 05:10:00,8
2170,2172,1.27469,1.2752792370272703,-1.0850000000001006,STOP,2024-01-11 05:55:00,2024-01-11 06:00:00,2024-01-11 06:05:00,2
2241,2255,1.27121,1.2728728308907342,-1.0850000000000422,STOP,2024-01-11 11:50:00,2024-01-11 11:55:00,2024-01-11 13:00:00,14
2375,2401,1.27722,1.2776421642953253,-1.0849999999998061,STOP,2024-01-11 23:00:00,2024-01-11 23:05:00,2024-01-12 01:10:00,26
2410,2412,1.27747,1.2767950599957194,1.4247562557830002,STOP,2024-01-12 01:55:00,2024-01-12 02:00:00,2024-01-12 02:05:00,2
2463,2469,1.27471,1.2729828591853691,2.534619739699436,STOP,2024-01-12 06:20:00,2024-01-12 06:25:00,2024-01-12 06:50:00,6
2603,2619,1.27399,1.2733592964649705,0.9694235738222166,STOP,2024-01-14 18:00:00,2024-01-14 18:05:00,2024-01-14 19:20:00,16
2745,2755,1.27279,1.2735351320159078,-1.0850000000000686,STOP,2024-01-15 05:50:00,2024-01-15 05:55:00,2024-01-15 06:40:00,10
2866,2901,1.27272,1.271582599674349,5.66516642408744,STOP,2024-01-15 15:55:00,2024-01-15 16:00:00,2024-01-15 18:50:00,35
2960,2965,1.26783,1.2682142244672667,-1.0850000000000937,STOP,2024-01-15 23:45:00,2024-01-15 23:50:00,2024-01-16 00:10:00,5
3018,3021,1.26472,1.2641462235849674,0.4368826148300817,STOP,2024-01-16 04:35:00,2024-01-16 04:40:00,2024-01-16 04:50:00,3
3230,3236,1.26251,1.2618963134473502,1.2284241965732803,STOP,2024-01-16 22:15:00,2024-01-16 22:20:00,2024-01-16 22:45:00,6
3248,3255,1.26246,1.261278061499767,2.673914674515511,STOP,2024-01-16 23:45:00,2024-01-16 23:50:00,2024-01-17 00:20:00,7
3353,3366,1.26527,1.2648583683789476,0.3533746775405642,STOP,2024-01-17 08:30:00,2024-01-17 08:35:00,2024-01-17 09:35:00,13
3371,3372,1.2654,1.266506101227704,-1.0849999999999662,STOP,2024-01-17 10:00:00,2024-01-17 10:05:00,2024-01-17 10:05:00,1
3454,3458,1.2679,1.267529488267909,0.801934979568996,STOP,2024-01-17 16:55:00,2024-01-17 17:00:00,2024-01-17 17:15:00,4
3466,3490,1.26772,1.2681073321193306,-1.08499999999991,STOP,2024-01-17 17:55:00,2024-01-17 18:00:00,2024-01-17 19:55:00,24
3546,3550,1.26837,1.2687466731745143,-1.0850000000001745,STOP,2024-01-18 00:35:00,2024-01-18 00:40:00,2024-01-18 00:55:00,4
3597,3599,1.26824,1.2678095631276463,0.4156079526618854,STOP,2024-01-18 04:50:00,2024-01-18 04:55:00,2024-01-18 05:00:00,2
3629,3642,1.26775,1.2684856087842313,-1.0850000000000461,STOP,2024-01-18 07:30:00,2024-01-18 07:35:00,2024-01-18 08:35:00,13
3833,3838,1.27028,1.2698657976275844,1.167748499588877,STOP,2024-01-19 00:30:00,2024-01-19 00:35:00,2024-01-19 00:55:00,5
3883,3886,1.26736,1.2681919698464479,-1.0849999999998947,STOP,2024-01-19 04:40:00,2024-01-19 04:45:00,2024-01-19 04:55:00,3
4235,4246,1.27123,1.2720791872316082,-1.08499999999993,STOP,2024-01-22 11:00:00,2024-01-22 11:05:00,2024-01-22 11:55:00,11
4264,4277,1.27085,1.2701590085794108,1.0375833341020162,STOP,2024-01-22 13:25:00,2024-01-22 13:30:00,2024-01-22 14:30:00,13
4294,4341,1.27089,1.2713610122203247,-1.0850000000002138,STOP,2024-01-22 15:55:00,2024-01-22 16:00:00,2024-01-22 19:50:00,47
4468,4477,1.27034,1.2710030646552783,-1.0849999999999964,STOP,2024-01-23 06:25:00,2024-01-23 06:30:00,2024-01-23 07:10:00,9
4835,4840,1.27398,1.273499611735757,0.4585174543965886,STOP,2024-01-24 13:00:00,2024-01-24 13:05:00,2024-01-24 13:25:00,5
4870,4880,1.27166,1.2722501832224395,-1.0849999999998163,STOP,2024-01-24 15:55:00,2024-01-24 16:00:00,2024-01-24 16:45:00,10
4908,4913,1.27126,1.2708984990024659,0.9141887478286802,STOP,2024-01-24 19:05:00,2024-01-24 19:10:00,2024-01-24 19:30:00,5
4978,4984,1.27111,1.2714220453093141,-1.0850000000001954,STOP,2024-01-25 00:55:00,2024-01-25 01:00:00,2024-01-25 01:25:00,6
5114,5122,1.27059,1.2687359561656177,1.7280658901725763,STOP,2024-01-25 12:15:00,2024-01-25 12:20:00,2024-01-25 12:55:00,8
5205,5210,1.27051,1.27085956675461,-1.0849999999999451,STOP,2024-01-25 19:50:00,2024-01-25 19:55:00,2024-01-25 20:15:00,5
5251,5265,1.27046,1.2707649194424842,-1.085000000000053,STOP,2024-01-25 23:40:00,2024-01-25 23:45:00,2024-01-26 00:50:00,14
5457,5462,1.27038,1.2699598285515679,1.110381094688227,STOP,2024-01-26 16:50:00,2024-01-26 16:55:00,2024-01-28 17:15:00,5
5471,5474,1.26947,1.269235700788857,0.5006639103019855,STOP,2024-01-28 18:00:00,2024-01-28 18:05:00,2024-01-28 18:15:00,3
5493,5494,1.26924,1.269611250190782,-1.0850000000000135,STOP,2024-01-28 19:50:00,2024-01-28 19:55:00,2024-01-28 19:55:00,1
5637,5644,1.26993,1.2691158186183,1.1617441149288672,STOP,2024-01-29 07:50:00,2024-01-29 07:55:00,2024-01-29 08:25:00,7
5666,5668,1.26702,1.266654240836812,0.40626925984473844,STOP,2024-01-29 10:15:00,2024-01-29 10:20:00,2024-01-29 10:25:00,2
5827,5832,1.27081,1.2705786070893634,0.6172738421079708,STOP,2024-01-29 23:40:00,2024-01-29 23:45:00,2024-01-30 00:05:00,5
5849,5858,1.27039,1.2687345173207898,4.524224341913847,STOP,2024-01-30 01:30:00,2024-01-30 01:35:00,2024-01-30 02:15:00,9
5919,5923,1.26741,1.2670858760236436,0.48380996800822057,STOP,2024-01-30 07:20:00,2024-01-30 07:25:00,2024-01-30 07:40:00,4
6142,6144,1.267,1.2673006785972367,-1.0850000000000979,STOP,2024-01-31 01:55:00,2024-01-31 02:00:00,2024-01-31 02:05:00,2
6286,6287,1.27194,1.2726022220272923,-1.085000000000037,STOP,2024-01-31 13:55:00,2024-01-31 14:00:00,2024-01-31 14:00:00,1
6346,6355,1.26801,1.2685433087771796,-1.0850000000000883,STOP,2024-01-31 18:55:00,2024-01-31 19:00:00,2024-01-31 19:40:00,9
6413,6420,1.2675,1.2669310433793175,1.3554019178916967,STOP,2024-02-01 00:30:00,2024-02-01 00:35:00,2024-02-01 01:05:00,7
6490,6491,1.26431,1.2651144312289386,-1.085000000000011,STOP,2024-02-01 06:55:00,2024-02-01 07:00:00,2024-02-01 07:00:00,1
6779,6791,1.2754,1.2760642168090006,-1.0849999999999838,STOP,2024-02-02 07:00:00,2024-02-02 07:05:00,2024-02-02 08:00:00,12
6812,6821,1.26609,1.2640100159789296,1.4208378758074012,STOP,2024-02-02 09:45:00,2024-02-02 09:50:00,2024-02-02 10:30:00,9
6847,6859,1.26184,1.2628175435824636,-1.0849999999999158,STOP,2024-02-02 12:40:00,2024-02-02 12:45:00,2024-02-02 13:40:00,12
6923,6933,1.26206,1.260650050574859,1.9315318571456586,STOP,2024-02-04 19:00:00,2024-02-04 19:05:00,2024-02-04 19:50:00,10
7061,7069,1.25798,1.2570116456949083,1.174140211009871,STOP,2024-02-05 06:30:00,2024-02-05 06:35:00,2024-02-05 07:10:00,8
7089,7092,1.25504,1.2557534089466418,-1.085000000000111,STOP,2024-02-05 08:50:00,2024-02-05 08:55:00,2024-02-05 09:05:00,3
7349,7352,1.25514,1.2557729556701527,-1.0849999999998814,STOP,2024-02-06 06:30:00,2024-02-06 06:35:00,2024-02-06 06:45:00,3
7476,7481,1.26002,1.259561129411218,0.9767035283191778,STOP,2024-02-06 17:05:00,2024-02-06 17:10:00,2024-02-06 17:30:00,5
7546,7568,1.2602,1.2605811731825611,-1.085000000000158,STOP,2024-02-06 22:55:00,2024-02-06 23:00:00,2024-02-07 00:45:00,22
7715,7717,1.26257,1.263222001087723,-1.0849999999999025,STOP,2024-02-07 13:00:00,2024-02-07 13:05:00,2024-02-07 13:10:00,2
7730,7735,1.26227,1.2629045202546392,-1.0849999999998619,STOP,2024-02-07 14:15:00,2024-02-07 14:20:00,2024-02-07 14:40:00,5
7763,7765,1.26296,1.2627805367571927,0.42831290803982597,STOP,2024-02-07 17:00:00,2024-02-07 17:05:00,2024-02-07 17:10:00,2
7856,7867,1.26292,1.2632281695530962,-1.0850000000001978,STOP,2024-02-08 00:45:00,2024-02-08 00:50:00,2024-02-08 01:40:00,11
7913,7925,1.26233,1.260411321471227,2.9220897521760283,STOP,2024-02-08 05:30:00,2024-02-08 05:35:00,2024-02-08 06:30:00,12
8057,8059,1.26185,1.261487343471467,1.4209442174236233,STOP,2024-02-08 17:30:00,2024-02-08 17:35:00,2024-02-08 17:40:00,2
8123,8131,1.26132,1.2615993135414703,-1.0849999999999675,STOP,2024-02-08 23:00:00,2024-02-08 23:05:00,2024-02-08 23:40:00,8
8144,8148,1.2616,1.2614158968712859,0.7405559828202937,STOP,2024-02-09 00:45:00,2024-02-09 00:50:00,2024-02-09 01:05:00,4
8214,8221,1.2605,1.261015482984762,-1.085000000000041,STOP,2024-02-09 06:35:00,2024-02-09 06:40:00,2024-02-09 07:10:00,7
8318,8330,1.26307,1.263455733114182,-1.084999999999945,STOP,2024-02-09 15:15:00,2024-02-09 15:20:00,2024-02-09 16:15:00,12
8338,8344,1.26291,1.2624514373629845,1.2500471760864398,STOP,2024-02-09 16:55:00,2024-02-11 17:00:00,2024-02-11 17:25:00,6
8403,8409,1.26311,1.2628412260071555,0.8532143388517025,STOP,2024-02-11 22:20:00,2024-02-11 22:25:00,2024-02-11 22:50:00,6
8415,8423,1.26338,1.2629132042780336,1.6111597912109188,STOP,2024-02-11 23:20:00,2024-02-11 23:25:00,2024-02-12 00:00:00,8
8486,8490,1.26179,1.262409776604216,-1.084999999999885,STOP,2024-02-12 05:15:00,2024-02-12 05:20:00,2024-02-12 05:35:00,4
8503,8538,1.2613,1.2618678826625267,-1.0849999999998354,STOP,2024-02-12 06:40:00,2024-02-12 06:45:00,2024-02-12 09:35:00,35
8627,8629,1.26292,1.2627441497167842,0.5268672806428588,STOP,2024-02-12 17:00:00,2024-02-12 17:05:00,2024-02-12 17:10:00,2
8652,8654,1.26249,1.262361198339674,0.4180478190496096,STOP,2024-02-12 19:05:00,2024-02-12 19:10:00,2024-02-12 19:15:00,2
8672,8674,1.26213,1.2619542021939434,0.5876307272044947,STOP,2024-02-12 20:45:00,2024-02-12 20:50:00,2024-02-12 20:55:00,2
8701,8713,1.26137,1.2616482402836504,-1.0849999999999433,STOP,2024-02-12 23:10:00,2024-02-12 23:15:00,2024-02-13 00:10:00,12
8813,8833,1.25965,1.2584356099511014,0.6610939905827165,STOP,2024-02-13 08:30:00,2024-02-13 08:35:00,2024-02-13 10:10:00,20
8879,8892,1.25825,1.257722117735453,0.6985563636070236,STOP,2024-02-13 14:00:00,2024-02-13 14:05:00,2024-02-13 15:05:00,13
9127,9130,1.25426,1.255071001027338,-1.0849999999998783,STOP,2024-02-14 10:40:00,2024-02-14 10:45:00,2024-02-14 10:55:00,3
9203,9206,1.25682,1.2563179420878174,1.3743471725107883,STOP,2024-02-14 17:00:00,2024-02-14 17:05:00,2024-02-14 17:15:00,3
9364,9376,1.25467,1.2552863998813093,-1.0850000000000612,STOP,2024-02-15 06:25:00,2024-02-15 06:30:00,2024-02-15 07:25:00,12
9518,9527,1.25922,1.258440571559511,2.103293670437949,STOP,2024-02-15 19:15:00,2024-02-15 19:20:00,2024-02-15 20:00:00,9
9572,9575,1.25841,1.2582487180368405,0.46184613588600715,STOP,2024-02-15 23:45:00,2024-02-15 23:50:00,2024-02-16 00:00:00,3
9696,9707,1.25758,1.2586357660159,-1.0849999999999693,STOP,2024-02-16 10:05:00,2024-02-16 10:10:00,2024-02-16 11:00:00,11
9861,9863,1.26146,1.2617218688928469,-1.0849999999999165,STOP,2024-02-18 23:50:00,2024-02-18 23:55:00,2024-02-19 00:00:00,2
9958,9961,1.26078,1.2612080976681903,-1.0850000000000215,STOP,2024-02-19 07:55:00,2024-02-19 08:00:00,2024-02-19 08:10:00,3
9977,9995,1.25939,1.2587587280318953,1.3048853484612712,STOP,2024-02-19 09:30:00,2024-02-19 09:35:00,2024-02-19 11:00:00,18
10073,10075,1.25983,1.25970483034072,0.6286085511613759,STOP,2024-02-19 17:30:00,2024-02-19 17:35:00,2024-02-19 17:40:00,2
10091,10097,1.25881,1.259106758346852,-1.0850000000002988,STOP,2024-02-19 19:00:00,2024-02-19 19:05:00,2024-02-19 19:30:00,6
10156,10159,1.25841,1.258162329263573,0.8943692874469806,STOP,2024-02-20 00:25:00,2024-02-20 00:30:00,2024-02-20 00:40:00,3
10359,10366,1.26247,1.2621655306189625,1.0701746389734785,STOP,2024-02-20 17:20:00,2024-02-20 17:25:00,2024-02-20 17:55:00,7
10716,10721,1.26359,1.2639000051003406,-1.0849999999998574,STOP,2024-02-21 23:05:00,2024-02-21 23:10:00,2024-02-21 23:30:00,5
10827,10830,1.26517,1.2647270876536683,0.5634169246317966,STOP,2024-02-22 08:20:00,2024-02-22 08:25:00,2024-02-22 08:35:00,3
10942,10946,1.26593,1.2662484337561526,-1.084999999999694,STOP,2024-02-22 17:55:00,2024-02-22 18:00:00,2024-02-22 18:15:00,4
10962,10966,1.26539,1.265827498577932,-1.0850000000000628,STOP,2024-02-22 19:35:00,2024-02-22 19:40:00,2024-02-22 19:55:00,4
11025,11032,1.26624,1.2661129798969597,0.5883229105008719,STOP,2024-02-23 00:50:00,2024-02-23 00:55:00,2024-02-23 01:25:00,7
11067,11072,1.2662,1.265319973087215,1.4648987896571704,STOP,2024-02-23 04:20:00,2024-02-23 04:25:00,2024-02-23 04:45:00,5
11218,11222,1.26823,1.267310621140901,2.6402200083006724,STOP,2024-02-23 16:55:00,2024-02-25 17:00:00,2024-02-25 17:15:00,4
11247,11259,1.26689,1.2662795012574855,1.5127012411244862,STOP,2024-02-25 19:20:00,2024-02-25 19:25:00,2024-02-25 20:20:00,12
11282,11297,1.26592,1.2662313900936992,-1.0849999999999014,STOP,2024-02-25 22:15:00,2024-02-25 22:20:00,2024-02-25 23:30:00,15
11413,11425,1.26834,1.2676012146527529,1.0082844594124087,STOP,2024-02-26 09:10:00,2024-02-26 09:15:00,2024-02-26 10:10:00,12
11539,11548,1.26794,1.2676263285753593,0.9270523594095428,STOP,2024-02-26 19:40:00,2024-02-26 19:45:00,2024-02-26 20:25:00,9
11567,11570,1.26795,1.2677191898855302,0.6756290389320322,STOP,2024-02-26 22:00:00,2024-02-26 22:05:00,2024-02-26 22:15:00,3
11664,11675,1.26829,1.2689324797852404,-1.0849999999999136,STOP,2024-02-27 06:05:00,2024-02-27 06:10:00,2024-02-27 07:00:00,11
11825,11830,1.26793,1.2682051428340664,-1.0850000000002886,STOP,2024-02-27 19:30:00,2024-02-27 19:35:00,2024-02-27 19:55:00,5
11847,11859,1.26736,1.2668943337853682,1.1325049045597162,STOP,2024-02-27 21:20:00,2024-02-27 21:25:00,2024-02-27 22:20:00,12
11883,11890,1.26635,1.265853435963339,1.873492799072396,STOP,2024-02-28 00:20:00,2024-02-28 00:25:00,2024-02-28 00:55:00,7
11901,11912,1.26557,1.2646872260810635,3.122815869291926,STOP,2024-02-28 01:50:00,2024-02-28 01:55:00,2024-02-28 02:45:00,11
11934,11940,1.26275,1.2633479705982482,-1.0849999999998232,STOP,2024-02-28 04:35:00,2024-02-28 04:40:00,2024-02-28 05:05:00,6
12244,12248,1.26556,1.2652009399977053,0.41808537457766565,STOP,2024-02-29 06:25:00,2024-02-29 06:30:00,2024-02-29 06:45:00,4
12263,12267,1.26358,1.2643050769021034,-1.0850000000000775,STOP,2024-02-29 08:00:00,2024-02-29 08:05:00,2024-02-29 08:20:00,4
12343,12354,1.26151,1.2620508553911916,-1.0850000000000934,STOP,2024-02-29 14:40:00,2024-02-29 14:45:00,2024-02-29 15:35:00,11
12571,12575,1.26188,1.2604466304242583,1.708484670160622,STOP,2024-03-01 09:40:00,2024-03-01 09:45:00,2024-03-01 10:00:00,4
12652,12662,1.26565,1.2652382976776677,1.1773558928389263,STOP,2024-03-01 16:25:00,2024-03-01 16:30:00,2024-03-03 17:15:00,10
12930,12941,1.2693,1.2687516222229074,1.6277533291677697,STOP,2024-03-04 15:35:00,2024-03-04 15:40:00,2024-03-04 16:30:00,11
12947,12953,1.26939,1.2690925488760163,0.9376555460618292,STOP,2024-03-04 17:00:00,2024-03-04 17:05:00,2024-03-04 17:30:00,6
13039,13048,1.26835,1.2678904593945195,1.7181489080090577,STOP,2024-03-05 00:40:00,2024-03-05 00:45:00,2024-03-05 01:25:00,9
13132,13133,1.2682,1.2687262852935013,-1.0850000000000528,STOP,2024-03-05 08:25:00,2024-03-05 08:30:00,2024-03-05 08:30:00,1
13213,13219,1.26974,1.2702238660368388,-1.084999999999959,STOP,2024-03-05 15:10:00,2024-03-05 15:15:00,2024-03-05 15:40:00,6
13259,13267,1.27002,1.2695857374507087,1.3841832714252489,STOP,2024-03-05 19:00:00,2024-03-05 19:05:00,2024-03-05 19:40:00,8
13526,13536,1.27334,1.2730948305913838,0.5207127743937867,STOP,2024-03-06 17:15:00,2024-03-06 17:20:00,2024-03-06 18:05:00,10
14066,14069,1.28478,1.2853565976541375,-1.084999999999972,STOP,2024-03-08 14:15:00,2024-03-08 14:20:00,2024-03-08 14:30:00,3
14204,14209,1.28481,1.2850803724449418,-1.0850000000003202,STOP,2024-03-11 00:45:00,2024-03-11 00:50:00,2024-03-11 01:10:00,5
14324,14332,1.28035,1.281089783952823,-1.0849999999998827,STOP,2024-03-11 10:45:00,2024-03-11 10:50:00,2024-03-11 11:25:00,8
14543,14550,1.27894,1.2795514517859543,-1.0849999999999393,STOP,2024-03-12 05:00:00,2024-03-12 05:05:00,2024-03-12 05:35:00,7
14568,14569,1.27882,1.2792986049101476,-1.0849999999999809,STOP,2024-03-12 07:05:00,2024-03-12 07:10:00,2024-03-12 07:10:00,1
14910,14915,1.27932,1.280002616014123,-1.0849999999998552,STOP,2024-03-13 11:35:00,2024-03-13 11:40:00,2024-03-13 12:00:00,5
14944,14951,1.2793,1.2797225322081378,-1.0850000000002609,STOP,2024-03-13 14:25:00,2024-03-13 14:30:00,2024-03-13 15:00:00,7
15033,15045,1.27947,1.2790707241698271,1.2281766533818146,STOP,2024-03-13 21:50:00,2024-03-13 21:55:00,2024-03-13 22:50:00,12
15047,15055,1.27878,1.27909103207078,-1.084999999999649,STOP,2024-03-13 23:00:00,2024-03-13 23:05:00,2024-03-13 23:40:00,8
15069,15074,1.27896,1.2792499534900135,-1.0849999999996598,STOP,2024-03-14 00:50:00,2024-03-14 00:55:00,2024-03-14 01:15:00,5
15146,15148,1.28021,1.279570250350734,1.1449221180045266,STOP,2024-03-14 07:15:00,2024-03-14 07:20:00,2024-03-14 07:25:00,2
15174,15188,1.27574,1.2739192704709144,1.7161842875917264,STOP,2024-03-14 09:35:00,2024-03-14 09:40:00,2024-03-14 10:45:00,14
15287,15290,1.27419,1.2739325709532772,0.761941027376826,STOP,2024-03-14 19:00:00,2024-03-14 19:05:00,2024-03-14 19:15:00,3
15477,15488,1.27382,1.273437822651945,0.4403086617941305,STOP,2024-03-15 10:50:00,2024-03-15 10:55:00,2024-03-15 11:45:00,11
15575,15585,1.27297,1.2732702771870519,-1.0850000000002988,STOP,2024-03-17 19:00:00,2024-03-17 19:05:00,2024-03-17 19:50:00,10
15622,15625,1.2727,1.2729781603841013,-1.0849999999997513,STOP,2024-03-17 22:55:00,2024-03-17 23:00:00,2024-03-17 23:10:00,3
15760,15763,1.27299,1.2727215302122503,0.40873166707439795,STOP,2024-03-18 10:25:00,2024-03-18 10:30:00,2024-03-18 10:40:00,3
15777,15790,1.27273,1.2722462274983501,0.7470987725004666,STOP,2024-03-18 11:50:00,2024-03-18 11:55:00,2024-03-18 12:55:00,13
15863,15870,1.27253,1.2722759760868596,0.9623855565360084,STOP,2024-03-18 19:00:00,2024-03-18 19:05:00,2024-03-18 19:35:00,7
15935,15938,1.2704,1.270844581878504,-1.0850000000000846,STOP,2024-03-19 01:00:00,2024-03-19 01:05:00,2024-03-19 01:15:00,3
16149,16152,1.27194,1.2716464983662987,1.3296730761100797,STOP,2024-03-19 18:50:00,2024-03-19 18:55:00,2024-03-19 19:05:00,3
16275,16277,1.26913,1.2697448804974931,-1.0850000000001396,STOP,2024-03-20 05:20:00,2024-03-20 05:25:00,2024-03-20 05:30:00,2
16301,16304,1.26861,1.269117980190318,-1.0850000000001139,STOP,2024-03-20 07:30:00,2024-03-20 07:35:00,2024-03-20 07:45:00,3
16505,16511,1.27956,1.2790635853604913,1.4914829069083655,STOP,2024-03-21 00:30:00,2024-03-21 00:35:00,2024-03-21 01:00:00,6
16576,16580,1.27563,1.2751014803353733,0.7212872411120482,STOP,2024-03-21 06:25:00,2024-03-21 06:30:00,2024-03-21 06:45:00,4
16604,16610,1.27116,1.2705333709210496,0.5465364805675749,STOP,2024-03-21 08:45:00,2024-03-21 08:50:00,2024-03-21 09:15:00,6
16619,16625,1.26895,1.2670049542547548,1.8097100395014736,STOP,2024-03-21 10:00:00,2024-03-21 10:05:00,2024-03-21 10:30:00,6
16677,16689,1.26525,1.2656402277012662,-1.0850000000000055,STOP,2024-03-21 14:50:00,2024-03-21 14:55:00,2024-03-21 15:50:00,12
16715,16720,1.26562,1.2658597716302373,-1.0850000000001971,STOP,2024-03-21 18:00:00,2024-03-21 18:05:00,2024-03-21 18:25:00,5
16769,16789,1.264,1.2645126787560428,-1.0850000000002156,STOP,2024-03-21 22:30:00,2024-03-21 22:35:00,2024-03-22 00:10:00,20
16794,16798,1.26374,1.2641704952290926,-1.085000000000051,STOP,2024-03-22 00:35:00,2024-03-22 00:40:00,2024-03-22 00:55:00,4
16850,16872,1.25828,1.2590320675670181,-1.0849999999999975,STOP,2024-03-22 05:15:00,2024-03-22 05:20:00,2024-03-22 07:05:00,22
16932,16973,1.25922,1.2599021731377427,-1.0849999999998865,STOP,2024-03-22 12:05:00,2024-03-22 12:10:00,2024-03-22 15:30:00,41
17099,17101,1.26028,1.2606349908207914,-1.0850000000000104,STOP,2024-03-25 02:00:00,2024-03-25 02:05:00,2024-03-25 02:10:00,2
17266,17308,1.26376,1.2635977985351579,0.644885531604046,STOP,2024-03-25 15:55:00,2024-03-25 16:00:00,2024-03-25 19:25:00,42
17347,17358,1.26372,1.2640420708091404,-1.0850000000001228,STOP,2024-03-25 22:40:00,2024-03-25 22:45:00,2024-03-25 23:35:00,11
17451,17470,1.26441,1.2639449171748653,0.6353214241101313,STOP,2024-03-26 07:20:00,2024-03-26 07:25:00,2024-03-26 08:55:00,19
17494,17566,1.26288,1.26286,-0.05803781225641192,TIME,2024-03-26 10:55:00,2024-03-26 11:00:00,2024-03-26 16:55:00,72
17593,17596,1.26248,1.2621373530179407,1.6001956953286405,STOP,2024-03-26 19:10:00,2024-03-26 19:15:00,2024-03-26 19:25:00,3
17634,17640,1.2611,1.261484303216838,-1.085000000000248,STOP,2024-03-26 22:35:00,2024-03-26 22:40:00,2024-03-26 23:05:00,6
17733,17736,1.26166,1.2611153665589883,0.7910273926209702,STOP,2024-03-27 06:50:00,2024-03-27 06:55:00,2024-03-27 07:05:00,3
17988,17992,1.25983,1.2588878475554717,1.6710837812450845,STOP,2024-03-28 04:05:00,2024-03-28 04:10:00,2024-03-28 04:25:00,4
18174,18177,1.26204,1.2623060092212346,-1.0849999999999127,STOP,2024-03-28 19:35:00,2024-03-28 19:40:00,2024-03-28 19:50:00,3
18192,18207,1.26201,1.2623434273392533,-1.084999999999736,STOP,2024-03-28 21:05:00,2024-03-28 21:10:00,2024-03-28 22:20:00,15
18227,18242,1.26218,1.2618999309746375,1.257677172722495,STOP,2024-03-29 00:00:00,2024-03-29 00:05:00,2024-03-29 01:15:00,15
18316,18317,1.26167,1.262059816519724,-1.0849999999997675,STOP,2024-03-29 07:25:00,2024-03-29 07:30:00,2024-03-29 07:30:00,1
18372,18380,1.26266,1.261994791061233,2.4176156353082954,STOP,2024-03-29 12:05:00,2024-03-29 12:10:00,2024-03-29 12:45:00,8
18399,18401,1.26194,1.2620887874470872,-1.085000000000079,STOP,2024-03-29 14:20:00,2024-03-29 14:25:00,2024-03-29 14:30:00,2
18480,18481,1.26264,1.2629862361719644,-1.0850000000002797,STOP,2024-03-31 23:05:00,2024-03-31 23:10:00,2024-03-31 23:10:00,1
18512,18522,1.26275,1.2626150534056542,0.37112613046621284,STOP,2024-04-01 01:45:00,2024-04-01 01:50:00,2024-04-01 02:35:00,10
18556,18570,1.26202,1.2611321797799637,1.8498431874437071,STOP,2024-04-01 05:25:00,2024-04-01 05:30:00,2024-04-01 06:35:00,14
18577,18590,1.26151,1.2609286728227378,1.2718070848183596,STOP,2024-04-01 07:10:00,2024-04-01 07:15:00,2024-04-01 08:15:00,13
18671,18690,1.2547,1.2550326788991422,-1.0850000000001017,STOP,2024-04-01 15:00:00,2024-04-01 15:05:00,2024-04-01 16:35:00,19
18719,18724,1.25444,1.2547235235922036,-1.085000000000042,STOP,2024-04-01 19:00:00,2024-04-01 19:05:00,2024-04-01 19:25:00,5
18765,18773,1.25466,1.2542761726235812,1.0697103213905153,STOP,2024-04-01 22:50:00,2024-04-01 22:55:00,2024-04-01 23:30:00,8
19019,19027,1.25746,1.2572418687028928,0.903483228366166,STOP,2024-04-02 20:00:00,2024-04-02 20:05:00,2024-04-02 20:40:00,8
19449,19457,1.26517,1.2656379195245022,-1.0850000000001971,STOP,2024-04-04 07:50:00,2024-04-04 07:55:00,2024-04-04 08:30:00,8
19524,19532,1.26591,1.2647349023164345,2.8711339791008372,STOP,2024-04-04 14:05:00,2024-04-04 14:10:00,2024-04-04 14:45:00,8
19559,19562,1.26425,1.2638120528093686,0.9737710678884568,STOP,2024-04-04 17:00:00,2024-04-04 17:05:00,2024-04-04 17:15:00,3
19578,19596,1.26419,1.2639139081592987,0.768823419944923,STOP,2024-04-04 18:35:00,2024-04-04 18:40:00,2024-04-04 20:05:00,18
19761,19767,1.25988,1.261170748058736,-1.085000000000025,STOP,2024-04-05 09:50:00,2024-04-05 09:55:00,2024-04-05 10:20:00,6
19848,19859,1.26356,1.2631606037342717,0.7941753422371781,STOP,2024-04-07 17:05:00,2024-04-07 17:10:00,2024-04-07 18:00:00,11
19883,19886,1.26192,1.2616292351356944,0.6964125265652328,STOP,2024-04-07 20:00:00,2024-04-07 20:05:00,2024-04-07 20:15:00,3
19901,19905,1.26228,1.262678825849188,-1.0850000000002524,STOP,2024-04-07 21:30:00,2024-04-07 21:35:00,2024-04-07 21:50:00,4
19998,20007,1.26234,1.2629142419563142,-1.0850000000000137,STOP,2024-04-08 05:35:00,2024-04-08 05:40:00,2024-04-08 06:20:00,9
20021,20029,1.2621,1.2617679898756933,0.5394860370819159,STOP,2024-04-08 07:30:00,2024-04-08 07:35:00,2024-04-08 08:10:00,8
20140,20147,1.2657,1.2653999048238564,0.8346004122579569,STOP,2024-04-08 17:25:00,2024-04-08 17:30:00,2024-04-08 18:00:00,7
20399,20402,1.26672,1.266506845953179,0.49148912607729384,STOP,2024-04-09 15:00:00,2024-04-09 15:05:00,2024-04-09 15:15:00,3
20460,20469,1.26765,1.2674869646606104,0.9101985219402654,STOP,2024-04-09 20:05:00,2024-04-09 20:10:00,2024-04-09 20:50:00,9
20663,20666,1.25276,1.2537106844123342,-1.0849999999999964,STOP,2024-04-10 13:00:00,2024-04-10 13:05:00,2024-04-10 13:15:00,3
20722,20749,1.2539,1.2534346829763694,0.9579832143254152,STOP,2024-04-10 17:55:00,2024-04-10 18:00:00,2024-04-10 20:10:00,27
20934,20939,1.25243,1.2534848666486311,-1.085000000000081,STOP,2024-04-11 11:35:00,2024-04-11 11:40:00,2024-04-11 12:00:00,5
21011,21022,1.25563,1.2554728160037687,0.592831985369194,STOP,2024-04-11 18:00:00,2024-04-11 18:05:00,2024-04-11 18:55:00,11
21035,21036,1.25515,1.2553695870263397,-1.0850000000002562,STOP,2024-04-11 20:00:00,2024-04-11 20:05:00,2024-04-11 20:05:00,1
21072,21078,1.25535,1.2549472126582577,1.1796436122837615,STOP,2024-04-11 23:05:00,2024-04-11 23:10:00,2024-04-11 23:35:00,6
21095,21103,1.25407,1.2543545953491362,-1.0849999999998616,STOP,2024-04-12 01:00:00,2024-04-12 01:05:00,2024-04-12 01:40:00,8
21142,21149,1.25084,1.2495228559045395,1.8009961179128073,STOP,2024-04-12 04:55:00,2024-04-12 05:00:00,2024-04-12 05:30:00,7
21186,21191,1.24674,1.2458329510299684,1.1350564586000274,STOP,2024-04-12 08:35:00,2024-04-12 08:40:00,2024-04-12 09:00:00,5
21288,21293,1.24497,1.2439586344932005,1.8745074974571945,STOP,2024-04-14 17:05:00,2024-04-14 17:10:00,2024-04-14 17:30:00,5
21473,21475,1.24552,1.246371216482221,-1.085000000000053,STOP,2024-04-15 08:30:00,2024-04-15 08:35:00,2024-04-15 08:40:00,2
21820,21822,1.24255,1.2417676056350542,1.0089097577441752,STOP,2024-04-16 13:25:00,2024-04-16 13:30:00,2024-04-16 13:35:00,2
21899,21903,1.24272,1.2430686344686255,-1.0850000000001525,STOP,2024-04-16 20:00:00,2024-04-16 20:05:00,2024-04-16 20:20:00,4
22033,22048,1.24608,1.2450341359349435,1.4127626498001582,STOP,2024-04-17 07:10:00,2024-04-17 07:15:00,2024-04-17 08:25:00,15
22091,22105,1.24296,1.2439037295222828,-1.085000000000086,STOP,2024-04-17 12:00:00,2024-04-17 12:05:00,2024-04-17 13:10:00,14
22187,22193,1.24491,1.2451886860601011,-1.084999999999834,STOP,2024-04-17 20:00:00,2024-04-17 20:05:00,2024-04-17 20:30:00,6
22304,22316,1.24737,1.2479834596392065,-1.0849999999998388,STOP,2024-04-18 05:45:00,2024-04-18 05:50:00,2024-04-18 06:45:00,12
22415,22438,1.24426,1.243649561345924,0.8882139197558911,STOP,2024-04-18 15:00:00,2024-04-18 15:05:00,2024-04-18 16:55:00,23
22473,22475,1.2437,1.2435706384941294,0.48644729419620475,STOP,2024-04-18 19:50:00,2024-04-18 19:55:00,2024-04-18 20:00:00,2
22516,22524,1.24165,1.242540172359786,-1.084999999999987,STOP,2024-04-18 23:25:00,2024-04-18 23:30:00,2024-04-19 00:05:00,8
22670,22677,1.23783,1.2388826010381464,-1.085000000000027,STOP,2024-04-19 12:15:00,2024-04-19 12:20:00,2024-04-19 12:50:00,7
22703,22739,1.23745,1.2369338874621383,0.6172143985087948,STOP,2024-04-19 15:00:00,2024-04-19 15:05:00,2024-04-21 18:00:00,36
22875,22888,1.23578,1.2338384626874406,2.5308880177355877,STOP,2024-04-22 05:20:00,2024-04-22 05:25:00,2024-04-22 06:25:00,13
22891,22900,1.23359,1.2316350100693603,2.5739998189056355,STOP,2024-04-22 06:40:00,2024-04-22 06:45:00,2024-04-22 07:25:00,9
23041,23049,1.23493,1.2351076712714666,-1.0849999999999982,STOP,2024-04-22 19:10:00,2024-04-22 19:15:00,2024-04-22 19:50:00,8
23111,23116,1.23482,1.2346647713615426,0.5060424470455426,STOP,2024-04-23 01:00:00,2024-04-23 01:05:00,2024-04-23 01:25:00,5
23303,23315,1.2451,1.2448701466479597,0.5814255504375143,STOP,2024-04-23 17:00:00,2024-04-23 17:05:00,2024-04-23 18:00:00,12
23774,23777,1.25036,1.2509608976737994,-1.0849999999999527,STOP,2024-04-25 08:15:00,2024-04-25 08:20:00,2024-04-25 08:30:00,3
23888,23893,1.25139,1.251211425045018,0.42705832149585715,STOP,2024-04-25 17:45:00,2024-04-25 17:50:00,2024-04-25 18:10:00,5
23914,23920,1.25078,1.2502418529031107,2.1637596764202307,STOP,2024-04-25 19:55:00,2024-04-25 20:00:00,2024-04-25 20:25:00,6
23947,23954,1.24998,1.2503550371228889,-1.0849999999997841,STOP,2024-04-25 22:40:00,2024-04-25 22:45:00,2024-04-25 23:15:00,7
24093,24100,1.24635,1.2456244879008067,0.5656872894352386,STOP,2024-04-26 10:50:00,2024-04-26 10:55:00,2024-04-26 11:25:00,7
24167,24181,1.24914,1.2498288334633865,-1.0850000000001176,STOP,2024-04-28 17:05:00,2024-04-28 17:10:00,2024-04-28 18:15:00,14
24553,24561,1.25415,1.2533040202139556,2.9862799966020472,STOP,2024-04-30 01:15:00,2024-04-30 01:20:00,2024-04-30 01:55:00,8
24640,24648,1.25184,1.2528674580622985,-1.084999999999994,STOP,2024-04-30 08:30:00,2024-04-30 08:35:00,2024-04-30 09:10:00,8
24743,24749,1.2496,1.2493421451810205,0.47742454685070485,STOP,2024-04-30 17:05:00,2024-04-30 17:10:00,2024-04-30 17:35:00,6
24780,24783,1.24882,1.2483736063370932,1.5199918301248727,STOP,2024-04-30 20:10:00,2024-04-30 20:15:00,2024-04-30 20:25:00,3
24803,24829,1.24803,1.247341961436938,1.9754518134736063,STOP,2024-04-30 22:05:00,2024-04-30 22:10:00,2024-05-01 00:15:00,26
24925,24928,1.24862,1.2491764720868461,-1.085000000000016,STOP,2024-05-01 08:15:00,2024-05-01 08:20:00,2024-05-01 08:30:00,3
25084,25089,1.25239,1.2529249464189887,-1.0849999999998603,STOP,2024-05-01 21:30:00,2024-05-01 21:35:00,2024-05-01 21:55:00,5
25174,25182,1.25244,1.2514171267465632,1.122059038035049,STOP,2024-05-02 05:00:00,2024-05-02 05:05:00,2024-05-02 05:40:00,8
25636,25642,1.25482,1.254221717034848,1.549807531760802,STOP,2024-05-05 19:30:00,2024-05-05 19:35:00,2024-05-05 20:00:00,6
25837,25846,1.2563,1.2567911722873988,-1.0850000000001825,STOP,2024-05-06 12:15:00,2024-05-06 12:20:00,2024-05-06 13:00:00,9
25872,25924,1.25622,1.2559014388716416,0.776798264796809,STOP,2024-05-06 15:10:00,2024-05-06 15:15:00,2024-05-06 19:30:00,52
25985,25995,1.25526,1.2555888992353788,-1.085000000000171,STOP,2024-05-07 00:35:00,2024-05-07 00:40:00,2024-05-07 01:25:00,10
26039,26053,1.25419,1.2535807995539117,0.9937933386815316,STOP,2024-05-07 05:05:00,2024-05-07 05:10:00,2024-05-07 06:15:00,14
26135,26148,1.25177,1.251042511155992,1.1251503901014361,STOP,2024-05-07 13:05:00,2024-05-07 13:10:00,2024-05-07 14:10:00,13
26149,26167,1.25042,1.251049585564925,-1.0850000000001376,STOP,2024-05-07 14:15:00,2024-05-07 14:20:00,2024-05-07 15:45:00,18
26182,26184,1.25098,1.2507038699856035,0.8083222875142276,STOP,2024-05-07 17:00:00,2024-05-07 17:05:00,2024-05-07 17:10:00,2
26216,26219,1.25015,1.2497865819028116,1.4657510212601819,STOP,2024-05-07 19:50:00,2024-05-07 19:55:00,2024-05-07 20:05:00,3
26467,26471,1.24963,1.2495165406835012,0.4215124683626507,STOP,2024-05-08 16:45:00,2024-05-08 16:50:00,2024-05-08 17:05:00,4
26505,26507,1.24935,1.2492026729878607,0.7569264986893895,STOP,2024-05-08 19:55:00,2024-05-08 20:00:00,2024-05-08 20:05:00,2
26563,26582,1.24914,1.2483790806117503,2.911162814018513,STOP,2024-05-09 00:45:00,2024-05-09 00:50:00,2024-05-09 02:20:00,19
26758,26761,1.25253,1.252220712238234,1.0034019844489876,STOP,2024-05-09 17:00:00,2024-05-09 17:05:00,2024-05-09 17:15:00,3
26795,26800,1.25235,1.2521815156521854,0.6019090617809384,STOP,2024-05-09 20:05:00,2024-05-09 20:10:00,2024-05-09 20:30:00,5
26853,26856,1.25156,1.2517639011783632,-1.08500000000046,STOP,2024-05-10 00:55:00,2024-05-10 01:00:00,2024-05-10 01:10:00,3
26934,26942,1.25273,1.253223821718195,-1.0850000000000812,STOP,2024-05-10 07:40:00,2024-05-10 07:45:00,2024-05-10 08:20:00,8
27048,27051,1.25242,1.2516892890271278,1.636805889843401,STOP,2024-05-12 17:10:00,2024-05-12 17:15:00,2024-05-12 17:25:00,3
27082,27100,1.25215,1.2524239502747405,-1.0849999999997384,STOP,2024-05-12 20:00:00,2024-05-12 20:05:00,2024-05-12 21:30:00,18
27111,27113,1.25186,1.2521922230329445,-1.0850000000000393,STOP,2024-05-12 22:25:00,2024-05-12 22:30:00,2024-05-12 22:35:00,2
27439,27442,1.25544,1.2556810855355611,-1.0849999999995612,STOP,2024-05-14 01:45:00,2024-05-14 01:50:00,2024-05-14 02:00:00,3
27652,27656,1.25876,1.2585326147190392,1.5006725322537424,STOP,2024-05-14 19:30:00,2024-05-14 19:35:00,2024-05-14 19:50:00,4
28007,28018,1.26863,1.268367887062227,0.7429256530869179,STOP,2024-05-16 01:05:00,2024-05-16 01:10:00,2024-05-16 02:00:00,11
28072,28075,1.26684,1.2672853918088554,-1.0849999999999744,STOP,2024-05-16 06:30:00,2024-05-16 06:35:00,2024-05-16 06:45:00,3
28200,28206,1.26716,1.2669922159195988,0.6572445423560861,STOP,2024-05-16 17:10:00,2024-05-16 17:15:00,2024-05-16 17:40:00,6
28269,28301,1.26568,1.2660291592345696,-1.084999999999717,STOP,2024-05-16 22:55:00,2024-05-16 23:00:00,2024-05-17 01:35:00,32
28486,28489,1.27085,1.2692774096801323,4.247021519279407,STOP,2024-05-19 17:00:00,2024-05-19 17:05:00,2024-05-19 17:15:00,3
28523,28526,1.26998,1.2702651780900844,-1.085000000000072,STOP,2024-05-19 20:05:00,2024-05-19 20:10:00,2024-05-19 20:20:00,3
28561,28564,1.27012,1.2704285369712405,-1.0850000000000366,STOP,2024-05-19 23:15:00,2024-05-19 23:20:00,2024-05-19 23:30:00,3
28630,28661,1.27045,1.2698511531647747,0.9130728243635672,STOP,2024-05-20 05:00:00,2024-05-20 05:05:00,2024-05-20 07:35:00,31
28670,28677,1.26993,1.2696685871189781,0.46725830105106253,STOP,2024-05-20 08:20:00,2024-05-20 08:25:00,2024-05-20 08:55:00,7
28774,28776,1.27085,1.270580118870991,1.0437271611769618,STOP,2024-05-20 17:00:00,2024-05-20 17:05:00,2024-05-20 17:10:00,2
29002,29041,1.27071,1.2714079203749422,-1.085000000000093,STOP,2024-05-21 12:05:00,2024-05-21 12:10:00,2024-05-21 15:20:00,39
29061,29064,1.27126,1.2706283506845022,2.0794260683096386,STOP,2024-05-21 17:00:00,2024-05-21 17:05:00,2024-05-21 17:15:00,3
29152,29160,1.27113,1.2709685672721867,0.5877644051470728,STOP,2024-05-22 00:35:00,2024-05-22 00:40:00,2024-05-22 01:15:00,8
29230,29240,1.2722,1.2705130588328046,2.7989854873338937,STOP,2024-05-22 07:05:00,2024-05-22 07:10:00,2024-05-22 07:55:00,10
29313,29320,1.27271,1.2715216424456757,1.686743872247296,STOP,2024-05-22 14:00:00,2024-05-22 14:05:00,2024-05-22 14:35:00,7
29594,29602,1.271,1.2694968802170792,2.1509717434251874,STOP,2024-05-23 13:25:00,2024-05-23 13:30:00,2024-05-23 14:05:00,8
29672,29677,1.26933,1.2692055273779006,0.5393974140555476,STOP,2024-05-23 19:55:00,2024-05-23 20:00:00,2024-05-23 20:20:00,5
29705,29719,1.26905,1.2688964333506068,0.469812448989045,STOP,2024-05-23 22:40:00,2024-05-23 22:45:00,2024-05-23 23:50:00,14
29954,29960,1.27362,1.2734918188452882,0.5037326058489918,STOP,2024-05-26 19:30:00,2024-05-26 19:35:00,2024-05-26 20:00:00,6
30350,30357,1.2765,1.2770195380138325,-1.0850000000000082,STOP,2024-05-28 04:30:00,2024-05-28 04:35:00,2024-05-28 05:05:00,7
30443,30453,1.27753,1.277208687140731,0.460996331523094,STOP,2024-05-28 12:15:00,2024-05-28 12:20:00,2024-05-28 13:05:00,10
30500,30503,1.27628,1.2761520691590267,0.378099452229836,STOP,2024-05-28 17:00:00,2024-05-28 17:05:00,2024-05-28 17:15:00,3
30536,30545,1.27558,1.2753906368753252,0.7460653619389066,STOP,2024-05-28 20:00:00,2024-05-28 20:05:00,2024-05-28 20:45:00,9
30604,30609,1.27506,1.2753549556204693,-1.0849999999999058,STOP,2024-05-29 01:40:00,2024-05-29 01:45:00,2024-05-29 02:05:00,5
30659,30665,1.27523,1.2748176355427057,0.7493922160646693,STOP,2024-05-29 06:15:00,2024-05-29 06:20:00,2024-05-29 06:45:00,6
30788,30790,1.27048,1.2703008998401082,0.5511141266752174,STOP,2024-05-29 17:00:00,2024-05-29 17:05:00,2024-05-29 17:10:00,2
30824,30830,1.26963,1.2693847415378463,0.9858604738170094,STOP,2024-05-29 20:00:00,2024-05-29 20:05:00,2024-05-29 20:30:00,6
30880,30882,1.2691,1.26938664367085,-1.0849999999997455,STOP,2024-05-30 00:40:00,2024-05-30 00:45:00,2024-05-30 00:50:00,2
31079,31081,1.27355,1.2732134396099852,0.9909843840091592,STOP,2024-05-30 17:15:00,2024-05-30 17:20:00,2024-05-30 17:25:00,2
31101,31114,1.27293,1.273166933409294,-1.0849999999999078,STOP,2024-05-30 19:05:00,2024-05-30 19:10:00,2024-05-30 20:10:00,13
31163,31170,1.27197,1.2717860716366447,0.5020026171866637,STOP,2024-05-31 00:15:00,2024-05-31 00:20:00,2024-05-31 00:50:00,7
31219,31221,1.271,1.2715437210505338,-1.0850000000001283,STOP,2024-05-31 04:55:00,2024-05-31 05:00:00,2024-05-31 05:05:00,2
31446,31448,1.27388,1.2741855506341613,-1.0849999999999635,STOP,2024-06-02 23:50:00,2024-06-02 23:55:00,2024-06-03 00:00:00,2
31466,31470,1.27397,1.2737952592762816,0.5850119052293747,STOP,2024-06-03 01:30:00,2024-06-03 01:35:00,2024-06-03 01:50:00,4
31516,31519,1.26987,1.270587072935193,-1.0850000000001416,STOP,2024-06-03 05:40:00,2024-06-03 05:45:00,2024-06-03 05:55:00,3
31755,31759,1.28064,1.2802279584166427,1.7321404067294062,STOP,2024-06-04 01:35:00,2024-06-04 01:40:00,2024-06-04 01:55:00,4
31817,31827,1.27522,1.2759899811379922,-1.0850000000001387,STOP,2024-06-04 06:45:00,2024-06-04 06:50:00,2024-06-04 07:35:00,10
31940,31943,1.27732,1.2770324193368008,0.6698442966612351,STOP,2024-06-04 17:00:00,2024-06-04 17:05:00,2024-06-04 17:15:00,3
31976,31983,1.27702,1.2772343459320659,-1.085000000000394,STOP,2024-06-04 20:00:00,2024-06-04 20:05:00,2024-06-04 20:35:00,7
32021,32036,1.27717,1.2774363952925243,-1.0849999999997486,STOP,2024-06-04 23:45:00,2024-06-04 23:50:00,2024-06-05 01:00:00,15
32040,32045,1.27711,1.2769520177766962,0.5188095001731715,STOP,2024-06-05 01:20:00,2024-06-05 01:25:00,2024-06-05 01:45:00,5
32116,32118,1.27714,1.2776073764999645,-1.0850000000001052,STOP,2024-06-05 07:40:00,2024-06-05 07:45:00,2024-06-05 07:50:00,2
32320,32333,1.27967,1.2793197001594447,1.5133971103548427,STOP,2024-06-06 00:40:00,2024-06-06 00:45:00,2024-06-06 01:45:00,13
32382,32391,1.27852,1.2782375758686373,0.4513084681623059,STOP,2024-06-06 05:50:00,2024-06-06 05:55:00,2024-06-06 06:35:00,9
32552,32555,1.27918,1.279039483427417,0.5768072436072353,STOP,2024-06-06 20:00:00,2024-06-06 20:05:00,2024-06-06 20:15:00,3
32609,32625,1.27891,1.278489949829521,1.8428276435332556,STOP,2024-06-07 00:45:00,2024-06-07 00:50:00,2024-06-07 02:05:00,16
32803,32805,1.27341,1.272758551167136,1.7094603518680873,STOP,2024-06-07 16:55:00,2024-06-09 17:00:00,2024-06-09 17:05:00,2
32870,32891,1.2721,1.2711568987600774,3.381611625771251,STOP,2024-06-09 22:30:00,2024-06-09 22:35:00,2024-06-10 00:15:00,21
33092,33095,1.27319,1.2722623479866337,3.586467966399042,STOP,2024-06-10 17:00:00,2024-06-10 17:05:00,2024-06-10 17:15:00,3
33125,33130,1.27272,1.2725656805748038,0.590431351819486,STOP,2024-06-10 19:45:00,2024-06-10 19:50:00,2024-06-10 20:10:00,5
33223,33232,1.27231,1.2728864453286934,-1.0850000000001434,STOP,2024-06-11 03:55:00,2024-06-11 04:00:00,2024-06-11 04:40:00,9
33308,33316,1.27162,1.2725150260645068,-1.0850000000000575,STOP,2024-06-11 11:00:00,2024-06-11 11:05:00,2024-06-11 11:40:00,8
33416,33426,1.27382,1.2734858108288845,1.7692804767583263,STOP,2024-06-11 20:00:00,2024-06-11 20:05:00,2024-06-11 20:50:00,10
33632,33643,1.28274,1.281387027591312,1.2708001430175337,STOP,2024-06-12 14:00:00,2024-06-12 14:05:00,2024-06-12 14:55:00,11
33707,33716,1.27946,1.279740485292264,-1.0850000000001978,STOP,2024-06-12 20:15:00,2024-06-12 20:20:00,2024-06-12 21:00:00,9
33766,33770,1.27783,1.2775325315059614,1.3142731170290738,STOP,2024-06-13 01:10:00,2024-06-13 01:15:00,2024-06-13 01:30:00,4
33835,33839,1.27756,1.2780164595394499,-1.0850000000001154,STOP,2024-06-13 06:55:00,2024-06-13 07:00:00,2024-06-13 07:15:00,4
33988,33992,1.27561,1.2754446667909718,0.7227834204040038,STOP,2024-06-13 19:40:00,2024-06-13 19:45:00,2024-06-13 20:00:00,4
34006,34014,1.27537,1.2756230754377613,-1.085000000000325,STOP,2024-06-13 21:10:00,2024-06-13 21:15:00,2024-06-13 21:50:00,8
34060,34064,1.27501,1.274413961668974,2.277148297464815,STOP,2024-06-14 01:40:00,2024-06-14 01:45:00,2024-06-14 02:00:00,4
34104,34108,1.27129,1.2698919343924189,1.9037071562840198,STOP,2024-06-14 05:20:00,2024-06-14 05:25:00,2024-06-14 05:40:00,4
34135,34142,1.27046,1.2682623265983337,2.847404408800602,STOP,2024-06-14 07:55:00,2024-06-14 08:00:00,2024-06-14 08:30:00,7
34249,34255,1.26895,1.2682970229067403,2.1109587530581773,STOP,2024-06-16 17:25:00,2024-06-16 17:30:00,2024-06-16 17:55:00,6
34283,34287,1.26851,1.2688049999570725,-1.0849999999996758,STOP,2024-06-16 20:15:00,2024-06-16 20:20:00,2024-06-16 20:35:00,4
34317,34336,1.26811,1.26840566263557,-1.0850000000002986,STOP,2024-06-16 23:05:00,2024-06-16 23:10:00,2024-06-17 00:40:00,19
34607,34623,1.26954,1.2698451244294122,-1.0849999999997189,STOP,2024-06-17 23:15:00,2024-06-17 23:20:00,2024-06-18 00:35:00,16
34715,34718,1.26704,1.2675900381777148,-1.084999999999822,STOP,2024-06-18 08:15:00,2024-06-18 08:20:00,2024-06-18 08:30:00,3
34820,34822,1.27096,1.2706646322936146,0.890875178194069,STOP,2024-06-18 17:00:00,2024-06-18 17:05:00,2024-06-18 17:10:00,2
34855,34859,1.27072,1.270561560526629,0.7475871866422131,STOP,2024-06-18 19:55:00,2024-06-18 20:00:00,2024-06-18 20:15:00,4
34874,34877,1.27075,1.2709876116667347,-1.0850000000003976,STOP,2024-06-18 21:30:00,2024-06-18 21:35:00,2024-06-18 21:45:00,3
35001,35010,1.27276,1.2720666851162212,1.3059626829452526,STOP,2024-06-19 08:05:00,2024-06-19 08:10:00,2024-06-19 08:50:00,9
35082,35095,1.27169,1.2718408746788166,-1.0850000000005369,STOP,2024-06-19 14:50:00,2024-06-19 14:55:00,2024-06-19 15:55:00,13
35108,35110,1.27223,1.2717570524255783,2.811778048131513,STOP,2024-06-19 17:00:00,2024-06-19 17:05:00,2024-06-19 17:10:00,2
35144,35147,1.27173,1.2715516173615433,0.735674612096937,STOP,2024-06-19 20:00:00,2024-06-19 20:05:00,2024-06-19 20:15:00,3
35250,35262,1.27002,1.2704744392923197,-1.0849999999999878,STOP,2024-06-20 04:50:00,2024-06-20 04:55:00,2024-06-20 05:50:00,12
35276,35289,1.26892,1.2684367083232804,0.6178697806921388,STOP,2024-06-20 07:00:00,2024-06-20 07:05:00,2024-06-20 08:05:00,13
35294,35301,1.26851,1.2681175071820425,0.41448994122968524,STOP,2024-06-20 08:30:00,2024-06-20 08:35:00,2024-06-20 09:05:00,7
35321,35338,1.268,1.2664289391841514,1.9584293255185519,STOP,2024-06-20 10:45:00,2024-06-20 10:50:00,2024-06-20 12:10:00,17
35434,35436,1.26575,1.2655738129040208,0.8196793772967325,STOP,2024-06-20 20:10:00,2024-06-20 20:15:00,2024-06-20 20:20:00,2
35681,35683,1.26444,1.264178247668846,0.7518998847513294,STOP,2024-06-21 16:45:00,2024-06-21 16:50:00,2024-06-21 16:55:00,2
35723,35727,1.26397,1.2642578379460403,-1.0849999999999194,STOP,2024-06-23 20:15:00,2024-06-23 20:20:00,2024-06-23 20:35:00,4
36008,36011,1.26856,1.2687524361306737,-1.0849999999999644,STOP,2024-06-24 20:00:00,2024-06-24 20:05:00,2024-06-24 20:15:00,3
36160,36167,1.26771,1.2682482891400884,-1.0849999999999138,STOP,2024-06-25 08:40:00,2024-06-25 08:45:00,2024-06-25 09:15:00,7
36265,36269,1.26854,1.2688042406301916,-1.084999999999967,STOP,2024-06-25 17:25:00,2024-06-25 17:30:00,2024-06-25 17:45:00,4
36296,36299,1.26824,1.2680512903743046,1.0026885238935144,STOP,2024-06-25 20:00:00,2024-06-25 20:05:00,2024-06-25 20:15:00,3
36418,36430,1.26604,1.2655691169836918,0.8570691599070562,STOP,2024-06-26 06:10:00,2024-06-26 06:15:00,2024-06-26 07:10:00,12
36534,36543,1.26249,1.2620734517630543,0.9763428542046377,STOP,2024-06-26 15:50:00,2024-06-26 15:55:00,2024-06-26 16:35:00,9
36799,36824,1.26453,1.2639662221073749,1.1440301374129296,STOP,2024-06-27 13:55:00,2024-06-27 14:00:00,2024-06-27 16:00:00,25
36835,36840,1.26409,1.2639507439794901,0.43840792399904754,STOP,2024-06-27 16:55:00,2024-06-27 17:00:00,2024-06-27 17:20:00,5
37046,37049,1.26275,1.2636809214238105,-1.0849999999999376,STOP,2024-06-28 10:30:00,2024-06-28 10:35:00,2024-06-28 10:45:00,3
37099,37108,1.26415,1.2636066853417331,1.047647426113344,STOP,2024-06-28 14:55:00,2024-06-28 15:00:00,2024-06-28 15:40:00,9
37412,37415,1.26526,1.264742409476216,1.4025184158976123,STOP,2024-07-01 17:00:00,2024-07-01 17:05:00,2024-07-01 17:15:00,3
37450,37454,1.26465,1.2644256796044164,0.9415016162871275,STOP,2024-07-01 20:10:00,2024-07-01 20:15:00,2024-07-01 20:30:00,4
37485,37519,1.26343,1.2637044128650128,-1.0850000000001758,STOP,2024-07-01 23:05:00,2024-07-01 23:10:00,2024-07-02 01:55:00,34
37772,37798,1.26867,1.268223486465592,1.7218217774388345,STOP,2024-07-02 23:00:00,2024-07-02 23:05:00,2024-07-03 01:10:00,26
38090,38093,1.2743,1.2744493952108595,-1.0850000000006839,STOP,2024-07-04 01:30:00,2024-07-04 01:35:00,2024-07-04 01:45:00,3
38177,38191,1.27502,1.2754259654919164,-1.0850000000001814,STOP,2024-07-04 08:45:00,2024-07-04 08:50:00,2024-07-04 09:55:00,14
38272,38276,1.27603,1.2758071661900363,2.1558012083153812,STOP,2024-07-04 16:40:00,2024-07-04 16:45:00,2024-07-04 17:00:00,4
38304,38312,1.27556,1.275719525653556,-1.0849999999993216,STOP,2024-07-04 19:20:00,2024-07-04 19:25:00,2024-07-04 20:00:00,8
38375,38382,1.27664,1.2768808880863205,-1.0849999999999367,STOP,2024-07-05 01:15:00,2024-07-05 01:20:00,2024-07-05 01:50:00,7
38565,38569,1.28013,1.279861291174437,0.5306208534259608,STOP,2024-07-07 17:05:00,2024-07-07 17:10:00,2024-07-07 17:25:00,4
38606,38618,1.28046,1.2808475174967309,-1.085000000000061,STOP,2024-07-07 20:30:00,2024-07-07 20:35:00,2024-07-07 21:30:00,12
38809,38826,1.28172,1.2810280904258502,1.7984335301374486,STOP,2024-07-08 13:25:00,2024-07-08 13:30:00,2024-07-08 14:50:00,17
38852,38855,1.28083,1.280734023684301,0.4009591701220166,STOP,2024-07-08 17:00:00,2024-07-08 17:05:00,2024-07-08 17:15:00,3
38909,38916,1.28025,1.2800699552452217,0.5497760174092565,STOP,2024-07-08 21:45:00,2024-07-08 21:50:00,2024-07-08 22:20:00,7
39686,39745,1.29113,1.2917013460552491,-1.085000000000062,STOP,2024-07-11 14:30:00,2024-07-11 14:35:00,2024-07-11 19:25:00,59
39777,39800,1.29046,1.2908851722821566,-1.0849999999998214,STOP,2024-07-11 22:05:00,2024-07-11 22:10:00,2024-07-12 00:00:00,23
40003,40006,1.29736,1.2971293092257379,0.6562038325380575,STOP,2024-07-12 16:55:00,2024-07-14 17:00:00,2024-07-14 17:10:00,3
40040,40072,1.29648,1.2968542364002114,-1.0850000000000568,STOP,2024-07-14 20:00:00,2024-07-14 20:05:00,2024-07-14 22:40:00,32
40186,40190,1.29743,1.2971394753811039,0.4621556981886327,STOP,2024-07-15 08:10:00,2024-07-15 08:15:00,2024-07-15 08:30:00,4
40297,40299,1.29703,1.2968402449785632,0.431409438133253,STOP,2024-07-15 17:25:00,2024-07-15 17:30:00,2024-07-15 17:35:00,2
40521,40536,1.29509,1.295619402857206,-1.0850000000001527,STOP,2024-07-16 12:05:00,2024-07-16 12:10:00,2024-07-16 13:20:00,15
40672,40676,1.29718,1.2969178382369222,0.955226296430266,STOP,2024-07-17 00:40:00,2024-07-17 00:45:00,2024-07-17 01:00:00,4
40685,40687,1.29722,1.297034858291328,0.5966256849541616,STOP,2024-07-17 01:45:00,2024-07-17 01:50:00,2024-07-17 01:55:00,2
40798,40837,1.30039,1.3011494869416633,-1.0849999999999895,STOP,2024-07-17 11:10:00,2024-07-17 11:15:00,2024-07-17 14:25:00,39
41072,41077,1.29711,1.2978502866113077,-1.084999999999983,STOP,2024-07-18 10:00:00,2024-07-18 10:05:00,2024-07-18 10:25:00,5
41120,41131,1.29581,1.2947681154024673,1.9646166889719678,STOP,2024-07-18 14:00:00,2024-07-18 14:05:00,2024-07-18 14:55:00,11
41193,41198,1.29431,1.294619346795734,-1.0850000000001025,STOP,2024-07-18 20:05:00,2024-07-18 20:10:00,2024-07-18 20:30:00,5
41217,41225,1.29383,1.2942056832837932,-1.085000000000008,STOP,2024-07-18 22:05:00,2024-07-18 22:10:00,2024-07-18 22:45:00,8
41250,41254,1.294,1.2936386619293698,1.602118898319988,STOP,2024-07-19 00:50:00,2024-07-19 00:55:00,2024-07-19 01:10:00,4
41298,41309,1.29158,1.2912290721591084,0.4780183013900294,STOP,2024-07-19 04:50:00,2024-07-19 04:55:00,2024-07-19 05:45:00,11
41315,41318,1.29085,1.2914271601560354,-1.085000000000148,STOP,2024-07-19 06:15:00,2024-07-19 06:20:00,2024-07-19 06:30:00,3
41396,41401,1.29105,1.2914801658289345,-1.0849999999999254,STOP,2024-07-19 13:00:00,2024-07-19 13:05:00,2024-07-19 13:25:00,5
41506,41513,1.29163,1.292032719774466,-1.08500000000026,STOP,2024-07-21 22:10:00,2024-07-21 22:15:00,2024-07-21 22:45:00,7
41539,41546,1.29179,1.2914977377325783,0.9413804235948855,STOP,2024-07-22 00:55:00,2024-07-22 01:00:00,2024-07-22 01:30:00,7
41794,41800,1.29269,1.2929995563053303,-1.0850000000002116,STOP,2024-07-22 22:10:00,2024-07-22 22:15:00,2024-07-22 22:40:00,6
41840,41844,1.29241,1.292083019723404,1.1589222187436672,STOP,2024-07-23 02:00:00,2024-07-23 02:05:00,2024-07-23 02:20:00,4
41889,41894,1.2905,1.289182444743707,2.1746852529425973,STOP,2024-07-23 06:05:00,2024-07-23 06:10:00,2024-07-23 06:30:00,5
42007,42012,1.29037,1.2906379583371494,-1.0849999999999624,STOP,2024-07-23 15:55:00,2024-07-23 16:00:00,2024-07-23 16:20:00,5
42054,42064,1.29023,1.2896661186040814,3.238117312638687,STOP,2024-07-23 19:50:00,2024-07-23 19:55:00,2024-07-23 20:40:00,10
42085,42090,1.28914,1.2889384477187755,0.6167879072960709,STOP,2024-07-23 22:25:00,2024-07-23 22:30:00,2024-07-23 22:50:00,5
42107,42117,1.2888,1.289071409165045,-1.085000000000373,STOP,2024-07-24 00:15:00,2024-07-24 00:20:00,2024-07-24 01:05:00,10
42272,42281,1.29124,1.2902970022484213,1.801906971081379,STOP,2024-07-24 14:00:00,2024-07-24 14:05:00,2024-07-24 14:45:00,9
42315,42318,1.29089,1.2906516197185336,0.6367183505870654,STOP,2024-07-24 17:35:00,2024-07-24 17:40:00,2024-07-24 17:50:00,3
42332,42347,1.29019,1.289547427745338,2.214028293365564,STOP,2024-07-24 19:00:00,2024-07-24 19:05:00,2024-07-24 20:15:00,15
42411,42415,1.28921,1.2895141406912562,-1.0850000000001663,STOP,2024-07-25 01:35:00,2024-07-25 01:40:00,2024-07-25 01:55:00,4
42473,42495,1.2873,1.2864831718085676,1.187017021166461,STOP,2024-07-25 06:45:00,2024-07-25 06:50:00,2024-07-25 08:35:00,22
42576,42586,1.28612,1.2853008132574977,1.5835226012927714,STOP,2024-07-25 15:20:00,2024-07-25 15:25:00,2024-07-25 16:10:00,10
42596,42598,1.28563,1.2852307196291812,1.0135143839432543,STOP,2024-07-25 17:00:00,2024-07-25 17:05:00,2024-07-25 17:10:00,2
42780,42782,1.28595,1.2864690645667012,-1.085000000000058,STOP,2024-07-26 08:20:00,2024-07-26 08:25:00,2024-07-26 08:30:00,2
42882,42885,1.28676,1.2865824179907224,0.5111122449482153,STOP,2024-07-26 16:50:00,2024-07-26 16:55:00,2024-07-28 17:05:00,3
42920,42921,1.28647,1.2867851878522916,-1.0850000000002415,STOP,2024-07-28 20:00:00,2024-07-28 20:05:00,2024-07-28 20:05:00,1
43094,43097,1.28303,1.2826122706594771,0.5699723433104621,STOP,2024-07-29 10:30:00,2024-07-29 10:35:00,2024-07-29 10:45:00,3
43181,43207,1.28631,1.2860793603731575,0.7277519729794975,STOP,2024-07-29 17:45:00,2024-07-29 17:50:00,2024-07-29 19:55:00,26
43239,43242,1.28495,1.285205474859631,-1.08499999999986,STOP,2024-07-29 22:35:00,2024-07-29 22:40:00,2024-07-29 22:50:00,3
43345,43355,1.28515,1.284199313696555,2.240736803058024,STOP,2024-07-30 07:25:00,2024-07-30 07:30:00,2024-07-30 08:15:00,10
43560,43566,1.28393,1.2843044721573222,-1.084999999999792,STOP,2024-07-31 01:20:00,2024-07-31 01:25:00,2024-07-31 01:50:00,6
43712,43718,1.28312,1.2837510366813896,-1.0850000000000466,STOP,2024-07-31 14:00:00,2024-07-31 14:05:00,2024-07-31 14:30:00,6
43782,43793,1.28545,1.285109612833682,0.8764709601169379,STOP,2024-07-31 19:50:00,2024-07-31 19:55:00,2024-07-31 20:45:00,11
43848,43854,1.28507,1.2848293633128272,0.588534546677164,STOP,2024-08-01 01:20:00,2024-08-01 01:25:00,2024-08-01 01:50:00,6
43892,43902,1.27717,1.2763456183998965,1.0024288334052576,STOP,2024-08-01 05:00:00,2024-08-01 05:05:00,2024-08-01 05:50:00,10
43906,43911,1.27759,1.278402180685699,-1.0849999999999196,STOP,2024-08-01 06:10:00,2024-08-01 06:15:00,2024-08-01 06:35:00,5
43980,43998,1.27627,1.2743070749177965,1.8183951154076838,STOP,2024-08-01 12:20:00,2024-08-01 12:25:00,2024-08-01 13:50:00,18
44070,44076,1.27299,1.272337404178197,1.6513187414286672,STOP,2024-08-01 19:50:00,2024-08-01 19:55:00,2024-08-01 20:20:00,6
44107,44125,1.27222,1.2726895743259268,-1.0850000000000117,STOP,2024-08-01 22:55:00,2024-08-01 23:00:00,2024-08-02 00:25:00,18
44352,44359,1.27928,1.278757324158291,1.0742086552044132,STOP,2024-08-04 19:20:00,2024-08-04 19:25:00,2024-08-04 19:55:00,7
44709,44712,1.27728,1.2778174068146686,-1.0849999999998154,STOP,2024-08-06 01:05:00,2024-08-06 01:10:00,2024-08-06 01:20:00,3
44756,44764,1.27202,1.2707282555205381,0.9981230262870169,STOP,2024-08-06 05:00:00,2024-08-06 05:05:00,2024-08-06 05:40:00,8
44795,44804,1.26764,1.2688107708947458,-1.084999999999966,STOP,2024-08-06 08:15:00,2024-08-06 08:20:00,2024-08-06 09:00:00,9
44875,44878,1.26981,1.269234429373691,0.6860635636175741,STOP,2024-08-06 14:55:00,2024-08-06 15:00:00,2024-08-06 15:10:00,3
44905,44910,1.26957,1.2692024281342629,0.5957884696799131,STOP,2024-08-06 17:25:00,2024-08-06 17:30:00,2024-08-06 17:50:00,5
44936,44940,1.26876,1.2691951891309694,-1.0850000000000433,STOP,2024-08-06 20:00:00,2024-08-06 20:05:00,2024-08-06 20:20:00,4
45008,45016,1.27024,1.2707023752778488,-1.0849999999998556,STOP,2024-08-07 02:00:00,2024-08-07 02:05:00,2024-08-07 02:40:00,8
45128,45144,1.27086,1.2702021514989488,0.7636463726245099,STOP,2024-08-07 12:00:00,2024-08-07 12:05:00,2024-08-07 13:20:00,16
45158,45220,1.26906,1.2680416618376649,1.2263184370214597,STOP,2024-08-07 14:30:00,2024-08-07 14:35:00,2024-08-07 19:40:00,62
45223,45226,1.26832,1.268762974997165,-1.084999999999904,STOP,2024-08-07 19:55:00,2024-08-07 20:00:00,2024-08-07 20:10:00,3
45339,45344,1.26855,1.2675046969797856,1.2881406185228947,STOP,2024-08-08 05:35:00,2024-08-08 05:40:00,2024-08-08 06:00:00,5
45512,45516,1.27436,1.2741395497602162,0.5966602058511901,STOP,2024-08-08 20:00:00,2024-08-08 20:05:00,2024-08-08 20:20:00,4
45632,45646,1.27542,1.274746867194599,1.0469999537553243,STOP,2024-08-09 06:00:00,2024-08-09 06:05:00,2024-08-09 07:10:00,14
45653,45654,1.27313,1.273777739079074,-1.084999999999848,STOP,2024-08-09 07:45:00,2024-08-09 07:50:00,2024-08-09 07:50:00,1
45731,45752,1.27564,1.2761866943972302,-1.0849999999998092,STOP,2024-08-09 14:15:00,2024-08-09 14:20:00,2024-08-09 16:00:00,21
45776,45783,1.27606,1.2751485299714844,2.535015085474219,STOP,2024-08-11 18:00:00,2024-08-11 18:05:00,2024-08-11 18:35:00,7
45909,45933,1.27583,1.2763770622079724,-1.0850000000000821,STOP,2024-08-12 05:05:00,2024-08-12 05:10:00,2024-08-12 07:05:00,24
46004,46007,1.276,1.2766761891064111,-1.08500000000014,STOP,2024-08-12 13:00:00,2024-08-12 13:05:00,2024-08-12 13:15:00,3
46089,46106,1.27668,1.2769546155042035,-1.0850000000000046,STOP,2024-08-12 20:05:00,2024-08-12 20:10:00,2024-08-12 21:30:00,17
46235,46238,1.27848,1.2790884893824634,-1.0850000000001538,STOP,2024-08-13 08:15:00,2024-08-13 08:20:00,2024-08-13 08:30:00,3
46448,46452,1.28285,1.2835831988140307,-1.084999999999932,STOP,2024-08-14 02:00:00,2024-08-14 02:05:00,2024-08-14 02:20:00,4
46615,46628,1.28276,1.2831552838837228,-1.0849999999997317,STOP,2024-08-14 15:55:00,2024-08-14 16:00:00,2024-08-14 17:00:00,13
46835,46844,1.28466,1.2858948013830462,-1.0850000000000248,STOP,2024-08-15 10:15:00,2024-08-15 10:20:00,2024-08-15 11:00:00,9
46928,46942,1.28542,1.28566122069431,-1.0849999999997635,STOP,2024-08-15 18:00:00,2024-08-15 18:05:00,2024-08-15 19:10:00,14
47120,47130,1.28972,1.2887614656072577,1.3045681591493086,STOP,2024-08-16 10:00:00,2024-08-16 10:05:00,2024-08-16 10:50:00,10
47369,47372,1.29561,1.2952094858840277,0.6916847574889446,STOP,2024-08-19 06:45:00,2024-08-19 06:50:00,2024-08-19 07:00:00,3
47389,47394,1.29462,1.2951894295801694,-1.0849999999999753,STOP,2024-08-19 08:25:00,2024-08-19 08:30:00,2024-08-19 08:50:00,5
47502,47506,1.29901,1.2992983245480478,-1.0849999999997728,STOP,2024-08-19 17:50:00,2024-08-19 17:55:00,2024-08-19 18:10:00,4
47529,47535,1.29872,1.298470548854215,0.8299764916582743,STOP,2024-08-19 20:05:00,2024-08-19 20:10:00,2024-08-19 20:35:00,6
47560,47566,1.29802,1.2983162422268957,-1.0850000000001476,STOP,2024-08-19 22:40:00,2024-08-19 22:45:00,2024-08-19 23:10:00,6
47593,47598,1.29781,1.2976286246925726,0.6040510877511893,STOP,2024-08-20 01:25:00,2024-08-20 01:30:00,2024-08-20 01:50:00,5
47852,47870,1.30273,1.3024765295918543,0.7374552123215528,STOP,2024-08-20 23:00:00,2024-08-20 23:05:00,2024-08-21 00:30:00,18
47923,47925,1.30134,1.301895010660255,-1.0849999999998836,STOP,2024-08-21 04:55:00,2024-08-21 05:00:00,2024-08-21 05:05:00,2
48067,48074,1.30937,1.3090788159498035,0.5888044508548783,STOP,2024-08-21 16:55:00,2024-08-21 17:00:00,2024-08-21 17:30:00,7
48122,48136,1.30877,1.3084953923372065,0.7888140650608012,STOP,2024-08-21 21:30:00,2024-08-21 21:35:00,2024-08-21 22:40:00,14
48149,48155,1.30861,1.308224315547973,1.6613692296982228,STOP,2024-08-21 23:45:00,2024-08-21 23:50:00,2024-08-22 00:15:00,6
48321,48329,1.30875,1.3094037682415698,-1.0850000000001516,STOP,2024-08-22 14:05:00,2024-08-22 14:10:00,2024-08-22 14:45:00,8
48535,48542,1.3126,1.3119479930070943,0.9850357040550437,STOP,2024-08-23 08:05:00,2024-08-23 08:10:00,2024-08-23 08:40:00,7
48551,48558,1.31172,1.3123468624162047,-1.0850000000000781,STOP,2024-08-23 09:25:00,2024-08-23 09:30:00,2024-08-23 10:00:00,7
48748,48750,1.32003,1.3203479094837476,-1.0849999999996596,STOP,2024-08-26 01:50:00,2024-08-26 01:55:00,2024-08-26 02:00:00,2
48796,48808,1.31897,1.3195297293726267,-1.0850000000000706,STOP,2024-08-26 05:50:00,2024-08-26 05:55:00,2024-08-26 06:50:00,12
48929,48931,1.31902,1.3186139376097619,1.259833307427674,STOP,2024-08-26 16:55:00,2024-08-26 17:00:00,2024-08-26 17:05:00,2
49254,49259,1.32554,1.3258025761056227,-1.0849999999998852,STOP,2024-08-27 20:00:00,2024-08-27 20:05:00,2024-08-27 20:25:00,5
49315,49319,1.32375,1.3231533954881525,1.644711899140099,STOP,2024-08-28 01:05:00,2024-08-28 01:10:00,2024-08-28 01:25:00,4
49391,49406,1.32156,1.3205772399398483,1.278248778754667,STOP,2024-08-28 07:25:00,2024-08-28 07:30:00,2024-08-28 08:40:00,15
49446,49452,1.31907,1.3179567284849236,1.0268088931791717,STOP,2024-08-28 12:00:00,2024-08-28 12:05:00,2024-08-28 12:30:00,6
49469,49478,1.31706,1.3178324378352033,-1.0849999999999476,STOP,2024-08-28 13:55:00,2024-08-28 14:00:00,2024-08-28 14:40:00,9
49680,49688,1.3188,1.3176720493684029,1.2640997530322229,STOP,2024-08-29 07:30:00,2024-08-29 07:35:00,2024-08-29 08:10:00,8
49793,49796,1.31714,1.3166099446110593,1.1242272693191142,STOP,2024-08-29 16:55:00,2024-08-29 17:00:00,2024-08-29 17:10:00,3
49806,49828,1.31682,1.3164931599102434,0.7033756114643005,STOP,2024-08-29 18:00:00,2024-08-29 18:05:00,2024-08-29 19:50:00,22
49831,49837,1.31655,1.3167941571322608,-1.0850000000004192,STOP,2024-08-29 20:05:00,2024-08-29 20:10:00,2024-08-29 20:35:00,6
49885,49892,1.31641,1.3167214609528386,-1.085000000000152,STOP,2024-08-30 00:35:00,2024-08-30 00:40:00,2024-08-30 01:10:00,7
49956,49969,1.31725,1.3179109856177553,-1.0849999999998494,STOP,2024-08-30 06:30:00,2024-08-30 06:35:00,2024-08-30 07:35:00,13
50006,50015,1.3156,1.3138767362200845,1.393425767779605,STOP,2024-08-30 10:40:00,2024-08-30 10:45:00,2024-08-30 11:25:00,9
50142,50149,1.31257,1.312281970120285,0.6972970871558416,STOP,2024-09-01 22:00:00,2024-09-01 22:05:00,2024-09-01 22:35:00,7
50459,50471,1.31249,1.3120793009935594,0.9740109973146145,STOP,2024-09-03 00:25:00,2024-09-03 00:30:00,2024-09-03 01:25:00,12
50472,50476,1.31243,1.3119711496536073,1.0457027571196664,STOP,2024-09-03 01:30:00,2024-09-03 01:35:00,2024-09-03 01:50:00,4
50515,50532,1.31138,1.3121876775688333,-1.0849999999999114,STOP,2024-09-03 05:05:00,2024-09-03 05:10:00,2024-09-03 06:30:00,17
50842,50846,1.31088,1.3115066754953262,-1.0849999999999294,STOP,2024-09-04 08:20:00,2024-09-04 08:25:00,2024-09-04 08:40:00,4
51301,51307,1.31754,1.3178621940881945,-1.0849999999997002,STOP,2024-09-05 22:35:00,2024-09-05 22:40:00,2024-09-05 23:05:00,6
51320,51330,1.31768,1.3179369687537132,-1.0849999999997735,STOP,2024-09-06 00:10:00,2024-09-06 00:15:00,2024-09-06 01:00:00,10
51378,51384,1.31615,1.3167613081558924,-1.0850000000000233,STOP,2024-09-06 05:00:00,2024-09-06 05:05:00,2024-09-06 05:30:00,6
51445,51450,1.31741,1.319398155505869,-1.0849999999999995,STOP,2024-09-06 10:35:00,2024-09-06 10:40:00,2024-09-06 11:00:00,5
51522,51524,1.31327,1.312694468875812,0.8490555015069159,STOP,2024-09-08 17:00:00,2024-09-08 17:05:00,2024-09-08 17:10:00,2
51616,51624,1.31226,1.3116449074439562,1.811488423588094,STOP,2024-09-09 00:50:00,2024-09-09 00:55:00,2024-09-09 01:30:00,8
51629,51637,1.3116,1.3113735897185579,0.5772662703553283,STOP,2024-09-09 01:55:00,2024-09-09 02:00:00,2024-09-09 02:35:00,8
51674,51687,1.30922,1.3078091711414912,1.941710057627529,STOP,2024-09-09 05:40:00,2024-09-09 05:45:00,2024-09-09 06:45:00,13
51691,51708,1.30861,1.3092009566468081,-1.0850000000001436,STOP,2024-09-09 07:05:00,2024-09-09 07:10:00,2024-09-09 08:30:00,17
51809,51817,1.30769,1.307240498581742,1.3732144347098265,STOP,2024-09-09 16:55:00,2024-09-09 17:00:00,2024-09-09 17:35:00,8
51846,51849,1.30688,1.3061902863646602,2.977795898843852,STOP,2024-09-09 20:00:00,2024-09-09 20:05:00,2024-09-09 20:15:00,3
51869,51873,1.30679,1.3064036668980958,1.000775191161253,STOP,2024-09-09 21:55:00,2024-09-09 22:00:00,2024-09-09 22:15:00,4
52016,52029,1.30537,1.3062019832872003,-1.0849999999999211,STOP,2024-09-10 10:10:00,2024-09-10 10:15:00,2024-09-10 11:15:00,13
52134,52137,1.30758,1.3073907773098041,0.5100099526903585,STOP,2024-09-10 20:05:00,2024-09-10 20:10:00,2024-09-10 20:20:00,3
52256,52264,1.30803,1.3086173656023723,-1.0849999999999163,STOP,2024-09-11 06:15:00,2024-09-11 06:20:00,2024-09-11 06:55:00,8
52411,52418,1.30406,1.3039127266755963,0.5713240435863398,STOP,2024-09-11 19:10:00,2024-09-11 19:15:00,2024-09-11 19:45:00,7
52926,52933,1.31286,1.312249076738337,0.9994881355062781,STOP,2024-09-13 14:05:00,2024-09-13 14:10:00,2024-09-13 14:40:00,7
52960,52971,1.31275,1.3120752954229524,1.604462912335338,STOP,2024-09-13 16:55:00,2024-09-15 17:00:00,2024-09-15 17:55:00,11
53286,53294,1.32076,1.3202192029852524,1.7079382062359263,STOP,2024-09-16 20:10:00,2024-09-16 20:15:00,2024-09-16 20:50:00,8
53344,53349,1.32016,1.3204579024358523,-1.0849999999997941,STOP,2024-09-17 01:00:00,2024-09-17 01:05:00,2024-09-17 01:25:00,5
53626,53632,1.31625,1.315948738300006,1.07325336936038,STOP,2024-09-18 00:30:00,2024-09-18 00:35:00,2024-09-18 01:00:00,6
53643,53644,1.31601,1.3162534527936582,-1.0850000000003803,STOP,2024-09-18 01:55:00,2024-09-18 02:00:00,2024-09-18 02:00:00,1
53777,53781,1.32066,1.3202461295403427,0.56277876806048,STOP,2024-09-18 13:05:00,2024-09-18 13:10:00,2024-09-18 13:25:00,4
53851,53862,1.32026,1.319906659402098,0.4368037133982304,STOP,2024-09-18 19:15:00,2024-09-18 19:20:00,2024-09-18 20:10:00,11
54016,54027,1.32553,1.3232645438935924,1.404205920615437,STOP,2024-09-19 09:00:00,2024-09-19 09:05:00,2024-09-19 09:55:00,11
54123,54139,1.32867,1.327784934708745,3.1543292176330997,STOP,2024-09-19 17:55:00,2024-09-19 18:00:00,2024-09-19 19:15:00,16
54145,54147,1.32809,1.3279739581323935,0.4314783514143273,STOP,2024-09-19 19:45:00,2024-09-19 19:50:00,2024-09-19 19:55:00,2
54266,54290,1.3289,1.3296904642914413,-1.0849999999999982,STOP,2024-09-20 05:50:00,2024-09-20 05:55:00,2024-09-20 07:50:00,24
54330,54335,1.32747,1.32845992694023,-1.0849999999999684,STOP,2024-09-20 11:10:00,2024-09-20 11:15:00,2024-09-20 11:35:00,5
54399,54401,1.33407,1.3307301045348667,6.881011508248201,STOP,2024-09-20 16:55:00,2024-09-22 17:00:00,2024-09-22 17:05:00,2
54453,54456,1.33116,1.3315076050351438,-1.0849999999997202,STOP,2024-09-22 21:25:00,2024-09-22 21:30:00,2024-09-22 21:40:00,3
54481,54488,1.33117,1.3315047951273862,-1.0849999999997963,STOP,2024-09-22 23:45:00,2024-09-22 23:50:00,2024-09-23 00:20:00,7
54724,54725,1.33458,1.3348828690057195,-1.0849999999996651,STOP,2024-09-23 20:00:00,2024-09-23 20:05:00,2024-09-23 20:05:00,1
55081,55084,1.34077,1.341164578066777,-1.0849999999999569,STOP,2024-09-25 01:45:00,2024-09-25 01:50:00,2024-09-25 02:00:00,3
55140,55156,1.3372,1.3379464376778392,-1.084999999999957,STOP,2024-09-25 06:40:00,2024-09-25 06:45:00,2024-09-25 08:00:00,16
55217,55221,1.33156,1.3325158827575698,-1.0850000000000264,STOP,2024-09-25 13:05:00,2024-09-25 13:10:00,2024-09-25 13:25:00,4
55264,55270,1.3326,1.3319363373207875,1.4849222758856622,STOP,2024-09-25 17:00:00,2024-09-25 17:05:00,2024-09-25 17:30:00,6
55553,55559,1.34152,1.341167275922448,0.6689016005750752,STOP,2024-09-26 17:05:00,2024-09-26 17:10:00,2024-09-26 17:35:00,6
55580,55583,1.34078,1.3410213294899826,-1.084999999999543,STOP,2024-09-26 19:20:00,2024-09-26 19:25:00,2024-09-26 19:35:00,3
55638,55642,1.3386,1.338267525580011,0.74494850957566,STOP,2024-09-27 00:10:00,2024-09-27 00:15:00,2024-09-27 00:30:00,4
55685,55688,1.33653,1.3374208969387889,-1.0849999999999562,STOP,2024-09-27 04:05:00,2024-09-27 04:10:00,2024-09-27 04:20:00,3
55799,55843,1.33785,1.3370323493210339,0.8683718788487588,STOP,2024-09-27 13:35:00,2024-09-27 13:40:00,2024-09-29 17:15:00,44
56026,56031,1.33927,1.33873523567199,0.5490038263787761,STOP,2024-09-30 08:30:00,2024-09-30 08:35:00,2024-09-30 08:55:00,5
56049,56051,1.337,1.3381460572408164,-1.0849999999999418,STOP,2024-09-30 10:25:00,2024-09-30 10:30:00,2024-09-30 10:35:00,2
56093,56096,1.33852,1.336135703945627,2.2709143033790724,STOP,2024-09-30 14:05:00,2024-09-30 14:10:00,2024-09-30 14:20:00,3
56204,56212,1.33748,1.337255660754353,0.44067072198940943,STOP,2024-09-30 23:20:00,2024-09-30 23:25:00,2024-10-01 00:00:00,8
56270,56286,1.33285,1.3317182838436945,0.9468951563893622,STOP,2024-10-01 04:50:00,2024-10-01 04:55:00,2024-10-01 06:10:00,16
56291,56297,1.33224,1.3331949631136102,-1.08500000000007,STOP,2024-10-01 06:35:00,2024-10-01 06:40:00,2024-10-01 07:05:00,6
56326,56332,1.33085,1.3317632598695377,-1.0850000000000815,STOP,2024-10-01 09:30:00,2024-10-01 09:35:00,2024-10-01 10:00:00,6
56374,56379,1.3255,1.3266316041284072,-1.0850000000000635,STOP,2024-10-01 13:30:00,2024-10-01 13:35:00,2024-10-01 13:55:00,5
56446,56452,1.32755,1.3278470326819596,-1.0850000000000397,STOP,2024-10-01 19:30:00,2024-10-01 19:35:00,2024-10-01 20:00:00,6
56599,56603,1.32884,1.328414554088876,0.4476733659269589,STOP,2024-10-02 08:15:00,2024-10-02 08:20:00,2024-10-02 08:35:00,4
56704,56708,1.32706,1.3263169217588104,1.759855066689037,STOP,2024-10-02 17:00:00,2024-10-02 17:05:00,2024-10-02 17:20:00,4
56739,56746,1.32631,1.3257307026829006,1.6320458915169538,STOP,2024-10-02 19:55:00,2024-10-02 20:00:00,2024-10-02 20:30:00,7
56801,56803,1.32107,1.3206044676063038,0.5395472703642192,STOP,2024-10-03 01:05:00,2024-10-03 01:10:00,2024-10-03 01:15:00,2
56836,56842,1.3144,1.3128828164877802,1.124816621920456,STOP,2024-10-03 04:00:00,2024-10-03 04:05:00,2024-10-03 04:30:00,6
56875,56881,1.31002,1.311055304161017,-1.085000000000015,STOP,2024-10-03 07:15:00,2024-10-03 07:20:00,2024-10-03 07:45:00,6
56908,56909,1.31021,1.3115219632257848,-1.0850000000000273,STOP,2024-10-03 10:00:00,2024-10-03 10:05:00,2024-10-03 10:05:00,1
57079,57087,1.31283,1.3126004269643645,0.45933356579868695,STOP,2024-10-04 00:15:00,2024-10-04 00:20:00,2024-10-04 00:55:00,8
57178,57179,1.31006,1.3115226122379846,-1.0850000000000086,STOP,2024-10-04 08:30:00,2024-10-04 08:35:00,2024-10-04 08:35:00,1
57279,57280,1.30907,1.3095867410867208,-1.0849999999998277,STOP,2024-10-04 16:55:00,2024-10-06 17:00:00,2024-10-06 17:00:00,1
57374,57380,1.31224,1.3116878697475283,1.5007546713475886,STOP,2024-10-07 00:50:00,2024-10-07 00:55:00,2024-10-07 01:20:00,6
57439,57444,1.30757,1.307030807303813,0.46030962478982435,STOP,2024-10-07 06:15:00,2024-10-07 06:20:00,2024-10-07 06:40:00,5
57580,57592,1.30829,1.3086915687552474,-1.085000000000194,STOP,2024-10-07 18:00:00,2024-10-07 18:05:00,2024-10-07 19:00:00,12
57663,57667,1.30905,1.3094685944967344,-1.0850000000000586,STOP,2024-10-08 00:55:00,2024-10-08 01:00:00,2024-10-08 01:15:00,4
57791,57794,1.30876,1.3095386190391016,-1.085000000000013,STOP,2024-10-08 11:35:00,2024-10-08 11:40:00,2024-10-08 11:50:00,3
57891,57892,1.30934,1.3095957678508647,-1.0850000000000453,STOP,2024-10-08 19:55:00,2024-10-08 20:00:00,2024-10-08 20:00:00,1
57923,57926,1.30897,1.3095468805781436,-1.0850000000001094,STOP,2024-10-08 22:35:00,2024-10-08 22:40:00,2024-10-08 22:50:00,3
58094,58115,1.30669,1.3073410210980791,-1.085000000000046,STOP,2024-10-09 12:50:00,2024-10-09 12:55:00,2024-10-09 14:35:00,21
58141,58142,1.30658,1.3069606627683024,-1.0850000000000046,STOP,2024-10-09 16:45:00,2024-10-09 16:50:00,2024-10-09 16:50:00,1
58170,58173,1.3067,1.3065350809054839,0.46094301093888584,STOP,2024-10-09 19:10:00,2024-10-09 19:15:00,2024-10-09 19:25:00,3
58328,58330,1.30614,1.3068716480209077,-1.0849999999999906,STOP,2024-10-10 08:20:00,2024-10-10 08:25:00,2024-10-10 08:30:00,2
58381,58387,1.3033,1.3027814899811339,0.4427950654483717,STOP,2024-10-10 12:45:00,2024-10-10 12:50:00,2024-10-10 13:15:00,6
58504,58528,1.30535,1.3050374611325342,0.6108311501537838,STOP,2024-10-10 23:00:00,2024-10-10 23:05:00,2024-10-11 01:00:00,24
58539,58542,1.30531,1.304788686534427,1.5234304932007687,STOP,2024-10-11 01:55:00,2024-10-11 02:00:00,2024-10-11 02:10:00,3
58707,58719,1.30646,1.306806236827978,-1.085000000000246,STOP,2024-10-11 15:55:00,2024-10-11 16:00:00,2024-10-11 16:55:00,12
58722,58730,1.3071,1.3063730090550778,1.5646901888301228,STOP,2024-10-13 17:10:00,2024-10-13 17:15:00,2024-10-13 17:50:00,8
58751,58758,1.30482,1.3042949621401647,1.4988351542281275,STOP,2024-10-13 19:35:00,2024-10-13 19:40:00,2024-10-13 20:10:00,7
58885,58887,1.30482,1.3053729679991941,-1.0850000000001265,STOP,2024-10-14 06:45:00,2024-10-14 06:50:00,2024-10-14 06:55:00,2
58909,58920,1.30393,1.3047263035710903,-1.0849999999998696,STOP,2024-10-14 08:45:00,2024-10-14 08:50:00,2024-10-14 09:40:00,11
59099,59111,1.30521,1.3043683285447663,2.1182420804253534,STOP,2024-10-15 00:35:00,2024-10-15 00:40:00,2024-10-15 01:35:00,12
59258,59262,1.30631,1.3069283566132404,-1.0850000000000675,STOP,2024-10-15 13:50:00,2024-10-15 13:55:00,2024-10-15 14:10:00,4
59330,59334,1.30668,1.3062725117626368,1.1053682974728074,STOP,2024-10-15 19:50:00,2024-10-15 19:55:00,2024-10-15 20:10:00,4
59432,59443,1.30011,1.301157600483534,-1.085000000000053,STOP,2024-10-16 04:20:00,2024-10-16 04:25:00,2024-10-16 05:15:00,11
59569,59570,1.29775,1.298160928036545,-1.0850000000002482,STOP,2024-10-16 15:45:00,2024-10-16 15:50:00,2024-10-16 15:50:00,1
59872,59874,1.30121,1.3009177533288554,0.6446214170089662,STOP,2024-10-17 17:00:00,2024-10-17 17:05:00,2024-10-17 17:10:00,2
59902,59905,1.30087,1.3011355267152127,-1.0849999999996565,STOP,2024-10-17 19:30:00,2024-10-17 19:35:00,2024-10-17 19:45:00,3
60168,60171,1.30496,1.304325025194813,1.5908355819767446,STOP,2024-10-20 17:40:00,2024-10-20 17:45:00,2024-10-20 17:55:00,3
60251,60255,1.30436,1.3040424510364281,1.0635144109316403,STOP,2024-10-21 00:35:00,2024-10-21 00:40:00,2024-10-21 00:55:00,4
60302,60310,1.30252,1.3031540011704095,-1.0849999999998927,STOP,2024-10-21 04:50:00,2024-10-21 04:55:00,2024-10-21 05:30:00,8
60339,60340,1.30196,1.3024877891985622,-1.0849999999998226,STOP,2024-10-21 07:55:00,2024-10-21 08:00:00,2024-10-21 08:00:00,1
60433,60494,1.29836,1.2981063991937345,0.5620667554008669,STOP,2024-10-21 15:45:00,2024-10-21 15:50:00,2024-10-21 20:50:00,61
60622,60628,1.29744,1.2980879962486667,-1.084999999999924,STOP,2024-10-22 07:30:00,2024-10-22 07:35:00,2024-10-22 08:00:00,6
60736,60748,1.29801,1.2984340130950733,-1.0850000000001736,STOP,2024-10-22 17:00:00,2024-10-22 17:05:00,2024-10-22 18:00:00,12
60772,60777,1.29784,1.298103420309236,-1.0850000000001334,STOP,2024-10-22 20:00:00,2024-10-22 20:05:00,2024-10-22 20:25:00,5
60915,60933,1.29513,1.2957442673553006,-1.084999999999909,STOP,2024-10-23 07:55:00,2024-10-23 08:00:00,2024-10-23 09:25:00,18
60964,60971,1.2941,1.2928731345336515,1.556097279359754,STOP,2024-10-23 12:00:00,2024-10-23 12:05:00,2024-10-23 12:35:00,7
61052,61059,1.29137,1.2911968761192192,0.49076455640597444,STOP,2024-10-23 19:20:00,2024-10-23 19:25:00,2024-10-23 19:55:00,7
61348,61352,1.29723,1.2967162760835866,2.2115362399351066,STOP,2024-10-24 20:00:00,2024-10-24 20:05:00,2024-10-24 20:20:00,4
61407,61413,1.29653,1.296770060601253,-1.0849999999999749,STOP,2024-10-25 00:55:00,2024-10-25 01:00:00,2024-10-25 01:25:00,6
61599,61601,1.29761,1.2960329090092007,4.289776857494963,STOP,2024-10-25 16:55:00,2024-10-27 16:00:00,2024-10-27 16:05:00,2
61703,61705,1.29447,1.2948480738427959,-1.0849999999998974,STOP,2024-10-27 23:35:00,2024-10-27 23:40:00,2024-10-27 23:45:00,2
61861,61865,1.29771,1.2973632068353094,0.5773073861123721,STOP,2024-10-28 12:45:00,2024-10-28 12:50:00,2024-10-28 13:05:00,4
61912,61920,1.29708,1.2967049992868565,1.1637918689167162,STOP,2024-10-28 17:00:00,2024-10-28 17:05:00,2024-10-28 17:40:00,8
61924,61935,1.29691,1.2971654853241399,-1.084999999999729,STOP,2024-10-28 18:00:00,2024-10-28 18:05:00,2024-10-28 18:55:00,11
61979,62002,1.29608,1.2964194496690984,-1.0849999999997626,STOP,2024-10-28 22:35:00,2024-10-28 22:40:00,2024-10-29 00:30:00,23
62089,62090,1.29725,1.2979569367876063,-1.0849999999999884,STOP,2024-10-29 07:45:00,2024-10-29 07:50:00,2024-10-29 07:50:00,1
62260,62268,1.30033,1.299828542587995,1.0854102868229476,STOP,2024-10-29 22:00:00,2024-10-29 22:05:00,2024-10-29 22:40:00,8
62278,62287,1.30026,1.2997940996248478,1.1995778220830653,STOP,2024-10-29 23:30:00,2024-10-29 23:35:00,2024-10-30 00:15:00,9
62349,62359,1.29849,1.2971022467501165,1.5080656606599774,STOP,2024-10-30 05:25:00,2024-10-30 05:30:00,2024-10-30 06:15:00,10
62363,62373,1.29695,1.2956090567005285,1.4449457832672146,STOP,2024-10-30 06:35:00,2024-10-30 06:40:00,2024-10-30 07:25:00,10
62480,62483,1.29672,1.296364688423141,0.7050842552253249,STOP,2024-10-30 16:20:00,2024-10-30 16:25:00,2024-10-30 16:35:00,3
62500,62514,1.29615,1.295837082385864,0.7991964333038528,STOP,2024-10-30 18:00:00,2024-10-30 18:05:00,2024-10-30 19:10:00,14
62800,62802,1.28937,1.2892034739789136,0.4896435652652766,STOP,2024-10-31 19:00:00,2024-10-31 19:05:00,2024-10-31 19:10:00,2
62866,62870,1.28891,1.2886530155498306,0.5780379032131484,STOP,2024-11-01 00:30:00,2024-11-01 00:35:00,2024-11-01 00:50:00,4
63039,63053,1.29755,1.2953726525595526,3.923251664529541,STOP,2024-11-01 15:55:00,2024-11-03 17:00:00,2024-11-03 18:05:00,14
63148,63151,1.29846,1.2988573031932105,-1.0849999999997313,STOP,2024-11-04 02:00:00,2024-11-04 02:05:00,2024-11-04 02:15:00,3
63210,63222,1.29668,1.297472671266835,-1.0849999999999003,STOP,2024-11-04 07:10:00,2024-11-04 07:15:00,2024-11-04 08:10:00,12
63352,63362,1.29515,1.2954285501552243,-1.0849999999998805,STOP,2024-11-04 19:00:00,2024-11-04 19:05:00,2024-11-04 19:50:00,10
63398,63403,1.2954,1.2957563517653468,-1.0849999999998616,STOP,2024-11-04 22:50:00,2024-11-04 22:55:00,2024-11-04 23:15:00,5
63670,63677,1.29272,1.2903062418321507,1.3346032325394415,STOP,2024-11-05 21:30:00,2024-11-05 21:35:00,2024-11-05 22:05:00,7
63725,63742,1.28694,1.288701206007125,-1.0850000000000186,STOP,2024-11-06 02:05:00,2024-11-06 02:10:00,2024-11-06 03:30:00,17
63775,63783,1.28749,1.285990645563324,1.0526203300581185,STOP,2024-11-06 06:15:00,2024-11-06 06:20:00,2024-11-06 06:55:00,8
63912,63916,1.28851,1.2876404378967683,2.2303245393886386,STOP,2024-11-06 17:40:00,2024-11-06 17:45:00,2024-11-06 18:00:00,4
64179,64187,1.29783,1.2968874755622661,1.589040881497474,STOP,2024-11-07 19:55:00,2024-11-07 20:00:00,2024-11-07 20:35:00,8
64199,64206,1.29662,1.297199173218379,-1.0849999999999147,STOP,2024-11-07 21:35:00,2024-11-07 21:40:00,2024-11-07 22:10:00,7
64321,64323,1.29528,1.2943606798252785,1.036749848808821,STOP,2024-11-08 07:45:00,2024-11-08 07:50:00,2024-11-08 07:55:00,2
64343,64349,1.29415,1.293111949358993,1.0186313142816479,STOP,2024-11-08 09:35:00,2024-11-08 09:40:00,2024-11-08 10:05:00,6
64504,64514,1.29105,1.2905388835099425,1.1250804927214024,STOP,2024-11-10 23:00:00,2024-11-10 23:05:00,2024-11-10 23:50:00,10
64607,64616,1.28866,1.2873578274734696,1.584905238035033,STOP,2024-11-11 07:35:00,2024-11-11 07:40:00,2024-11-11 08:20:00,9
64631,64643,1.28697,1.2863524366676886,0.6738845530046524,STOP,2024-11-11 09:35:00,2024-11-11 09:40:00,2024-11-11 10:35:00,12
64665,64666,1.28639,1.2871162227297632,-1.0850000000001256,STOP,2024-11-11 12:25:00,2024-11-11 12:30:00,2024-11-11 12:30:00,1
64732,64740,1.28656,1.2868628026165505,-1.0850000000002933,STOP,2024-11-11 18:00:00,2024-11-11 18:05:00,2024-11-11 18:40:00,8
64789,64803,1.28445,1.2839355085236905,0.9999731476663254,STOP,2024-11-11 22:45:00,2024-11-11 22:50:00,2024-11-11 23:55:00,14
64849,64851,1.28147,1.2825359310258355,-1.0849999999999511,STOP,2024-11-12 03:45:00,2024-11-12 03:50:00,2024-11-12 03:55:00,2
64924,64935,1.27787,1.2764406342483663,1.2603415196249967,STOP,2024-11-12 10:00:00,2024-11-12 10:05:00,2024-11-12 10:55:00,11
65029,65035,1.27409,1.2733568687021486,1.6982973352646513,STOP,2024-11-12 18:45:00,2024-11-12 18:50:00,2024-11-12 19:15:00,6
65097,65104,1.27417,1.2745678059517673,-1.085000000000196,STOP,2024-11-13 00:25:00,2024-11-13 00:30:00,2024-11-13 01:00:00,7
65298,65335,1.27062,1.2700148866293024,0.9933005895266211,STOP,2024-11-13 17:10:00,2024-11-13 17:15:00,2024-11-13 20:15:00,37
65358,65360,1.26932,1.2690726462055764,0.42106734035066734,STOP,2024-11-13 22:10:00,2024-11-13 22:15:00,2024-11-13 22:20:00,2
65380,65383,1.26796,1.2677209790785973,0.4998449142436469,STOP,2024-11-14 00:00:00,2024-11-14 00:05:00,2024-11-14 00:15:00,3
65448,65459,1.26383,1.2647329599819923,-1.0849999999999467,STOP,2024-11-14 05:40:00,2024-11-14 05:45:00,2024-11-14 06:35:00,11
65551,65558,1.26932,1.2689574234904235,0.4363065105436173,STOP,2024-11-14 14:15:00,2024-11-14 14:20:00,2024-11-14 14:50:00,7
65683,65686,1.26694,1.2673506080509171,-1.0850000000000575,STOP,2024-11-15 01:15:00,2024-11-15 01:20:00,2024-11-15 01:30:00,3
65770,65773,1.26531,1.2665165551266042,-1.0850000000000461,STOP,2024-11-15 08:30:00,2024-11-15 08:35:00,2024-11-15 08:45:00,3
65847,65856,1.26123,1.2600547439143734,1.4307313332024643,STOP,2024-11-15 14:55:00,2024-11-15 15:00:00,2024-11-15 15:40:00,9
65957,65965,1.26277,1.2631789326480205,-1.0850000000000521,STOP,2024-11-18 00:05:00,2024-11-18 00:10:00,2024-11-18 00:45:00,8
66160,66162,1.26836,1.267358350667425,2.0327143097581457,STOP,2024-11-18 17:00:00,2024-11-18 17:05:00,2024-11-18 17:10:00,2
66192,66197,1.26719,1.2669679303820995,0.5345031539164942,STOP,2024-11-18 19:40:00,2024-11-18 19:45:00,2024-11-18 20:05:00,5
66529,66535,1.26866,1.2689726077613679,-1.0850000000000288,STOP,2024-11-19 23:45:00,2024-11-19 23:50:00,2024-11-20 00:15:00,6
66616,66645,1.26694,1.2651970775262216,2.0977962559280003,STOP,2024-11-20 07:00:00,2024-11-20 07:05:00,2024-11-20 09:25:00,29
66679,66685,1.2645,1.2654142482670534,-1.0849999999998787,STOP,2024-11-20 12:15:00,2024-11-20 12:20:00,2024-11-20 12:45:00,6
67024,67038,1.25932,1.2587917761449328,1.2285639784664868,STOP,2024-11-21 17:00:00,2024-11-21 17:05:00,2024-11-21 18:10:00,14
67092,67115,1.25844,1.2571095142341995,2.8794524009402003,STOP,2024-11-21 22:40:00,2024-11-21 22:45:00,2024-11-22 00:35:00,23
67124,67131,1.25676,1.2572585096361855,-1.0850000000001114,STOP,2024-11-22 01:20:00,2024-11-22 01:25:00,2024-11-22 01:55:00,7
67311,67320,1.25953,1.2584805035718387,1.9787688201085474,STOP,2024-11-22 16:55:00,2024-11-24 17:00:00,2024-11-24 17:40:00,9
67396,67406,1.25957,1.2591887798237082,0.8001866735305159,STOP,2024-11-25 00:00:00,2024-11-25 00:05:00,2024-11-25 00:50:00,10
67536,67552,1.25516,1.256339184074844,-1.0849999999999271,STOP,2024-11-25 11:40:00,2024-11-25 11:45:00,2024-11-25 13:00:00,16
67613,67623,1.25701,1.253849526777281,8.111971856350548,STOP,2024-11-25 18:05:00,2024-11-25 18:10:00,2024-11-25 18:55:00,10
67798,67812,1.25758,1.2561286447108146,1.2366551885932846,STOP,2024-11-26 09:30:00,2024-11-26 09:35:00,2024-11-26 10:40:00,14
67813,67823,1.25728,1.2552748316114453,1.6620953474455005,STOP,2024-11-26 10:45:00,2024-11-26 10:50:00,2024-11-26 11:35:00,10
67958,67986,1.25718,1.2569148186485541,0.5324963379903948,STOP,2024-11-26 22:50:00,2024-11-26 22:55:00,2024-11-27 01:10:00,28
68205,68214,1.26751,1.2667307772423892,2.2241810167586844,STOP,2024-11-27 19:25:00,2024-11-27 19:30:00,2024-11-27 20:10:00,9
68259,68274,1.26674,1.266025024923872,1.7551156092916642,STOP,2024-11-27 23:55:00,2024-11-28 00:00:00,2024-11-28 01:10:00,15
68463,68467,1.26902,1.2682157610862457,4.176453233240562,STOP,2024-11-28 16:55:00,2024-11-28 17:00:00,2024-11-28 17:15:00,4
68603,68618,1.26957,1.2688323761246794,0.7368046154060831,STOP,2024-11-29 04:35:00,2024-11-29 04:40:00,2024-11-29 05:50:00,15
68657,68659,1.2683,1.2677974912700738,0.49209845881588504,STOP,2024-11-29 09:05:00,2024-11-29 09:10:00,2024-11-29 09:15:00,2
68816,68818,1.26852,1.2690663358619227,-1.0850000000001192,STOP,2024-12-01 22:20:00,2024-12-01 22:25:00,2024-12-01 22:30:00,2
69070,69077,1.2652,1.2655651702909785,-1.084999999999926,STOP,2024-12-02 19:30:00,2024-12-02 19:35:00,2024-12-02 20:05:00,7
69106,69126,1.26478,1.2642244844338026,1.084429073326806,STOP,2024-12-02 22:30:00,2024-12-02 22:35:00,2024-12-03 00:10:00,20
69218,69226,1.26518,1.2659534520267033,-1.0850000000000386,STOP,2024-12-03 07:50:00,2024-12-03 07:55:00,2024-12-03 08:30:00,8
69340,69344,1.26707,1.266920745800494,0.43286758573100764,STOP,2024-12-03 18:00:00,2024-12-03 18:05:00,2024-12-03 18:20:00,4
69396,69404,1.26574,1.2662576970715225,-1.0850000000000504,STOP,2024-12-03 22:40:00,2024-12-03 22:45:00,2024-12-03 23:20:00,8
69860,69865,1.27338,1.274181390237333,-1.0849999999999214,STOP,2024-12-05 13:20:00,2024-12-05 13:25:00,2024-12-05 13:45:00,5
69970,69991,1.27481,1.2744542448578653,0.7889209077361389,STOP,2024-12-05 22:30:00,2024-12-05 22:35:00,2024-12-06 00:15:00,21
70001,70005,1.27438,1.2747322930516558,-1.0849999999997673,STOP,2024-12-06 01:05:00,2024-12-06 01:10:00,2024-12-06 01:25:00,4
70193,70201,1.27411,1.274631859684285,-1.0850000000000461,STOP,2024-12-08 17:05:00,2024-12-08 17:10:00,2024-12-08 17:45:00,8
70257,70265,1.27319,1.2722464678568501,2.230949210530385,STOP,2024-12-08 22:25:00,2024-12-08 22:30:00,2024-12-08 23:05:00,8
70368,70373,1.27552,1.2762244485310432,-1.0849999999999353,STOP,2024-12-09 07:40:00,2024-12-09 07:45:00,2024-12-09 08:05:00,5
70454,70467,1.27511,1.2745793669872956,0.861446498004566,STOP,2024-12-09 14:50:00,2024-12-09 14:55:00,2024-12-09 15:55:00,13
70468,70473,1.27522,1.274614638497788,1.1743592931035036,STOP,2024-12-09 16:00:00,2024-12-09 16:05:00,2024-12-09 16:25:00,5
70480,70485,1.27531,1.2748567283292103,0.9052183018485886,STOP,2024-12-09 17:00:00,2024-12-09 17:05:00,2024-12-09 17:25:00,5
70859,70876,1.27668,1.2769750873192236,-1.0849999999996616,STOP,2024-12-11 00:35:00,2024-12-11 00:40:00,2024-12-11 02:00:00,17
70902,70914,1.275,1.2720435566875081,3.7177829403904146,STOP,2024-12-11 04:10:00,2024-12-11 04:15:00,2024-12-11 05:10:00,12
70927,70936,1.27299,1.2738247008529398,-1.0849999999999873,STOP,2024-12-11 06:15:00,2024-12-11 06:20:00,2024-12-11 07:00:00,9
71017,71026,1.2739,1.2748003833968071,-1.0849999999999,STOP,2024-12-11 13:45:00,2024-12-11 13:50:00,2024-12-11 14:30:00,9
71146,71153,1.27648,1.2768251007618734,-1.0850000000001776,STOP,2024-12-12 00:30:00,2024-12-12 00:35:00,2024-12-12 01:05:00,7
71206,71213,1.27528,1.2744962847636525,1.175136169124828,STOP,2024-12-12 05:30:00,2024-12-12 05:35:00,2024-12-12 06:05:00,7
71313,71322,1.26789,1.2673540026172723,0.6345996796734802,STOP,2024-12-12 14:25:00,2024-12-12 14:30:00,2024-12-12 15:10:00,9
71423,71435,1.26625,1.2660393032392956,0.46568116899400297,STOP,2024-12-12 23:35:00,2024-12-12 23:40:00,2024-12-13 00:35:00,12
71444,71445,1.26548,1.2658758557444467,-1.0849999999999993,STOP,2024-12-13 01:20:00,2024-12-13 01:25:00,2024-12-13 01:25:00,1
71548,71552,1.26275,1.2635514119865687,-1.0850000000001105,STOP,2024-12-13 10:00:00,2024-12-13 10:05:00,2024-12-13 10:20:00,4
71631,71633,1.26232,1.2613135334450178,2.2209943137991854,STOP,2024-12-13 16:55:00,2024-12-15 17:00:00,2024-12-15 17:05:00,2
71919,71927,1.26842,1.2679945511624422,0.9402335599555043,STOP,2024-12-16 16:55:00,2024-12-16 17:00:00,2024-12-16 17:35:00,8
71932,71935,1.2684,1.2687202211178534,-1.085000000000053,STOP,2024-12-16 18:00:00,2024-12-16 18:05:00,2024-12-16 18:15:00,3
72010,72022,1.26754,1.2669935408720547,1.4893980108695926,STOP,2024-12-17 00:30:00,2024-12-17 00:35:00,2024-12-17 01:30:00,12
72207,72210,1.27114,1.2709040759207326,0.5065361455190529,STOP,2024-12-17 16:55:00,2024-12-17 17:00:00,2024-12-17 17:10:00,3
72232,72235,1.2708,1.2710867900765666,-1.0850000000001374,STOP,2024-12-17 19:00:00,2024-12-17 19:05:00,2024-12-17 19:15:00,3
72279,72287,1.26974,1.2701123868233448,-1.0850000000000393,STOP,2024-12-17 22:55:00,2024-12-17 23:00:00,2024-12-17 23:35:00,8
72346,72355,1.26867,1.2693586948106044,-1.084999999999855,STOP,2024-12-18 04:30:00,2024-12-18 04:35:00,2024-12-18 05:15:00,9
72460,72462,1.26582,1.264124868639109,1.2934726615824885,STOP,2024-12-18 14:00:00,2024-12-18 14:05:00,2024-12-18 14:10:00,2
72517,72520,1.25662,1.2573666761047975,-1.0849999999998536,STOP,2024-12-18 18:45:00,2024-12-18 18:50:00,2024-12-18 19:00:00,3
72664,72672,1.26017,1.2614627607515447,-1.0850000000000057,STOP,2024-12-19 07:00:00,2024-12-19 07:05:00,2024-12-19 07:40:00,8
72682,72692,1.26004,1.2590918403807188,0.602032316401324,STOP,2024-12-19 08:30:00,2024-12-19 08:35:00,2024-12-19 09:20:00,10
72796,72815,1.24991,1.249559546093439,0.6524055595225068,STOP,2024-12-19 18:00:00,2024-12-19 18:05:00,2024-12-19 19:35:00,19
72853,72857,1.24763,1.248125349004546,-1.084999999999912,STOP,2024-12-19 22:45:00,2024-12-19 22:50:00,2024-12-19 23:05:00,4
72962,72965,1.25084,1.251600111557781,-1.0850000000000644,STOP,2024-12-20 07:50:00,2024-12-20 07:55:00,2024-12-20 08:05:00,3
73059,73069,1.25746,1.256943107369582,0.6187954491013072,STOP,2024-12-20 15:55:00,2024-12-20 16:00:00,2024-12-20 16:45:00,10
73071,73075,1.25738,1.2562083000727358,1.8099499809002275,STOP,2024-12-20 16:55:00,2024-12-22 17:00:00,2024-12-22 17:15:00,4
73084,73095,1.2574,1.2569543257688305,0.6489625642689413,STOP,2024-12-22 18:00:00,2024-12-22 18:05:00,2024-12-22 18:55:00,11
73167,73170,1.25785,1.257409246191135,1.3317968099910595,STOP,2024-12-23 00:55:00,2024-12-23 01:00:00,2024-12-23 01:10:00,3
73291,73295,1.25115,1.2521421173307938,-1.085000000000045,STOP,2024-12-23 11:15:00,2024-12-23 11:20:00,2024-12-23 11:35:00,4
73320,73336,1.25293,1.2536683898118466,-1.0849999999999251,STOP,2024-12-23 13:40:00,2024-12-23 13:45:00,2024-12-23 15:00:00,16
73384,73392,1.25321,1.25279260425286,1.062072135959038,STOP,2024-12-23 19:00:00,2024-12-23 19:05:00,2024-12-23 19:40:00,8
73396,73409,1.25314,1.253485780639604,-1.084999999999831,STOP,2024-12-23 20:00:00,2024-12-23 20:05:00,2024-12-23 21:05:00,13
73429,73435,1.25307,1.2534150892846936,-1.0849999999996895,STOP,2024-12-23 22:45:00,2024-12-23 22:50:00,2024-12-23 23:15:00,6
73459,73477,1.25342,1.253762097974061,-1.0850000000001763,STOP,2024-12-24 01:15:00,2024-12-24 01:20:00,2024-12-24 02:45:00,18
73583,73589,1.25317,1.2527386495641344,0.4723960109289265,STOP,2024-12-24 11:35:00,2024-12-24 11:40:00,2024-12-24 12:05:00,6
73608,73628,1.25305,1.2535917143037878,-1.0849999999998803,STOP,2024-12-24 13:40:00,2024-12-24 13:45:00,2024-12-24 15:20:00,20
73846,73852,1.25358,1.2525899600697925,3.3293548858071738,STOP,2024-12-26 02:10:00,2024-12-26 02:15:00,2024-12-26 02:40:00,6
73905,73914,1.25262,1.2516960578148917,2.8323185084476434,STOP,2024-12-26 07:05:00,2024-12-26 07:10:00,2024-12-26 07:50:00,9
74024,74028,1.25292,1.2518977233818271,2.6285441199308135,STOP,2024-12-26 17:00:00,2024-12-26 17:05:00,2024-12-26 17:20:00,4
74090,74096,1.25252,1.2528569535113634,-1.0850000000000302,STOP,2024-12-26 22:30:00,2024-12-26 22:35:00,2024-12-26 23:00:00,6
74119,74124,1.2521,1.2524064683714065,-1.0849999999997275,STOP,2024-12-27 00:55:00,2024-12-27 01:00:00,2024-12-27 01:20:00,5
74502,74505,1.25724,1.2558814641592713,1.5336391403273157,STOP,2024-12-30 08:50:00,2024-12-30 08:55:00,2024-12-30 09:05:00,3
74602,74612,1.25541,1.2540314377683044,2.9848742692848953,STOP,2024-12-30 17:10:00,2024-12-30 17:15:00,2024-12-30 18:00:00,10
74630,74635,1.25398,1.2543594473442028,-1.0850000000001523,STOP,2024-12-30 19:30:00,2024-12-30 19:35:00,2024-12-30 19:55:00,5
74690,74706,1.25532,1.2546512097571842,2.2659621612733623,STOP,2024-12-31 00:30:00,2024-12-31 00:35:00,2024-12-31 01:50:00,16
74793,74794,1.25272,1.2536988428942608,-1.0849999999999567,STOP,2024-12-31 09:05:00,2024-12-31 09:10:00,2024-12-31 09:10:00,1
74906,74911,1.25131,1.25168599052234,-1.084999999999886,STOP,2025-01-01 18:30:00,2025-01-01 18:35:00,2025-01-01 18:55:00,5
75038,75045,1.24731,1.2451338875113525,2.3504731008488426,STOP,2025-01-02 05:30:00,2025-01-02 05:35:00,2025-01-02 06:05:00,7
75064,75074,1.24289,1.2409114032239534,1.8691029281674247,STOP,2025-01-02 07:40:00,2025-01-02 07:45:00,2025-01-02 08:30:00,10
75087,75089,1.23918,1.2403671884536158,-1.0850000000000277,STOP,2025-01-02 09:35:00,2025-01-02 09:40:00,2025-01-02 09:45:00,2
75323,75333,1.23917,1.2398993242703984,-1.084999999999918,STOP,2025-01-03 05:15:00,2025-01-03 05:20:00,2025-01-03 06:05:00,10
75463,75465,1.24256,1.242113004384196,1.0003212129539985,STOP,2025-01-03 16:55:00,2025-01-05 17:00:00,2025-01-05 17:05:00,2
75704,75730,1.25097,1.2520133038231211,-1.084999999999941,STOP,2025-01-06 13:00:00,2025-01-06 13:05:00,2025-01-06 15:10:00,26
75776,75782,1.25078,1.2505781333166004,0.4966461367962392,STOP,2025-01-06 19:00:00,2025-01-06 19:05:00,2025-01-06 19:30:00,6
75941,75943,1.25339,1.2542115989100575,-1.0850000000000388,STOP,2025-01-07 08:45:00,2025-01-07 08:50:00,2025-01-07 08:55:00,2
75984,76004,1.25001,1.2490352290215214,0.5791634486452776,STOP,2025-01-07 12:20:00,2025-01-07 12:25:00,2025-01-07 14:00:00,20
76054,76064,1.24748,1.2477462617790818,-1.0849999999996596,STOP,2025-01-07 18:10:00,2025-01-07 18:15:00,2025-01-07 19:00:00,10
76196,76203,1.24402,1.2344749920736535,12.07471213447315,STOP,2025-01-08 06:00:00,2025-01-08 06:05:00,2025-01-08 06:35:00,7
76244,76264,1.23433,1.2360561261160241,-1.0850000000000113,STOP,2025-01-08 10:00:00,2025-01-08 10:05:00,2025-01-08 11:40:00,20
76358,76361,1.2352,1.2349872808192126,0.4818020162500804,STOP,2025-01-08 19:30:00,2025-01-08 19:35:00,2025-01-08 19:45:00,3
76397,76405,1.23494,1.2335346895134496,3.2176569288494816,STOP,2025-01-08 22:45:00,2025-01-08 22:50:00,2025-01-08 23:25:00,8
76413,76420,1.23387,1.2335450338708889,0.6374479277536709,STOP,2025-01-09 00:05:00,2025-01-09 00:10:00,2025-01-09 00:40:00,7
76463,76474,1.22951,1.2282971604284587,0.6682794449119861,STOP,2025-01-09 04:15:00,2025-01-09 04:20:00,2025-01-09 05:10:00,11
76480,76481,1.22577,1.2273278234070457,-1.0849999999999478,STOP,2025-01-09 05:40:00,2025-01-09 05:45:00,2025-01-09 05:45:00,1
76634,76640,1.2304,1.2299323536717717,1.3806311678311332,STOP,2025-01-09 18:30:00,2025-01-09 18:35:00,2025-01-09 19:00:00,6
76696,76712,1.22944,1.2277846684108475,4.622693299952648,STOP,2025-01-09 23:40:00,2025-01-09 23:45:00,2025-01-10 01:00:00,16
76817,76824,1.22351,1.2257528448470179,-1.0849999999999864,STOP,2025-01-10 09:45:00,2025-01-10 09:50:00,2025-01-10 10:20:00,7
76913,76918,1.22092,1.2204349860244954,0.927529943212879,STOP,2025-01-12 17:45:00,2025-01-12 17:50:00,2025-01-12 18:10:00,5
77040,77058,1.21163,1.2130849490338398,-1.0849999999999604,STOP,2025-01-13 04:20:00,2025-01-13 04:25:00,2025-01-13 05:50:00,18
77077,77080,1.21028,1.2116080419186657,-1.085000000000022,STOP,2025-01-13 07:25:00,2025-01-13 07:30:00,2025-01-13 07:40:00,3
77241,77253,1.22,1.220831411914844,-1.0849999999999904,STOP,2025-01-13 21:05:00,2025-01-13 21:10:00,2025-01-13 22:05:00,12
77263,77269,1.22096,1.2204579079843723,0.7175901688660906,STOP,2025-01-13 22:55:00,2025-01-13 23:00:00,2025-01-13 23:25:00,6
77277,77283,1.2206,1.2201662670833968,0.6257728959360795,STOP,2025-01-14 00:05:00,2025-01-14 00:10:00,2025-01-14 00:35:00,6
77361,77364,1.21704,1.2163316789709309,0.5704823393599836,STOP,2025-01-14 07:05:00,2025-01-14 07:10:00,2025-01-14 07:20:00,3
77374,77378,1.21658,1.2144319893175621,1.8987175391809872,STOP,2025-01-14 08:10:00,2025-01-14 08:15:00,2025-01-14 08:30:00,4
77393,77396,1.21575,1.2174901874600108,-1.0849999999999727,STOP,2025-01-14 09:45:00,2025-01-14 09:50:00,2025-01-14 10:00:00,3
77534,77541,1.21939,1.2198384670870284,-1.0849999999999582,STOP,2025-01-14 21:30:00,2025-01-14 21:35:00,2025-01-14 22:05:00,7
77702,77714,1.22062,1.2224870893653252,-1.0849999999999487,STOP,2025-01-15 11:30:00,2025-01-15 11:35:00,2025-01-15 12:30:00,12
77845,77858,1.22218,1.2214381526262619,1.4558725591707238,STOP,2025-01-15 23:25:00,2025-01-15 23:30:00,2025-01-16 00:30:00,13
77868,77878,1.22181,1.2207171404389892,2.2124622447454487,STOP,2025-01-16 01:20:00,2025-01-16 01:25:00,2025-01-16 02:10:00,10
77908,77914,1.2193,1.2203241121068065,-1.0850000000000226,STOP,2025-01-16 04:40:00,2025-01-16 04:45:00,2025-01-16 05:10:00,6
77940,77945,1.22011,1.2196088598468033,0.520816159010001,STOP,2025-01-16 07:20:00,2025-01-16 07:25:00,2025-01-16 07:45:00,5
78136,78151,1.22217,1.2215737424361977,1.2704772277538618,STOP,2025-01-16 23:40:00,2025-01-16 23:45:00,2025-01-17 00:55:00,15
78152,78163,1.22109,1.2215704078746674,-1.0850000000001105,STOP,2025-01-17 01:00:00,2025-01-17 01:05:00,2025-01-17 01:55:00,11
78253,78254,1.21769,1.218733002514489,-1.0849999999999023,STOP,2025-01-17 09:25:00,2025-01-17 09:30:00,2025-01-17 09:30:00,1
78343,78348,1.21854,1.2173250678776055,2.2750999237078404,STOP,2025-01-17 16:55:00,2025-01-19 17:00:00,2025-01-19 17:20:00,5
78356,78363,1.21692,1.2163578215848883,0.8615056338879775,STOP,2025-01-19 18:00:00,2025-01-19 18:05:00,2025-01-19 18:35:00,7
78578,78596,1.22887,1.23053884187507,-1.0850000000000608,STOP,2025-01-20 12:30:00,2025-01-20 12:35:00,2025-01-20 14:00:00,18
78734,78740,1.2271,1.226432534602281,0.8784976670940392,STOP,2025-01-21 01:30:00,2025-01-21 01:35:00,2025-01-21 02:00:00,6
78768,78774,1.22548,1.2244917708242054,0.8157536101098759,STOP,2025-01-21 04:20:00,2025-01-21 04:25:00,2025-01-21 04:50:00,6
78788,78805,1.2239,1.2249240555768695,-1.0849999999999766,STOP,2025-01-21 06:00:00,2025-01-21 06:05:00,2025-01-21 07:25:00,17
78809,78814,1.22415,1.2250753549751143,-1.0849999999998932,STOP,2025-01-21 07:45:00,2025-01-21 07:50:00,2025-01-21 08:10:00,5
79121,79126,1.23435,1.2331249609645547,1.0441607573532228,STOP,2025-01-22 09:45:00,2025-01-22 09:50:00,2025-01-22 10:10:00,5
79160,79164,1.23162,1.2323838066075818,-1.0850000000001438,STOP,2025-01-22 13:00:00,2025-01-22 13:05:00,2025-01-22 13:20:00,4
79207,79209,1.2325,1.2316444078929942,2.25986826745358,STOP,2025-01-22 16:55:00,2025-01-22 17:00:00,2025-01-22 17:05:00,2
79219,79221,1.23156,1.2310637330929137,1.5800988509110323,STOP,2025-01-22 17:55:00,2025-01-22 18:00:00,2025-01-22 18:05:00,2
79677,79684,1.24059,1.2414953352294906,-1.0850000000000928,STOP,2025-01-24 08:05:00,2025-01-24 08:10:00,2025-01-24 08:40:00,7
79783,79790,1.24763,1.247245464235544,0.6987826966072335,STOP,2025-01-24 16:55:00,2025-01-26 17:00:00,2025-01-26 17:30:00,7
79796,79798,1.24666,1.2464328081949827,0.41401645058670594,STOP,2025-01-26 18:00:00,2025-01-26 18:05:00,2025-01-26 18:10:00,2
79846,79850,1.24597,1.2455856812672934,0.5470105670352289,STOP,2025-01-26 22:10:00,2025-01-26 22:15:00,2025-01-26 22:30:00,4
79988,79997,1.24847,1.247768933813003,0.5104349499314804,STOP,2025-01-27 10:00:00,2025-01-27 10:05:00,2025-01-27 10:45:00,9
80005,80010,1.2483,1.2476055292586343,0.6099746210578242,STOP,2025-01-27 11:25:00,2025-01-27 11:30:00,2025-01-27 11:50:00,5
80119,80152,1.24511,1.2437841414979351,1.1561356541675143,STOP,2025-01-27 20:55:00,2025-01-27 21:00:00,2025-01-27 23:40:00,33
80240,80242,1.24227,1.2430448314141838,-1.0849999999999156,STOP,2025-01-28 07:00:00,2025-01-28 07:05:00,2025-01-28 07:10:00,2
80259,80264,1.24225,1.2430145599717655,-1.0850000000000146,STOP,2025-01-28 08:35:00,2025-01-28 08:40:00,2025-01-28 09:00:00,5
80319,80329,1.2432,1.2426775065549802,0.5997797500057854,STOP,2025-01-28 13:35:00,2025-01-28 13:40:00,2025-01-28 14:25:00,10
80503,80544,1.24212,1.2404356664239244,1.9081315678225588,STOP,2025-01-29 04:55:00,2025-01-29 05:00:00,2025-01-29 08:20:00,41
80558,80566,1.24053,1.2414450377682675,-1.085000000000069,STOP,2025-01-29 09:30:00,2025-01-29 09:35:00,2025-01-29 10:10:00,8
80726,80735,1.24477,1.2444682392892497,0.6881182274707596,STOP,2025-01-29 23:30:00,2025-01-29 23:35:00,2025-01-30 00:15:00,9
80740,80752,1.24453,1.2438345380258695,1.8288907097698106,STOP,2025-01-30 00:40:00,2025-01-30 00:45:00,2025-01-30 01:40:00,12
80802,80828,1.24303,1.24388008760749,-1.0849999999999402,STOP,2025-01-30 05:50:00,2025-01-30 05:55:00,2025-01-30 08:00:00,26
80919,80921,1.24203,1.2429287292495241,-1.085000000000107,STOP,2025-01-30 15:35:00,2025-01-30 15:40:00,2025-01-30 15:45:00,2
80977,80992,1.24178,1.2424527612018195,-1.0849999999998536,STOP,2025-01-30 20:25:00,2025-01-30 20:30:00,2025-01-30 21:40:00,15
81210,81213,1.23936,1.2406063941605976,-1.0849999999999158,STOP,2025-01-31 15:50:00,2025-01-31 15:55:00,2025-01-31 16:05:00,3
81224,81242,1.23159,1.229710890999301,0.7596216891896845,STOP,2025-02-02 17:00:00,2025-02-02 17:05:00,2025-02-02 18:30:00,18
81296,81307,1.22758,1.225619673007411,1.6363314849096602,STOP,2025-02-02 23:00:00,2025-02-02 23:05:00,2025-02-02 23:55:00,11
81596,81601,1.23994,1.2389906675961353,1.4676424112592035,STOP,2025-02-04 00:00:00,2025-02-04 00:05:00,2025-02-04 00:25:00,5
81679,81682,1.24049,1.2400036426594416,0.4758321211959276,STOP,2025-02-04 06:55:00,2025-02-04 07:00:00,2025-02-04 07:10:00,3
81799,81806,1.24822,1.2477171626477306,0.9691351584502077,STOP,2025-02-04 16:55:00,2025-02-04 17:00:00,2025-02-04 17:30:00,7
81812,81814,1.24831,1.2479771670886532,0.682075780172513,STOP,2025-02-04 18:00:00,2025-02-04 18:05:00,2025-02-04 18:10:00,2
81893,81897,1.24674,1.2471597710845874,-1.085000000000201,STOP,2025-02-05 00:45:00,2025-02-05 00:50:00,2025-02-05 01:05:00,4
82004,82035,1.25161,1.2507561996172802,0.7104057998002044,STOP,2025-02-05 10:00:00,2025-02-05 10:05:00,2025-02-05 12:35:00,31
82088,82092,1.25079,1.2503284243783703,1.0001936976986443,STOP,2025-02-05 17:00:00,2025-02-05 17:05:00,2025-02-05 17:20:00,4
82100,82104,1.25015,1.250466460622859,-1.08500000000031,STOP,2025-02-05 18:00:00,2025-02-05 18:05:00,2025-02-05 18:20:00,4
82159,82172,1.2495,1.2489741279890083,1.1148652697359944,STOP,2025-02-05 22:55:00,2025-02-05 23:00:00,2025-02-06 00:00:00,13
82191,82200,1.24907,1.2479964694140069,2.9994115187006782,STOP,2025-02-06 01:35:00,2025-02-06 01:40:00,2025-02-06 02:20:00,9
82240,82247,1.24133,1.242328074401488,-1.0850000000000417,STOP,2025-02-06 05:40:00,2025-02-06 05:45:00,2025-02-06 06:15:00,7
82256,82259,1.23761,1.2391874389634443,-1.0850000000000144,STOP,2025-02-06 07:00:00,2025-02-06 07:05:00,2025-02-06 07:15:00,3
82375,82381,1.24373,1.2432027040604243,1.1174542162587007,STOP,2025-02-06 16:55:00,2025-02-06 17:00:00,2025-02-06 17:25:00,6
82388,82391,1.24329,1.2436015919077301,-1.0850000000002946,STOP,2025-02-06 18:00:00,2025-02-06 18:05:00,2025-02-06 18:15:00,3
82461,82474,1.24263,1.2421834571494168,1.0457962654091362,STOP,2025-02-07 00:05:00,2025-02-07 00:10:00,2025-02-07 01:10:00,13
82582,82591,1.2444,1.241842094847696,1.6540181008450259,STOP,2025-02-07 10:10:00,2025-02-07 10:15:00,2025-02-07 10:55:00,9
82605,82665,1.24068,1.2370348038485937,1.6360880472419477,STOP,2025-02-07 12:05:00,2025-02-07 12:10:00,2025-02-09 17:05:00,60
82854,82862,1.23964,1.237716934878261,2.277330766464872,STOP,2025-02-10 08:50:00,2025-02-10 08:55:00,2025-02-10 09:30:00,8
82904,82917,1.23758,1.2369063616204738,0.8038946919093239,STOP,2025-02-10 13:00:00,2025-02-10 13:05:00,2025-02-10 14:05:00,13
83322,83349,1.24443,1.2448718860669348,-1.085000000000177,STOP,2025-02-11 23:50:00,2025-02-11 23:55:00,2025-02-12 02:05:00,27
83390,83398,1.24404,1.2447939007501865,-1.0850000000000977,STOP,2025-02-12 05:30:00,2025-02-12 05:35:00,2025-02-12 06:10:00,8
83444,83448,1.23951,1.2409567023322832,-1.0850000000000768,STOP,2025-02-12 10:00:00,2025-02-12 10:05:00,2025-02-12 10:20:00,4
83516,83552,1.24437,1.2451070225416634,-1.084999999999857,STOP,2025-02-12 16:00:00,2025-02-12 16:05:00,2025-02-12 19:00:00,36
83693,83700,1.24765,1.2464158080873797,1.3785749054490002,STOP,2025-02-13 06:45:00,2025-02-13 06:50:00,2025-02-13 07:20:00,7
83714,83730,1.24717,1.2481520920336544,-1.0849999999999083,STOP,2025-02-13 08:30:00,2025-02-13 08:35:00,2025-02-13 09:50:00,16
84102,84124,1.25862,1.258128419543057,1.0901337345744173,STOP,2025-02-14 16:50:00,2025-02-14 16:55:00,2025-02-16 18:40:00,22
84212,84214,1.25924,1.259734878589488,-1.084999999999894,STOP,2025-02-17 02:00:00,2025-02-17 02:05:00,2025-02-17 02:10:00,2
84392,84395,1.26301,1.2620673609285429,3.3561522520500557,STOP,2025-02-17 17:00:00,2025-02-17 17:05:00,2025-02-17 17:15:00,3
84431,84438,1.26047,1.2602571435167256,0.4978356419465691,STOP,2025-02-17 20:15:00,2025-02-17 20:20:00,2025-02-17 20:50:00,7
84494,84498,1.25946,1.2598901899671047,-1.0849999999999254,STOP,2025-02-18 01:30:00,2025-02-18 01:35:00,2025-02-18 01:50:00,4
84563,84574,1.25946,1.2586553668970768,1.113389648690853,STOP,2025-02-18 07:15:00,2025-02-18 07:20:00,2025-02-18 08:10:00,11
84633,84648,1.25969,1.2603645233791838,-1.0850000000000453,STOP,2025-02-18 13:05:00,2025-02-18 13:10:00,2025-02-18 14:20:00,15
84831,84834,1.25921,1.258786626116401,0.5135838467564092,STOP,2025-02-19 05:35:00,2025-02-19 05:40:00,2025-02-19 05:50:00,3
84991,85000,1.25836,1.2587231762085067,-1.0850000000000457,STOP,2025-02-19 18:55:00,2025-02-19 19:00:00,2025-02-19 19:40:00,9
85297,85306,1.26571,1.2661497976009992,-1.0850000000001843,STOP,2025-02-20 20:25:00,2025-02-20 20:30:00,2025-02-20 21:10:00,9
85356,85364,1.26607,1.2664796526384434,-1.0849999999998836,STOP,2025-02-21 01:20:00,2025-02-21 01:25:00,2025-02-21 02:00:00,8
85411,85419,1.26477,1.2654439687025967,-1.0849999999998725,STOP,2025-02-21 05:55:00,2025-02-21 06:00:00,2025-02-21 06:35:00,8
85426,85429,1.26383,1.2644429079107067,-1.0850000000001505,STOP,2025-02-21 07:10:00,2025-02-21 07:15:00,2025-02-21 07:25:00,3
85498,85503,1.2636,1.2629141588205852,0.7377385028756787,STOP,2025-02-21 13:10:00,2025-02-21 13:15:00,2025-02-21 13:35:00,5
85543,85545,1.26457,1.2628634808973762,3.957804432018664,STOP,2025-02-21 16:55:00,2025-02-23 17:00:00,2025-02-23 17:05:00,2
85811,85818,1.26316,1.2627861556179887,0.5880341538247014,STOP,2025-02-24 15:15:00,2025-02-24 15:20:00,2025-02-24 15:50:00,7
85866,85879,1.26194,1.2622753037990384,-1.0850000000001245,STOP,2025-02-24 19:50:00,2025-02-24 19:55:00,2025-02-24 20:55:00,13
86054,86063,1.2653,1.264598440640234,0.7039495624233696,STOP,2025-02-25 11:30:00,2025-02-25 11:35:00,2025-02-25 12:15:00,9
86176,86196,1.26547,1.2647148311688066,1.4030283670803918,STOP,2025-02-25 21:40:00,2025-02-25 21:45:00,2025-02-25 23:20:00,20
86408,86415,1.26795,1.2673926389897348,1.0735893942198906,STOP,2025-02-26 17:00:00,2025-02-26 17:05:00,2025-02-26 17:35:00,7
86457,86468,1.2665,1.2662510739392463,0.4570273631925947,STOP,2025-02-26 21:05:00,2025-02-26 21:10:00,2025-02-26 22:00:00,11
86477,86481,1.26611,1.2657612440034938,0.8290868410927614,STOP,2025-02-26 22:45:00,2025-02-26 22:50:00,2025-02-26 23:05:00,4
86491,86510,1.26549,1.2658914812021607,-1.0849999999997613,STOP,2025-02-26 23:55:00,2025-02-27 00:00:00,2025-02-27 01:30:00,19
86616,86627,1.2638,1.2621791874420092,1.1762846964812088,STOP,2025-02-27 10:20:00,2025-02-27 10:25:00,2025-02-27 11:15:00,11
86666,86679,1.26113,1.2607908580252811,0.4377052469319253,STOP,2025-02-27 14:30:00,2025-02-27 14:35:00,2025-02-27 15:35:00,13
86684,86720,1.26044,1.2597825711809585,0.8820642899393624,STOP,2025-02-27 16:00:00,2025-02-27 16:05:00,2025-02-27 19:00:00,36
86928,86942,1.25975,1.2569896512466747,2.3883789028905245,STOP,2025-02-28 12:20:00,2025-02-28 12:25:00,2025-02-28 13:30:00,14
87080,87089,1.26016,1.2598010151080503,0.7915281700847185,STOP,2025-03-03 01:05:00,2025-03-03 01:10:00,2025-03-03 01:50:00,9
87245,87248,1.2697,1.269321552368628,0.3957633866587423,STOP,2025-03-03 14:50:00,2025-03-03 14:55:00,2025-03-03 15:05:00,3
87291,87300,1.27001,1.2693744849515671,1.0638182700640024,STOP,2025-03-03 18:40:00,2025-03-03 18:45:00,2025-03-03 19:25:00,9
87343,87347,1.26817,1.2687805846732896,-1.0850000000000222,STOP,2025-03-03 23:00:00,2025-03-03 23:05:00,2025-03-03 23:20:00,4
87488,87491,1.27078,1.2719125583741904,-1.085000000000096,STOP,2025-03-04 11:05:00,2025-03-04 11:10:00,2025-03-04 11:20:00,3
87736,87739,1.28228,1.281754079642367,0.4454742125443571,STOP,2025-03-05 07:45:00,2025-03-05 07:50:00,2025-03-05 08:00:00,3
88095,88103,1.28779,1.2887507807692231,-1.084999999999887,STOP,2025-03-06 13:40:00,2025-03-06 13:45:00,2025-03-06 14:20:00,8
88135,88139,1.28832,1.2877800012639693,0.7581412277671803,STOP,2025-03-06 17:00:00,2025-03-06 17:05:00,2025-03-06 17:20:00,4
88366,88391,1.29001,1.2913835614775753,-1.084999999999925,STOP,2025-03-07 12:15:00,2025-03-07 12:20:00,2025-03-07 14:20:00,25
88423,88425,1.29361,1.2909248980686145,4.119494288500373,STOP,2025-03-09 16:05:00,2025-03-09 16:10:00,2025-03-09 16:15:00,2
88491,88520,1.29133,1.2908372329622906,0.7576314342504802,STOP,2025-03-09 21:45:00,2025-03-09 21:50:00,2025-03-10 00:10:00,29
88644,88656,1.29079,1.2899531426288577,0.7691006280853302,STOP,2025-03-10 10:30:00,2025-03-10 10:35:00,2025-03-10 11:30:00,12
88672,88676,1.28811,1.2874643539810968,0.7351134306944276,STOP,2025-03-10 12:50:00,2025-03-10 12:55:00,2025-03-10 13:10:00,4
88998,89011,1.29555,1.294620995792104,1.3013269626626163,STOP,2025-03-11 16:00:00,2025-03-11 16:05:00,2025-03-11 17:05:00,13
89033,89044,1.29443,1.2934293963576042,2.648183292766341,STOP,2025-03-11 18:55:00,2025-03-11 19:00:00,2025-03-11 19:50:00,11
89098,89104,1.29242,1.2928096747115896,-1.0850000000001183,STOP,2025-03-12 00:20:00,2025-03-12 00:25:00,2025-03-12 00:50:00,6
89286,89348,1.29646,1.2969902915021818,-1.0850000000001268,STOP,2025-03-12 16:00:00,2025-03-12 16:05:00,2025-03-12 21:10:00,62
89383,89386,1.29583,1.2955681555664191,0.7102220885274693,STOP,2025-03-13 00:05:00,2025-03-13 00:10:00,2025-03-13 00:20:00,3
89457,89465,1.29497,1.2939614885993034,1.1071157514818917,STOP,2025-03-13 06:15:00,2025-03-13 06:20:00,2025-03-13 06:55:00,8
89800,89803,1.29131,1.2922043817462712,-1.0849999999999562,STOP,2025-03-14 10:50:00,2025-03-14 10:55:00,2025-03-14 11:05:00,3
89897,89898,1.29274,1.2932417588439933,-1.084999999999864,STOP,2025-03-16 18:55:00,2025-03-16 19:00:00,2025-03-16 19:00:00,1
89971,89978,1.29321,1.2936231085891785,-1.085000000000042,STOP,2025-03-17 01:05:00,2025-03-17 01:10:00,2025-03-17 01:40:00,7
90153,90156,1.29897,1.2987767404993287,0.42478998619456904,STOP,2025-03-17 16:15:00,2025-03-17 16:20:00,2025-03-17 16:30:00,3
90186,90196,1.29865,1.2983582303773,0.9787170636435025,STOP,2025-03-17 19:00:00,2025-03-17 19:05:00,2025-03-17 19:50:00,10
90223,90234,1.29714,1.2974566325392762,-1.085000000000037,STOP,2025-03-17 22:05:00,2025-03-17 22:10:00,2025-03-17 23:00:00,11
90329,90330,1.29654,1.2972477220174996,-1.084999999999958,STOP,2025-03-18 06:55:00,2025-03-18 07:00:00,2025-03-18 07:00:00,1
90366,90371,1.29607,1.2970990144066756,-1.0849999999998976,STOP,2025-03-18 10:00:00,2025-03-18 10:05:00,2025-03-18 10:25:00,5
90449,90452,1.30072,1.300173892015315,1.8038862843112213,STOP,2025-03-18 16:55:00,2025-03-18 17:00:00,2025-03-18 17:10:00,3
90474,90478,1.29983,1.3000816202899106,-1.0849999999998678,STOP,2025-03-18 19:00:00,2025-03-18 19:05:00,2025-03-18 19:20:00,4
90499,90502,1.29963,1.2999315704984096,-1.0849999999997135,STOP,2025-03-18 21:05:00,2025-03-18 21:10:00,2025-03-18 21:20:00,3
90535,90546,1.29879,1.2985555072914372,0.642027744402317,STOP,2025-03-19 00:05:00,2025-03-19 00:10:00,2025-03-19 01:00:00,11
90652,90668,1.29651,1.2972467199372857,-1.0849999999999866,STOP,2025-03-19 09:50:00,2025-03-19 09:55:00,2025-03-19 11:10:00,16
90817,90830,1.30038,1.2992338807974693,3.0627696085465916,STOP,2025-03-19 23:35:00,2025-03-19 23:40:00,2025-03-20 00:40:00,13
90866,90868,1.29682,1.2975886880000818,-1.0850000000000417,STOP,2025-03-20 03:40:00,2025-03-20 03:45:00,2025-03-20 03:50:00,2
90897,90906,1.29579,1.2966806090333323,-1.0849999999999382,STOP,2025-03-20 06:15:00,2025-03-20 06:20:00,2025-03-20 07:00:00,9
90919,90930,1.29435,1.2955469947345,-1.0849999999999806,STOP,2025-03-20 08:05:00,2025-03-20 08:10:00,2025-03-20 09:00:00,11
91049,91051,1.29655,1.296850910887588,-1.085000000000298,STOP,2025-03-20 18:55:00,2025-03-20 19:00:00,2025-03-20 19:05:00,2
91090,91094,1.29545,1.2949318190262107,1.2221243111059155,STOP,2025-03-20 22:20:00,2025-03-20 22:25:00,2025-03-20 22:40:00,4
91105,91113,1.29416,1.2935698556074744,1.3210433785529352,STOP,2025-03-20 23:35:00,2025-03-20 23:40:00,2025-03-21 00:15:00,8
91131,91135,1.29312,1.2936220149330275,-1.0850000000001538,STOP,2025-03-21 01:45:00,2025-03-21 01:50:00,2025-03-21 02:05:00,4
91239,91241,1.29203,1.2906684299485658,1.6751772868423693,STOP,2025-03-21 10:45:00,2025-03-21 10:50:00,2025-03-21 10:55:00,2
91255,91262,1.2911,1.2920097447771748,-1.0849999999999629,STOP,2025-03-21 12:05:00,2025-03-21 12:10:00,2025-03-21 12:40:00,7
91301,91306,1.29012,1.2897589799081302,0.6517745097038891,STOP,2025-03-21 15:55:00,2025-03-23 16:00:00,2025-03-23 16:20:00,5
91385,91394,1.29142,1.2918380143253905,-1.0850000000001694,STOP,2025-03-23 22:55:00,2025-03-23 23:00:00,2025-03-23 23:40:00,9
91481,91500,1.2945,1.293731167224694,0.8565863263895062,STOP,2025-03-24 06:55:00,2025-03-24 07:00:00,2025-03-24 08:30:00,19
91503,91506,1.29339,1.2922756420276154,1.230159709978378,STOP,2025-03-24 08:45:00,2025-03-24 08:50:00,2025-03-24 09:00:00,3
91535,91562,1.29101,1.2920493986189485,-1.0850000000000721,STOP,2025-03-24 11:25:00,2025-03-24 11:30:00,2025-03-24 13:40:00,27
91626,91634,1.29201,1.291771459508603,0.9006468977789626,STOP,2025-03-24 19:00:00,2025-03-24 19:05:00,2025-03-24 19:40:00,8
91700,91710,1.29196,1.2916352518123304,0.8598680937619284,STOP,2025-03-25 01:10:00,2025-03-25 01:15:00,2025-03-25 02:00:00,10
91889,91905,1.2947,1.2942110793220698,1.5529296069703526,STOP,2025-03-25 16:55:00,2025-03-25 17:00:00,2025-03-25 18:15:00,16
91916,91920,1.2944,1.2941603567844902,0.8743710425344358,STOP,2025-03-25 19:10:00,2025-03-25 19:15:00,2025-03-25 19:30:00,4
91985,91987,1.29318,1.2935178695596898,-1.0849999999998083,STOP,2025-03-26 00:55:00,2025-03-26 01:00:00,2025-03-26 01:05:00,2
92057,92061,1.28973,1.2890672918453647,0.798726587810971,STOP,2025-03-26 06:55:00,2025-03-26 07:00:00,2025-03-26 07:15:00,4
92169,92173,1.28861,1.287486600029651,2.0959236137686132,STOP,2025-03-26 16:15:00,2025-03-26 16:20:00,2025-03-26 16:35:00,4
92453,92457,1.29511,1.2944084419437385,1.9638626346130041,STOP,2025-03-27 15:55:00,2025-03-27 16:00:00,2025-03-27 16:15:00,4
92542,92555,1.29436,1.2940062845272227,0.9198550874854146,STOP,2025-03-27 23:20:00,2025-03-27 23:25:00,2025-03-28 00:25:00,13
92561,92571,1.29413,1.2944697874080395,-1.085000000000208,STOP,2025-03-28 00:55:00,2025-03-28 01:00:00,2025-03-28 01:45:00,10
92624,92631,1.29315,1.292640752310322,0.6394521755848172,STOP,2025-03-28 06:10:00,2025-03-28 06:15:00,2025-03-28 06:45:00,7
92640,92644,1.29364,1.294394074302293,-1.0850000000000508,STOP,2025-03-28 07:30:00,2025-03-28 07:35:00,2025-03-28 07:50:00,4
92700,92744,1.29414,1.293459765816187,0.7603553872027649,STOP,2025-03-28 12:30:00,2025-03-28 12:35:00,2025-03-30 17:10:00,44
92837,92839,1.29568,1.295171513585835,1.202964426758008,STOP,2025-03-31 01:55:00,2025-03-31 02:00:00,2025-03-31 02:05:00,2
92883,92893,1.29265,1.293397060571924,-1.0850000000001414,STOP,2025-03-31 05:45:00,2025-03-31 05:50:00,2025-03-31 06:35:00,10
92957,92966,1.28918,1.2904836067101948,-1.0849999999999698,STOP,2025-03-31 11:55:00,2025-03-31 12:00:00,2025-03-31 12:40:00,9
93206,93224,1.28911,1.2899822445237425,-1.085000000000069,STOP,2025-04-01 08:40:00,2025-04-01 08:45:00,2025-04-01 10:10:00,18
93292,93303,1.29194,1.2924322898527851,-1.085000000000201,STOP,2025-04-01 15:50:00,2025-04-01 15:55:00,2025-04-01 16:45:00,11
93342,93347,1.29185,1.2914345880537956,0.908716395327342,STOP,2025-04-01 20:00:00,2025-04-01 20:05:00,2025-04-01 20:25:00,5
93879,93889,1.3097,1.3094669185108807,0.327744701913818,STOP,2025-04-03 16:45:00,2025-04-03 16:50:00,2025-04-03 17:35:00,10
94027,94042,1.29811,1.299890533607418,-1.0849999999999858,STOP,2025-04-04 05:05:00,2025-04-04 05:10:00,2025-04-04 06:20:00,15
94090,94115,1.29413,1.2909062681962726,1.2873250072587712,STOP,2025-04-04 10:20:00,2025-04-04 10:25:00,2025-04-04 12:25:00,25
94131,94134,1.28902,1.2909001901228045,-1.0850000000000333,STOP,2025-04-04 13:45:00,2025-04-04 13:50:00,2025-04-04 14:00:00,3
94178,94182,1.28697,1.2845744636335161,1.3479740758108796,STOP,2025-04-06 17:45:00,2025-04-06 17:50:00,2025-04-06 18:05:00,4
94336,94342,1.28257,1.2814803814921827,0.5818962038945631,STOP,2025-04-07 06:55:00,2025-04-07 07:00:00,2025-04-07 07:25:00,6
94357,94371,1.28391,1.279443968255708,2.5420752688633352,STOP,2025-04-07 08:40:00,2025-04-07 08:45:00,2025-04-07 09:50:00,14
94434,94439,1.2737,1.2751317121084382,-1.085000000000006,STOP,2025-04-07 15:05:00,2025-04-07 15:10:00,2025-04-07 15:30:00,5
94561,94563,1.27689,1.277560522212703,-1.0849999999999351,STOP,2025-04-08 01:40:00,2025-04-08 01:45:00,2025-04-08 01:50:00,2
94601,94608,1.27415,1.2732886077441519,0.5160970875338243,STOP,2025-04-08 05:00:00,2025-04-08 05:05:00,2025-04-08 05:35:00,7
94753,94756,1.27729,1.278140135447402,-1.0849999999999327,STOP,2025-04-08 18:00:00,2025-04-08 18:05:00,2025-04-08 18:15:00,3
94850,94859,1.28331,1.2844799759773498,-1.0850000000000197,STOP,2025-04-09 02:05:00,2025-04-09 02:10:00,2025-04-09 02:50:00,9
94945,94962,1.27623,1.2782383579750183,-1.085000000000038,STOP,2025-04-09 10:00:00,2025-04-09 10:05:00,2025-04-09 11:25:00,17
94984,94985,1.27645,1.2779984113312801,-1.0850000000000437,STOP,2025-04-09 13:15:00,2025-04-09 13:20:00,2025-04-09 13:20:00,1
95424,95430,1.29901,1.300294790997177,-1.0849999999999613,STOP,2025-04-11 02:00:00,2025-04-11 02:05:00,2025-04-11 02:30:00,6
95515,95520,1.30809,1.310486796775649,-1.0850000000000326,STOP,2025-04-11 09:35:00,2025-04-11 09:40:00,2025-04-11 10:00:00,5
95701,95704,1.31002,1.3108304297195885,-1.0849999999999163,STOP,2025-04-14 01:05:00,2025-04-14 01:10:00,2025-04-14 01:20:00,3
95903,95910,1.31968,1.3185149957564626,2.1100640774876123,STOP,2025-04-14 17:55:00,2025-04-14 18:00:00,2025-04-14 18:30:00,7
95916,95919,1.31784,1.3175288674028611,0.43483072358083336,STOP,2025-04-14 19:00:00,2025-04-14 19:05:00,2025-04-14 19:15:00,3
96365,96390,1.32612,1.3248051470664743,1.186133943084786,STOP,2025-04-16 08:25:00,2025-04-16 08:30:00,2025-04-16 10:30:00,25
96426,96432,1.32333,1.3222391023596625,0.9760844073421384,STOP,2025-04-16 13:30:00,2025-04-16 13:35:00,2025-04-16 14:00:00,6
96503,96505,1.32333,1.3219151111821712,2.369728012823332,STOP,2025-04-16 19:55:00,2025-04-16 20:00:00,2025-04-16 20:05:00,2
96563,96565,1.32103,1.3215204477265234,-1.0850000000001263,STOP,2025-04-17 00:55:00,2025-04-17 01:00:00,2025-04-17 01:05:00,2
96648,96654,1.32348,1.3228047771914022,0.6682870628377001,STOP,2025-04-17 08:00:00,2025-04-17 08:05:00,2025-04-17 08:30:00,6
97228,97234,1.33906,1.3399179847861602,-1.0850000000000017,STOP,2025-04-21 08:20:00,2025-04-21 08:25:00,2025-04-21 08:50:00,6
97284,97303,1.33712,1.3378726349270889,-1.0850000000000228,STOP,2025-04-21 13:00:00,2025-04-21 13:05:00,2025-04-21 14:35:00,19
97331,97333,1.33842,1.3373186518164695,2.259348825914283,STOP,2025-04-21 16:55:00,2025-04-21 17:00:00,2025-04-21 17:05:00,2
97486,97490,1.33645,1.3374876077647575,-1.0850000000000386,STOP,2025-04-22 05:50:00,2025-04-22 05:55:00,2025-04-22 06:10:00,4
97513,97535,1.33671,1.3377185322118004,-1.084999999999996,STOP,2025-04-22 08:05:00,2025-04-22 08:10:00,2025-04-22 09:55:00,22
97559,97566,1.33745,1.3360878754979815,1.5680976124634776,STOP,2025-04-22 11:55:00,2025-04-22 12:00:00,2025-04-22 12:30:00,7
97622,97633,1.33412,1.326991674270744,14.207241193343714,STOP,2025-04-22 17:10:00,2025-04-22 17:15:00,2025-04-22 18:05:00,11
97654,97656,1.32698,1.3284145996465866,-1.0850000000000504,STOP,2025-04-22 19:50:00,2025-04-22 19:55:00,2025-04-22 20:00:00,2
97789,97791,1.32928,1.3303294693019965,-1.0850000000000013,STOP,2025-04-23 07:05:00,2025-04-23 07:10:00,2025-04-23 07:15:00,2
97900,97921,1.32546,1.3261052579110977,-1.0850000000001643,STOP,2025-04-23 16:20:00,2025-04-23 16:25:00,2025-04-23 18:05:00,21
97988,98018,1.32701,1.3275466354696577,-1.0850000000000481,STOP,2025-04-23 23:40:00,2025-04-23 23:45:00,2025-04-24 02:10:00,30
98226,98233,1.33252,1.332169392839951,0.6094337063639667,STOP,2025-04-24 19:30:00,2025-04-24 19:35:00,2025-04-24 20:05:00,7
98272,98281,1.33079,1.3283900718397548,3.8618213796978837,STOP,2025-04-24 23:20:00,2025-04-24 23:25:00,2025-04-25 00:05:00,9
98296,98302,1.32897,1.3278795187357175,1.7372331958116454,STOP,2025-04-25 01:20:00,2025-04-25 01:25:00,2025-04-25 01:50:00,6
98471,98479,1.33194,1.3313462255385118,1.0449690380407364,STOP,2025-04-25 15:55:00,2025-04-25 16:00:00,2025-04-25 16:35:00,8
98496,98501,1.33099,1.330347789274618,1.3093399690373704,STOP,2025-04-27 18:00:00,2025-04-27 18:05:00,2025-04-27 18:25:00,5
98517,98520,1.32978,1.329261329172962,0.7808514636196393,STOP,2025-04-27 19:45:00,2025-04-27 19:50:00,2025-04-27 20:00:00,3
98810,98815,1.34368,1.3431951308610146,0.8269588832874849,STOP,2025-04-28 20:10:00,2025-04-28 20:15:00,2025-04-28 20:35:00,5
98829,98833,1.34202,1.3425225372333414,-1.0850000000000426,STOP,2025-04-28 21:45:00,2025-04-28 21:50:00,2025-04-28 22:05:00,4
98865,98868,1.34016,1.3398449070707221,0.47436453755695235,STOP,2025-04-29 00:45:00,2025-04-29 00:50:00,2025-04-29 01:00:00,3
98881,98883,1.3412,1.3417908683650084,-1.0849999999999702,STOP,2025-04-29 02:05:00,2025-04-29 02:10:00,2025-04-29 02:15:00,2
98925,98936,1.33966,1.3385769392446147,1.3073351964402602,STOP,2025-04-29 05:45:00,2025-04-29 05:50:00,2025-04-29 06:40:00,11
98940,98953,1.33918,1.3387030065028238,0.5292536138821153,STOP,2025-04-29 07:00:00,2025-04-29 07:05:00,2025-04-29 08:05:00,13
99026,99036,1.33983,1.3405302102467633,-1.0849999999999402,STOP,2025-04-29 14:10:00,2025-04-29 14:15:00,2025-04-29 15:00:00,10
99060,99065,1.34101,1.3403475480029474,1.121577512152963,STOP,2025-04-29 17:00:00,2025-04-29 17:05:00,2025-04-29 17:25:00,5
99106,99111,1.34012,1.340550986233441,-1.0849999999998872,STOP,2025-04-29 20:50:00,2025-04-29 20:55:00,2025-04-29 21:15:00,5
99146,99150,1.33889,1.3394281553838066,-1.0850000000001674,STOP,2025-04-30 00:10:00,2025-04-30 00:15:00,2025-04-30 00:30:00,4
99214,99236,1.33586,1.3366236416451376,-1.08500000000003,STOP,2025-04-30 05:50:00,2025-04-30 05:55:00,2025-04-30 07:40:00,22
99335,99341,1.33291,1.3323495805055288,0.6638852114375663,STOP,2025-04-30 15:55:00,2025-04-30 16:00:00,2025-04-30 16:25:00,6
99348,99352,1.33337,1.3328985463030825,0.5027080928511551,STOP,2025-04-30 17:00:00,2025-04-30 17:05:00,2025-04-30 17:20:00,4
99384,99388,1.33217,1.3325825188268594,-1.085000000000237,STOP,2025-04-30 20:00:00,2025-04-30 20:05:00,2025-04-30 20:20:00,4
99420,99423,1.33114,1.3304895772210283,1.4669905306821471,STOP,2025-04-30 23:00:00,2025-04-30 23:05:00,2025-04-30 23:15:00,3
99443,99445,1.32941,1.3291387267452193,0.4213721504956515,STOP,2025-05-01 00:55:00,2025-05-01 01:00:00,2025-05-01 01:05:00,2
99636,99638,1.33011,1.3270396939543054,4.9825210650774405,STOP,2025-05-01 17:10:00,2025-05-01 17:15:00,2025-05-01 17:20:00,2
99675,99678,1.32813,1.3278188211155044,0.6221022851968895,STOP,2025-05-01 20:25:00,2025-05-01 20:30:00,2025-05-01 20:40:00,3
99810,99813,1.32988,1.3292206068144956,0.7138469453038779,STOP,2025-05-02 07:40:00,2025-05-02 07:45:00,2025-05-02 07:55:00,3
99882,99897,1.32812,1.327247567524369,0.712259295072343,STOP,2025-05-02 13:40:00,2025-05-02 13:45:00,2025-05-02 14:55:00,15
99921,99936,1.3267,1.3261594221774073,0.837426388679158,STOP,2025-05-02 16:55:00,2025-05-04 17:00:00,2025-05-04 18:10:00,15
100247,100250,1.32889,1.3277510863128288,2.996553653189206,STOP,2025-05-05 20:05:00,2025-05-05 20:10:00,2025-05-05 20:20:00,3
100492,100504,1.33655,1.3372617450962787,-1.0849999999998943,STOP,2025-05-06 16:30:00,2025-05-06 16:35:00,2025-05-06 17:30:00,12
100534,100540,1.33616,1.3341055783816453,2.4502333369485405,STOP,2025-05-06 20:00:00,2025-05-06 20:05:00,2025-05-06 20:30:00,6
100567,100586,1.3345,1.3353368090151556,-1.0849999999998703,STOP,2025-05-06 22:45:00,2025-05-06 22:50:00,2025-05-07 00:20:00,19
100741,100754,1.33353,1.3329715602236478,0.5950654347489911,STOP,2025-05-07 13:15:00,2025-05-07 13:20:00,2025-05-07 14:20:00,13
100807,100816,1.32888,1.3293690927443904,-1.0849999999999562,STOP,2025-05-07 18:45:00,2025-05-07 18:50:00,2025-05-07 19:30:00,9
100884,100888,1.33068,1.3315619071693325,-1.0849999999999187,STOP,2025-05-08 01:10:00,2025-05-08 01:15:00,2025-05-08 01:30:00,4
100920,100930,1.32779,1.327085466613468,0.5152250650994562,STOP,2025-05-08 04:10:00,2025-05-08 04:15:00,2025-05-08 05:00:00,10
100953,100954,1.32629,1.327449346737926,-1.0849999999999274,STOP,2025-05-08 06:55:00,2025-05-08 07:00:00,2025-05-08 07:00:00,1
101055,101060,1.32377,1.324487323806902,-1.085000000000042,STOP,2025-05-08 15:25:00,2025-05-08 15:30:00,2025-05-08 15:50:00,5
101076,101078,1.32517,1.3245068846834107,1.015568236520503,STOP,2025-05-08 17:10:00,2025-05-08 17:15:00,2025-05-08 17:20:00,2
101108,101111,1.32379,1.3242273244151288,-1.0850000000000812,STOP,2025-05-08 19:50:00,2025-05-08 19:55:00,2025-05-08 20:05:00,3
101174,101178,1.32275,1.323345142817811,-1.0850000000001132,STOP,2025-05-09 01:20:00,2025-05-09 01:25:00,2025-05-09 01:40:00,4
101349,101361,1.33124,1.3299159349285288,2.742813411711911,STOP,2025-05-09 15:55:00,2025-05-09 16:00:00,2025-05-09 16:55:00,12
101467,101470,1.32779,1.328294766047206,-1.0850000000000037,STOP,2025-05-12 01:45:00,2025-05-12 01:50:00,2025-05-12 02:00:00,3
101522,101531,1.31708,1.3148070982735982,1.6156194311713685,STOP,2025-05-12 06:20:00,2025-05-12 06:25:00,2025-05-12 07:05:00,9
101650,101652,1.31837,1.3170261258013733,2.1038511517526524,STOP,2025-05-12 17:00:00,2025-05-12 17:05:00,2025-05-12 17:10:00,2
102017,102022,1.33052,1.3311011642510289,-1.0849999999998128,STOP,2025-05-13 23:35:00,2025-05-13 23:40:00,2025-05-14 00:00:00,5
102044,102048,1.33047,1.3296722039986457,1.3219555208735174,STOP,2025-05-14 01:50:00,2025-05-14 01:55:00,2025-05-14 02:10:00,4
102119,102124,1.33274,1.3336941720473208,-1.08499999999997,STOP,2025-05-14 08:05:00,2025-05-14 08:10:00,2025-05-14 08:30:00,5
102136,102140,1.33177,1.3327826522860413,-1.085000000000057,STOP,2025-05-14 09:30:00,2025-05-14 09:35:00,2025-05-14 09:50:00,4
102174,102191,1.32816,1.3273365035906113,0.6013934647388851,STOP,2025-05-14 12:40:00,2025-05-14 12:45:00,2025-05-14 14:05:00,17
102202,102221,1.32557,1.326420565672856,-1.0849999999999786,STOP,2025-05-14 15:00:00,2025-05-14 15:05:00,2025-05-14 16:35:00,19
102232,102238,1.32688,1.3260429647149385,1.3765192703468496,STOP,2025-05-14 17:30:00,2025-05-14 17:35:00,2025-05-14 18:00:00,6
102400,102409,1.32748,1.3283373464596,-1.0850000000000455,STOP,2025-05-15 07:30:00,2025-05-15 07:35:00,2025-05-15 08:15:00,9
102667,102673,1.32942,1.3289448028385835,0.5283160256840974,STOP,2025-05-16 05:45:00,2025-05-16 05:50:00,2025-05-16 06:15:00,6
102701,102704,1.32836,1.3278725942267013,0.568888300332186,STOP,2025-05-16 08:35:00,2025-05-16 08:40:00,2025-05-16 08:50:00,3
102893,102899,1.32969,1.3301791958822224,-1.0850000000001099,STOP,2025-05-19 00:35:00,2025-05-19 00:40:00,2025-05-19 01:05:00,6
102907,102908,1.32957,1.3300537839415871,-1.084999999999995,STOP,2025-05-19 01:45:00,2025-05-19 01:50:00,2025-05-19 01:50:00,1
103028,103035,1.33576,1.335271413486629,0.47767856202397324,STOP,2025-05-19 11:50:00,2025-05-19 11:55:00,2025-05-19 12:25:00,7
103044,103063,1.3349,1.3356496214729328,-1.0850000000001188,STOP,2025-05-19 13:10:00,2025-05-19 13:15:00,2025-05-19 14:45:00,19
103090,103093,1.33598,1.335741132036966,0.5064066801882349,STOP,2025-05-19 17:00:00,2025-05-19 17:05:00,2025-05-19 17:15:00,3
103126,103134,1.33555,1.33490094660678,1.6416650491724443,STOP,2025-05-19 20:00:00,2025-05-19 20:05:00,2025-05-19 20:40:00,8
103161,103163,1.33539,1.3360640759563756,-1.084999999999863,STOP,2025-05-19 22:55:00,2025-05-19 23:00:00,2025-05-19 23:05:00,2
103238,103254,1.33728,1.3357850994877762,1.6382293686794958,STOP,2025-05-20 05:20:00,2025-05-20 05:25:00,2025-05-20 06:40:00,16
103271,103276,1.3354,1.3341573007155447,1.6582163497776565,STOP,2025-05-20 08:05:00,2025-05-20 08:10:00,2025-05-20 08:30:00,5
103378,103380,1.33906,1.3381616399930376,1.4414413153048213,STOP,2025-05-20 17:00:00,2025-05-20 17:05:00,2025-05-20 17:10:00,2
103526,103530,1.33948,1.3406128597070899,-1.0850000000000692,STOP,2025-05-21 05:20:00,2025-05-21 05:25:00,2025-05-21 05:40:00,4
103654,103679,1.34206,1.3411363588335843,1.0973686531159166,STOP,2025-05-21 16:00:00,2025-05-21 16:05:00,2025-05-21 18:05:00,25
104168,104177,1.34935,1.3505995816506027,-1.0849999999999347,STOP,2025-05-23 10:50:00,2025-05-23 10:55:00,2025-05-23 11:35:00,9
104254,104259,1.35351,1.352876285803693,1.0228004850999342,STOP,2025-05-25 18:00:00,2025-05-25 18:05:00,2025-05-25 18:25:00,5
104394,104432,1.35598,1.3554462508598832,0.7412183011059776,STOP,2025-05-26 05:40:00,2025-05-26 05:45:00,2025-05-26 08:50:00,38
104489,104531,1.35617,1.355410221599615,2.151564955431289,STOP,2025-05-26 13:35:00,2025-05-26 13:40:00,2025-05-26 17:05:00,42
104620,104629,1.35651,1.3546925428078276,3.5518099969733856,STOP,2025-05-27 00:30:00,2025-05-27 00:35:00,2025-05-27 01:15:00,9
104689,104698,1.3536,1.354457962607857,-1.0850000000000282,STOP,2025-05-27 06:15:00,2025-05-27 06:20:00,2025-05-27 07:00:00,9
104812,104819,1.35084,1.3505274077217797,0.7803326996794747,STOP,2025-05-27 16:30:00,2025-05-27 16:35:00,2025-05-27 17:05:00,7
104899,104909,1.34874,1.3477789960428348,1.2800732668167822,STOP,2025-05-27 23:45:00,2025-05-27 23:50:00,2025-05-28 00:35:00,10
104917,104923,1.34674,1.3473257739883169,-1.0850000000001407,STOP,2025-05-28 01:15:00,2025-05-28 01:20:00,2025-05-28 01:45:00,6
105008,105019,1.34687,1.345979952990209,0.9880190065435157,STOP,2025-05-28 08:50:00,2025-05-28 08:55:00,2025-05-28 09:45:00,11
105046,105118,1.34695,1.34673,0.13457806034860398,TIME,2025-05-28 12:00:00,2025-05-28 12:05:00,2025-05-28 18:00:00,72
105131,105135,1.3461,1.3450907649698394,2.579824987686287,STOP,2025-05-28 19:05:00,2025-05-28 19:10:00,2025-05-28 19:25:00,4
105209,105216,1.34333,1.3439701779225328,-1.0850000000000104,STOP,2025-05-29 01:35:00,2025-05-29 01:40:00,2025-05-29 02:10:00,7
105393,105395,1.34967,1.3482932352276868,2.9637486080762487,STOP,2025-05-29 16:55:00,2025-05-29 17:00:00,2025-05-29 17:05:00,2
105535,105551,1.34703,1.3479859226862982,-1.0850000000001105,STOP,2025-05-30 04:50:00,2025-05-30 04:55:00,2025-05-30 06:10:00,16
105636,105646,1.34748,1.346793190119126,0.717800681282394,STOP,2025-05-30 13:15:00,2025-05-30 13:20:00,2025-05-30 14:05:00,10
105679,105692,1.34582,1.3454255024295732,0.68483387118159,STOP,2025-05-30 16:50:00,2025-05-30 16:55:00,2025-06-01 18:00:00,13
105916,105941,1.35246,1.3533479092139467,-1.0849999999999913,STOP,2025-06-02 12:40:00,2025-06-02 12:45:00,2025-06-02 14:45:00,25
106069,106074,1.35169,1.3521899120982404,-1.0850000000000835,STOP,2025-06-03 01:25:00,2025-06-03 01:30:00,2025-06-03 01:50:00,5
106135,106143,1.35061,1.3499124266730547,0.8329096416004336,STOP,2025-06-03 06:55:00,2025-06-03 07:00:00,2025-06-03 07:35:00,8
106149,106160,1.34967,1.3504367560731227,-1.0849999999999715,STOP,2025-06-03 08:05:00,2025-06-03 08:10:00,2025-06-03 09:00:00,11
106244,106260,1.35185,1.351193623039492,1.460472784650558,STOP,2025-06-03 16:00:00,2025-06-03 16:05:00,2025-06-03 17:20:00,16
106261,106263,1.3522,1.3515278707426253,1.8415593659460021,STOP,2025-06-03 17:25:00,2025-06-03 17:30:00,2025-06-03 17:35:00,2
106334,106341,1.35191,1.352446084615507,-1.0850000000001883,STOP,2025-06-03 23:30:00,2025-06-03 23:35:00,2025-06-04 00:05:00,7
106358,106360,1.3502,1.3507447570912112,-1.084999999999912,STOP,2025-06-04 01:30:00,2025-06-04 01:35:00,2025-06-04 01:40:00,2
106436,106439,1.352,1.3514890810025886,0.7450857102621327,STOP,2025-06-04 08:00:00,2025-06-04 08:05:00,2025-06-04 08:15:00,3
106546,106551,1.35616,1.3551507353737955,2.4672013318565997,STOP,2025-06-04 17:10:00,2025-06-04 17:15:00,2025-06-04 17:35:00,5
106806,106813,1.35787,1.357500995904455,0.42175247200233995,STOP,2025-06-05 14:50:00,2025-06-05 14:55:00,2025-06-05 15:25:00,7
106833,106837,1.35808,1.3570656036540099,1.655031626818591,STOP,2025-06-05 17:05:00,2025-06-05 17:10:00,2025-06-05 17:25:00,4
106932,106939,1.35659,1.3563909403647667,0.44498230637485553,STOP,2025-06-06 01:20:00,2025-06-06 01:25:00,2025-06-06 01:55:00,7
106973,106992,1.35371,1.3544812036919431,-1.085000000000057,STOP,2025-06-06 04:45:00,2025-06-06 04:50:00,2025-06-06 06:20:00,19
107326,107332,1.35436,1.3533351493586403,1.3024955355344905,STOP,2025-06-09 10:10:00,2025-06-09 10:15:00,2025-06-09 10:40:00,6
107408,107412,1.35638,1.3549665539024982,3.0437352021581003,STOP,2025-06-09 17:00:00,2025-06-09 17:05:00,2025-06-09 17:20:00,4
107509,107510,1.35363,1.3541596998066747,-1.0849999999999234,STOP,2025-06-10 01:25:00,2025-06-10 01:30:00,2025-06-10 01:30:00,1
107546,107559,1.34939,1.3486261529849553,0.6521622612984844,STOP,2025-06-10 04:30:00,2025-06-10 04:35:00,2025-06-10 05:35:00,13
107570,107574,1.34934,1.3501440886561245,-1.0850000000000273,STOP,2025-06-10 06:30:00,2025-06-10 06:35:00,2025-06-10 06:50:00,4
107655,107657,1.34968,1.3502769757176165,-1.0850000000000135,STOP,2025-06-10 13:35:00,2025-06-10 13:40:00,2025-06-10 13:45:00,2
107673,107675,1.34971,1.350216259713102,-1.0850000000000144,STOP,2025-06-10 15:05:00,2025-06-10 15:10:00,2025-06-10 15:15:00,2
107696,107698,1.35097,1.3499596479487053,2.126155123951002,STOP,2025-06-10 17:00:00,2025-06-10 17:05:00,2025-06-10 17:10:00,2
107983,107985,1.35521,1.353983113663218,2.5032911122334953,STOP,2025-06-11 16:55:00,2025-06-11 17:00:00,2025-06-11 17:05:00,2
108373,108375,1.35304,1.3539620727394577,-1.0850000000000175,STOP,2025-06-13 01:25:00,2025-06-13 01:30:00,2025-06-13 01:35:00,2
108456,108459,1.35312,1.3541265217957494,-1.0849999999999675,STOP,2025-06-13 08:20:00,2025-06-13 08:25:00,2025-06-13 08:35:00,3
108548,108559,1.3565,1.3571864121762283,-1.0849999999998403,STOP,2025-06-13 16:00:00,2025-06-13 16:05:00,2025-06-13 16:55:00,11
108568,108572,1.3552,1.354364446843235,1.0369116435249681,STOP,2025-06-15 17:40:00,2025-06-15 17:45:00,2025-06-15 18:00:00,4
108586,108592,1.35464,1.3553538473465525,-1.085000000000013,STOP,2025-06-15 19:10:00,2025-06-15 19:15:00,2025-06-15 19:40:00,6
108609,108614,1.35497,1.3557213669939414,-1.0849999999999398,STOP,2025-06-15 21:05:00,2025-06-15 21:10:00,2025-06-15 21:30:00,5
108827,108836,1.35869,1.3576984835297292,1.5965563212330869,STOP,2025-06-16 15:15:00,2025-06-16 15:20:00,2025-06-16 16:00:00,9
108847,108849,1.35811,1.3562634680444996,3.338353554946197,STOP,2025-06-16 16:55:00,2025-06-16 17:00:00,2025-06-16 17:05:00,2
108866,108872,1.35716,1.3577949218296332,-1.0850000000001299,STOP,2025-06-16 18:30:00,2025-06-16 18:35:00,2025-06-16 19:00:00,6
108878,108886,1.35695,1.35648943554346,0.6909698034351835,STOP,2025-06-16 19:30:00,2025-06-16 19:35:00,2025-06-16 20:10:00,8
108899,108918,1.35724,1.3562984103347462,1.3330153423176518,STOP,2025-06-16 21:15:00,2025-06-16 21:20:00,2025-06-16 22:50:00,19
108991,108993,1.35486,1.3556479596955824,-1.0849999999998672,STOP,2025-06-17 04:55:00,2025-06-17 05:00:00,2025-06-17 05:05:00,2
109006,109011,1.35536,1.3561915151140775,-1.0849999999999418,STOP,2025-06-17 06:10:00,2025-06-17 06:15:00,2025-06-17 06:35:00,5
109055,109061,1.35292,1.3501327628936308,2.8030143254736983,STOP,2025-06-17 10:15:00,2025-06-17 10:20:00,2025-06-17 10:45:00,6
109085,109099,1.34701,1.344322528576691,2.3102543238156406,STOP,2025-06-17 12:45:00,2025-06-17 12:50:00,2025-06-17 13:55:00,14
109122,109128,1.34265,1.3420078255532095,0.5718741075248578,STOP,2025-06-17 15:50:00,2025-06-17 15:55:00,2025-06-17 16:20:00,6
109137,109140,1.34352,1.3427190134738904,0.6970449270602067,STOP,2025-06-17 17:05:00,2025-06-17 17:10:00,2025-06-17 17:20:00,3
109302,109313,1.34432,1.3451212768051095,-1.0850000000000684,STOP,2025-06-18 06:50:00,2025-06-18 06:55:00,2025-06-18 07:45:00,11
109388,109389,1.34459,1.3457310536478522,-1.0850000000000626,STOP,2025-06-18 14:00:00,2025-06-18 14:05:00,2025-06-18 14:05:00,1
109427,109431,1.34317,1.3415336900572017,1.7080535672423345,STOP,2025-06-18 17:15:00,2025-06-18 17:20:00,2025-06-18 17:35:00,4
109472,109475,1.34054,1.3412012103687474,-1.084999999999858,STOP,2025-06-18 21:00:00,2025-06-18 21:05:00,2025-06-18 21:15:00,3
109915,109926,1.34881,1.3464005815641156,2.2147603362596713,STOP,2025-06-20 09:55:00,2025-06-20 10:00:00,2025-06-20 10:50:00,11
109986,109998,1.34494,1.3443835136569444,0.9078529542016894,STOP,2025-06-20 15:50:00,2025-06-20 15:55:00,2025-06-20 16:50:00,12
110012,110016,1.34207,1.342928744106153,-1.0849999999999975,STOP,2025-06-22 18:00:00,2025-06-22 18:05:00,2025-06-22 18:20:00,4
110092,110098,1.34084,1.3415925472739543,-1.0850000000000335,STOP,2025-06-23 00:40:00,2025-06-23 00:45:00,2025-06-23 01:10:00,6
110295,110300,1.35272,1.351910252217311,1.6651400232457427,STOP,2025-06-23 17:35:00,2025-06-23 17:40:00,2025-06-23 18:00:00,5
110577,110580,1.36233,1.361594195837526,1.2002503032744785,STOP,2025-06-24 17:05:00,2025-06-24 17:10:00,2025-06-24 17:25:00,3
110656,110679,1.36154,1.3620246574905224,-1.0850000000000715,STOP,2025-06-24 23:45:00,2025-06-24 23:50:00,2025-06-25 01:40:00,23
110719,110724,1.36167,1.360931179031049,0.8874033540740802,STOP,2025-06-25 05:00:00,2025-06-25 05:05:00,2025-06-25 05:25:00,5
110743,110757,1.36118,1.3605205927577164,0.8105260697163643,STOP,2025-06-25 07:00:00,2025-06-25 07:05:00,2025-06-25 08:10:00,14
110760,110763,1.35966,1.3603219037335292,-1.0850000000000337,STOP,2025-06-25 08:25:00,2025-06-25 08:30:00,2025-06-25 08:40:00,3
111038,111046,1.37014,1.3710476651308423,-1.0849999999999063,STOP,2025-06-26 07:35:00,2025-06-26 07:40:00,2025-06-26 08:15:00,8
111139,111147,1.37299,1.3725811528309266,0.5092494256257313,STOP,2025-06-26 16:00:00,2025-06-26 16:05:00,2025-06-26 16:40:00,8
111152,111155,1.37345,1.3721902814097975,2.1654412068167335,STOP,2025-06-26 17:05:00,2025-06-26 17:10:00,2025-06-26 17:20:00,3
111170,111175,1.37192,1.3723988376569987,-1.085000000000113,STOP,2025-06-26 18:35:00,2025-06-26 18:40:00,2025-06-26 19:00:00,5
111254,111262,1.37247,1.373014405986841,-1.0849999999999715,STOP,2025-06-27 01:35:00,2025-06-27 01:40:00,2025-06-27 02:15:00,8
111331,111333,1.373,1.3725164964363021,0.5453258347586173,STOP,2025-06-27 08:00:00,2025-06-27 08:05:00,2025-06-27 08:10:00,2
111362,111374,1.37079,1.3719042823007974,-1.0849999999999387,STOP,2025-06-27 10:35:00,2025-06-27 10:40:00,2025-06-27 11:35:00,12
111395,111403,1.3702,1.3693897264229502,0.8712595951185851,STOP,2025-06-27 13:20:00,2025-06-27 13:25:00,2025-06-27 14:00:00,8
111485,111490,1.37101,1.3715987435055588,-1.0849999999998665,STOP,2025-06-29 20:50:00,2025-06-29 20:55:00,2025-06-29 21:15:00,5
111607,111611,1.36984,1.3705060877737596,-1.085000000000023,STOP,2025-06-30 07:00:00,2025-06-30 07:05:00,2025-06-30 07:20:00,4
111624,111642,1.36904,1.3683124685492203,0.924629404164929,STOP,2025-06-30 08:25:00,2025-06-30 08:30:00,2025-06-30 09:55:00,18
111921,111932,1.37349,1.3725761980010267,0.9847781683049779,STOP,2025-07-01 09:10:00,2025-07-01 09:15:00,2025-07-01 10:05:00,11
111955,111967,1.37161,1.3727143440830563,-1.0849999999999622,STOP,2025-07-01 12:00:00,2025-07-01 12:05:00,2025-07-01 13:00:00,12
112112,112117,1.37413,1.3736402795481446,1.2760150317397696,STOP,2025-07-02 01:05:00,2025-07-02 01:10:00,2025-07-02 01:30:00,5
112161,112172,1.36921,1.3700035185935346,-1.0849999999999056,STOP,2025-07-02 05:10:00,2025-07-02 05:15:00,2025-07-02 06:05:00,11
112379,112388,1.36324,1.3627048169600444,0.8437470793740796,STOP,2025-07-02 23:20:00,2025-07-02 23:25:00,2025-07-03 00:05:00,9
112398,112402,1.36301,1.362754530322121,0.47531300107732716,STOP,2025-07-03 00:55:00,2025-07-03 01:00:00,2025-07-03 01:15:00,4
112736,112759,1.36571,1.3649933715030396,0.8900592079213238,STOP,2025-07-04 05:05:00,2025-07-04 05:10:00,2025-07-04 07:00:00,23
112945,112948,1.36281,1.3633985621781315,-1.0850000000000253,STOP,2025-07-06 22:30:00,2025-07-06 22:35:00,2025-07-06 22:45:00,3
112958,112974,1.3629,1.3618898961190555,1.7271058467189795,STOP,2025-07-06 23:35:00,2025-07-06 23:40:00,2025-07-07 00:55:00,16
113033,113034,1.35998,1.3608260928063833,-1.0850000000001097,STOP,2025-07-07 05:50:00,2025-07-07 05:55:00,2025-07-07 05:55:00,1
113125,113138,1.36091,1.3595735007302217,1.0860512630188848,STOP,2025-07-07 13:30:00,2025-07-07 13:35:00,2025-07-07 14:35:00,13
113169,113172,1.36093,1.3603845776413057,0.8110362430992445,STOP,2025-07-07 17:10:00,2025-07-07 17:15:00,2025-07-07 17:25:00,3
113306,113314,1.36171,1.361189907369061,0.5980959680814899,STOP,2025-07-08 04:35:00,2025-07-08 04:40:00,2025-07-08 05:15:00,8
113321,113330,1.35967,1.35867297230383,1.2432139179968584,STOP,2025-07-08 05:50:00,2025-07-08 05:55:00,2025-07-08 06:35:00,9
113349,113357,1.3577,1.3572076711465466,0.5705099429885564,STOP,2025-07-08 08:10:00,2025-07-08 08:15:00,2025-07-08 08:50:00,8
113455,113457,1.35973,1.3582248359539288,1.873592194181052,STOP,2025-07-08 17:00:00,2025-07-08 17:05:00,2025-07-08 17:10:00,2
113492,113502,1.35815,1.3585630967650406,-1.0849999999997708,STOP,2025-07-08 20:05:00,2025-07-08 20:10:00,2025-07-08 20:55:00,10
113545,113548,1.35776,1.3583208301674512,-1.085000000000115,STOP,2025-07-09 00:30:00,2025-07-09 00:35:00,2025-07-09 00:45:00,3
113618,113636,1.35857,1.3579948778673698,0.6484665526226628,STOP,2025-07-09 06:35:00,2025-07-09 06:40:00,2025-07-09 08:05:00,18
113743,113750,1.35952,1.3582031380418653,2.295305216998019,STOP,2025-07-09 17:00:00,2025-07-09 17:05:00,2025-07-09 17:35:00,7
113755,113778,1.35917,1.3596794257274725,-1.0850000000000417,STOP,2025-07-09 18:00:00,2025-07-09 18:05:00,2025-07-09 19:55:00,23
113898,113908,1.36099,1.360374643170142,1.0815071701901546,STOP,2025-07-10 05:55:00,2025-07-10 06:00:00,2025-07-10 06:45:00,10
113913,113922,1.35885,1.357617152041384,1.9793855230520325,STOP,2025-07-10 07:10:00,2025-07-10 07:15:00,2025-07-10 07:55:00,9
114031,114033,1.35796,1.3575233058242664,0.606682077807171,STOP,2025-07-10 17:00:00,2025-07-10 17:05:00,2025-07-10 17:10:00,2
114068,114072,1.35697,1.3553012694036144,3.412894714572301,STOP,2025-07-10 20:05:00,2025-07-10 20:10:00,2025-07-10 20:25:00,4
114120,114122,1.35499,1.355517224447341,-1.0850000000001112,STOP,2025-07-11 00:25:00,2025-07-11 00:30:00,2025-07-11 00:35:00,2
114139,114151,1.35451,1.3537964800906592,0.9654857432259096,STOP,2025-07-11 02:00:00,2025-07-11 02:05:00,2025-07-11 03:00:00,12
114184,114197,1.35449,1.3539223881099864,0.6419613069909179,STOP,2025-07-11 05:45:00,2025-07-11 05:50:00,2025-07-11 06:50:00,13
114198,114202,1.35301,1.3537895519447727,-1.0849999999999467,STOP,2025-07-11 06:55:00,2025-07-11 07:00:00,2025-07-11 07:15:00,4
114230,114239,1.35162,1.348763347247849,3.0219511614006302,STOP,2025-07-11 09:35:00,2025-07-11 09:40:00,2025-07-11 10:20:00,9
114317,114319,1.34945,1.3487727800169589,1.2148770327195735,STOP,2025-07-11 16:50:00,2025-07-11 16:55:00,2025-07-13 17:00:00,2
114331,114338,1.34936,1.3488016641833578,0.9424765447767491,STOP,2025-07-13 18:00:00,2025-07-13 18:05:00,2025-07-13 18:35:00,7
114401,114416,1.34809,1.3475088961346051,1.0068441091614408,STOP,2025-07-13 23:50:00,2025-07-13 23:55:00,2025-07-14 01:05:00,15
114430,114441,1.34565,1.3461930687902905,-1.0850000000000695,STOP,2025-07-14 02:15:00,2025-07-14 02:20:00,2025-07-14 03:10:00,11
114493,114499,1.34803,1.348708840010709,-1.0849999999999071,STOP,2025-07-14 07:30:00,2025-07-14 07:35:00,2025-07-14 08:00:00,6
114580,114609,1.34292,1.3424431111977313,0.6871968310151436,STOP,2025-07-14 14:45:00,2025-07-14 14:50:00,2025-07-14 17:10:00,29
114791,114793,1.34492,1.3455884424805717,-1.0850000000000468,STOP,2025-07-15 08:20:00,2025-07-15 08:25:00,2025-07-15 08:30:00,2
114832,114896,1.33915,1.3379798346900913,0.9352946340942772,STOP,2025-07-15 11:45:00,2025-07-15 11:50:00,2025-07-15 17:05:00,64
114976,114979,1.33845,1.338861665966084,-1.0850000000001434,STOP,2025-07-15 23:45:00,2025-07-15 23:50:00,2025-07-16 00:00:00,3
115051,115052,1.33928,1.3399075411342776,-1.084999999999862,STOP,2025-07-16 06:00:00,2025-07-16 06:05:00,2025-07-16 06:05:00,1
115078,115081,1.33898,1.3397296945388204,-1.0850000000000608,STOP,2025-07-16 08:15:00,2025-07-16 08:20:00,2025-07-16 08:30:00,3
115109,115111,1.33925,1.3404812281339429,-1.0849999999999673,STOP,2025-07-16 10:50:00,2025-07-16 10:55:00,2025-07-16 11:00:00,2
115219,115229,1.34073,1.3399964246401308,1.5954391015318883,STOP,2025-07-16 20:00:00,2025-07-16 20:05:00,2025-07-16 20:50:00,10
115261,115266,1.3387,1.3392033860147126,-1.0849999999997813,STOP,2025-07-16 23:30:00,2025-07-16 23:35:00,2025-07-16 23:55:00,5
115368,115372,1.33985,1.3405723674664625,-1.0849999999998465,STOP,2025-07-17 08:25:00,2025-07-17 08:30:00,2025-07-17 08:45:00,4
115424,115448,1.34063,1.3413859181449728,-1.0850000000000002,STOP,2025-07-17 13:05:00,2025-07-17 13:10:00,2025-07-17 15:05:00,24
115566,115575,1.34242,1.3415204245800474,2.386358790742766,STOP,2025-07-18 00:55:00,2025-07-18 01:00:00,2025-07-18 01:40:00,9
115689,115705,1.34427,1.3424097936005916,1.8750188488734887,STOP,2025-07-18 11:10:00,2025-07-18 11:15:00,2025-07-18 12:30:00,16
115756,115759,1.34098,1.341383044287203,-1.0849999999997284,STOP,2025-07-18 16:45:00,2025-07-18 16:50:00,2025-07-20 17:05:00,3
115807,115838,1.34102,1.341566602093147,-1.0850000000000444,STOP,2025-07-20 21:05:00,2025-07-20 21:10:00,2025-07-20 23:40:00,31
116046,116048,1.34957,1.348490803800762,1.8916872697602363,STOP,2025-07-21 17:00:00,2025-07-21 17:05:00,2025-07-21 17:10:00,2
116082,116087,1.34861,1.3482354650308588,0.954971126211545,STOP,2025-07-21 20:00:00,2025-07-21 20:05:00,2025-07-21 20:25:00,5
116130,116134,1.34755,1.3479349967126562,-1.085000000000281,STOP,2025-07-22 00:00:00,2025-07-22 00:05:00,2025-07-22 00:20:00,4
116153,116156,1.34741,1.3468258356216896,1.4634245978329092,STOP,2025-07-22 01:55:00,2025-07-22 02:00:00,2025-07-22 02:10:00,3
116334,116339,1.35377,1.3526533043343778,2.0388001738968713,STOP,2025-07-22 17:00:00,2025-07-22 17:05:00,2025-07-22 17:25:00,5
116373,116375,1.35214,1.352613199466791,-1.0849999999998727,STOP,2025-07-22 20:15:00,2025-07-22 20:20:00,2025-07-22 20:25:00,2
116515,116523,1.35344,1.3540616949490778,-1.0849999999998974,STOP,2025-07-23 08:05:00,2025-07-23 08:10:00,2025-07-23 08:45:00,8
116659,116663,1.35751,1.3578463989237255,-1.0849999999997642,STOP,2025-07-23 20:05:00,2025-07-23 20:10:00,2025-07-23 20:25:00,4
116705,116737,1.35788,1.357008044430569,1.9071524914920448,STOP,2025-07-23 23:55:00,2025-07-24 00:00:00,2025-07-24 02:35:00,32
116797,116801,1.35465,1.3551215516714104,-1.084999999999961,STOP,2025-07-24 07:35:00,2025-07-24 07:40:00,2025-07-24 07:55:00,4
116852,116860,1.35176,1.3511908420074836,0.4471902830083753,STOP,2025-07-24 12:10:00,2025-07-24 12:15:00,2025-07-24 12:50:00,8
116909,116911,1.3512,1.3505028851917602,1.3956094251552542,STOP,2025-07-24 16:55:00,2025-07-24 17:00:00,2025-07-24 17:05:00,2
116994,117002,1.34974,1.3489865624073145,1.7713523909297415,STOP,2025-07-25 00:00:00,2025-07-25 00:05:00,2025-07-25 00:40:00,8
117082,117087,1.34405,1.344770222684371,-1.0850000000001174,STOP,2025-07-25 07:20:00,2025-07-25 07:25:00,2025-07-25 07:45:00,5
117095,117100,1.34452,1.342957964286146,2.1208512561461292,STOP,2025-07-25 08:25:00,2025-07-25 08:30:00,2025-07-25 08:50:00,5
117291,117299,1.34385,1.3429881013871428,1.787343594860978,STOP,2025-07-28 00:45:00,2025-07-28 00:50:00,2025-07-28 01:25:00,8
117306,117315,1.34259,1.3413586012871626,2.657323982577318,STOP,2025-07-28 02:00:00,2025-07-28 02:05:00,2025-07-28 02:45:00,9
117347,117359,1.34187,1.3414823005997132,0.39316014547587197,STOP,2025-07-28 05:25:00,2025-07-28 05:30:00,2025-07-28 06:25:00,12
117369,117376,1.34126,1.3420806019874545,-1.085000000000131,STOP,2025-07-28 07:15:00,2025-07-28 07:20:00,2025-07-28 07:50:00,7
117399,117419,1.34161,1.3406644064023303,0.844217745002717,STOP,2025-07-28 09:45:00,2025-07-28 09:50:00,2025-07-28 11:25:00,20
117447,117464,1.33596,1.3354791489490094,0.6990984190041704,STOP,2025-07-28 13:45:00,2025-07-28 13:50:00,2025-07-28 15:10:00,17
117485,117487,1.33586,1.3353643184856914,1.3926384875873612,STOP,2025-07-28 16:55:00,2025-07-28 17:00:00,2025-07-28 17:05:00,2
117565,117571,1.33461,1.3343008593192482,0.6032340358365023,STOP,2025-07-28 23:35:00,2025-07-28 23:40:00,2025-07-29 00:05:00,6
117774,117777,1.33542,1.3342928584568685,1.823867998252141,STOP,2025-07-29 17:00:00,2025-07-29 17:05:00,2025-07-29 17:15:00,3
117858,117874,1.33539,1.335064776036858,0.5835011636884678,STOP,2025-07-30 00:00:00,2025-07-30 00:05:00,2025-07-30 01:20:00,16
117876,117883,1.33549,1.3344899568355746,2.2388646543909365,STOP,2025-07-30 01:30:00,2025-07-30 01:35:00,2025-07-30 02:05:00,7
118074,118082,1.32444,1.3251914437605412,-1.085000000000017,STOP,2025-07-30 18:00:00,2025-07-30 18:05:00,2025-07-30 18:40:00,8
118229,118237,1.32287,1.3236789560236897,-1.0849999999999438,STOP,2025-07-31 06:55:00,2025-07-31 07:00:00,2025-07-31 07:35:00,8
118268,118271,1.31973,1.3207431237724678,-1.0849999999999251,STOP,2025-07-31 10:10:00,2025-07-31 10:15:00,2025-07-31 10:25:00,3
118350,118354,1.32113,1.320790193295405,0.38137408640633946,STOP,2025-07-31 17:00:00,2025-07-31 17:05:00,2025-07-31 17:20:00,4
118423,118439,1.32007,1.3196991062568777,0.5459221609183149,STOP,2025-07-31 23:05:00,2025-07-31 23:10:00,2025-08-01 00:25:00,16
118497,118505,1.3155,1.3149352109820303,0.6269281247183411,STOP,2025-08-01 05:15:00,2025-08-01 05:20:00,2025-08-01 05:55:00,8
118510,118512,1.3153,1.316154769188908,-1.085000000000044,STOP,2025-08-01 06:20:00,2025-08-01 06:25:00,2025-08-01 06:30:00,2
118533,118536,1.31559,1.3146654769806883,1.077212915025447,STOP,2025-08-01 08:15:00,2025-08-01 08:20:00,2025-08-01 08:30:00,3
119002,119019,1.32798,1.32848601628591,-1.085000000000195,STOP,2025-08-04 23:20:00,2025-08-04 23:25:00,2025-08-05 00:45:00,17
119025,119030,1.32768,1.327471237468176,0.421653930181158,STOP,2025-08-05 01:15:00,2025-08-05 01:20:00,2025-08-05 01:40:00,5
119101,119104,1.32674,1.3277113808342698,-1.0850000000000752,STOP,2025-08-05 07:35:00,2025-08-05 07:40:00,2025-08-05 07:50:00,3
119209,119216,1.32974,1.329120707565401,1.2316114919813832,STOP,2025-08-05 16:35:00,2025-08-05 16:40:00,2025-08-05 17:10:00,7
119538,119543,1.33535,1.3350746471573802,0.6532829349958597,STOP,2025-08-06 20:00:00,2025-08-06 20:05:00,2025-08-06 20:25:00,5
119663,119667,1.3366,1.3372330296906536,-1.085000000000174,STOP,2025-08-07 06:25:00,2025-08-07 06:30:00,2025-08-07 06:45:00,4
119863,119893,1.34382,1.342855079705508,2.294498145146275,STOP,2025-08-07 23:05:00,2025-08-07 23:10:00,2025-08-08 01:35:00,30
119910,119912,1.34339,1.3438124827922338,-1.085000000000012,STOP,2025-08-08 03:00:00,2025-08-08 03:05:00,2025-08-08 03:10:00,2
119973,119976,1.34256,1.3433404354262886,-1.0850000000000175,STOP,2025-08-08 08:15:00,2025-08-08 08:20:00,2025-08-08 08:30:00,3
120077,120081,1.34601,1.3443752326407727,2.8578698527363797,STOP,2025-08-08 16:55:00,2025-08-10 17:00:00,2025-08-10 17:15:00,4
120090,120123,1.34475,1.3439513336905242,1.0757167458811616,STOP,2025-08-10 18:00:00,2025-08-10 18:05:00,2025-08-10 20:45:00,33
120225,120233,1.3458,1.3452038839019478,0.8321578858671606,STOP,2025-08-11 05:15:00,2025-08-11 05:20:00,2025-08-11 05:55:00,8
120248,120257,1.34399,1.3430512105587225,1.3522848495659225,STOP,2025-08-11 07:10:00,2025-08-11 07:15:00,2025-08-11 07:55:00,9
120282,120293,1.34141,1.3407241317380123,0.853955153012645,STOP,2025-08-11 10:00:00,2025-08-11 10:05:00,2025-08-11 10:55:00,11
120405,120408,1.34291,1.34324684678816,-1.0849999999996771,STOP,2025-08-11 20:15:00,2025-08-11 20:20:00,2025-08-11 20:30:00,3
120456,120460,1.34312,1.3435130993462745,-1.0849999999999618,STOP,2025-08-12 00:30:00,2025-08-12 00:35:00,2025-08-12 00:50:00,4
120544,120546,1.34566,1.3462670725032329,-1.0850000000000835,STOP,2025-08-12 07:50:00,2025-08-12 07:55:00,2025-08-12 08:00:00,2
120756,120760,1.35007,1.3503404947651665,-1.085000000000306,STOP,2025-08-13 01:30:00,2025-08-13 01:35:00,2025-08-13 01:50:00,4
120854,120857,1.35696,1.357702945525728,-1.0850000000001447,STOP,2025-08-13 09:40:00,2025-08-13 09:45:00,2025-08-13 09:55:00,3
120909,120922,1.35671,1.3572058908163713,-1.085000000000155,STOP,2025-08-13 14:15:00,2025-08-13 14:20:00,2025-08-13 15:20:00,13
121043,121047,1.35704,1.3573803183905477,-1.0850000000000923,STOP,2025-08-14 01:25:00,2025-08-14 01:30:00,2025-08-14 01:45:00,4
121128,121131,1.35617,1.3571707961176889,-1.0850000000001054,STOP,2025-08-14 08:30:00,2025-08-14 08:35:00,2025-08-14 08:45:00,3
121230,121237,1.35396,1.3526840629287205,2.9137683250693827,STOP,2025-08-14 17:00:00,2025-08-14 17:05:00,2025-08-14 17:35:00,7
121266,121268,1.35284,1.3530990034399915,-1.0849999999998021,STOP,2025-08-14 20:00:00,2025-08-14 20:05:00,2025-08-14 20:10:00,2
121483,121530,1.35545,1.3559821700029933,-1.0850000000001567,STOP,2025-08-15 14:05:00,2025-08-15 14:10:00,2025-08-17 18:00:00,47
121590,121602,1.35535,1.3557359557276407,-1.0850000000000266,STOP,2025-08-17 23:00:00,2025-08-17 23:05:00,2025-08-18 00:00:00,12
121664,121676,1.35494,1.354163531744868,0.9030898295054086,STOP,2025-08-18 05:10:00,2025-08-18 05:15:00,2025-08-18 06:10:00,12
121697,121710,1.35386,1.3544809151960906,-1.0849999999999493,STOP,2025-08-18 07:55:00,2025-08-18 08:00:00,2025-08-18 09:00:00,13
121806,121811,1.35126,1.350442789103212,2.510932572404007,STOP,2025-08-18 17:00:00,2025-08-18 17:05:00,2025-08-18 17:25:00,5
121858,121860,1.34948,1.349009688964612,1.114704539848581,STOP,2025-08-18 21:20:00,2025-08-18 21:25:00,2025-08-18 21:30:00,2
122021,122037,1.35029,1.3492346857156248,1.298103790363028,STOP,2025-08-19 10:55:00,2025-08-19 11:00:00,2025-08-19 12:15:00,16
122058,122068,1.3485,1.347985750772008,0.8714960888998756,STOP,2025-08-19 14:00:00,2025-08-19 14:05:00,2025-08-19 14:50:00,10
122130,122134,1.34816,1.347804092007475,1.0399205230258282,STOP,2025-08-19 20:00:00,2025-08-19 20:05:00,2025-08-19 20:20:00,4
122253,122261,1.3498,1.3493788665890758,0.5224904365577314,STOP,2025-08-20 06:15:00,2025-08-20 06:20:00,2025-08-20 06:55:00,8
122270,122274,1.34812,1.3475049528924805,0.8730122250402754,STOP,2025-08-20 07:40:00,2025-08-20 07:45:00,2025-08-20 08:00:00,4
122325,122353,1.34626,1.3455888023304161,0.7184509373727558,STOP,2025-08-20 12:15:00,2025-08-20 12:20:00,2025-08-20 14:35:00,28
122480,122482,1.34491,1.3452045399629262,-1.08500000000012,STOP,2025-08-21 01:10:00,2025-08-21 01:15:00,2025-08-21 01:20:00,2
122517,122520,1.34524,1.345898125923035,-1.084999999999997,STOP,2025-08-21 04:15:00,2025-08-21 04:20:00,2025-08-21 04:30:00,3
122563,122566,1.34506,1.3457368479049459,-1.0850000000000013,STOP,2025-08-21 08:05:00,2025-08-21 08:10:00,2025-08-21 08:20:00,3
122600,122602,1.34147,1.342488199954967,-1.0849999999999818,STOP,2025-08-21 11:10:00,2025-08-21 11:15:00,2025-08-21 11:20:00,2
122652,122671,1.34146,1.3409124278381823,1.1611470370493857,STOP,2025-08-21 15:30:00,2025-08-21 15:35:00,2025-08-21 17:05:00,19
122743,122755,1.3413,1.3403433515457857,2.146501594275484,STOP,2025-08-21 23:05:00,2025-08-21 23:10:00,2025-08-22 00:05:00,12
122763,122781,1.33946,1.3398807946172804,-1.0849999999999325,STOP,2025-08-22 00:45:00,2025-08-22 00:50:00,2025-08-22 02:15:00,18
122957,122960,1.3525,1.3518218074193473,1.3232504306612904,STOP,2025-08-22 16:55:00,2025-08-24 17:00:00,2025-08-24 17:10:00,3
122994,123006,1.35046,1.3497868580249248,1.4209408350714923,STOP,2025-08-24 20:00:00,2025-08-24 20:05:00,2025-08-24 21:00:00,12
123009,123017,1.35005,1.3493222013931419,1.47000292757406,STOP,2025-08-24 21:15:00,2025-08-24 21:20:00,2025-08-24 21:55:00,8
123104,123120,1.34966,1.3487219979544158,1.697019554116111,STOP,2025-08-25 05:10:00,2025-08-25 05:15:00,2025-08-25 06:30:00,16
123206,123229,1.34825,1.344893386757593,5.81455492465372,STOP,2025-08-25 13:40:00,2025-08-25 13:45:00,2025-08-25 15:35:00,23
123243,123249,1.34567,1.3454311847392766,0.44497668317254707,STOP,2025-08-25 16:45:00,2025-08-25 16:50:00,2025-08-25 17:15:00,6
123507,123514,1.34795,1.348400930097512,-1.0849999999998814,STOP,2025-08-26 14:45:00,2025-08-26 14:50:00,2025-08-26 15:20:00,7
123534,123536,1.34826,1.3471490975658091,2.8035012434620357,STOP,2025-08-26 17:00:00,2025-08-26 17:05:00,2025-08-26 17:10:00,2
123610,123619,1.34611,1.3455815023915307,1.3159871908808312,STOP,2025-08-26 23:20:00,2025-08-26 23:25:00,2025-08-27 00:05:00,9
123635,123641,1.34522,1.3455481047987292,-1.0850000000002178,STOP,2025-08-27 01:25:00,2025-08-27 01:30:00,2025-08-27 01:55:00,6
123691,123703,1.34414,1.3424988865222305,2.516058191557424,STOP,2025-08-27 06:05:00,2025-08-27 06:10:00,2025-08-27 07:05:00,12
123715,123727,1.344,1.3446557971806945,-1.0849999999999158,STOP,2025-08-27 08:05:00,2025-08-27 08:10:00,2025-08-27 09:05:00,12
123822,123824,1.34993,1.3489526528265863,1.94001561724244,STOP,2025-08-27 17:00:00,2025-08-27 17:05:00,2025-08-27 17:10:00,2
124108,124111,1.35108,1.3506971087247261,1.2796823707571339,STOP,2025-08-28 16:50:00,2025-08-28 16:55:00,2025-08-28 17:05:00,3
124147,124151,1.35085,1.3505892554259258,0.7879181437104961,STOP,2025-08-28 20:05:00,2025-08-28 20:10:00,2025-08-28 20:25:00,4
124278,124301,1.34543,1.3461557330056686,-1.0849999999999032,STOP,2025-08-29 07:00:00,2025-08-29 07:05:00,2025-08-29 08:55:00,23
124566,124590,1.35289,1.3534126808653042,-1.0850000000000959,STOP,2025-09-01 07:00:00,2025-09-01 07:05:00,2025-09-01 09:00:00,24
124722,124724,1.3544,1.354075698181666,1.149694107878792,STOP,2025-09-01 20:00:00,2025-09-01 20:05:00,2025-09-01 20:10:00,2
124867,124876,1.33822,1.3348986527115445,2.2772635627056528,STOP,2025-09-02 08:05:00,2025-09-02 08:10:00,2025-09-02 08:50:00,9
124941,124953,1.33773,1.3384511260762173,-1.084999999999887,STOP,2025-09-02 14:15:00,2025-09-02 14:20:00,2025-09-02 15:15:00,12
125009,125013,1.33819,1.3377450488485447,1.462569002763542,STOP,2025-09-02 19:55:00,2025-09-02 20:00:00,2025-09-02 20:15:00,4
125262,125266,1.34477,1.3443525725977614,0.7644674884213488,STOP,2025-09-03 17:00:00,2025-09-03 17:05:00,2025-09-03 17:20:00,4
125298,125300,1.34404,1.3437630718054616,0.8227299419538202,STOP,2025-09-03 20:00:00,2025-09-03 20:05:00,2025-09-03 20:10:00,2
125334,125359,1.34311,1.3426303124509098,0.9472857625306108,STOP,2025-09-03 23:00:00,2025-09-03 23:05:00,2025-09-04 01:05:00,25
125367,125370,1.34275,1.3430990929096425,-1.0850000000001043,STOP,2025-09-04 01:45:00,2025-09-04 01:50:00,2025-09-04 02:00:00,3
125466,125468,1.34271,1.3438618536391918,-1.0850000000000142,STOP,2025-09-04 10:00:00,2025-09-04 10:05:00,2025-09-04 10:10:00,2
125491,125533,1.34272,1.3435192714330764,-1.0850000000000297,STOP,2025-09-04 12:05:00,2025-09-04 12:10:00,2025-09-04 15:35:00,42
125551,125553,1.34367,1.3429261685952794,1.424087047119251,STOP,2025-09-04 17:05:00,2025-09-04 17:10:00,2025-09-04 17:15:00,2
125810,125815,1.35037,1.3510620388139127,-1.0850000000000712,STOP,2025-09-05 14:40:00,2025-09-05 14:45:00,2025-09-05 15:05:00,5
125837,125840,1.35101,1.3498690714002504,2.244241724750045,STOP,2025-09-05 16:55:00,2025-09-07 17:00:00,2025-09-07 17:10:00,3
125874,125882,1.34861,1.3491699632230023,-1.0850000000000444,STOP,2025-09-07 20:00:00,2025-09-07 20:05:00,2025-09-07 20:40:00,8
126089,126091,1.35281,1.353390010679293,-1.0850000000001268,STOP,2025-09-08 13:55:00,2025-09-08 14:00:00,2025-09-08 14:05:00,2
126304,126308,1.35628,1.3558159180367133,0.660769110935027,STOP,2025-09-09 07:50:00,2025-09-09 07:55:00,2025-09-09 08:10:00,4
126377,126415,1.35263,1.3517461369365138,0.9947191668594131,STOP,2025-09-09 13:55:00,2025-09-09 14:00:00,2025-09-09 17:05:00,38
126442,126462,1.35207,1.3524618334525826,-1.085000000000088,STOP,2025-09-09 19:20:00,2025-09-09 19:25:00,2025-09-09 21:00:00,20
126589,126594,1.35303,1.3536101187560592,-1.0850000000000986,STOP,2025-09-10 07:35:00,2025-09-10 07:40:00,2025-09-10 08:00:00,5
126683,126688,1.35257,1.353041490409863,-1.0849999999998936,STOP,2025-09-10 15:25:00,2025-09-10 15:30:00,2025-09-10 15:50:00,5
126702,126705,1.35357,1.3527775116880465,1.8448462816607265,STOP,2025-09-10 17:00:00,2025-09-10 17:05:00,2025-09-10 17:15:00,3
126741,126756,1.35285,1.3531752723631993,-1.0849999999997226,STOP,2025-09-10 20:15:00,2025-09-10 20:20:00,2025-09-10 21:30:00,15
126774,126779,1.35297,1.3527525171356514,0.5090551310378012,STOP,2025-09-10 23:00:00,2025-09-10 23:05:00,2025-09-10 23:25:00,5
126800,126810,1.35224,1.3517793090368684,1.490327526463075,STOP,2025-09-11 01:10:00,2025-09-11 01:15:00,2025-09-11 02:00:00,10
126846,126855,1.35093,1.3500740235012314,1.1948821793826097,STOP,2025-09-11 05:00:00,2025-09-11 05:05:00,2025-09-11 05:45:00,9
126989,126993,1.35753,1.3569569609931524,1.515655547919956,STOP,2025-09-11 16:55:00,2025-09-11 17:00:00,2025-09-11 17:15:00,4
127026,127035,1.35752,1.3571449208039494,1.0930661039991758,STOP,2025-09-11 20:00:00,2025-09-11 20:05:00,2025-09-11 20:45:00,9
127087,127092,1.35536,1.3556830312254204,-1.0850000000000222,STOP,2025-09-12 01:05:00,2025-09-12 01:10:00,2025-09-12 01:30:00,5
127123,127127,1.35524,1.354095305358945,1.4508874830505487,STOP,2025-09-12 04:05:00,2025-09-12 04:10:00,2025-09-12 04:25:00,4
127141,127144,1.35342,1.3542048927706094,-1.0850000000001332,STOP,2025-09-12 05:35:00,2025-09-12 05:40:00,2025-09-12 05:50:00,3
127170,127178,1.35425,1.3529568234769571,1.8019437707920694,STOP,2025-09-12 08:00:00,2025-09-12 08:05:00,2025-09-12 08:40:00,8
127277,127283,1.35653,1.354343754948981,5.242169160186382,STOP,2025-09-12 16:55:00,2025-09-14 17:05:00,2025-09-14 17:30:00,6
127313,127319,1.35531,1.3550896267340589,0.6064400009856727,STOP,2025-09-14 20:00:00,2025-09-14 20:05:00,2025-09-14 20:30:00,6
127561,127569,1.35998,1.359765312726924,0.44181412770577627,STOP,2025-09-15 16:40:00,2025-09-15 16:45:00,2025-09-15 17:20:00,8
127577,127601,1.36014,1.3604920811139531,-1.0850000000002396,STOP,2025-09-15 18:00:00,2025-09-15 18:05:00,2025-09-15 20:00:00,24
127847,127851,1.36482,1.3646049496580839,0.45618626826196745,STOP,2025-09-16 16:30:00,2025-09-16 16:35:00,2025-09-16 16:50:00,4
127910,127960,1.36438,1.3647958321564617,-1.085000000000174,STOP,2025-09-16 21:45:00,2025-09-16 21:50:00,2025-09-17 01:55:00,50
128162,128166,1.36252,1.3631708151018305,-1.0849999999999584,STOP,2025-09-17 18:45:00,2025-09-17 18:50:00,2025-09-17 19:05:00,4
128229,128232,1.36179,1.3611287380746386,1.5049942836627594,STOP,2025-09-18 00:20:00,2025-09-18 00:25:00,2025-09-18 00:35:00,3
128246,128248,1.35984,1.3594509842248554,0.6797879762324494,STOP,2025-09-18 01:45:00,2025-09-18 01:50:00,2025-09-18 01:55:00,2
128327,128342,1.3605,1.3546313101316474,5.783107936298666,STOP,2025-09-18 08:30:00,2025-09-18 08:35:00,2025-09-18 09:45:00,15
128401,128403,1.35457,1.3552135264796894,-1.0850000000000577,STOP,2025-09-18 14:40:00,2025-09-18 14:45:00,2025-09-18 14:50:00,2
128429,128432,1.35587,1.3548529066372657,2.0105810041034453,STOP,2025-09-18 17:00:00,2025-09-18 17:05:00,2025-09-18 17:15:00,3
128466,128471,1.35483,1.3543919288410498,1.1431681662087858,STOP,2025-09-18 20:05:00,2025-09-18 20:10:00,2025-09-18 20:30:00,5
128495,128496,1.35374,1.3542139980044072,-1.0849999999999023,STOP,2025-09-18 22:30:00,2025-09-18 22:35:00,2025-09-18 22:35:00,1
128532,128544,1.35459,1.3504069682109798,7.521804583360382,STOP,2025-09-19 01:35:00,2025-09-19 01:40:00,2025-09-19 02:35:00,12
128567,128609,1.34994,1.3481508215784344,1.565364739009117,STOP,2025-09-19 04:30:00,2025-09-19 04:35:00,2025-09-19 08:00:00,42
128702,128712,1.34738,1.3470990797163698,0.5848540163625034,STOP,2025-09-19 15:45:00,2025-09-19 15:50:00,2025-09-19 16:35:00,10
128728,128735,1.34733,1.3470838443013309,0.5144435143242467,STOP,2025-09-21 17:55:00,2025-09-21 18:00:00,2025-09-21 18:30:00,7
128752,128755,1.34632,1.3466307484300555,-1.0850000000003426,STOP,2025-09-21 19:55:00,2025-09-21 20:00:00,2025-09-21 20:10:00,3
128789,128807,1.34626,1.3455448295011376,1.3726930365649528,STOP,2025-09-21 23:00:00,2025-09-21 23:05:00,2025-09-22 00:30:00,18
128932,128938,1.34948,1.3503104079921682,-1.0850000000000537,STOP,2025-09-22 10:55:00,2025-09-22 11:00:00,2025-09-22 11:25:00,6
129005,129007,1.35128,1.3503907876770176,2.4998877778197897,STOP,2025-09-22 17:00:00,2025-09-22 17:05:00,2025-09-22 17:10:00,2
129041,129047,1.35121,1.351435752624297,-1.0850000000004167,STOP,2025-09-22 20:00:00,2025-09-22 20:05:00,2025-09-22 20:30:00,6
129112,129121,1.35078,1.3512450531645093,-1.084999999999985,STOP,2025-09-23 01:55:00,2025-09-23 02:00:00,2025-09-23 02:40:00,9
129293,129298,1.35293,1.3520135164837361,1.994840393208472,STOP,2025-09-23 17:00:00,2025-09-23 17:05:00,2025-09-23 17:25:00,5
129329,129333,1.35228,1.3520651945960416,0.5735803877365775,STOP,2025-09-23 20:00:00,2025-09-23 20:05:00,2025-09-23 20:20:00,4
129389,129396,1.35089,1.3507186478944824,0.46502997839372856,STOP,2025-09-24 01:00:00,2025-09-24 01:05:00,2025-09-24 01:35:00,7
129447,129454,1.34819,1.3473782991121326,1.0783191545811852,STOP,2025-09-24 05:50:00,2025-09-24 05:55:00,2025-09-24 06:25:00,7
129467,129472,1.3466,1.3459642587590093,0.8342011847503793,STOP,2025-09-24 07:30:00,2025-09-24 07:35:00,2025-09-24 07:55:00,5
129583,129618,1.34487,1.3453226203842734,-1.0849999999999382,STOP,2025-09-24 17:10:00,2025-09-24 17:15:00,2025-09-24 20:05:00,35
129726,129735,1.34573,1.345053574652552,0.820411750290462,STOP,2025-09-25 05:05:00,2025-09-25 05:10:00,2025-09-25 05:50:00,9
129751,129758,1.34319,1.3421927028923353,1.4408189342330182,STOP,2025-09-25 07:10:00,2025-09-25 07:15:00,2025-09-25 07:45:00,7
129794,129800,1.33594,1.3348572706879496,0.8191311520237328,STOP,2025-09-25 10:45:00,2025-09-25 10:50:00,2025-09-25 11:15:00,6
129825,129847,1.33309,1.3338918072504808,-1.0850000000000957,STOP,2025-09-25 13:20:00,2025-09-25 13:25:00,2025-09-25 15:10:00,22
129871,129873,1.33473,1.3335585524528688,2.254487116472594,STOP,2025-09-25 17:10:00,2025-09-25 17:15:00,2025-09-25 17:20:00,2
129906,129911,1.33322,1.3336284604673387,-1.0849999999998086,STOP,2025-09-25 20:05:00,2025-09-25 20:10:00,2025-09-25 20:30:00,5
130444,130446,1.34326,1.342006066425369,3.970150386785199,STOP,2025-09-29 16:55:00,2025-09-29 17:00:00,2025-09-29 17:05:00,2
130482,130484,1.34313,1.3434417799677674,-1.0849999999999547,STOP,2025-09-29 20:05:00,2025-09-29 20:10:00,2025-09-29 20:15:00,2
130704,130730,1.34482,1.3441884567719118,0.7820566025448369,STOP,2025-09-30 14:35:00,2025-09-30 14:40:00,2025-09-30 16:45:00,26
130741,130744,1.34487,1.3442709789869578,1.4758461632199793,STOP,2025-09-30 17:40:00,2025-09-30 17:45:00,2025-09-30 17:55:00,3
130772,130783,1.34417,1.3438056387865807,0.7683799530959692,STOP,2025-09-30 20:15:00,2025-09-30 20:20:00,2025-09-30 21:10:00,11
130799,130804,1.34367,1.3441011756024526,-1.0850000000000044,STOP,2025-09-30 22:30:00,2025-09-30 22:35:00,2025-09-30 22:55:00,5
130896,130902,1.3471,1.3479395726801,-1.0850000000001114,STOP,2025-10-01 06:35:00,2025-10-01 06:40:00,2025-10-01 07:05:00,6
131021,131027,1.34872,1.347198084675037,3.606768048956497,STOP,2025-10-01 17:00:00,2025-10-01 17:05:00,2025-10-01 17:30:00,6
131057,131060,1.3477,1.347244783303066,1.453630749239358,STOP,2025-10-01 20:00:00,2025-10-01 20:05:00,2025-10-01 20:15:00,3
131196,131219,1.34773,1.3460127877579924,2.430817745821367,STOP,2025-10-02 07:35:00,2025-10-02 07:40:00,2025-10-02 09:30:00,23
131236,131245,1.34208,1.3406781767809364,1.4840216078761521,STOP,2025-10-02 10:55:00,2025-10-02 11:00:00,2025-10-02 11:40:00,9
131309,131311,1.34437,1.3437789762990904,1.1579849544323748,STOP,2025-10-02 17:00:00,2025-10-02 17:05:00,2025-10-02 17:10:00,2
131345,131348,1.34404,1.3443928917309351,-1.0850000000002553,STOP,2025-10-02 20:00:00,2025-10-02 20:05:00,2025-10-02 20:15:00,3
131392,131401,1.3445,1.3439686602798555,1.2416151706370866,STOP,2025-10-02 23:55:00,2025-10-03 00:00:00,2025-10-03 00:40:00,9
131562,131569,1.34682,1.3474765278125884,-1.0850000000000513,STOP,2025-10-03 14:05:00,2025-10-03 14:10:00,2025-10-03 14:40:00,7
131596,131599,1.34441,1.3440417088695218,0.7170786059895964,STOP,2025-10-03 16:55:00,2025-10-05 17:00:00,2025-10-05 17:10:00,3
131764,131771,1.34228,1.3430981904430863,-1.0850000000000457,STOP,2025-10-06 06:55:00,2025-10-06 07:00:00,2025-10-06 07:30:00,7
131891,131895,1.34835,1.3480409729912808,0.9015202954917608,STOP,2025-10-06 17:30:00,2025-10-06 17:35:00,2025-10-06 17:50:00,4
131921,131924,1.348,1.3483087235461775,-1.0850000000000193,STOP,2025-10-06 20:00:00,2025-10-06 20:05:00,2025-10-06 20:15:00,3
131947,131981,1.34775,1.34703600649727,1.8541089742526993,STOP,2025-10-06 22:10:00,2025-10-06 22:15:00,2025-10-07 01:00:00,34
132020,132064,1.3438,1.3398705947436746,5.259748464388568,STOP,2025-10-07 04:15:00,2025-10-07 04:20:00,2025-10-07 07:55:00,44
132173,132176,1.34347,1.3424282518777892,2.1868681661179945,STOP,2025-10-07 17:00:00,2025-10-07 17:05:00,2025-10-07 17:15:00,3
132269,132278,1.33905,1.3386876271764823,0.9037433183479565,STOP,2025-10-08 01:00:00,2025-10-08 01:05:00,2025-10-08 01:45:00,9
132409,132428,1.33829,1.3375436319793537,0.8601295667296477,STOP,2025-10-08 12:40:00,2025-10-08 12:45:00,2025-10-08 14:15:00,19
132601,132605,1.33624,1.3371937619718928,-1.0850000000000055,STOP,2025-10-09 04:40:00,2025-10-09 04:45:00,2025-10-09 05:00:00,4
132629,132634,1.3364,1.3373145701480678,-1.0850000000001097,STOP,2025-10-09 07:00:00,2025-10-09 07:05:00,2025-10-09 07:25:00,5
132680,132686,1.33295,1.3303185456484226,2.0052841399145893,STOP,2025-10-09 11:15:00,2025-10-09 11:20:00,2025-10-09 11:45:00,6
132785,132795,1.32998,1.3303503555985003,-1.0849999999998252,STOP,2025-10-09 20:00:00,2025-10-09 20:05:00,2025-10-09 20:50:00,10
132910,132917,1.32893,1.32659006545477,2.8945242850486945,STOP,2025-10-10 06:25:00,2025-10-10 06:30:00,2025-10-10 07:00:00,7
132929,132944,1.3282,1.3273583387664725,0.9284328152248604,STOP,2025-10-10 08:00:00,2025-10-10 08:05:00,2025-10-10 09:15:00,15
133031,133035,1.33453,1.335136942648403,-1.085000000000052,STOP,2025-10-10 16:30:00,2025-10-10 16:35:00,2025-10-10 16:50:00,4
133073,133085,1.33426,1.335040019942996,-1.085000000000137,STOP,2025-10-12 20:00:00,2025-10-12 20:05:00,2025-10-12 21:00:00,12
133181,133190,1.33341,1.3342661241610814,-1.0849999999999043,STOP,2025-10-13 05:00:00,2025-10-13 05:05:00,2025-10-13 05:45:00,9
133325,133327,1.33403,1.3334507150130512,1.3535244573365361,STOP,2025-10-13 17:00:00,2025-10-13 17:05:00,2025-10-13 17:10:00,2
133484,133497,1.32625,1.327148204388549,-1.0849999999998827,STOP,2025-10-14 06:15:00,2025-10-14 06:20:00,2025-10-14 07:20:00,13
133505,133508,1.32619,1.32702077205097,-1.0850000000001327,STOP,2025-10-14 08:00:00,2025-10-14 08:05:00,2025-10-14 08:15:00,3
133625,133649,1.3321,1.33251356322556,-1.0849999999999387,STOP,2025-10-14 18:00:00,2025-10-14 18:05:00,2025-10-14 20:00:00,24
133755,133763,1.33454,1.3354213096109377,-1.0849999999999873,STOP,2025-10-15 04:50:00,2025-10-15 04:55:00,2025-10-15 05:30:00,8
133937,133939,1.34011,1.3404433414541557,-1.0850000000000513,STOP,2025-10-15 20:00:00,2025-10-15 20:05:00,2025-10-15 20:10:00,2
134003,134005,1.34141,1.3417846929633546,-1.084999999999887,STOP,2025-10-16 01:30:00,2025-10-16 01:35:00,2025-10-16 01:40:00,2
134138,134142,1.34266,1.3436654727339576,-1.0849999999999844,STOP,2025-10-16 12:45:00,2025-10-16 12:50:00,2025-10-16 13:05:00,4
134189,134196,1.34441,1.3430516798582501,2.503402789695218,STOP,2025-10-16 17:00:00,2025-10-16 17:05:00,2025-10-16 17:35:00,7
134389,134395,1.34125,1.3404812885081365,0.8537670447533284,STOP,2025-10-17 09:40:00,2025-10-17 09:45:00,2025-10-17 10:10:00,6
134515,134517,1.34234,1.3427468020664695,-1.0850000000001607,STOP,2025-10-19 20:10:00,2025-10-19 20:15:00,2025-10-19 20:20:00,2
134651,134656,1.34016,1.340858783465131,-1.0850000000000177,STOP,2025-10-20 07:30:00,2025-10-20 07:35:00,2025-10-20 07:55:00,5
134740,134767,1.34094,1.3404480270224717,1.030648017553636,STOP,2025-10-20 14:55:00,2025-10-20 15:00:00,2025-10-20 17:10:00,27
134801,134802,1.34067,1.3409181467317255,-1.0850000000002442,STOP,2025-10-20 20:00:00,2025-10-20 20:05:00,2025-10-20 20:05:00,1
134857,134860,1.3393,1.3390625183197074,0.6372031421534414,STOP,2025-10-21 00:40:00,2025-10-21 00:45:00,2025-10-21 00:55:00,3
134924,134931,1.33697,1.3378484370046417,-1.0850000000000362,STOP,2025-10-21 06:15:00,2025-10-21 06:20:00,2025-10-21 06:50:00,7
135052,135054,1.33785,1.336457386226905,3.5563224154431206,STOP,2025-10-21 16:55:00,2025-10-21 17:00:00,2025-10-21 17:05:00,2
135086,135089,1.3365,1.336761503468753,-1.0849999999998465,STOP,2025-10-21 19:45:00,2025-10-21 19:50:00,2025-10-21 20:00:00,3
135180,135186,1.33363,1.3323614103559607,1.109018543247489,STOP,2025-10-22 03:35:00,2025-10-22 03:40:00,2025-10-22 04:05:00,6
135340,135342,1.33585,1.335074069212594,1.9429907655329095,STOP,2025-10-22 16:55:00,2025-10-22 17:00:00,2025-10-22 17:05:00,2
135352,135375,1.3356,1.335152549901996,1.118755432213455,STOP,2025-10-22 17:55:00,2025-10-22 18:00:00,2025-10-22 19:50:00,23
135425,135429,1.33314,1.3334364106075711,-1.08500000000014,STOP,2025-10-23 00:00:00,2025-10-23 00:05:00,2025-10-23 00:20:00,4
135505,135513,1.33438,1.3338184038477003,1.082404654758368,STOP,2025-10-23 06:40:00,2025-10-23 06:45:00,2025-10-23 07:20:00,8
135524,135526,1.33277,1.3333484868736736,-1.0849999999999833,STOP,2025-10-23 08:15:00,2025-10-23 08:20:00,2025-10-23 08:25:00,2
135705,135711,1.33231,1.332613151979242,-1.0849999999997344,STOP,2025-10-23 23:20:00,2025-10-23 23:25:00,2025-10-23 23:50:00,6
135730,135734,1.3313,1.3316195139026101,-1.0850000000003044,STOP,2025-10-24 01:25:00,2025-10-24 01:30:00,2025-10-24 01:45:00,4
135796,135799,1.33177,1.331409446298022,0.529572226220072,STOP,2025-10-24 06:55:00,2025-10-24 07:00:00,2025-10-24 07:10:00,3
135843,135904,1.3297,1.3309316442147678,-1.0850000000000464,STOP,2025-10-24 10:50:00,2025-10-24 10:55:00,2025-10-24 15:55:00,61
136012,136017,1.33199,1.3316698291541513,0.9317681533891389,STOP,2025-10-26 23:00:00,2025-10-26 23:05:00,2025-10-26 23:25:00,5
136030,136036,1.33202,1.332319992340971,-1.0850000000003528,STOP,2025-10-27 00:30:00,2025-10-27 00:35:00,2025-10-27 01:00:00,6
136128,136149,1.33317,1.332477285334146,0.9452068442759123,STOP,2025-10-27 08:40:00,2025-10-27 08:45:00,2025-10-27 10:25:00,21
136403,136412,1.32955,1.3269801440749491,2.964499308347153,STOP,2025-10-28 07:35:00,2025-10-28 07:40:00,2025-10-28 08:20:00,9
136503,136507,1.32736,1.3270998272744428,0.5086000270941591,STOP,2025-10-28 15:55:00,2025-10-28 16:00:00,2025-10-28 16:15:00,4
136601,136604,1.32483,1.3240563793844091,2.2155495452508163,STOP,2025-10-29 00:05:00,2025-10-29 00:10:00,2025-10-29 00:20:00,3
136688,136691,1.32111,1.3207694523795432,0.44458081504440367,STOP,2025-10-29 07:20:00,2025-10-29 07:25:00,2025-10-29 07:35:00,3
137024,137030,1.31489,1.31596440605162,-1.0850000000000277,STOP,2025-10-30 11:20:00,2025-10-30 11:25:00,2025-10-30 11:50:00,6
137082,137084,1.3157,1.3149844698923618,1.357118605685969,STOP,2025-10-30 16:10:00,2025-10-30 16:15:00,2025-10-30 16:20:00,2
137180,137183,1.31485,1.3151494989567638,-1.0849999999996904,STOP,2025-10-31 00:20:00,2025-10-31 00:25:00,2025-10-31 00:35:00,3
137254,137257,1.31313,1.3124321452947727,0.9091965271697615,STOP,2025-10-31 06:30:00,2025-10-31 06:35:00,2025-10-31 06:45:00,3
137280,137282,1.31009,1.3109926170341148,-1.0850000000000006,STOP,2025-10-31 08:40:00,2025-10-31 08:45:00,2025-10-31 08:50:00,2
137532,137538,1.31251,1.3131016456083549,-1.0849999999998505,STOP,2025-11-03 06:40:00,2025-11-03 06:45:00,2025-11-03 07:10:00,6
137656,137660,1.31473,1.3136819497153278,2.2281141888773077,STOP,2025-11-03 17:00:00,2025-11-03 17:05:00,2025-11-03 17:20:00,4
137681,137715,1.31233,1.3120829729842016,0.49208682927419106,STOP,2025-11-03 19:05:00,2025-11-03 19:10:00,2025-11-03 21:55:00,34
137751,137758,1.31218,1.3125869110979116,-1.085000000000149,STOP,2025-11-04 00:55:00,2025-11-04 01:00:00,2025-11-04 01:30:00,7
137813,137818,1.30664,1.307392114493643,-1.0849999999999576,STOP,2025-11-04 06:05:00,2025-11-04 06:10:00,2025-11-04 06:30:00,5
137904,137918,1.30258,1.3016041476376734,1.5396660722964786,STOP,2025-11-04 13:40:00,2025-11-04 13:45:00,2025-11-04 14:50:00,14
137929,137945,1.30188,1.3013799544986564,0.9164824969908136,STOP,2025-11-04 15:45:00,2025-11-04 15:50:00,2025-11-04 17:05:00,16
138101,138104,1.30159,1.3022710050773643,-1.0850000000001403,STOP,2025-11-05 06:05:00,2025-11-05 06:10:00,2025-11-05 06:20:00,3
138323,138326,1.3061,1.30588913187873,0.748418275693415,STOP,2025-11-06 00:35:00,2025-11-06 00:40:00,2025-11-06 00:50:00,3
138400,138401,1.3062,1.3071837779866078,-1.0849999999999769,STOP,2025-11-06 07:00:00,2025-11-06 07:05:00,2025-11-06 07:05:00,1
138521,138523,1.31365,1.3128967906875861,1.1156810378473139,STOP,2025-11-06 17:05:00,2025-11-06 17:10:00,2025-11-06 17:15:00,2
138554,138560,1.31315,1.3129122133564795,0.5342175543507568,STOP,2025-11-06 19:50:00,2025-11-06 19:55:00,2025-11-06 20:20:00,6
138617,138628,1.31177,1.3114885260216504,0.994943253271477,STOP,2025-11-07 01:05:00,2025-11-07 01:10:00,2025-11-07 02:00:00,11
138664,138668,1.31046,1.3100017209342947,0.6490192199388065,STOP,2025-11-07 05:00:00,2025-11-07 05:05:00,2025-11-07 05:20:00,4
138806,138807,1.31609,1.3165370646696313,-1.0849999999998725,STOP,2025-11-07 16:50:00,2025-11-07 16:55:00,2025-11-07 16:55:00,1
138832,138846,1.31411,1.314759369372601,-1.0849999999999707,STOP,2025-11-09 19:00:00,2025-11-09 19:05:00,2025-11-09 20:10:00,14
139036,139043,1.31614,1.316916183888548,-1.0850000000001006,STOP,2025-11-10 12:00:00,2025-11-10 12:05:00,2025-11-10 12:35:00,7
139094,139097,1.31752,1.3169819981754662,1.6369062927671363,STOP,2025-11-10 16:50:00,2025-11-10 16:55:00,2025-11-10 17:05:00,3
139241,139244,1.3123,1.3130970987413702,-1.0849999999999886,STOP,2025-11-11 05:05:00,2025-11-11 05:10:00,2025-11-11 05:20:00,3
139357,139382,1.31693,1.3151649472675246,4.1298764025584465,STOP,2025-11-11 14:45:00,2025-11-11 14:50:00,2025-11-11 16:50:00,25
139396,139418,1.31507,1.3146012168878731,1.2667038014826562,STOP,2025-11-11 18:00:00,2025-11-11 18:05:00,2025-11-11 19:50:00,22
139438,139461,1.31394,1.313152688953124,2.12561867258982,STOP,2025-11-11 21:30:00,2025-11-11 21:35:00,2025-11-11 23:25:00,23
139535,139551,1.31226,1.3130872596636955,-1.0849999999999391,STOP,2025-11-12 05:35:00,2025-11-12 05:40:00,2025-11-12 06:55:00,16
139571,139580,1.31008,1.3090543381662896,1.0487822914630716,STOP,2025-11-12 08:35:00,2025-11-12 08:40:00,2025-11-12 09:20:00,9
139661,139671,1.31263,1.3130709648535681,-1.0849999999998932,STOP,2025-11-12 16:05:00,2025-11-12 16:10:00,2025-11-12 16:55:00,10
139696,139707,1.31233,1.31178871531241,1.54454520596202,STOP,2025-11-12 19:00:00,2025-11-12 19:05:00,2025-11-12 19:55:00,11
139959,139961,1.31951,1.3187994930941012,1.6542065672477206,STOP,2025-11-13 16:55:00,2025-11-13 17:00:00,2025-11-13 17:05:00,2
139992,139996,1.31403,1.3149668611694292,-1.085000000000109,STOP,2025-11-13 19:40:00,2025-11-13 19:45:00,2025-11-13 20:00:00,4
140053,140055,1.3142,1.3147120861393244,-1.0850000000002096,STOP,2025-11-14 00:45:00,2025-11-14 00:50:00,2025-11-14 00:55:00,2
140118,140122,1.31272,1.313855461292512,-1.0849999999999198,STOP,2025-11-14 06:10:00,2025-11-14 06:15:00,2025-11-14 06:30:00,4
140171,140176,1.31283,1.3141056424611786,-1.084999999999947,STOP,2025-11-14 10:35:00,2025-11-14 10:40:00,2025-11-14 11:00:00,5
140285,140305,1.31614,1.3153995004326198,1.39583750706001,STOP,2025-11-16 20:05:00,2025-11-16 20:10:00,2025-11-16 21:45:00,20
140308,140317,1.3148,1.3144019232501027,0.8488106622335679,STOP,2025-11-16 22:00:00,2025-11-16 22:05:00,2025-11-16 22:45:00,9
140506,140513,1.31584,1.314914778045533,1.4843992699769237,STOP,2025-11-17 14:30:00,2025-11-17 14:35:00,2025-11-17 15:05:00,7
140547,140549,1.31629,1.3156236165782944,1.8100959992352625,STOP,2025-11-17 17:55:00,2025-11-17 18:00:00,2025-11-17 18:05:00,2
140560,140577,1.31476,1.3151146720722136,-1.085000000000195,STOP,2025-11-17 19:00:00,2025-11-17 19:05:00,2025-11-17 20:25:00,17
140606,140610,1.31503,1.314702764667744,1.030187095535647,STOP,2025-11-17 22:50:00,2025-11-17 22:55:00,2025-11-17 23:10:00,4
140705,140716,1.31474,1.315369615195996,-1.0849999999999167,STOP,2025-11-18 07:05:00,2025-11-18 07:10:00,2025-11-18 08:00:00,11
140836,140860,1.31459,1.314204787029597,1.1950340414101845,STOP,2025-11-18 18:00:00,2025-11-18 18:05:00,2025-11-18 20:00:00,24
141056,141071,1.30644,1.3073733713559839,-1.0850000000000346,STOP,2025-11-19 12:20:00,2025-11-19 12:25:00,2025-11-19 13:35:00,15
141076,141088,1.30604,1.3048510278446313,1.4408180064820684,STOP,2025-11-19 14:00:00,2025-11-19 14:05:00,2025-11-19 15:00:00,12
141292,141298,1.30635,1.306918752833958,-1.0850000000000195,STOP,2025-11-20 08:00:00,2025-11-20 08:05:00,2025-11-20 08:30:00,6
141387,141410,1.30702,1.30760473906066,-1.0850000000001334,STOP,2025-11-20 15:55:00,2025-11-20 16:00:00,2025-11-20 17:50:00,23
141566,141574,1.30462,1.3055439867873408,-1.0850000000000855,STOP,2025-11-21 06:50:00,2025-11-21 06:55:00,2025-11-21 07:30:00,8
141687,141700,1.31094,1.3097949583089528,2.040607774366563,STOP,2025-11-21 16:55:00,2025-11-23 17:00:00,2025-11-23 18:00:00,13
141713,141716,1.30904,1.30876887912022,0.6514026953095209,STOP,2025-11-23 19:05:00,2025-11-23 19:10:00,2025-11-23 19:20:00,3
141731,141738,1.30904,1.309381140369281,-1.084999999999943,STOP,2025-11-23 20:35:00,2025-11-23 20:40:00,2025-11-23 21:10:00,7
141884,141902,1.30877,1.3095269014821111,-1.0849999999998765,STOP,2025-11-24 09:20:00,2025-11-24 09:25:00,2025-11-24 10:50:00,18
141978,142003,1.31081,1.3103902103235021,1.2140899119284285,STOP,2025-11-24 17:10:00,2025-11-24 17:15:00,2025-11-24 19:15:00,25
142063,142070,1.30983,1.3101116875972583,-1.0850000000003013,STOP,2025-11-25 00:15:00,2025-11-25 00:20:00,2025-11-25 00:50:00,7
142137,142151,1.31146,1.3122178006059282,-1.0850000000000448,STOP,2025-11-25 06:25:00,2025-11-25 06:30:00,2025-11-25 07:35:00,14
142285,142288,1.31603,1.3166004729063525,-1.0849999999998718,STOP,2025-11-25 18:45:00,2025-11-25 18:50:00,2025-11-25 19:00:00,3
142409,142416,1.31683,1.316413337982583,0.4542860734414525,STOP,2025-11-26 05:05:00,2025-11-26 05:10:00,2025-11-26 05:40:00,7
142659,142669,1.32434,1.3234600742511327,1.3339590867232667,STOP,2025-11-27 01:55:00,2025-11-27 02:00:00,2025-11-27 02:45:00,10
142840,142843,1.32457,1.3232682089243812,4.61311158511405,STOP,2025-11-27 17:00:00,2025-11-27 17:05:00,2025-11-27 17:15:00,3
142945,142966,1.32194,1.3209924652364415,1.530937051529607,STOP,2025-11-28 01:45:00,2025-11-28 01:50:00,2025-11-28 03:30:00,21
142973,142980,1.3214,1.322016186614044,-1.0850000000001434,STOP,2025-11-28 04:05:00,2025-11-28 04:10:00,2025-11-28 04:40:00,7
143007,143013,1.32023,1.321122315374903,-1.0850000000000024,STOP,2025-11-28 06:55:00,2025-11-28 07:00:00,2025-11-28 07:25:00,6
143415,143440,1.32132,1.320980863658074,1.0066078067954618,STOP,2025-12-01 16:55:00,2025-12-01 17:00:00,2025-12-01 19:00:00,25
143453,143456,1.32064,1.320504497411694,0.4743128397684358,STOP,2025-12-01 20:05:00,2025-12-01 20:10:00,2025-12-01 20:20:00,3
143514,143521,1.321,1.321271296167961,-1.084999999999756,STOP,2025-12-02 01:10:00,2025-12-02 01:15:00,2025-12-02 01:45:00,7
143557,143558,1.3206,1.3212810687381507,-1.0850000000000537,STOP,2025-12-02 04:45:00,2025-12-02 04:50:00,2025-12-02 04:50:00,1
143643,143649,1.31839,1.319392117376788,-1.085000000000079,STOP,2025-12-02 11:55:00,2025-12-02 12:00:00,2025-12-02 12:25:00,6
144013,144023,1.33483,1.3341186725706526,2.692311881245417,STOP,2025-12-03 18:45:00,2025-12-03 18:50:00,2025-12-03 19:35:00,10
144052,144059,1.33352,1.3330101532260425,1.2978209684160205,STOP,2025-12-03 22:00:00,2025-12-03 22:05:00,2025-12-03 22:35:00,7
144076,144083,1.33348,1.3337320663271777,-1.0849999999997795,STOP,2025-12-04 00:00:00,2025-12-04 00:05:00,2025-12-04 00:35:00,7
144166,144181,1.33488,1.3339079756664771,1.225264111141972,STOP,2025-12-04 07:30:00,2025-12-04 07:35:00,2025-12-04 08:45:00,15
144271,144281,1.33254,1.3322731120912432,0.5152461546091327,STOP,2025-12-04 16:15:00,2025-12-04 16:20:00,2025-12-04 17:05:00,10
144288,144304,1.33269,1.3321935632321535,1.3410634537417918,STOP,2025-12-04 17:40:00,2025-12-04 17:45:00,2025-12-04 19:00:00,16
144429,144444,1.33361,1.3331923892512767,0.6245225339412106,STOP,2025-12-05 05:25:00,2025-12-05 05:30:00,2025-12-05 06:40:00,15
144586,144596,1.33304,1.3326186456471631,0.7458896728429117,STOP,2025-12-07 18:30:00,2025-12-07 18:35:00,2025-12-07 19:20:00,10
144705,144715,1.33195,1.3326020701693686,-1.0849999999999163,STOP,2025-12-08 04:25:00,2025-12-08 04:30:00,2025-12-08 05:15:00,10
144855,144857,1.3324,1.3315280736736255,2.1837949605640534,STOP,2025-12-08 16:55:00,2025-12-08 17:00:00,2025-12-08 17:05:00,2
145040,145053,1.33167,1.330696902235122,1.3474658951448792,STOP,2025-12-09 08:20:00,2025-12-09 08:25:00,2025-12-09 09:25:00,13
145139,145145,1.33014,1.329388270870051,1.9231384398058387,STOP,2025-12-09 16:35:00,2025-12-09 16:40:00,2025-12-09 17:05:00,6
145299,145310,1.33135,1.3304820854274846,1.4346282848243288,STOP,2025-12-10 05:55:00,2025-12-10 06:00:00,2025-12-10 06:50:00,11
145327,145329,1.33058,1.3311884021846252,-1.0850000000001068,STOP,2025-12-10 08:15:00,2025-12-10 08:20:00,2025-12-10 08:25:00,2
145467,145468,1.33783,1.3383264883727022,-1.084999999999808,STOP,2025-12-10 19:55:00,2025-12-10 20:00:00,2025-12-10 20:00:00,1
145528,145534,1.33653,1.3361561634416796,0.9658601417094106,STOP,2025-12-11 01:00:00,2025-12-11 01:05:00,2025-12-11 01:30:00,6
145719,145721,1.33901,1.3387641047746262,0.5233117540051394,STOP,2025-12-11 16:55:00,2025-12-11 17:00:00,2025-12-11 17:05:00,2
145803,145807,1.33891,1.3391526095744306,-1.0850000000000752,STOP,2025-12-11 23:55:00,2025-12-12 00:00:00,2025-12-12 00:15:00,4
145868,145898,1.3373,1.3367528300157603,0.7968122744741392,STOP,2025-12-12 05:20:00,2025-12-12 05:25:00,2025-12-12 07:50:00,30
145942,145951,1.33483,1.335610397748628,-1.0849999999999331,STOP,2025-12-12 11:30:00,2025-12-12 11:35:00,2025-12-12 12:15:00,9
146007,146009,1.33879,1.3370095753089135,3.1712137307089,STOP,2025-12-12 16:55:00,2025-12-14 17:00:00,2025-12-14 17:05:00,2
146043,146047,1.33658,1.336126315691699,0.9915832862846641,STOP,2025-12-14 19:55:00,2025-12-14 20:00:00,2025-12-14 20:15:00,4
146099,146103,1.33613,1.3364691067220977,-1.0849999999997686,STOP,2025-12-15 00:35:00,2025-12-15 00:40:00,2025-12-15 00:55:00,4
146296,146302,1.33743,1.3371534339833882,0.49681456390424744,STOP,2025-12-15 17:00:00,2025-12-15 17:05:00,2025-12-15 17:30:00,6
146331,146336,1.337,1.3367692312150423,0.5431771635245684,STOP,2025-12-15 19:55:00,2025-12-15 20:00:00,2025-12-15 20:20:00,5
146391,146399,1.33625,1.3358522358491745,1.0841223520126473,STOP,2025-12-16 00:55:00,2025-12-16 01:00:00,2025-12-16 01:35:00,8
146548,146555,1.34163,1.34246991937409,-1.08500000000007,STOP,2025-12-16 14:00:00,2025-12-16 14:05:00,2025-12-16 14:35:00,7
146583,146585,1.34271,1.3417817891912807,1.564566632724934,STOP,2025-12-16 16:55:00,2025-12-16 17:00:00,2025-12-16 17:05:00,2
146618,146623,1.3422,1.3424782791145577,-1.0849999999997955,STOP,2025-12-16 19:50:00,2025-12-16 19:55:00,2025-12-16 20:15:00,5
146656,146663,1.34061,1.3396067920463726,2.7160769740274757,STOP,2025-12-16 23:00:00,2025-12-16 23:05:00,2025-12-16 23:35:00,7
146690,146694,1.33795,1.334783226352987,6.173619200706772,STOP,2025-12-17 01:50:00,2025-12-17 01:55:00,2025-12-17 02:10:00,4
146871,146873,1.33784,1.3366870192324858,2.4743189480610903,STOP,2025-12-17 16:55:00,2025-12-17 17:00:00,2025-12-17 17:05:00,2
146907,146913,1.33764,1.337291650414246,0.8444802967367943,STOP,2025-12-17 19:55:00,2025-12-17 20:00:00,2025-12-17 20:25:00,6
147160,147161,1.33844,1.3388799833527867,-1.0849999999997615,STOP,2025-12-18 17:00:00,2025-12-18 17:05:00,2025-12-18 17:05:00,1
147224,147238,1.33788,1.3373279984801187,1.230159302117572,STOP,2025-12-18 22:20:00,2025-12-18 22:25:00,2025-12-18 23:30:00,14
147340,147344,1.33683,1.3363783716658137,0.725783306462378,STOP,2025-12-19 08:00:00,2025-12-19 08:05:00,2025-12-19 08:20:00,4
147736,147739,1.34692,1.3458980749461946,2.65074057803455,STOP,2025-12-22 17:05:00,2025-12-22 17:10:00,2025-12-22 17:20:00,3
147913,147920,1.35035,1.3509660325579602,-1.085000000000039,STOP,2025-12-23 07:50:00,2025-12-23 07:55:00,2025-12-23 08:25:00,7
147950,147976,1.34839,1.347503405336866,0.7950203154734976,STOP,2025-12-23 10:55:00,2025-12-23 11:00:00,2025-12-23 13:05:00,26
147978,147986,1.34819,1.3488025484876782,-1.084999999999849,STOP,2025-12-23 13:15:00,2025-12-23 13:20:00,2025-12-23 13:55:00,8
148113,148116,1.35157,1.3518678847771777,-1.0849999999997868,STOP,2025-12-24 00:30:00,2025-12-24 00:35:00,2025-12-24 00:45:00,3
148262,148270,1.34975,1.3503179298350456,-1.0850000000000877,STOP,2025-12-24 12:55:00,2025-12-24 13:00:00,2025-12-24 13:35:00,8
148320,148328,1.34992,1.349195672998965,1.6956182501383474,STOP,2025-12-24 18:40:00,2025-12-24 18:50:00,2025-12-24 19:25:00,8
148410,148413,1.35119,1.3503921918005115,1.2058629653755195,STOP,2025-12-25 18:00:00,2025-12-25 18:05:00,2025-12-25 18:15:00,3
148468,148483,1.35062,1.349785868460869,1.8831985715009059,STOP,2025-12-25 22:50:00,2025-12-25 22:55:00,2025-12-26 00:05:00,15
148628,148631,1.34847,1.3491921920815593,-1.085000000000056,STOP,2025-12-26 12:10:00,2025-12-26 12:15:00,2025-12-26 12:25:00,3
148698,148711,1.34948,1.3502546631646735,-1.0849999999999056,STOP,2025-12-28 18:00:00,2025-12-28 18:05:00,2025-12-28 19:05:00,13
148759,148764,1.3499,1.350300518514577,-1.0850000000002369,STOP,2025-12-28 23:05:00,2025-12-28 23:10:00,2025-12-28 23:30:00,5
148771,148780,1.3489,1.3493052643489807,-1.0850000000002507,STOP,2025-12-29 00:05:00,2025-12-29 00:10:00,2025-12-29 00:50:00,9
148872,148877,1.34872,1.349616856184756,-1.0849999999998925,STOP,2025-12-29 08:30:00,2025-12-29 08:35:00,2025-12-29 08:55:00,5
149012,149016,1.3503,1.3500518438407254,0.5937380870206118,STOP,2025-12-29 20:10:00,2025-12-29 20:15:00,2025-12-29 20:30:00,4
149157,149164,1.3497,1.3493837092456757,0.4330980505619019,STOP,2025-12-30 08:15:00,2025-12-30 08:20:00,2025-12-30 08:50:00,7
149224,149237,1.34679,1.346490278303701,0.4580666488409519,STOP,2025-12-30 13:50:00,2025-12-30 13:55:00,2025-12-30 14:55:00,13
149262,149267,1.34748,1.3464597646816796,2.397726306325647,STOP,2025-12-30 17:00:00,2025-12-30 17:05:00,2025-12-30 17:25:00,5
149274,149296,1.34672,1.3460493920662762,1.7159499566172491,STOP,2025-12-30 18:00:00,2025-12-30 18:05:00,2025-12-30 19:50:00,22
149341,149351,1.34599,1.3462592216706724,-1.0849999999999582,STOP,2025-12-30 23:35:00,2025-12-30 23:40:00,2025-12-31 00:25:00,10
149354,149359,1.34622,1.3458771183612641,1.1596059558524243,STOP,2025-12-31 00:40:00,2025-12-31 00:45:00,2025-12-31 01:05:00,5
149466,149472,1.34239,1.3412868907339381,1.1413862928514302,STOP,2025-12-31 10:00:00,2025-12-31 10:05:00,2025-12-31 10:30:00,6
149502,149505,1.34482,1.3457874446213218,-1.0850000000000213,STOP,2025-12-31 13:00:00,2025-12-31 13:05:00,2025-12-31 13:15:00,3
149643,149648,1.34755,1.3467073365662672,3.139119481671732,STOP,2026-01-02 00:45:00,2026-01-02 00:50:00,2026-01-02 01:10:00,5
149699,149714,1.34457,1.3439170192234244,0.8176545996715873,STOP,2026-01-02 05:25:00,2026-01-02 05:30:00,2026-01-02 06:40:00,15
149902,149919,1.34186,1.3424813393817157,-1.0849999999999418,STOP,2026-01-04 22:20:00,2026-01-04 22:25:00,2026-01-04 23:45:00,17
150264,150288,1.35382,1.3525872554460503,1.3660647283899812,STOP,2026-01-06 04:30:00,2026-01-06 04:35:00,2026-01-06 06:30:00,24
150307,150313,1.35151,1.3522169399999835,-1.085000000000157,STOP,2026-01-06 08:05:00,2026-01-06 08:10:00,2026-01-06 08:35:00,6
150416,150419,1.35046,1.3497874728539718,1.53083912175608,STOP,2026-01-06 17:10:00,2026-01-06 17:15:00,2026-01-06 17:25:00,3
150438,150441,1.34995,1.3502273157505345,-1.0849999999996696,STOP,2026-01-06 19:00:00,2026-01-06 19:05:00,2026-01-06 19:15:00,3
150678,150700,1.3468,1.345953799896202,1.7906952811554215,STOP,2026-01-07 15:00:00,2026-01-07 15:05:00,2026-01-07 16:50:00,22
150713,150715,1.34603,1.3457911061527856,0.7214508881386967,STOP,2026-01-07 17:55:00,2026-01-07 18:00:00,2026-01-07 18:05:00,2
150736,150747,1.34599,1.3455339144083616,1.8784882418774462,STOP,2026-01-07 19:50:00,2026-01-07 19:55:00,2026-01-07 20:45:00,11
150786,150790,1.34585,1.345499788315769,0.9938386392935796,STOP,2026-01-08 00:00:00,2026-01-08 00:05:00,2026-01-08 00:20:00,4
150849,150853,1.34373,1.3443870656191046,-1.0850000000000621,STOP,2026-01-08 05:15:00,2026-01-08 05:20:00,2026-01-08 05:35:00,4
150953,150964,1.3423,1.3428463688945953,-1.0850000000000777,STOP,2026-01-08 13:55:00,2026-01-08 14:00:00,2026-01-08 14:50:00,11
151030,151041,1.343,1.3426401861317285,0.8031553153695628,STOP,2026-01-08 20:20:00,2026-01-08 20:25:00,2026-01-08 21:15:00,11
151080,151085,1.34306,1.3428836806324678,0.49634631784402045,STOP,2026-01-09 00:30:00,2026-01-09 00:35:00,2026-01-09 00:55:00,5
151130,151167,1.34096,1.341545624352303,-1.0849999999998148,STOP,2026-01-09 04:40:00,2026-01-09 04:45:00,2026-01-09 07:45:00,37
151194,151206,1.34064,1.3419740397943607,-1.0849999999999616,STOP,2026-01-09 10:00:00,2026-01-09 10:05:00,2026-01-09 11:00:00,12
151233,151237,1.34066,1.341330060646572,-1.0850000000000775,STOP,2026-01-09 13:15:00,2026-01-09 13:20:00,2026-01-09 13:35:00,4
151277,151279,1.34072,1.3396098658512152,2.6322060604232003,STOP,2026-01-09 16:55:00,2026-01-11 17:00:00,2026-01-11 17:05:00,2
151289,151298,1.33986,1.3395390284770659,0.6681881285802631,STOP,2026-01-11 17:55:00,2026-01-11 18:00:00,2026-01-11 18:40:00,9
151302,151303,1.33932,1.3396894039188119,-1.0850000000001083,STOP,2026-01-11 19:00:00,2026-01-11 19:05:00,2026-01-11 19:05:00,1
151506,151511,1.3467,1.3460054045140992,0.9824481321953746,STOP,2026-01-12 12:00:00,2026-01-12 12:05:00,2026-01-12 12:25:00,5
151565,151567,1.34706,1.3459014956997526,3.2866055222464987,STOP,2026-01-12 16:55:00,2026-01-12 17:00:00,2026-01-12 17:05:00,2
151663,151667,1.34693,1.3465685208470508,0.8818166544003723,STOP,2026-01-13 01:05:00,2026-01-13 01:10:00,2026-01-13 01:25:00,4
151741,151744,1.34647,1.346175852365217,0.6190300917774708,STOP,2026-01-13 07:35:00,2026-01-13 07:40:00,2026-01-13 07:50:00,3
151766,151780,1.34578,1.34428427130744,1.320474772135852,STOP,2026-01-13 09:40:00,2026-01-13 09:45:00,2026-01-13 10:50:00,14
151781,151788,1.34424,1.3432588248414972,0.8648978247754966,STOP,2026-01-13 10:55:00,2026-01-13 11:00:00,2026-01-13 11:30:00,7
151818,151855,1.34321,1.3422158549485226,1.5143430585051554,STOP,2026-01-13 14:00:00,2026-01-13 14:05:00,2026-01-13 17:05:00,37
152035,152042,1.34412,1.3447800639840501,-1.085000000000134,STOP,2026-01-14 08:05:00,2026-01-14 08:10:00,2026-01-14 08:40:00,7
152074,152100,1.34484,1.3431195621260532,2.2885876831416008,STOP,2026-01-14 11:20:00,2026-01-14 11:25:00,2026-01-14 13:30:00,26
152117,152119,1.34315,1.3435833450764836,-1.0849999999999618,STOP,2026-01-14 14:55:00,2026-01-14 15:00:00,2026-01-14 15:05:00,2
152172,152177,1.34324,1.343630673637112,-1.0850000000000728,STOP,2026-01-14 19:30:00,2026-01-14 19:35:00,2026-01-14 19:55:00,5
152237,152239,1.34275,1.343071555785873,-1.084999999999662,STOP,2026-01-15 00:55:00,2026-01-15 01:00:00,2026-01-15 01:05:00,2
152296,152300,1.34203,1.3426789776485792,-1.0850000000000173,STOP,2026-01-15 05:50:00,2026-01-15 05:55:00,2026-01-15 06:10:00,4
152319,152335,1.34076,1.337215654160039,6.58146580107297,STOP,2026-01-15 07:45:00,2026-01-15 07:50:00,2026-01-15 09:05:00,16
152429,152431,1.33853,1.3375044126789732,2.5121544366675366,STOP,2026-01-15 16:55:00,2026-01-15 17:00:00,2026-01-15 17:05:00,2
152464,152465,1.33738,1.3377067590501468,-1.084999999999847,STOP,2026-01-15 19:50:00,2026-01-15 19:55:00,2026-01-15 19:55:00,1
152538,152540,1.33813,1.3384241009315032,-1.085000000000262,STOP,2026-01-16 02:00:00,2026-01-16 02:05:00,2026-01-16 02:10:00,2
152717,152721,1.33592,1.3345321813342126,3.601593028747415,STOP,2026-01-16 16:55:00,2026-01-18 17:00:00,2026-01-18 17:15:00,4
152730,152731,1.33668,1.337316495535529,-1.0850000000001576,STOP,2026-01-18 18:00:00,2026-01-18 18:05:00,2026-01-18 18:05:00,1
152999,153000,1.34231,1.3424854734077962,-1.0849999999997084,STOP,2026-01-19 16:25:00,2026-01-19 16:30:00,2026-01-19 16:30:00,1
153040,153041,1.34164,1.3419675142066787,-1.085000000000273,STOP,2026-01-19 19:50:00,2026-01-19 19:55:00,2026-01-19 19:55:00,1
153180,153192,1.34482,1.345691734237596,-1.0850000000000477,STOP,2026-01-20 07:30:00,2026-01-20 07:35:00,2026-01-20 08:30:00,12
153271,153291,1.34333,1.3439541376142154,-1.0850000000001536,STOP,2026-01-20 15:05:00,2026-01-20 15:10:00,2026-01-20 16:45:00,20
153358,153365,1.34352,1.3440045702237762,-1.0849999999999655,STOP,2026-01-20 22:20:00,2026-01-20 22:25:00,2026-01-20 22:55:00,7
153401,153403,1.34366,1.3440225981283958,-1.085000000000036,STOP,2026-01-21 01:55:00,2026-01-21 02:00:00,2026-01-21 02:05:00,2
153432,153439,1.34237,1.3413354586809048,1.4439424969642587,STOP,2026-01-21 04:30:00,2026-01-21 04:35:00,2026-01-21 05:05:00,7
153455,153461,1.34137,1.342057660394651,-1.0849999999998885,STOP,2026-01-21 06:25:00,2026-01-21 06:30:00,2026-01-21 06:55:00,6
153549,153557,1.34267,1.341696538104875,1.2304756204548168,STOP,2026-01-21 14:15:00,2026-01-21 14:20:00,2026-01-21 14:55:00,8
153581,153585,1.34335,1.3423507439901992,1.7112877614343391,STOP,2026-01-21 16:55:00,2026-01-21 17:00:00,2026-01-21 17:15:00,4
153870,153872,1.34963,1.3493518721989899,0.3662570114755075,STOP,2026-01-22 17:00:00,2026-01-22 17:05:00,2026-01-22 17:10:00,2
153909,153924,1.35008,1.349514045372923,1.4088117482057627,STOP,2026-01-22 20:15:00,2026-01-22 20:20:00,2026-01-22 21:30:00,15
154338,154347,1.36467,1.3653640644262417,-1.0849999999998432,STOP,2026-01-26 08:00:00,2026-01-26 08:05:00,2026-01-26 08:45:00,9
154446,154448,1.36825,1.3673207974395907,1.7613813975157275,STOP,2026-01-26 17:00:00,2026-01-26 17:05:00,2026-01-26 17:10:00,2
154534,154542,1.36774,1.3682021972242817,-1.0850000000000817,STOP,2026-01-27 00:20:00,2026-01-27 00:25:00,2026-01-27 01:00:00,8
154801,154820,1.38001,1.3793022435053488,0.9877823712907057,STOP,2026-01-27 22:35:00,2026-01-27 22:40:00,2026-01-28 00:10:00,19
154863,154887,1.37868,1.3797577587479877,-1.0849999999999054,STOP,2026-01-28 03:45:00,2026-01-28 03:50:00,2026-01-28 05:45:00,24
154890,154903,1.37804,1.3774261421969756,0.5201789324470095,STOP,2026-01-28 06:00:00,2026-01-28 06:05:00,2026-01-28 07:05:00,13
154918,154920,1.37702,1.378027501595644,-1.085000000000089,STOP,2026-01-28 08:20:00,2026-01-28 08:25:00,2026-01-28 08:30:00,2
154936,154938,1.37844,1.379601543837749,-1.084999999999979,STOP,2026-01-28 09:50:00,2026-01-28 09:55:00,2026-01-28 10:00:00,2
154986,154993,1.3767,1.3780277931974894,-1.0849999999999471,STOP,2026-01-28 14:00:00,2026-01-28 14:05:00,2026-01-28 14:35:00,7
155163,155179,1.38071,1.3787047802720238,1.9037412448306885,STOP,2026-01-29 04:45:00,2026-01-29 04:50:00,2026-01-29 06:05:00,16
155310,155316,1.38168,1.380431540593131,1.5286162116672457,STOP,2026-01-29 17:00:00,2026-01-29 17:05:00,2026-01-29 17:30:00,6
155450,155453,1.3741,1.3731629267464585,0.7390373464624452,STOP,2026-01-30 04:40:00,2026-01-30 04:45:00,2026-01-30 04:55:00,3
155512,155515,1.37453,1.372900817640058,1.2162791492692329,STOP,2026-01-30 09:50:00,2026-01-30 09:55:00,2026-01-30 10:05:00,3
155540,155558,1.37037,1.3690299032016293,0.7637871950479211,STOP,2026-01-30 12:10:00,2026-01-30 12:15:00,2026-01-30 13:40:00,18
155594,155601,1.36878,1.368251638941309,0.5657404518683418,STOP,2026-01-30 16:40:00,2026-01-30 16:45:00,2026-02-01 17:15:00,7
155611,155615,1.3671,1.366774811894388,0.34765786138770677,STOP,2026-02-01 18:05:00,2026-02-01 18:10:00,2026-02-01 18:25:00,4
155687,155693,1.36726,1.3668325885291612,0.5383145719608228,STOP,2026-02-02 00:25:00,2026-02-02 00:30:00,2026-02-02 00:55:00,6
155778,155787,1.36751,1.3660098356913937,1.5422577515552032,STOP,2026-02-02 08:00:00,2026-02-02 08:05:00,2026-02-02 08:45:00,9
155791,155795,1.36439,1.3637614808699883,0.5665728530910402,STOP,2026-02-02 09:05:00,2026-02-02 09:10:00,2026-02-02 09:25:00,4
156033,156054,1.36627,1.3654276452971568,0.8139707784958685,STOP,2026-02-03 05:15:00,2026-02-03 05:20:00,2026-02-03 07:00:00,21
156328,156336,1.3715,1.3709327921591385,0.5682265174565441,STOP,2026-02-04 05:50:00,2026-02-04 05:55:00,2026-02-04 06:30:00,8
156400,156406,1.36567,1.3669217104238063,-1.0849999999999242,STOP,2026-02-04 11:50:00,2026-02-04 11:55:00,2026-02-04 12:20:00,6
156663,156674,1.35482,1.353731580446794,0.48888866132649494,STOP,2026-02-05 09:45:00,2026-02-05 09:50:00,2026-02-05 10:40:00,11
156744,156751,1.35293,1.3534763810886352,-1.085000000000093,STOP,2026-02-05 16:30:00,2026-02-05 16:35:00,2026-02-05 17:05:00,7
156774,156778,1.35184,1.3514753501568315,0.5440390204039446,STOP,2026-02-05 19:00:00,2026-02-05 19:05:00,2026-02-05 19:20:00,4
157035,157039,1.3609,1.359702401858308,2.527142251039176,STOP,2026-02-06 16:45:00,2026-02-06 16:50:00,2026-02-08 17:05:00,4
157050,157053,1.36068,1.3593739940226133,2.4184125307728914,STOP,2026-02-08 18:00:00,2026-02-08 18:05:00,2026-02-08 18:15:00,3
157081,157088,1.36008,1.3595539236136345,0.5381819344226944,STOP,2026-02-08 20:35:00,2026-02-08 20:40:00,2026-02-08 21:10:00,7
157109,157111,1.35995,1.3604935023141453,-1.084999999999982,STOP,2026-02-08 22:55:00,2026-02-08 23:00:00,2026-02-08 23:05:00,2
157194,157196,1.36029,1.3612949866002741,-1.0850000000000728,STOP,2026-02-09 06:00:00,2026-02-09 06:05:00,2026-02-09 06:10:00,2
157361,157368,1.36812,1.367840525427458,0.4718183854914744,STOP,2026-02-09 19:55:00,2026-02-09 20:00:00,2026-02-09 20:30:00,7
157418,157427,1.36774,1.367194921390313,1.2510921837004219,STOP,2026-02-10 00:40:00,2026-02-10 00:45:00,2026-02-10 01:25:00,9
157473,157496,1.36667,1.3673693903144897,-1.085000000000093,STOP,2026-02-10 05:15:00,2026-02-10 05:20:00,2026-02-10 07:10:00,23
157563,157566,1.36451,1.3654751789591613,-1.0849999999999156,STOP,2026-02-10 12:45:00,2026-02-10 12:50:00,2026-02-10 13:00:00,3
157601,157620,1.36438,1.3640507973326674,0.5616549546280689,STOP,2026-02-10 15:55:00,2026-02-10 16:00:00,2026-02-10 17:30:00,19
157626,157630,1.36358,1.3633510806630977,0.5072869769043941,STOP,2026-02-10 18:00:00,2026-02-10 18:05:00,2026-02-10 18:20:00,4
157638,157643,1.36345,1.3637652813704033,-1.084999999999865,STOP,2026-02-10 19:00:00,2026-02-10 19:05:00,2026-02-10 19:25:00,5
157789,157801,1.36838,1.3631069129375804,7.24877997628042,STOP,2026-02-11 07:35:00,2026-02-11 07:40:00,2026-02-11 08:35:00,12
157829,157837,1.36339,1.3653394695111232,-1.0849999999999784,STOP,2026-02-11 10:55:00,2026-02-11 11:00:00,2026-02-11 11:35:00,8
157889,157896,1.36219,1.3627401757455324,-1.0849999999998547,STOP,2026-02-11 15:55:00,2026-02-11 16:00:00,2026-02-11 16:30:00,7
157902,157917,1.36296,1.3623225728464277,1.0467695133816903,STOP,2026-02-11 17:00:00,2026-02-11 17:05:00,2026-02-11 18:15:00,15
157922,157929,1.36222,1.3619441221667534,0.4891351580817161,STOP,2026-02-11 18:40:00,2026-02-11 18:45:00,2026-02-11 19:15:00,7
157990,158000,1.36193,1.3624391861860141,-1.084999999999861,STOP,2026-02-12 00:20:00,2026-02-12 00:25:00,2026-02-12 01:10:00,10
158190,158193,1.36248,1.3615236747523811,1.5425745043899282,STOP,2026-02-12 17:00:00,2026-02-12 17:05:00,2026-02-12 17:15:00,3
158226,158247,1.36179,1.3622845856328143,-1.0849999999998092,STOP,2026-02-12 20:00:00,2026-02-12 20:05:00,2026-02-12 21:45:00,21
158271,158281,1.36109,1.360857587731346,0.5525481212892486,STOP,2026-02-12 23:45:00,2026-02-12 23:50:00,2026-02-13 00:35:00,10
158370,158375,1.3613,1.3609728002308052,0.4437877814213725,STOP,2026-02-13 08:00:00,2026-02-13 08:05:00,2026-02-13 08:25:00,5
158478,158484,1.36572,1.3640895652351035,2.4506551302563717,STOP,2026-02-15 17:00:00,2026-02-15 17:05:00,2026-02-15 17:30:00,6
158490,158510,1.36495,1.3645128763948897,0.6156533039144345,STOP,2026-02-15 18:00:00,2026-02-15 18:05:00,2026-02-15 19:40:00,20
158513,158559,1.36413,1.3637317423716737,0.7890172682546197,STOP,2026-02-15 19:55:00,2026-02-15 20:00:00,2026-02-15 23:45:00,46
158659,158667,1.3641,1.3632374838987709,1.4585328787548664,STOP,2026-02-16 08:05:00,2026-02-16 08:10:00,2026-02-16 08:45:00,8
158677,158699,1.36328,1.3629402545037477,0.5060588248871496,STOP,2026-02-16 09:35:00,2026-02-16 09:40:00,2026-02-16 11:25:00,22
158761,158765,1.36265,1.3628187415920794,-1.0849999999997426,STOP,2026-02-16 16:35:00,2026-02-16 16:40:00,2026-02-16 16:55:00,4
158791,158801,1.36257,1.362104584244291,1.3473328483408575,STOP,2026-02-16 19:05:00,2026-02-16 19:10:00,2026-02-16 19:55:00,10
158826,158838,1.36092,1.3613071094771454,-1.084999999999756,STOP,2026-02-16 22:00:00,2026-02-16 22:05:00,2026-02-16 23:00:00,12
158852,158862,1.36075,1.3610808769797653,-1.0850000000000846,STOP,2026-02-17 00:10:00,2026-02-17 00:15:00,2026-02-17 01:00:00,10
158874,158881,1.35897,1.3563508342604966,3.9653648102978263,STOP,2026-02-17 02:00:00,2026-02-17 02:05:00,2026-02-17 02:35:00,7
159104,159149,1.35539,1.355833166616097,-1.0850000000001156,STOP,2026-02-17 21:10:00,2026-02-17 21:15:00,2026-02-18 00:55:00,45
159289,159305,1.35193,1.3510728423092526,0.9233885540050033,STOP,2026-02-18 12:35:00,2026-02-18 12:40:00,2026-02-18 13:55:00,16
159306,159318,1.35089,1.3501782291367352,0.8646176739265544,STOP,2026-02-18 14:00:00,2026-02-18 14:05:00,2026-02-18 15:00:00,12
159341,159343,1.34977,1.349295358416269,1.0597680466017656,STOP,2026-02-18 16:55:00,2026-02-18 17:00:00,2026-02-18 17:05:00,2
159372,159375,1.34942,1.3491387461164563,0.9098392802752153,STOP,2026-02-18 19:30:00,2026-02-18 19:35:00,2026-02-18 19:45:00,3
159501,159506,1.34818,1.3470522808737038,1.4894475002157797,STOP,2026-02-19 06:15:00,2026-02-19 06:20:00,2026-02-19 06:40:00,5
159601,159606,1.3448,1.3455267148223453,-1.0849999999998827,STOP,2026-02-19 14:35:00,2026-02-19 14:40:00,2026-02-19 15:00:00,5
159690,159696,1.34449,1.3441052221039653,0.61350815641698,STOP,2026-02-19 22:00:00,2026-02-19 22:05:00,2026-02-19 22:30:00,6
159715,159719,1.3439,1.3443018695169626,-1.0849999999999032,STOP,2026-02-20 00:05:00,2026-02-20 00:10:00,2026-02-20 00:25:00,4
159917,159921,1.3499,1.3482881145963288,2.3614721441335806,STOP,2026-02-20 16:55:00,2026-02-22 17:00:00,2026-02-22 17:15:00,4
160053,160058,1.35063,1.351418529097982,-1.0850000000000066,STOP,2026-02-23 04:15:00,2026-02-23 04:20:00,2026-02-23 04:40:00,5
160079,160092,1.34918,1.348044606782206,1.4351974235898612,STOP,2026-02-23 06:25:00,2026-02-23 06:30:00,2026-02-23 07:30:00,13
160187,160193,1.34942,1.3490936026141607,0.5855792934614839,STOP,2026-02-23 15:25:00,2026-02-23 15:30:00,2026-02-23 15:55:00,6
160480,160495,1.3499,1.348749221747565,2.0506254932302346,STOP,2026-02-24 15:50:00,2026-02-24 15:55:00,2026-02-24 17:05:00,15
160630,160657,1.3515,1.3495997661099004,2.3906100223061992,STOP,2026-02-25 04:20:00,2026-02-25 04:25:00,2026-02-25 06:35:00,27
160860,160876,1.35561,1.3560372282908788,-1.08500000000015,STOP,2026-02-25 23:30:00,2026-02-25 23:35:00,2026-02-26 00:50:00,16
161005,161017,1.35032,1.3471262326212925,2.830553580526079,STOP,2026-02-26 11:35:00,2026-02-26 11:40:00,2026-02-26 12:35:00,12
161019,161030,1.34541,1.346495796697507,-1.0850000000000481,STOP,2026-02-26 12:45:00,2026-02-26 12:50:00,2026-02-26 13:40:00,11
161169,161172,1.34796,1.3473566505688805,1.0718381390323901,STOP,2026-02-27 01:15:00,2026-02-27 01:20:00,2026-02-27 01:30:00,3
161214,161238,1.34775,1.347021086828745,0.7111017035362062,STOP,2026-02-27 05:00:00,2026-02-27 05:05:00,2026-02-27 07:00:00,24
161251,161259,1.3472,1.3451643712144123,2.240473875947263,STOP,2026-02-27 08:05:00,2026-02-27 08:10:00,2026-02-27 08:45:00,8
161371,161378,1.34353,1.3409423705280556,2.0578482466344985,STOP,2026-03-01 18:05:00,2026-03-01 18:10:00,2026-03-01 18:40:00,7
161447,161452,1.34254,1.342133702014536,0.5260763023758499,STOP,2026-03-02 00:25:00,2026-03-02 00:30:00,2026-03-02 00:50:00,5
161569,161578,1.33758,1.3366983676594737,0.497153475572981,STOP,2026-03-02 10:35:00,2026-03-02 10:40:00,2026-03-02 11:20:00,9
161670,161678,1.34043,1.3400138769977086,0.8939806250189453,STOP,2026-03-02 19:00:00,2026-03-02 19:05:00,2026-03-02 19:40:00,8
161727,161746,1.33864,1.335920501340611,4.045061976424688,STOP,2026-03-02 23:45:00,2026-03-02 23:50:00,2026-03-03 01:20:00,19
161815,161818,1.33032,1.331795047295664,-1.0850000000000597,STOP,2026-03-03 07:05:00,2026-03-03 07:10:00,2026-03-03 07:20:00,3
161944,161946,1.33578,1.3353215181943638,0.6285895522803432,STOP,2026-03-03 17:50:00,2026-03-03 17:55:00,2026-03-03 18:00:00,2
161956,161961,1.33533,1.334541185331363,1.111503117646305,STOP,2026-03-03 18:50:00,2026-03-03 18:55:00,2026-03-03 19:15:00,5
162030,162032,1.33067,1.3314950790696545,-1.0850000000001083,STOP,2026-03-04 01:00:00,2026-03-04 01:05:00,2026-03-04 01:10:00,2
162127,162129,1.33627,1.3375761283180778,-1.0849999999999855,STOP,2026-03-04 09:05:00,2026-03-04 09:10:00,2026-03-04 09:15:00,2
162164,162196,1.33557,1.336809246351295,-1.0849999999999294,STOP,2026-03-04 12:10:00,2026-03-04 12:15:00,2026-03-04 14:50:00,32
162246,162249,1.33677,1.3372092981974437,-1.085000000000031,STOP,2026-03-04 19:00:00,2026-03-04 19:05:00,2026-03-04 19:15:00,3
162284,162290,1.33512,1.334295770983156,1.0714802731010622,STOP,2026-03-04 22:10:00,2026-03-04 22:15:00,2026-03-04 22:40:00,6
162299,162321,1.33315,1.3312506906970123,2.549552141492519,STOP,2026-03-04 23:25:00,2026-03-04 23:30:00,2026-03-05 01:15:00,22
162684,162692,1.33307,1.334298944604955,-1.0849999999999573,STOP,2026-03-06 07:30:00,2026-03-06 07:35:00,2026-03-06 08:10:00,8
162799,162813,1.33469,1.3324228747647433,1.1201161856971422,STOP,2026-03-08 16:05:00,2026-03-08 16:10:00,2026-03-08 17:15:00,14
162833,162841,1.33056,1.3316665792904943,-1.0850000000000042,STOP,2026-03-08 18:55:00,2026-03-08 19:00:00,2026-03-08 19:35:00,8
162846,162860,1.32893,1.3300535413476877,-1.0850000000000282,STOP,2026-03-08 20:00:00,2026-03-08 20:05:00,2026-03-08 21:10:00,14
163180,163182,1.34233,1.3429421605944099,-1.0849999999999682,STOP,2026-03-09 23:50:00,2026-03-09 23:55:00,2026-03-10 00:00:00,2
163358,163412,1.34196,1.3431377431959133,-1.084999999999997,STOP,2026-03-10 14:40:00,2026-03-10 14:45:00,2026-03-10 19:10:00,54
163600,163619,1.34038,1.3416330520172195,-1.0850000000000175,STOP,2026-03-11 10:50:00,2026-03-11 10:55:00,2026-03-11 12:25:00,19
163674,163686,1.34092,1.3390963151317172,4.231133952020054,STOP,2026-03-11 17:00:00,2026-03-11 17:05:00,2026-03-11 18:00:00,12
163729,163756,1.33698,1.3364500560033128,0.6574200537175565,STOP,2026-03-11 21:35:00,2026-03-11 21:40:00,2026-03-11 23:50:00,27
163891,163894,1.33398,1.3353054713515868,-1.084999999999924,STOP,2026-03-12 11:05:00,2026-03-12 11:10:00,2026-03-12 11:20:00,3
163949,163953,1.33446,1.3340042155681906,0.6797354352584177,STOP,2026-03-12 15:55:00,2026-03-12 16:00:00,2026-03-12 16:15:00,4
164040,164049,1.33342,1.333147123451872,0.4877168784275983,STOP,2026-03-12 23:30:00,2026-03-12 23:35:00,2026-03-13 00:15:00,9
164061,164072,1.3326,1.3302012485958976,5.005436153032511,STOP,2026-03-13 01:15:00,2026-03-13 01:20:00,2026-03-13 02:10:00,11
164116,164121,1.32611,1.325442021558773,0.4590685034560919,STOP,2026-03-13 05:50:00,2026-03-13 05:55:00,2026-03-13 06:15:00,5
164175,164229,1.3242,1.3223538815642486,1.317316784709446,STOP,2026-03-13 10:45:00,2026-03-13 10:50:00,2026-03-13 15:15:00,54
164343,164352,1.3253,1.324652325067932,1.5122181625365754,STOP,2026-03-16 00:45:00,2026-03-16 00:50:00,2026-03-16 01:30:00,9
164552,164557,1.331,1.331301830207078,-1.085000000000148,STOP,2026-03-16 18:10:00,2026-03-16 18:15:00,2026-03-16 18:35:00,5
165092,165099,1.3266,1.3258856074314271,0.5720907792845468,STOP,2026-03-18 15:10:00,2026-03-18 15:15:00,2026-03-18 15:45:00,7
165106,165108,1.3274,1.3265333058511908,0.8798437033031534,STOP,2026-03-18 16:20:00,2026-03-18 16:25:00,2026-03-18 16:30:00,2
165134,165138,1.32615,1.32674082193699,-1.0849999999999511,STOP,2026-03-18 18:40:00,2026-03-18 18:45:00,2026-03-18 19:00:00,4
165205,165212,1.32672,1.3271860600793821,-1.0850000000000837,STOP,2026-03-19 00:35:00,2026-03-19 00:40:00,2026-03-19 01:10:00,7
165426,165438,1.34228,1.342881327798595,-1.0850000000001079,STOP,2026-03-19 19:00:00,2026-03-19 19:05:00,2026-03-19 20:00:00,12
165457,165478,1.34113,1.3405646976735024,0.9529917153008365,STOP,2026-03-19 21:35:00,2026-03-19 21:40:00,2026-03-19 23:20:00,21
165485,165487,1.34034,1.3407047677748183,-1.084999999999869,STOP,2026-03-19 23:55:00,2026-03-20 00:00:00,2026-03-20 00:05:00,2
165608,165610,1.33291,1.3344228978910284,-1.0850000000000477,STOP,2026-03-20 10:10:00,2026-03-20 10:15:00,2026-03-20 10:20:00,2
165744,165781,1.33206,1.3309375772426515,1.071043310817576,STOP,2026-03-22 21:30:00,2026-03-22 21:35:00,2026-03-23 00:35:00,37
165828,165834,1.32823,1.3270658810407125,0.8894928372137543,STOP,2026-03-23 04:30:00,2026-03-23 04:35:00,2026-03-23 05:00:00,6
165917,165925,1.34012,1.3420595705601661,-1.0849999999999502,STOP,2026-03-23 11:55:00,2026-03-23 12:00:00,2026-03-23 12:35:00,8
165999,166003,1.34259,1.3420547528492197,0.8082416306933393,STOP,2026-03-23 18:45:00,2026-03-23 18:50:00,2026-03-23 19:05:00,4
166062,166065,1.33899,1.3395520975013138,-1.0850000000000042,STOP,2026-03-24 00:00:00,2026-03-24 00:05:00,2026-03-24 00:15:00,3
166144,166160,1.33962,1.3377921509235067,1.3513004359733505,STOP,2026-03-24 06:50:00,2026-03-24 06:55:00,2026-03-24 08:10:00,16
166206,166209,1.33712,1.3360918769130017,0.7123486903359004,STOP,2026-03-24 12:00:00,2026-03-24 12:05:00,2026-03-24 12:15:00,3
166325,166342,1.34033,1.3398370805002282,0.5541357283858168,STOP,2026-03-24 21:55:00,2026-03-24 22:00:00,2026-03-24 23:20:00,17
166359,166362,1.33811,1.3377298279106167,0.7212120034117021,STOP,2026-03-25 00:45:00,2026-03-25 00:50:00,2026-03-25 01:00:00,3
166455,166459,1.33755,1.3367106405676374,0.6229516142519389,STOP,2026-03-25 08:45:00,2026-03-25 08:50:00,2026-03-25 09:05:00,4
166517,166537,1.33668,1.3360939821096636,0.6328669801690006,STOP,2026-03-25 13:55:00,2026-03-25 14:00:00,2026-03-25 15:35:00,20
166541,166545,1.33673,1.3363537224426518,0.72225553790776,STOP,2026-03-25 15:55:00,2026-03-25 16:00:00,2026-03-25 16:15:00,4
166553,166562,1.33696,1.3362109934667783,1.4934865281262628,STOP,2026-03-25 16:55:00,2026-03-25 17:00:00,2026-03-25 17:40:00,9
166608,166619,1.33536,1.3358530402456181,-1.085000000000029,STOP,2026-03-25 21:30:00,2026-03-25 21:35:00,2026-03-25 22:25:00,11
166646,166650,1.33591,1.33568349852758,0.49670655594464624,STOP,2026-03-26 00:40:00,2026-03-26 00:45:00,2026-03-26 01:00:00,4
166712,166720,1.33494,1.33337853315177,1.8649341868012204,STOP,2026-03-26 06:10:00,2026-03-26 06:15:00,2026-03-26 06:50:00,8
166868,166872,1.33328,1.3327946546969627,0.9556668274845552,STOP,2026-03-26 19:10:00,2026-03-26 19:15:00,2026-03-26 19:30:00,4
167007,167012,1.32889,1.3281648620498916,0.9583323668596619,STOP,2026-03-27 06:45:00,2026-03-27 06:50:00,2026-03-27 07:10:00,5
167071,167080,1.32772,1.326682809293916,0.7611955857474662,STOP,2026-03-27 12:05:00,2026-03-27 12:10:00,2026-03-27 12:50:00,9
167114,167120,1.32712,1.3259107112107489,1.679314596840696,STOP,2026-03-27 15:40:00,2026-03-27 15:45:00,2026-03-29 17:10:00,6
167129,167132,1.32747,1.3242445426640548,5.6438296408766355,STOP,2026-03-29 17:55:00,2026-03-29 18:00:00,2026-03-29 18:10:00,3
167145,167176,1.32532,1.326162777035937,-1.0850000000000999,STOP,2026-03-29 20:15:00,2026-03-29 20:20:00,2026-03-29 22:50:00,31
167302,167316,1.32243,1.3183454024709127,4.281985525266078,STOP,2026-03-30 09:20:00,2026-03-30 09:25:00,2026-03-30 10:30:00,14
167319,167321,1.31904,1.3201808978243077,-1.0849999999999866,STOP,2026-03-30 10:45:00,2026-03-30 10:50:00,2026-03-30 10:55:00,2
167390,167400,1.31806,1.3178050469349105,0.4039163916598772,STOP,2026-03-30 16:40:00,2026-03-30 16:45:00,2026-03-30 17:30:00,10
167418,167425,1.3174,1.3170956163088343,0.6142739992398861,STOP,2026-03-30 19:00:00,2026-03-30 19:05:00,2026-03-30 19:35:00,7
167430,167435,1.31702,1.3164698409356228,1.1918149167791106,STOP,2026-03-30 20:00:00,2026-03-30 20:05:00,2026-03-30 20:25:00,5
167492,167494,1.31936,1.3198163293556067,-1.085000000000239,STOP,2026-03-31 01:10:00,2026-03-31 01:15:00,2026-03-31 01:20:00,2
167561,167564,1.31997,1.3207327061371905,-1.0850000000001443,STOP,2026-03-31 06:55:00,2026-03-31 07:00:00,2026-03-31 07:10:00,3
167630,167637,1.32175,1.3236604992513172,-1.0849999999999795,STOP,2026-03-31 12:40:00,2026-03-31 12:45:00,2026-03-31 13:15:00,7
167694,167700,1.32324,1.322803073220445,0.5053732504468169,STOP,2026-03-31 18:00:00,2026-03-31 18:05:00,2026-03-31 18:30:00,6
167972,167974,1.33106,1.329761052760166,1.9921709578089422,STOP,2026-04-01 17:10:00,2026-04-01 17:15:00,2026-04-01 17:20:00,2
168075,168081,1.32195,1.3207108438889712,1.772961788177322,STOP,2026-04-02 01:45:00,2026-04-02 01:50:00,2026-04-02 02:15:00,6
168106,168134,1.32035,1.3192376055785722,1.0580512502505095,STOP,2026-04-02 04:20:00,2026-04-02 04:25:00,2026-04-02 06:40:00,28
168148,168150,1.31994,1.3206449722988731,-1.0850000000000615,STOP,2026-04-02 07:50:00,2026-04-02 07:55:00,2026-04-02 08:00:00,2
168238,168261,1.32276,1.321471694161719,1.8305423761117061,STOP,2026-04-02 15:20:00,2026-04-02 15:25:00,2026-04-02 17:15:00,23
168357,168362,1.32243,1.322663775345729,-1.085000000000269,STOP,2026-04-03 01:15:00,2026-04-03 01:20:00,2026-04-03 01:40:00,5
168423,168425,1.32345,1.3237509484842431,-1.0850000000002475,STOP,2026-04-03 06:45:00,2026-04-03 06:50:00,2026-04-03 06:55:00,2
168478,168480,1.32089,1.3203578307820223,0.8301951511033813,STOP,2026-04-03 11:20:00,2026-04-03 11:25:00,2026-04-03 11:30:00,2
168520,168527,1.31933,1.3191185133554792,0.5712394305545464,STOP,2026-04-03 14:50:00,2026-04-03 14:55:00,2026-04-03 15:25:00,7
168536,168539,1.32001,1.3193282954267496,1.282993831542648,STOP,2026-04-03 16:10:00,2026-04-03 16:15:00,2026-04-03 16:25:00,3
168558,168567,1.31824,1.3187436018547547,-1.0849999999999957,STOP,2026-04-05 18:00:00,2026-04-05 18:05:00,2026-04-05 18:45:00,9
168786,168790,1.32283,1.3224783322629483,0.4398019170293826,STOP,2026-04-06 13:00:00,2026-04-06 13:05:00,2026-04-06 13:20:00,4
168800,168803,1.32366,1.324349375257279,-1.0850000000000446,STOP,2026-04-06 14:10:00,2026-04-06 14:15:00,2026-04-06 14:25:00,3
168833,168835,1.32402,1.3230248370393944,2.484214593116914,STOP,2026-04-06 16:55:00,2026-04-06 17:00:00,2026-04-06 17:05:00,2
168870,168872,1.32321,1.3235265838505748,-1.0849999999999766,STOP,2026-04-06 20:00:00,2026-04-06 20:05:00,2026-04-06 20:10:00,2
169015,169018,1.32452,1.3255245081600664,-1.0850000000000268,STOP,2026-04-07 08:05:00,2026-04-07 08:10:00,2026-04-07 08:20:00,3
169066,169081,1.3251,1.326184608157624,-1.0850000000000959,STOP,2026-04-07 12:20:00,2026-04-07 12:25:00,2026-04-07 13:35:00,15
169377,169388,1.34119,1.3388254877248267,2.415539010725736,STOP,2026-04-08 14:15:00,2026-04-08 14:20:00,2026-04-08 15:10:00,11
169422,169428,1.34025,1.3397466555775015,0.8810414026007136,STOP,2026-04-08 18:00:00,2026-04-08 18:05:00,2026-04-08 18:30:00,6
169444,169449,1.33938,1.3388901746747341,1.3943636432076452,STOP,2026-04-08 19:50:00,2026-04-08 19:55:00,2026-04-08 20:15:00,5
169698,169702,1.34452,1.343229455943167,2.3692550371336143,STOP,2026-04-09 17:00:00,2026-04-09 17:05:00,2026-04-09 17:20:00,4
169734,169740,1.34269,1.3423397467493954,0.7477381906508067,STOP,2026-04-09 20:00:00,2026-04-09 20:05:00,2026-04-09 20:30:00,6
169753,169764,1.34281,1.342224516883924,1.3725942408893013,STOP,2026-04-09 21:35:00,2026-04-09 21:40:00,2026-04-09 22:30:00,11
169796,169800,1.34182,1.3416180608784596,0.5251835506658723,STOP,2026-04-10 01:10:00,2026-04-10 01:15:00,2026-04-10 01:30:00,4
169948,169954,1.34557,1.3462233233065062,-1.0850000000000808,STOP,2026-04-10 13:50:00,2026-04-10 13:55:00,2026-04-10 14:20:00,6
169985,169990,1.33949,1.3399477240559077,-1.085000000000063,STOP,2026-04-10 16:55:00,2026-04-12 17:00:00,2026-04-12 17:20:00,5
169998,170015,1.33918,1.3384522633141234,0.5889833293066898,STOP,2026-04-12 18:00:00,2026-04-12 18:05:00,2026-04-12 19:25:00,17
170563,170569,1.3567,1.3561995189753981,1.2308317909956947,STOP,2026-04-14 17:05:00,2026-04-14 17:10:00,2026-04-14 17:35:00,6
170628,170639,1.35598,1.3564266305624952,-1.0849999999997686,STOP,2026-04-14 22:30:00,2026-04-14 22:35:00,2026-04-14 23:25:00,11
170706,170719,1.35593,1.3554856785316445,0.5086143851245958,STOP,2026-04-15 05:00:00,2026-04-15 05:05:00,2026-04-15 06:05:00,13
170721,170757,1.35515,1.355955767663282,-1.0849999999999929,STOP,2026-04-15 06:15:00,2026-04-15 06:20:00,2026-04-15 09:15:00,36
170844,170847,1.35606,1.3564741711331572,-1.0849999999997393,STOP,2026-04-15 16:30:00,2026-04-15 16:35:00,2026-04-15 16:45:00,3
170947,170949,1.35689,1.3572678100432327,-1.08499999999971,STOP,2026-04-16 01:20:00,2026-04-16 01:25:00,2026-04-16 01:30:00,2
171003,171005,1.35333,1.353969718917467,-1.0849999999998918,STOP,2026-04-16 06:00:00,2026-04-16 06:05:00,2026-04-16 06:10:00,2
171049,171052,1.35383,1.3545603247362021,-1.085,STOP,2026-04-16 09:50:00,2026-04-16 09:55:00,2026-04-16 10:05:00,3
171099,171137,1.35306,1.3523357447781492,0.9839397233600207,STOP,2026-04-16 14:00:00,2026-04-16 14:05:00,2026-04-16 17:10:00,38
171171,171177,1.35211,1.352445733905906,-1.0849999999996935,STOP,2026-04-16 20:00:00,2026-04-16 20:05:00,2026-04-16 20:30:00,6
171376,171400,1.35474,1.3536976456644245,1.0020706608157541,STOP,2026-04-17 13:05:00,2026-04-17 13:10:00,2026-04-17 15:05:00,24
171422,171431,1.34929,1.348684287155227,0.7639098164015845,STOP,2026-04-17 16:55:00,2026-04-19 17:00:00,2026-04-19 17:40:00,9
171435,171436,1.34759,1.3482969356545103,-1.0849999999999742,STOP,2026-04-19 18:00:00,2026-04-19 18:05:00,2026-04-19 18:05:00,1
171566,171577,1.34977,1.3505705967825155,-1.0849999999998723,STOP,2026-04-20 04:55:00,2026-04-20 05:00:00,2026-04-20 05:50:00,11
171700,171712,1.35349,1.3522564185655774,2.3894205290363555,STOP,2026-04-20 16:05:00,2026-04-20 16:10:00,2026-04-20 17:05:00,12
171747,171755,1.35277,1.352509287866382,0.6838959121870848,STOP,2026-04-20 20:00:00,2026-04-20 20:05:00,2026-04-20 20:40:00,8
171784,171804,1.35188,1.3516245744017659,0.6692585148986729,STOP,2026-04-20 23:05:00,2026-04-20 23:10:00,2026-04-21 00:45:00,20
171807,171810,1.35178,1.3520564400393453,-1.0850000000002764,STOP,2026-04-21 01:00:00,2026-04-21 01:05:00,2026-04-21 01:15:00,3
171953,171956,1.34814,1.348942847657301,-1.084999999999917,STOP,2026-04-21 13:10:00,2026-04-21 13:15:00,2026-04-21 13:25:00,3
171982,171984,1.34958,1.3484283500184862,0.9890845125633803,STOP,2026-04-21 15:35:00,2026-04-21 15:40:00,2026-04-21 15:45:00,2
172155,172165,1.35173,1.3523543972521952,-1.085000000000009,STOP,2026-04-22 06:00:00,2026-04-22 06:05:00,2026-04-22 06:50:00,10
172167,172176,1.35163,1.3508282797387476,1.2859185484656466,STOP,2026-04-22 07:00:00,2026-04-22 07:05:00,2026-04-22 07:45:00,9
172282,172287,1.35015,1.3505479358487171,-1.085000000000067,STOP,2026-04-22 16:35:00,2026-04-22 16:40:00,2026-04-22 17:00:00,5
172296,172299,1.35088,1.3500736342169288,2.241732417625971,STOP,2026-04-22 17:45:00,2026-04-22 17:50:00,2026-04-22 18:00:00,3
172323,172326,1.35013,1.3488396805760574,4.332399550065165,STOP,2026-04-22 20:00:00,2026-04-22 20:05:00,2026-04-22 20:15:00,3
172357,172364,1.3489,1.3485707403854332,0.5195743697699017,STOP,2026-04-22 22:50:00,2026-04-22 22:55:00,2026-04-22 23:25:00,7
172481,172484,1.34799,1.3488995708764446,-1.0849999999998865,STOP,2026-04-23 09:10:00,2026-04-23 09:15:00,2026-04-23 09:25:00,3
172527,172532,1.34817,1.3465673523421036,2.154548200280774,STOP,2026-04-23 13:00:00,2026-04-23 13:05:00,2026-04-23 13:25:00,5
172575,172578,1.3483,1.3465268991824142,3.153232244041111,STOP,2026-04-23 17:00:00,2026-04-23 17:05:00,2026-04-23 17:15:00,3
172611,172612,1.34652,1.3468244928790272,-1.0850000000001674,STOP,2026-04-23 20:00:00,2026-04-23 20:05:00,2026-04-23 20:05:00,1
172647,172661,1.3458,1.3461966185723044,-1.0849999999998456,STOP,2026-04-23 23:00:00,2026-04-23 23:05:00,2026-04-24 00:10:00,14
172870,172875,1.35171,1.3507669766503658,1.348944689027295,STOP,2026-04-26 17:35:00,2026-04-26 17:40:00,2026-04-26 18:00:00,5
172902,172907,1.35136,1.3517238238347082,-1.0850000000000688,STOP,2026-04-26 20:15:00,2026-04-26 20:20:00,2026-04-26 20:40:00,5
173103,173109,1.35367,1.3543586583271334,-1.085000000000156,STOP,2026-04-27 13:00:00,2026-04-27 13:05:00,2026-04-27 13:30:00,6
173136,173187,1.35347,1.3538585647824746,-1.0849999999998343,STOP,2026-04-27 15:45:00,2026-04-27 15:50:00,2026-04-27 20:00:00,51
173223,173224,1.35258,1.352916752166654,-1.0850000000000444,STOP,2026-04-27 23:00:00,2026-04-27 23:05:00,2026-04-27 23:05:00,1
173254,173260,1.35234,1.3519178662341929,1.0910562332354874,STOP,2026-04-28 01:35:00,2026-04-28 01:40:00,2026-04-28 02:05:00,6
173301,173327,1.34903,1.3475751109437442,2.153044351663274,STOP,2026-04-28 05:30:00,2026-04-28 05:35:00,2026-04-28 07:40:00,26
173541,173551,1.35043,1.349886877983438,1.5175962196979842,STOP,2026-04-29 01:30:00,2026-04-29 01:35:00,2026-04-29 02:20:00,10
173692,173694,1.34717,1.3480752220977643,-1.0849999999999014,STOP,2026-04-29 14:05:00,2026-04-29 14:10:00,2026-04-29 14:15:00,2
173729,173732,1.34812,1.3470761923429158,1.2942404660196554,STOP,2026-04-29 17:10:00,2026-04-29 17:15:00,2026-04-29 17:25:00,3
173801,173819,1.34749,1.3459962839825657,2.6322284180821502,STOP,2026-04-29 23:10:00,2026-04-29 23:15:00,2026-04-30 00:40:00,18
173831,173838,1.34637,1.3461110202807889,0.38791352867727746,STOP,2026-04-30 01:40:00,2026-04-30 01:45:00,2026-04-30 02:15:00,7
174050,174062,1.36028,1.3605587094441927,-1.0849999999996807,STOP,2026-04-30 19:55:00,2026-04-30 20:00:00,2026-04-30 20:55:00,12
174099,174105,1.36019,1.3597647098174706,1.0062782677921784,STOP,2026-05-01 00:00:00,2026-05-01 00:05:00,2026-05-01 00:30:00,6
174242,174256,1.36194,1.3600756213789662,1.6625606602383043,STOP,2026-05-01 11:55:00,2026-05-01 12:00:00,2026-05-01 13:05:00,14
174265,174274,1.35934,1.3580321034334517,1.67101541306313,STOP,2026-05-01 13:50:00,2026-05-01 13:55:00,2026-05-01 14:35:00,9
174301,174303,1.35741,1.3571398506076198,0.5147356291931118,STOP,2026-05-01 16:50:00,2026-05-01 16:55:00,2026-05-03 17:00:00,2
174459,174461,1.35494,1.3537068868527604,1.6896893921955474,STOP,2026-05-04 06:00:00,2026-05-04 06:05:00,2026-05-04 06:10:00,2
174594,174596,1.35333,1.352635889517826,1.3393992818993927,STOP,2026-05-04 17:15:00,2026-05-04 17:20:00,2026-05-04 17:25:00,2
174631,174645,1.35259,1.3521453406047286,1.2341012938044846,STOP,2026-05-04 20:20:00,2026-05-04 20:25:00,2026-05-04 21:30:00,14
174675,174681,1.35246,1.3527623466923346,-1.0849999999996822,STOP,2026-05-05 00:00:00,2026-05-05 00:05:00,2026-05-05 00:30:00,6
174763,174764,1.35388,1.3545533840281823,-1.0850000000001603,STOP,2026-05-05 07:20:00,2026-05-05 07:25:00,2026-05-05 07:25:00,1
174878,174881,1.35421,1.3536961772910432,1.5922942839030412,STOP,2026-05-05 16:55:00,2026-05-05 17:00:00,2026-05-05 17:10:00,3
174958,174968,1.35694,1.356543074006627,0.7721688150343121,STOP,2026-05-05 23:35:00,2026-05-05 23:40:00,2026-05-06 00:25:00,10
175077,175089,1.36117,1.3603546428080402,0.7875410792916304,STOP,2026-05-06 09:30:00,2026-05-06 09:35:00,2026-05-06 10:30:00,12
175108,175123,1.35893,1.3597502102778136,-1.0849999999998785,STOP,2026-05-06 12:05:00,2026-05-06 12:10:00,2026-05-06 13:20:00,15
175167,175171,1.36034,1.358694481061484,4.113476385340775,STOP,2026-05-06 17:00:00,2026-05-06 17:05:00,2026-05-06 17:20:00,4
175276,175278,1.35927,1.3596084711941632,-1.0850000000001498,STOP,2026-05-07 02:05:00,2026-05-07 02:10:00,2026-05-07 02:15:00,2
175412,175443,1.35771,1.3566602579528806,1.1772875417123394,STOP,2026-05-07 13:25:00,2026-05-07 13:30:00,2026-05-07 16:00:00,31
175450,175522,1.35538,1.3552,0.12172026403848692,TIME,2026-05-07 16:35:00,2026-05-07 16:40:00,2026-05-07 22:35:00,72
175540,175546,1.35548,1.3559376800310752,-1.085000000000211,STOP,2026-05-08 00:05:00,2026-05-08 00:10:00,2026-05-08 00:35:00,6
175838,175840,1.35813,1.358434163903205,-1.0849999999998805,STOP,2026-05-11 00:55:00,2026-05-11 01:00:00,2026-05-11 01:05:00,2
176012,176028,1.36223,1.361168552795051,2.239150174805369,STOP,2026-05-11 15:25:00,2026-05-11 15:30:00,2026-05-11 16:45:00,16
176064,176069,1.36041,1.3602120126762494,0.7514255518711515,STOP,2026-05-11 19:45:00,2026-05-11 19:50:00,2026-05-11 20:10:00,5
176121,176131,1.35863,1.3575729551706481,2.878316680416928,STOP,2026-05-12 00:30:00,2026-05-12 00:35:00,2026-05-12 01:20:00,10
176199,176201,1.35274,1.3537361382542663,-1.0850000000000333,STOP,2026-05-12 07:00:00,2026-05-12 07:05:00,2026-05-12 07:10:00,2
176253,176295,1.35205,1.3533018804011594,-1.0850000000000017,STOP,2026-05-12 11:30:00,2026-05-12 11:35:00,2026-05-12 15:00:00,42
176355,176358,1.35376,1.353273257374108,1.4112560232604825,STOP,2026-05-12 20:00:00,2026-05-12 20:05:00,2026-05-12 20:15:00,3
176462,176469,1.35248,1.3515257971026702,1.1890917862264225,STOP,2026-05-13 04:55:00,2026-05-13 05:00:00,2026-05-13 05:30:00,7
176477,176479,1.35101,1.351968252307936,-1.085000000000083,STOP,2026-05-13 06:10:00,2026-05-13 06:15:00,2026-05-13 06:20:00,2
176505,176517,1.34963,1.3504808250690041,-1.0850000000000841,STOP,2026-05-13 08:30:00,2026-05-13 08:35:00,2026-05-13 09:30:00,12
176738,176741,1.35059,1.3512667516451096,-1.084999999999937,STOP,2026-05-14 03:55:00,2026-05-14 04:00:00,2026-05-14 04:10:00,3
176758,176781,1.35164,1.3512438284741888,0.6208072417021744,STOP,2026-05-14 05:35:00,2026-05-14 05:40:00,2026-05-14 07:30:00,23
176786,176787,1.35006,1.3507815991891587,-1.0850000000001045,STOP,2026-05-14 07:55:00,2026-05-14 08:00:00,2026-05-14 08:00:00,1
176807,176814,1.35007,1.3509075638138364,-1.0849999999998796,STOP,2026-05-14 09:40:00,2026-05-14 09:45:00,2026-05-14 10:15:00,7
176821,176829,1.34917,1.348144434017536,1.107710678403442,STOP,2026-05-14 10:50:00,2026-05-14 10:55:00,2026-05-14 11:30:00,8
176836,176845,1.34739,1.3437832350885937,4.29631249404746,STOP,2026-05-14 12:05:00,2026-05-14 12:10:00,2026-05-14 12:50:00,9
176878,176924,1.33984,1.3386876828078584,1.6872149982633704,STOP,2026-05-14 15:35:00,2026-05-14 15:40:00,2026-05-14 19:25:00,46
176987,176996,1.33673,1.3355502214840196,2.8148477692160134,STOP,2026-05-15 00:40:00,2026-05-15 00:45:00,2026-05-15 01:25:00,9
177039,177050,1.33374,1.3346678074160068,-1.0849999999999762,STOP,2026-05-15 05:00:00,2026-05-15 05:05:00,2026-05-15 05:55:00,11
177082,177085,1.33425,1.335187165003868,-1.085000000000099,STOP,2026-05-15 08:35:00,2026-05-15 08:40:00,2026-05-15 08:50:00,3
177122,177156,1.33313,1.3323847778536606,0.6152108464401553,STOP,2026-05-15 11:55:00,2026-05-15 12:00:00,2026-05-15 14:45:00,34
177169,177182,1.33193,1.3324476455347054,-1.0850000000000364,STOP,2026-05-15 15:50:00,2026-05-15 15:55:00,2026-05-15 16:55:00,13
177201,177205,1.33115,1.3315883773099,-1.0850000000000293,STOP,2026-05-17 18:30:00,2026-05-17 18:35:00,2026-05-17 18:50:00,4
177215,177219,1.33121,1.3316676899627393,-1.085000000000071,STOP,2026-05-17 19:40:00,2026-05-17 19:45:00,2026-05-17 20:00:00,4
177393,177394,1.3414,1.3418456231043274,-1.084999999999806,STOP,2026-05-18 21:30:00,2026-05-18 21:35:00,2026-05-18 21:35:00,1
177408,177433,1.34148,1.3408512007790268,1.0811355550566106,STOP,2026-05-18 22:45:00,2026-05-18 22:50:00,2026-05-19 00:50:00,25
177485,177490,1.33901,1.339766947933029,-1.0849999999999167,STOP,2026-05-19 05:10:00,2026-05-19 05:15:00,2026-05-19 05:35:00,5
177503,177505,1.33946,1.340303169610568,-1.0850000000000546,STOP,2026-05-19 06:40:00,2026-05-19 06:45:00,2026-05-19 06:50:00,2
177626,177628,1.3399,1.3394034113033066,1.111484723173841,STOP,2026-05-19 16:55:00,2026-05-19 17:00:00,2026-05-19 17:05:00,2
177662,177665,1.33955,1.339212937523104,1.0016447689186012,STOP,2026-05-19 19:55:00,2026-05-19 20:00:00,2026-05-19 20:10:00,3
177761,177772,1.33816,1.3389836901209955,-1.0850000000001063,STOP,2026-05-20 04:10:00,2026-05-20 04:15:00,2026-05-20 05:05:00,11
177780,177785,1.33817,1.3389119754580336,-1.0849999999998974,STOP,2026-05-20 05:45:00,2026-05-20 05:50:00,2026-05-20 06:10:00,5
177929,177948,1.34378,1.3433327575592158,1.16796965294091,STOP,2026-05-20 18:10:00,2026-05-20 18:15:00,2026-05-20 19:45:00,19
178016,178022,1.34293,1.3432779909958525,-1.0850000000002311,STOP,2026-05-21 01:25:00,2026-05-21 01:30:00,2026-05-21 01:55:00,6
178076,178079,1.34283,1.3422566512386067,0.64591894644512,STOP,2026-05-21 06:25:00,2026-05-21 06:30:00,2026-05-21 06:40:00,3
178132,178157,1.33986,1.341018085939815,-1.0849999999999758,STOP,2026-05-21 11:05:00,2026-05-21 11:10:00,2026-05-21 13:10:00,25
178239,178247,1.34289,1.3426330503854917,0.7026108103909703,STOP,2026-05-21 20:00:00,2026-05-21 20:05:00,2026-05-21 20:40:00,8
178273,178289,1.34264,1.342958623421661,-1.0849999999997775,STOP,2026-05-21 22:50:00,2026-05-21 22:55:00,2026-05-22 00:10:00,16
178485,178491,1.34376,1.3430994802826512,1.6624886115186222,STOP,2026-05-22 16:30:00,2026-05-22 16:35:00,2026-05-24 17:00:00,6
178563,178583,1.3476,1.348040438896055,-1.084999999999959,STOP,2026-05-24 23:00:00,2026-05-24 23:05:00,2026-05-25 00:40:00,20
178778,178780,1.35099,1.349679791230443,6.405743709318317,STOP,2026-05-25 16:55:00,2026-05-25 17:00:00,2026-05-25 17:05:00,2
178812,178817,1.34993,1.3495277658313123,1.2320090807678676,STOP,2026-05-25 19:45:00,2026-05-25 19:50:00,2026-05-25 20:10:00,5
178834,178840,1.34844,1.3488845411272663,-1.0849999999999063,STOP,2026-05-25 21:35:00,2026-05-25 21:40:00,2026-05-25 22:05:00,6
178891,178892,1.34813,1.3484195191241368,-1.0850000000000317,STOP,2026-05-26 02:20:00,2026-05-26 02:25:00,2026-05-26 02:25:00,1
178966,178980,1.34686,1.3465545376391925,0.4680338005231935,STOP,2026-05-26 08:35:00,2026-05-26 08:40:00,2026-05-26 09:45:00,14
179196,179201,1.34433,1.3447927319904023,-1.0850000000001487,STOP,2026-05-27 03:45:00,2026-05-27 03:50:00,2026-05-27 04:10:00,5
179250,179251,1.34384,1.344459614527276,-1.0850000000001132,STOP,2026-05-27 08:15:00,2026-05-27 08:20:00,2026-05-27 08:20:00,1
179308,179329,1.34214,1.342861620065368,-1.0849999999998692,STOP,2026-05-27 13:05:00,2026-05-27 13:10:00,2026-05-27 14:50:00,21
179354,179358,1.34281,1.342112517150881,2.1977668821913454,STOP,2026-05-27 16:55:00,2026-05-27 17:00:00,2026-05-27 17:15:00,4
179389,179402,1.34169,1.3412176581255062,1.307534049682472,STOP,2026-05-27 19:50:00,2026-05-27 19:55:00,2026-05-27 20:55:00,13
179428,179432,1.33997,1.3391068717075998,2.1720563932272774,STOP,2026-05-27 23:05:00,2026-05-27 23:10:00,2026-05-27 23:25:00,4
179520,179528,1.33942,1.3400382512439533,-1.08499999999984,STOP,2026-05-28 06:45:00,2026-05-28 06:50:00,2026-05-28 07:25:00,8
179643,179652,1.34499,1.3440583988840185,2.2327339968254902,STOP,2026-05-28 17:00:00,2026-05-28 17:05:00,2026-05-28 17:45:00,9
179782,179787,1.34181,1.3414338254577778,0.5540043885433027,STOP,2026-05-29 04:35:00,2026-05-29 04:40:00,2026-05-29 05:00:00,5
179930,179933,1.34663,1.3452432934609055,2.5391608499546168,STOP,2026-05-29 16:55:00,2026-05-31 17:00:00,2026-05-31 17:10:00,3
179963,179967,1.34558,1.345278096084134,0.6871513749623371,STOP,2026-05-31 19:40:00,2026-05-31 19:45:00,2026-05-31 20:00:00,4
180079,180112,1.3462,1.3467884817148983,-1.0850000000001805,STOP,2026-06-01 05:20:00,2026-06-01 05:25:00,2026-06-01 08:05:00,33
180123,180126,1.3457,1.3445185914692734,2.062833979615433,STOP,2026-06-01 09:00:00,2026-06-01 09:05:00,2026-06-01 09:15:00,3
180146,180153,1.34374,1.344754270044972,-1.0850000000000037,STOP,2026-06-01 10:55:00,2026-06-01 11:00:00,2026-06-01 11:30:00,7
180218,180220,1.34591,1.345182846763749,1.9768519686873884,STOP,2026-06-01 16:55:00,2026-06-01 17:00:00,2026-06-01 17:05:00,2
180256,180258,1.34574,1.346033468270663,-1.0849999999997662,STOP,2026-06-01 20:05:00,2026-06-01 20:10:00,2026-06-01 20:15:00,2
180475,180480,1.34605,1.346572659935958,-1.0849999999999722,STOP,2026-06-02 14:20:00,2026-06-02 14:25:00,2026-06-02 14:45:00,5
180506,180508,1.34688,1.3463233869748692,1.9112201686810213,STOP,2026-06-02 16:55:00,2026-06-02 17:00:00,2026-06-02 17:05:00,2
180535,180539,1.34563,1.3452990583145223,0.9656433970865286,STOP,2026-06-02 19:20:00,2026-06-02 19:25:00,2026-06-02 19:40:00,4
180576,180597,1.34638,1.3460228133300223,0.8420479924670254,STOP,2026-06-02 22:45:00,2026-06-02 22:50:00,2026-06-03 00:30:00,21
180608,180612,1.34567,1.3454263568265652,0.715812416736554,STOP,2026-06-03 01:25:00,2026-06-03 01:30:00,2026-06-03 01:45:00,4
180736,180744,1.3424,1.3419204224087153,0.5042844743557037,STOP,2026-06-03 12:05:00,2026-06-03 12:10:00,2026-06-03 12:45:00,8
180795,180797,1.3427,1.3417737498864541,2.7218206060112733,STOP,2026-06-03 17:00:00,2026-06-03 17:05:00,2026-06-03 17:10:00,2
181022,181043,1.34397,1.3430500418330586,1.3210056530091858,STOP,2026-06-04 11:55:00,2026-06-04 12:00:00,2026-06-04 13:40:00,21
181083,181086,1.34358,1.3421210821497354,5.205448123351455,STOP,2026-06-04 17:00:00,2026-06-04 17:05:00,2026-06-04 17:15:00,3
181119,181122,1.34224,1.342059454166255,0.6699539998914523,STOP,2026-06-04 20:00:00,2026-06-04 20:05:00,2026-06-04 20:15:00,3
181269,181275,1.34399,1.3409368224410854,3.852347028557635,STOP,2026-06-05 08:30:00,2026-06-05 08:35:00,2026-06-05 09:00:00,6
181331,181352,1.33424,1.3334254422792582,0.9971865284877484,STOP,2026-06-05 13:40:00,2026-06-05 13:45:00,2026-06-05 15:25:00,21
181370,181374,1.33403,1.3323075744326718,3.091305669145493,STOP,2026-06-05 16:55:00,2026-06-07 17:00:00,2026-06-07 17:15:00,4
181382,181385,1.33281,1.3319931687502413,1.6833919933263486,STOP,2026-06-07 17:55:00,2026-06-07 18:00:00,2026-06-07 18:10:00,3
181522,181527,1.33184,1.3327444986409636,-1.085000000000065,STOP,2026-06-08 05:35:00,2026-06-08 05:40:00,2026-06-08 06:00:00,5
181634,181660,1.33391,1.3335824808469479,0.5491231261289491,STOP,2026-06-08 14:55:00,2026-06-08 15:00:00,2026-06-08 17:05:00,26
181661,181663,1.33551,1.333585636086277,4.428365784128602,STOP,2026-06-08 17:10:00,2026-06-08 17:15:00,2026-06-08 17:20:00,2
181692,181696,1.33361,1.333297407970916,0.9351193437964458,STOP,2026-06-08 19:45:00,2026-06-08 19:50:00,2026-06-08 20:05:00,4
181894,181899,1.33638,1.337428375931328,-1.085000000000041,STOP,2026-06-09 12:35:00,2026-06-09 12:40:00,2026-06-09 13:00:00,5
181947,181949,1.33817,1.3376812103800724,0.9742400225707719,STOP,2026-06-09 17:00:00,2026-06-09 17:05:00,2026-06-09 17:10:00,2
182079,182084,1.33839,1.338979722626889,-1.0849999999998279,STOP,2026-06-10 04:00:00,2026-06-10 04:05:00,2026-06-10 04:25:00,5
182093,182097,1.33815,1.338770166625922,-1.0849999999999567,STOP,2026-06-10 05:10:00,2026-06-10 05:15:00,2026-06-10 05:30:00,4
182115,182117,1.33801,1.3386903960791974,-1.0849999999998547,STOP,2026-06-10 07:00:00,2026-06-10 07:05:00,2026-06-10 07:10:00,2
182239,182243,1.338,1.3369783804331026,2.216891981533414,STOP,2026-06-10 17:20:00,2026-06-10 17:25:00,2026-06-10 17:40:00,4
182262,182264,1.33576,1.3363043318241217,-1.0849999999998519,STOP,2026-06-10 19:15:00,2026-06-10 19:20:00,2026-06-10 19:25:00,2
182343,182345,1.33766,1.3380418868139288,-1.085000000000057,STOP,2026-06-11 02:00:00,2026-06-11 02:05:00,2026-06-11 02:10:00,2
182419,182423,1.33485,1.335592657396846,-1.0850000000000168,STOP,2026-06-11 08:20:00,2026-06-11 08:25:00,2026-06-11 08:40:00,4
182475,182480,1.33308,1.3337353985243867,-1.085000000000034,STOP,2026-06-11 13:00:00,2026-06-11 13:05:00,2026-06-11 13:25:00,5
182559,182577,1.34107,1.340339838759246,1.1590903412916143,STOP,2026-06-11 20:00:00,2026-06-11 20:05:00,2026-06-11 21:30:00,18
182707,182718,1.3395,1.3401703996968755,-1.0850000000000732,STOP,2026-06-12 08:20:00,2026-06-12 08:25:00,2026-06-12 09:15:00,11
182794,182804,1.34145,1.3408527358827642,1.2162448637682526,STOP,2026-06-12 15:35:00,2026-06-12 15:40:00,2026-06-12 16:25:00,10
182810,182813,1.34134,1.3403745253018218,2.312939860529065,STOP,2026-06-12 16:55:00,2026-06-14 17:00:00,2026-06-14 17:10:00,3
182873,182878,1.3434,1.3439536246277926,-1.0850000000001634,STOP,2026-06-14 22:10:00,2026-06-14 22:15:00,2026-06-14 22:35:00,5
182950,182974,1.3427,1.3433706270917865,-1.0850000000000786,STOP,2026-06-15 04:35:00,2026-06-15 04:40:00,2026-06-15 06:35:00,24
183075,183087,1.34153,1.3410500290825562,1.0573256698496833,STOP,2026-06-15 15:00:00,2026-06-15 15:05:00,2026-06-15 16:00:00,12
183090,183097,1.34074,1.341183005681325,-1.084999999999917,STOP,2026-06-15 16:15:00,2026-06-15 16:20:00,2026-06-15 16:50:00,7
183185,183201,1.33961,1.3400098680514823,-1.0850000000000102,STOP,2026-06-16 00:10:00,2026-06-16 00:15:00,2026-06-16 01:30:00,16
183204,183213,1.33941,1.3397858294091276,-1.0850000000001307,STOP,2026-06-16 01:45:00,2026-06-16 01:50:00,2026-06-16 02:30:00,9
183297,183303,1.34164,1.3413209728850077,0.4446471351038424,STOP,2026-06-16 09:30:00,2026-06-16 09:35:00,2026-06-16 10:00:00,6
183387,183389,1.34336,1.342426515071942,2.958395963857101,STOP,2026-06-16 17:00:00,2026-06-16 17:05:00,2026-06-16 17:10:00,2
183460,183474,1.34284,1.3431433769503722,-1.0850000000001248,STOP,2026-06-16 23:05:00,2026-06-16 23:10:00,2026-06-17 00:15:00,14
183521,183524,1.34167,1.3411942155571175,0.7725027354750907,STOP,2026-06-17 04:10:00,2026-06-17 04:15:00,2026-06-17 04:25:00,3
183553,183558,1.34122,1.340897964924636,0.6224530445473109,STOP,2026-06-17 06:50:00,2026-06-17 06:55:00,2026-06-17 07:15:00,5
183639,183645,1.33563,1.3365764385976255,-1.0850000000000595,STOP,2026-06-17 14:00:00,2026-06-17 14:05:00,2026-06-17 14:30:00,6
183675,183677,1.32955,1.3287857760613122,0.4807137060634224,STOP,2026-06-17 17:00:00,2026-06-17 17:05:00,2026-06-17 17:10:00,2
183776,183783,1.33085,1.3301067127425035,1.9997520176261756,STOP,2026-06-18 01:25:00,2026-06-18 01:30:00,2026-06-18 02:00:00,7
183833,183844,1.32364,1.322109350379276,1.382871825470162,STOP,2026-06-18 06:10:00,2026-06-18 06:15:00,2026-06-18 07:05:00,11
183903,183918,1.32176,1.3227444636198584,-1.084999999999924,STOP,2026-06-18 12:00:00,2026-06-18 12:05:00,2026-06-18 13:15:00,15
183936,183942,1.32061,1.3197981495984983,1.3178648921904537,STOP,2026-06-18 14:45:00,2026-06-18 14:50:00,2026-06-18 15:15:00,6
184026,184038,1.32027,1.3189430815143914,3.0487247254285554,STOP,2026-06-18 22:20:00,2026-06-18 22:25:00,2026-06-18 23:20:00,12
184052,184063,1.31839,1.3168186604126046,3.4497658462189684,STOP,2026-06-19 00:30:00,2026-06-19 00:35:00,2026-06-19 01:25:00,11
184176,184177,1.3222,1.3229648240077383,-1.0849999999999802,STOP,2026-06-19 10:50:00,2026-06-19 10:55:00,2026-06-19 10:55:00,1
184262,184297,1.32079,1.3218275003243083,-1.0849999999999438,STOP,2026-06-21 18:00:00,2026-06-21 18:05:00,2026-06-21 20:55:00,35
184357,184359,1.32093,1.3213997766907795,-1.0850000000002098,STOP,2026-06-22 01:55:00,2026-06-22 02:00:00,2026-06-22 02:05:00,2
184513,184524,1.32441,1.3248129363438856,-1.0850000000001938,STOP,2026-06-22 14:55:00,2026-06-22 15:00:00,2026-06-22 15:50:00,11
184538,184541,1.32615,1.3243106587064255,4.697050988808977,STOP,2026-06-22 17:00:00,2026-06-22 17:05:00,2026-06-22 17:15:00,3
184576,184580,1.32421,1.3244592667014718,-1.084999999999879,STOP,2026-06-22 20:10:00,2026-06-22 20:15:00,2026-06-22 20:30:00,4
184611,184615,1.32384,1.3242231930004893,-1.084999999999744,STOP,2026-06-22 23:05:00,2026-06-22 23:10:00,2026-06-22 23:25:00,4
184633,184645,1.32372,1.3241127600863136,-1.0850000000001359,STOP,2026-06-23 00:55:00,2026-06-23 01:00:00,2026-06-23 01:55:00,12
184695,184705,1.32231,1.3216208030235022,0.8428398175069568,STOP,2026-06-23 06:05:00,2026-06-23 06:10:00,2026-06-23 06:55:00,10
184718,184733,1.32153,1.321080899169988,0.5159682426545485,STOP,2026-06-23 08:00:00,2026-06-23 08:05:00,2026-06-23 09:15:00,15
184897,184903,1.31912,1.3195738537433253,-1.0849999999999382,STOP,2026-06-23 22:55:00,2026-06-23 23:00:00,2026-06-23 23:25:00,6
184910,184935,1.31954,1.3199891312792076,-1.084999999999906,STOP,2026-06-24 00:00:00,2026-06-24 00:05:00,2026-06-24 02:05:00,25
184990,184995,1.3162,1.3154869855558675,0.7580314244558141,STOP,2026-06-24 06:40:00,2026-06-24 06:45:00,2026-06-24 07:05:00,5
185005,185016,1.31631,1.315022059872105,1.408347856323952,STOP,2026-06-24 07:55:00,2026-06-24 08:00:00,2026-06-24 08:50:00,11
185115,185117,1.31743,1.3163380914640082,2.2801864883615433,STOP,2026-06-24 17:05:00,2026-06-24 17:10:00,2026-06-24 17:15:00,2
185366,185368,1.31969,1.3203141221411443,-1.0850000000000628,STOP,2026-06-25 14:00:00,2026-06-25 14:05:00,2026-06-25 14:10:00,2
185386,185403,1.31993,1.3188084680464012,2.018725247738732,STOP,2026-06-25 15:40:00,2026-06-25 15:45:00,2026-06-25 17:05:00,17
185437,185440,1.31879,1.3191342085466367,-1.084999999999972,STOP,2026-06-25 19:55:00,2026-06-25 20:00:00,2026-06-25 20:10:00,3
185616,185618,1.32078,1.3202375886372228,0.4608763404681195,STOP,2026-06-26 10:50:00,2026-06-26 10:55:00,2026-06-26 11:00:00,2
185654,185667,1.32062,1.3200824714193646,0.8218147025259581,STOP,2026-06-26 14:00:00,2026-06-26 14:05:00,2026-06-26 15:05:00,13
185675,185686,1.32006,1.3197552822772491,0.6209577942644418,STOP,2026-06-26 15:45:00,2026-06-26 15:50:00,2026-06-26 16:40:00,11
185702,185754,1.3198,1.320586283641854,-1.0850000000000457,STOP,2026-06-28 18:00:00,2026-06-28 18:05:00,2026-06-28 22:20:00,52
185978,185980,1.32589,1.3253251713668859,1.5819939860407093,STOP,2026-06-29 17:00:00,2026-06-29 17:05:00,2026-06-29 17:10:00,2
186013,186016,1.32534,1.325204963366953,0.45809479981313966,STOP,2026-06-29 19:55:00,2026-06-29 20:00:00,2026-06-29 20:10:00,3
186073,186090,1.32292,1.3232826115752396,-1.0850000000001767,STOP,2026-06-30 00:55:00,2026-06-30 01:00:00,2026-06-30 02:20:00,17
186111,186123,1.32284,1.3234655336485879,-1.0850000000000894,STOP,2026-06-30 04:05:00,2026-06-30 04:10:00,2026-06-30 05:05:00,12
186305,186307,1.32481,1.325083645339663,-1.0849999999996003,STOP,2026-06-30 20:15:00,2026-06-30 20:20:00,2026-06-30 20:25:00,2
186344,186356,1.32326,1.3236380348766315,-1.0849999999998559,STOP,2026-06-30 23:30:00,2026-06-30 23:35:00,2026-07-01 00:30:00,12
186451,186461,1.32413,1.3224526851078526,2.686830772836156,STOP,2026-07-01 08:25:00,2026-07-01 08:30:00,2026-07-01 09:15:00,10
186550,186552,1.32709,1.3274909345052681,-1.0850000000001665,STOP,2026-07-01 16:40:00,2026-07-01 16:45:00,2026-07-01 16:50:00,2
186593,186604,1.32772,1.3280550509627562,-1.0849999999997664,STOP,2026-07-01 20:15:00,2026-07-01 20:20:00,2026-07-01 21:10:00,11
186735,186740,1.33064,1.3313933612265747,-1.0850000000000113,STOP,2026-07-02 08:05:00,2026-07-02 08:10:00,2026-07-02 08:30:00,5
186818,186835,1.33449,1.3350535651309143,-1.084999999999929,STOP,2026-07-02 15:00:00,2026-07-02 15:05:00,2026-07-02 16:25:00,17
186841,186844,1.33485,1.3344749299855807,0.9617730225761558,STOP,2026-07-02 16:55:00,2026-07-02 17:00:00,2026-07-02 17:10:00,3
186862,186874,1.33448,1.334290990702605,0.5045006663161298,STOP,2026-07-02 18:40:00,2026-07-02 18:45:00,2026-07-02 19:40:00,12
186997,187007,1.33509,1.3356839522499904,-1.0850000000001772,STOP,2026-07-03 05:55:00,2026-07-03 06:00:00,2026-07-03 06:45:00,10
187122,187124,1.33479,1.3350554899506037,-1.0850000000000444,STOP,2026-07-03 16:10:00,2026-07-03 16:15:00,2026-07-03 16:20:00,2
187138,187142,1.3358,1.334850203932804,2.6483453740049354,STOP,2026-07-05 17:30:00,2026-07-05 17:35:00,2026-07-05 17:50:00,4
187208,187219,1.33411,1.3344859052831923,-1.0849999999998041,STOP,2026-07-05 23:20:00,2026-07-05 23:25:00,2026-07-06 00:15:00,11
187228,187234,1.334,1.3343055663154235,-1.084999999999931,STOP,2026-07-06 01:00:00,2026-07-06 01:05:00,2026-07-06 01:30:00,6
187518,187522,1.33853,1.3382747654592133,0.6857009566528122,STOP,2026-07-07 01:10:00,2026-07-07 01:15:00,2026-07-07 01:30:00,4
187576,187578,1.33715,1.337745214031458,-1.0850000000001268,STOP,2026-07-07 06:00:00,2026-07-07 06:05:00,2026-07-07 06:10:00,2
187635,187648,1.33796,1.3373612387891802,0.6163005508390424,STOP,2026-07-07 10:55:00,2026-07-07 11:00:00,2026-07-07 12:00:00,13
187681,187683,1.33697,1.3364454730218067,1.1116581258797262,STOP,2026-07-07 14:45:00,2026-07-07 14:50:00,2026-07-07 14:55:00,2
187708,187713,1.33613,1.3355438823713,1.3358017582294182,STOP,2026-07-07 17:00:00,2026-07-07 17:05:00,2026-07-07 17:25:00,5
187743,187750,1.3347,1.3350495262052666,-1.0849999999997364,STOP,2026-07-07 19:55:00,2026-07-07 20:00:00,2026-07-07 20:30:00,7
187883,187884,1.3331,1.3338688592829586,-1.0849999999998887,STOP,2026-07-08 07:35:00,2026-07-08 07:40:00,2026-07-08 07:40:00,1
187999,188005,1.34007,1.33885666483292,2.0206486787796485,STOP,2026-07-08 17:15:00,2026-07-08 17:20:00,2026-07-08 17:45:00,6
188152,188161,1.34083,1.3404201351576768,0.5883414749296741,STOP,2026-07-09 06:00:00,2026-07-09 06:05:00,2026-07-09 06:45:00,9
188184,188189,1.33933,1.338787100587114,0.739825745418719,STOP,2026-07-09 08:40:00,2026-07-09 08:45:00,2026-07-09 09:05:00,5
188284,188286,1.34155,1.3403629879625691,2.734164537917977,STOP,2026-07-09 17:00:00,2026-07-09 17:05:00,2026-07-09 17:10:00,2
188392,188394,1.34291,1.3432911213285703,-1.0849999999998765,STOP,2026-07-10 02:00:00,2026-07-10 02:05:00,2026-07-10 02:10:00,2
188413,188422,1.34263,1.341752171427384,1.4627880336744286,STOP,2026-07-10 03:45:00,2026-07-10 03:50:00,2026-07-10 04:30:00,9
188428,188441,1.34159,1.3412525771245716,0.47607393264765724,STOP,2026-07-10 05:00:00,2026-07-10 05:05:00,2026-07-10 06:05:00,13
188494,188503,1.34058,1.3414600117643698,-1.0850000000000821,STOP,2026-07-10 10:30:00,2026-07-10 10:35:00,2026-07-10 11:15:00,9
188543,188560,1.33953,1.3400276654709202,-1.0850000000000668,STOP,2026-07-10 14:35:00,2026-07-10 14:40:00,2026-07-10 16:00:00,17
188584,188586,1.33804,1.3377212076217797,0.7106324388659678,STOP,2026-07-12 18:00:00,2026-07-12 18:05:00,2026-07-12 18:10:00,2
188605,188608,1.33823,1.3386249469046383,-1.08499999999997,STOP,2026-07-12 19:45:00,2026-07-12 19:50:00,2026-07-12 20:00:00,3
188805,188808,1.33714,1.3364668352899642,0.8681392330923011,STOP,2026-07-13 12:25:00,2026-07-13 12:30:00,2026-07-13 12:40:00,3
188852,188861,1.33437,1.3348173827645133,-1.0850000000001334,STOP,2026-07-13 16:20:00,2026-07-13 16:25:00,2026-07-13 17:05:00,9
189120,189123,1.33749,1.3381471412048425,-1.085000000000024,STOP,2026-07-14 14:40:00,2026-07-14 14:45:00,2026-07-14 14:55:00,3
189308,189313,1.33821,1.3387944616600898,-1.08500000000001,STOP,2026-07-15 06:20:00,2026-07-15 06:25:00,2026-07-15 06:45:00,5
189436,189439,1.3544,1.3531345027888269,2.335151670041042,STOP,2026-07-15 17:00:00,2026-07-15 17:05:00,2026-07-15 17:15:00,3
189500,189509,1.35252,1.3529607989866546,-1.0849999999998388,STOP,2026-07-15 22:20:00,2026-07-15 22:25:00,2026-07-15 23:05:00,9
189597,189610,1.35045,1.3498599810392014,1.0442071829837964,STOP,2026-07-16 06:25:00,2026-07-16 06:30:00,2026-07-16 07:30:00,13
189799,189806,1.34686,1.3464579423616732,1.050545511238109,STOP,2026-07-16 23:15:00,2026-07-16 23:20:00,2026-07-16 23:50:00,7
189880,189892,1.34393,1.343428705264229,0.6864698032398335,STOP,2026-07-17 06:00:00,2026-07-17 06:05:00,2026-07-17 07:00:00,12
189910,189914,1.34289,1.3435375189563374,-1.0850000000000286,STOP,2026-07-17 08:30:00,2026-07-17 08:35:00,2026-07-17 08:50:00,4
190011,190016,1.34619,1.34409383623377,5.7918039995470805,STOP,2026-07-17 16:55:00,2026-07-19 17:05:00,2026-07-19 17:25:00,5
190155,190159,1.34635,1.3460411358841258,0.47881137255778544,STOP,2026-07-20 05:00:00,2026-07-20 05:05:00,2026-07-20 05:20:00,4
190211,190214,1.34482,1.3454364253873397,-1.0850000000000068,STOP,2026-07-20 09:40:00,2026-07-20 09:45:00,2026-07-20 09:55:00,3
190247,190252,1.34177,1.3424517547738675,-1.0850000000000457,STOP,2026-07-20 12:40:00,2026-07-20 12:45:00,2026-07-20 13:05:00,5
190450,190467,1.34302,1.3418349822327582,1.9696706981326475,STOP,2026-07-21 05:35:00,2026-07-21 05:40:00,2026-07-21 07:00:00,17
190586,190588,1.3377,1.3371423554812765,1.8451034451619346,STOP,2026-07-21 16:55:00,2026-07-21 17:00:00,2026-07-21 17:05:00,2
190683,190690,1.3386,1.3383233092152267,0.9866650202773413,STOP,2026-07-22 01:00:00,2026-07-22 01:05:00,2026-07-22 01:35:00,7
190776,190782,1.33612,1.3367349355481963,-1.0850000000000648,STOP,2026-07-22 08:45:00,2026-07-22 08:50:00,2026-07-22 09:15:00,6
190875,190878,1.33865,1.3372380797785526,4.731015979222674,STOP,2026-07-22 17:00:00,2026-07-22 17:05:00,2026-07-22 17:15:00,3
191139,191164,1.33159,1.3300112991518747,3.2268164783861315,STOP,2026-07-23 15:00:00,2026-07-23 15:05:00,2026-07-23 17:05:00,25
191197,191199,1.33118,1.3314449597050306,-1.084999999999678,STOP,2026-07-23 19:50:00,2026-07-23 19:55:00,2026-07-23 20:00:00,2
191357,191363,1.33124,1.3319568685548289,-1.0849999999999895,STOP,2026-07-24 09:10:00,2026-07-24 09:15:00,2026-07-24 09:40:00,6
191431,191447,1.33235,1.3317915137978638,1.5281970092734432,STOP,2026-07-24 15:20:00,2026-07-24 15:25:00,2026-07-24 16:40:00,16
191597,191622,1.33332,1.3314721160379863,3.0625071776638695,STOP,2026-07-27 05:10:00,2026-07-27 05:15:00,2026-07-27 07:15:00,25
191633,191641,1.33091,1.3315820523234618,-1.0849999999998672,STOP,2026-07-27 08:10:00,2026-07-27 08:15:00,2026-07-27 08:50:00,8
191655,191661,1.33132,1.330905287351244,0.4943916936374451,STOP,2026-07-27 10:00:00,2026-07-27 10:05:00,2026-07-27 10:30:00,6
191691,191763,1.32899,1.32874,0.266058122708657,TIME,2026-07-27 13:00:00,2026-07-27 13:05:00,2026-07-27 19:00:00,72
191772,191780,1.32884,1.3291059220405912,-1.0849999999996527,STOP,2026-07-27 19:45:00,2026-07-27 19:50:00,2026-07-27 20:25:00,8
191836,191840,1.32915,1.3288727086853958,0.7137738057235791,STOP,2026-07-28 01:05:00,2026-07-28 01:10:00,2026-07-28 01:25:00,4
191893,191899,1.32821,1.3276419733721578,0.9025862473848868,STOP,2026-07-28 05:50:00,2026-07-28 05:55:00,2026-07-28 06:20:00,6
192014,192030,1.32881,1.3292163156778176,-1.0850000000001092,STOP,2026-07-28 15:55:00,2026-07-28 16:00:00,2026-07-28 17:15:00,16
192059,192067,1.3287,1.3290168099234885,-1.084999999999816,STOP,2026-07-28 19:40:00,2026-07-28 19:45:00,2026-07-28 20:20:00,8
192178,192179,1.32963,1.3301343546118727,-1.0850000000002193,STOP,2026-07-29 05:35:00,2026-07-29 05:40:00,2026-07-29 05:40:00,1
192223,192229,1.32871,1.3292542425970233,-1.0849999999998323,STOP,2026-07-29 09:20:00,2026-07-29 09:25:00,2026-07-29 09:50:00,6
192369,192375,1.33577,1.3354252976258034,0.5799318210842129,STOP,2026-07-29 21:30:00,2026-07-29 21:35:00,2026-07-29 22:00:00,6
192407,192415,1.33466,1.3349847897475209,-1.0849999999998803,STOP,2026-07-30 00:40:00,2026-07-30 00:45:00,2026-07-30 01:20:00,8
192597,192604,1.34683,1.3459323057054569,1.6284384778737264,STOP,2026-07-30 16:30:00,2026-07-30 16:35:00,2026-07-30 17:05:00,7
192615,192631,1.34695,1.3465135279095213,0.9176003739584007,STOP,2026-07-30 18:00:00,2026-07-30 18:05:00,2026-07-30 19:20:00,16
192639,192649,1.34625,1.345688236100419,1.4208117026220157,STOP,2026-07-30 20:00:00,2026-07-30 20:05:00,2026-07-30 20:50:00,10
192677,192697,1.34474,1.3444025593145745,0.5735349376472004,STOP,2026-07-30 23:10:00,2026-07-30 23:15:00,2026-07-31 00:50:00,20
192705,192710,1.34453,1.3442618222149805,0.5892497262100683,STOP,2026-07-31 01:30:00,2026-07-31 01:35:00,2026-07-31 01:55:00,5
192771,192778,1.3442,1.3430404524103774,1.5552499871637262,STOP,2026-07-31 07:00:00,2026-07-31 07:05:00,2026-07-31 07:35:00,7
192789,192799,1.34222,1.341814879034731,0.493987655968168,STOP,2026-07-31 08:30:00,2026-07-31 08:35:00,2026-07-31 09:20:00,10
192901,192903,1.34967,1.348648948519746,1.091164137654337,STOP,2026-08-02 17:50:00,2026-08-02 17:55:00,2026-08-02 18:00:00,2
193035,193037,1.34505,1.3456710642144418,-1.0850000000000364,STOP,2026-08-03 05:00:00,2026-08-03 05:05:00,2026-08-03 05:10:00,2
193146,193153,1.34264,1.3431322569227189,-1.0849999999997904,STOP,2026-08-03 14:15:00,2026-08-03 14:20:00,2026-08-03 14:50:00,7
193212,193216,1.34272,1.342971872474878,-1.0849999999996536,STOP,2026-08-03 19:45:00,2026-08-03 19:50:00,2026-08-03 20:05:00,4
193258,193279,1.34276,1.3423074867610754,0.9998558429493141,STOP,2026-08-03 23:35:00,2026-08-03 23:40:00,2026-08-04 01:20:00,21
193281,193286,1.3424,1.3422321591468926,0.46311844543056807,STOP,2026-08-04 01:30:00,2026-08-04 01:35:00,2026-08-04 01:55:00,5
193527,193531,1.34476,1.3451150017508036,-1.0850000000002507,STOP,2026-08-04 22:00:00,2026-08-04 22:05:00,2026-08-04 22:20:00,4
193692,193698,1.34577,1.346562225319398,-1.0850000000001314,STOP,2026-08-05 11:45:00,2026-08-05 11:50:00,2026-08-05 12:15:00,6
193755,193758,1.34748,1.3464628313082732,2.492983981380929,STOP,2026-08-05 17:00:00,2026-08-05 17:05:00,2026-08-05 17:15:00,3
193857,193859,1.34577,1.346006785536359,-1.0850000000001139,STOP,2026-08-06 01:30:00,2026-08-06 01:35:00,2026-08-06 01:40:00,2
193981,193984,1.34516,1.3458097894653225,-1.0849999999998776,STOP,2026-08-06 11:50:00,2026-08-06 11:55:00,2026-08-06 12:05:00,3
194021,194029,1.34566,1.3450836682420455,1.484459988465669,STOP,2026-08-06 15:10:00,2026-08-06 15:15:00,2026-08-06 15:50:00,8
194042,194044,1.34568,1.3448239075514088,2.482638533434312,STOP,2026-08-06 16:55:00,2026-08-06 17:00:00,2026-08-06 17:05:00,2
194181,194187,1.34482,1.3444586058898356,0.8436428727644136,STOP,2026-08-07 04:30:00,2026-08-07 04:35:00,2026-08-07 05:00:00,6
194201,194211,1.34372,1.3441406481791545,-1.0850000000000513,STOP,2026-08-07 06:10:00,2026-08-07 06:15:00,2026-08-07 07:00:00,10
194215,194219,1.34411,1.3445231432922724,-1.0850000000000233,STOP,2026-08-07 07:20:00,2026-08-07 07:25:00,2026-08-07 07:40:00,4
194339,194342,1.34961,1.3491229907374147,1.121217041127296,STOP,2026-08-09 17:40:00,2026-08-09 17:45:00,2026-08-09 17:55:00,3
194589,194602,1.35102,1.35072096590685,0.7033473188166813,STOP,2026-08-10 14:30:00,2026-08-10 14:35:00,2026-08-10 15:35:00,13
194619,194624,1.35129,1.350328120296591,3.369381643804081,STOP,2026-08-10 17:00:00,2026-08-10 17:05:00,2026-08-10 17:25:00,5
194860,194885,1.35005,1.3505179187534726,-1.0849999999999624,STOP,2026-08-11 13:05:00,2026-08-11 13:10:00,2026-08-11 15:10:00,25
194907,194910,1.35108,1.3503273818053083,2.5439226369414216,STOP,2026-08-11 17:00:00,2026-08-11 17:05:00,2026-08-11 17:15:00,3
195007,195015,1.35041,1.3506118914082954,-1.0850000000005442,STOP,2026-08-12 01:20:00,2026-08-12 01:25:00,2026-08-12 02:00:00,8
195119,195126,1.35145,1.3506999795660881,0.6522787630654601,STOP,2026-08-12 10:30:00,2026-08-12 10:35:00,2026-08-12 11:05:00,7
195146,195175,1.34954,1.3489834228624078,0.8224230461400851,STOP,2026-08-12 12:45:00,2026-08-12 12:50:00,2026-08-12 15:10:00,29
195269,195287,1.34903,1.3488092962529081,0.7352098678415062,STOP,2026-08-12 23:00:00,2026-08-12 23:05:00,2026-08-13 00:30:00,18
195437,195509,1.34853,1.3489,-0.7994794406611552,TIME,2026-08-13 13:00:00,2026-08-13 13:05:00,2026-08-13 19:00:00,72
195772,195774,1.35458,1.3530207251414315,5.506413405500428,STOP,2026-08-14 16:55:00,2026-08-16 17:00:00,2026-08-16 17:05:00,2
195958,195965,1.35564,1.3562082059547473,-1.0849999999999282,STOP,2026-08-17 08:25:00,2026-08-17 08:30:00,2026-08-17 09:00:00,7
196020,196035,1.35449,1.3538863205714884,1.165379430656313,STOP,2026-08-17 13:35:00,2026-08-17 13:40:00,2026-08-17 14:50:00,15
196061,196063,1.3556,1.3539728900804382,4.477722971453976,STOP,2026-08-17 17:00:00,2026-08-17 17:05:00,2026-08-17 17:10:00,2
196149,196152,1.35374,1.3535510048304613,0.5079794812886631,STOP,2026-08-18 00:20:00,2026-08-18 00:25:00,2026-08-18 00:35:00,3
196169,196173,1.35245,1.3529629619242631,-1.084999999999857,STOP,2026-08-18 02:00:00,2026-08-18 02:05:00,2026-08-18 02:20:00,4
196188,196231,1.35296,1.3524855785411025,0.7398449139599295,STOP,2026-08-18 03:35:00,2026-08-18 03:40:00,2026-08-18 07:10:00,43
196336,196343,1.35333,1.3530044070597143,0.9069765327585677,STOP,2026-08-18 15:55:00,2026-08-18 16:00:00,2026-08-18 16:30:00,7
196349,196351,1.35317,1.3528081426974166,1.1390828540444942,STOP,2026-08-18 17:00:00,2026-08-18 17:05:00,2026-08-18 17:10:00,2
196524,196530,1.35511,1.3556151765961972,-1.084999999999793,STOP,2026-08-19 07:35:00,2026-08-19 07:40:00,2026-08-19 08:05:00,6
196601,196607,1.36002,1.3594537291294098,0.6907866922657815,STOP,2026-08-19 14:00:00,2026-08-19 14:05:00,2026-08-19 14:30:00,6
196637,196639,1.36093,1.3604020722969894,0.9034828033253065,STOP,2026-08-19 17:00:00,2026-08-19 17:05:00,2026-08-19 17:10:00,2
196673,196675,1.36064,1.360182800721089,1.1333433147937468,STOP,2026-08-19 20:00:00,2026-08-19 20:05:00,2026-08-19 20:10:00,2
196738,196744,1.36048,1.360178296807482,0.7474526091789631,STOP,2026-08-20 01:25:00,2026-08-20 01:30:00,2026-08-20 01:55:00,6
196925,196927,1.36308,1.3626752677978082,1.2719363979034515,STOP,2026-08-20 17:00:00,2026-08-20 17:05:00,2026-08-20 17:10:00,2
197027,197030,1.36453,1.3648400809398482,-1.0849999999998017,STOP,2026-08-21 01:30:00,2026-08-21 01:35:00,2026-08-21 01:45:00,3
197092,197096,1.36488,1.3656142638271425,-1.0850000000000573,STOP,2026-08-21 06:55:00,2026-08-21 07:00:00,2026-08-21 07:15:00,4
197112,197113,1.36362,1.3644626822959627,-1.0850000000000175,STOP,2026-08-21 08:35:00,2026-08-21 08:40:00,2026-08-21 08:40:00,1
197136,197139,1.36215,1.3629517745845054,-1.084999999999965,STOP,2026-08-21 10:35:00,2026-08-21 10:40:00,2026-08-21 10:50:00,3
197212,197217,1.36412,1.3628124068572127,3.502030674570139,STOP,2026-08-21 16:55:00,2026-08-23 17:00:00,2026-08-23 17:20:00,5
197299,197318,1.36441,1.3640693829237092,0.9330868197829143,STOP,2026-08-24 00:10:00,2026-08-24 00:15:00,2026-08-24 01:45:00,19
197441,197459,1.36343,1.363042470103518,0.5302533726487735,STOP,2026-08-24 12:00:00,2026-08-24 12:05:00,2026-08-24 13:30:00,18
197501,197504,1.36324,1.362837918390079,1.3549919312733556,STOP,2026-08-24 17:00:00,2026-08-24 17:05:00,2026-08-24 17:15:00,3
197599,197607,1.36274,1.3624073458223942,1.2045083075343528,STOP,2026-08-25 01:10:00,2026-08-25 01:15:00,2026-08-25 01:50:00,8
197678,197689,1.36356,1.3629212995508775,1.1080125338577766,STOP,2026-08-25 07:45:00,2026-08-25 07:50:00,2026-08-25 08:40:00,11
197826,197833,1.36469,1.364556572865298,0.49944111676216923,STOP,2026-08-25 20:05:00,2026-08-25 20:10:00,2026-08-25 20:40:00,7
197888,197898,1.36344,1.3632123396656664,0.8262696762654484,STOP,2026-08-26 01:15:00,2026-08-26 01:20:00,2026-08-26 02:05:00,10
197948,197959,1.36197,1.362366271708459,-1.0850000000001834,STOP,2026-08-26 06:15:00,2026-08-26 06:20:00,2026-08-26 07:10:00,11
197997,198001,1.35873,1.3594297127510493,-1.0849999999999793,STOP,2026-08-26 10:20:00,2026-08-26 10:25:00,2026-08-26 10:40:00,4
198077,198080,1.3602,1.358896578925814,3.9597898951623787,STOP,2026-08-26 17:00:00,2026-08-26 17:10:00,2026-08-26 17:20:00,3
198119,198128,1.35936,1.3592101556552045,0.44313602861395557,STOP,2026-08-26 20:35:00,2026-08-26 20:40:00,2026-08-26 21:20:00,9
198160,198172,1.35905,1.358823458689854,0.7829114967134478,STOP,2026-08-27 00:00:00,2026-08-27 00:05:00,2026-08-27 01:00:00,12
198175,198177,1.35871,1.358940986311139,-1.084999999999984,STOP,2026-08-27 01:15:00,2026-08-27 01:20:00,2026-08-27 01:25:00,2
198364,198366,1.35935,1.3583826113878863,2.68315384821907,STOP,2026-08-27 17:00:00,2026-08-27 17:05:00,2026-08-27 17:10:00,2
198471,198474,1.35892,1.3591045392313736,-1.0849999999999986,STOP,2026-08-28 01:55:00,2026-08-28 02:00:00,2026-08-28 02:10:00,3
198508,198526,1.35844,1.3588753849289006,-1.085000000000213,STOP,2026-08-28 05:00:00,2026-08-28 05:05:00,2026-08-28 06:30:00,18
198549,198552,1.35802,1.3576183784381939,1.0594071886623317,STOP,2026-08-28 08:25:00,2026-08-28 08:30:00,2026-08-28 08:40:00,3
