event_i,exit_i,entry,exit,R,reason,signal_datetime,entry_datetime,exit_datetime,duration_bars
28,37,1.27252,1.272915994556675,-1.084999999999883,STOP,2024-01-01 19:20:00,2024-01-01 19:25:00,2024-01-01 20:05:00,9
80,84,1.27135,1.2717626595180205,-1.0850000000000266,STOP,2024-01-01 23:40:00,2024-01-01 23:45:00,2024-01-02 00:00:00,4
136,149,1.27451,1.2711339829856605,3.595601060509423,STOP,2024-01-02 04:20:00,2024-01-02 04:25:00,2024-01-02 05:25:00,13
175,191,1.26484,1.2630750572055516,1.5365132118868796,STOP,2024-01-02 07:35:00,2024-01-02 07:40:00,2024-01-02 08:55:00,16
223,226,1.2614,1.2626213523170104,-1.0850000000000415,STOP,2024-01-02 11:35:00,2024-01-02 11:40:00,2024-01-02 11:50:00,3
252,289,1.26227,1.2617201470683563,0.7096303987104711,STOP,2024-01-02 14:00:00,2024-01-02 14:05:00,2024-01-02 17:05:00,37
377,384,1.2638,1.263193745483977,1.867328499977574,STOP,2024-01-03 00:25:00,2024-01-03 00:30:00,2024-01-03 01:00:00,7
437,454,1.26231,1.2631100057332567,-1.0850000000001292,STOP,2024-01-03 05:25:00,2024-01-03 05:30:00,2024-01-03 06:50:00,17
576,598,1.26661,1.2672418988507013,-1.0850000000001516,STOP,2024-01-03 17:00:00,2024-01-03 17:05:00,2024-01-03 18:50:00,22
607,621,1.26686,1.2662683312383787,1.449027997264087,STOP,2024-01-03 19:35:00,2024-01-03 19:40:00,2024-01-03 20:45:00,14
657,670,1.26709,1.266667842680416,1.1320501680192694,STOP,2024-01-03 23:45:00,2024-01-03 23:50:00,2024-01-04 00:50:00,13
728,733,1.27108,1.270400484707687,0.5527521177472234,STOP,2024-01-04 05:40:00,2024-01-04 05:45:00,2024-01-04 06:05:00,5
742,765,1.26942,1.267724923182603,1.8595860430193636,STOP,2024-01-04 06:50:00,2024-01-04 06:55:00,2024-01-04 08:45:00,23
801,814,1.26901,1.2680202176589714,0.86064871391361,STOP,2024-01-04 11:45:00,2024-01-04 11:50:00,2024-01-04 12:50:00,13
834,838,1.26757,1.2681679292875436,-1.0850000000001494,STOP,2024-01-04 14:30:00,2024-01-04 14:35:00,2024-01-04 14:50:00,4
864,866,1.26852,1.268143683100078,0.7395432572218321,STOP,2024-01-04 17:00:00,2024-01-04 17:05:00,2024-01-04 17:15:00,2
919,929,1.26901,1.268129085505325,2.1634895293333036,STOP,2024-01-04 21:40:00,2024-01-04 21:45:00,2024-01-04 22:30:00,10
945,949,1.26798,1.2677599182973582,0.5930608408820581,STOP,2024-01-04 23:50:00,2024-01-04 23:55:00,2024-01-05 00:10:00,4
1124,1150,1.27256,1.271855212146241,0.7755296463023374,STOP,2024-01-05 14:45:00,2024-01-05 14:50:00,2024-01-05 16:55:00,26
1151,1159,1.27293,1.271551092245631,2.1959809664024146,STOP,2024-01-07 17:00:00,2024-01-07 17:05:00,2024-01-07 17:40:00,8
1168,1174,1.27119,1.2716386876384165,-1.0849999999998363,STOP,2024-01-07 18:25:00,2024-01-07 18:30:00,2024-01-07 18:55:00,6
1209,1222,1.27128,1.2701361480207645,2.6734982313302122,STOP,2024-01-07 21:50:00,2024-01-07 21:55:00,2024-01-07 22:55:00,13
1241,1246,1.27002,1.2703646861634141,-1.0850000000002322,STOP,2024-01-08 00:30:00,2024-01-08 00:35:00,2024-01-08 00:55:00,5
1315,1320,1.26981,1.270653651367208,-1.0849999999998956,STOP,2024-01-08 06:40:00,2024-01-08 06:45:00,2024-01-08 07:05:00,5
1393,1400,1.27516,1.2745857751178489,0.7411586480116339,STOP,2024-01-08 13:10:00,2024-01-08 13:15:00,2024-01-08 13:45:00,7
1417,1428,1.27489,1.2754716745201455,-1.0850000000000872,STOP,2024-01-08 15:10:00,2024-01-08 15:15:00,2024-01-08 16:05:00,11
1460,1463,1.27449,1.274268439665613,0.6569243409484846,STOP,2024-01-08 18:45:00,2024-01-08 18:50:00,2024-01-08 19:00:00,3
1509,1517,1.27559,1.274695958039514,2.2191992301317356,STOP,2024-01-08 22:50:00,2024-01-08 22:55:00,2024-01-08 23:30:00,8
1527,1537,1.27414,1.2745465808306093,-1.0850000000002424,STOP,2024-01-09 00:20:00,2024-01-09 00:25:00,2024-01-09 01:10:00,10
1651,1657,1.27091,1.2694362631979235,1.576795078981878,STOP,2024-01-09 10:40:00,2024-01-09 10:45:00,2024-01-09 11:10:00,6
1684,1689,1.27041,1.2699148981026118,0.5166618239901801,STOP,2024-01-09 13:25:00,2024-01-09 13:30:00,2024-01-09 13:50:00,5
1698,1703,1.26945,1.2700641047116779,-1.0850000000001099,STOP,2024-01-09 14:35:00,2024-01-09 14:40:00,2024-01-09 15:00:00,5
1781,1790,1.27061,1.2701921952788298,0.984823033790847,STOP,2024-01-09 21:30:00,2024-01-09 21:35:00,2024-01-09 22:15:00,9
1798,1807,1.26996,1.2703453394293087,-1.0850000000000803,STOP,2024-01-09 22:55:00,2024-01-09 23:00:00,2024-01-09 23:40:00,9
1823,1827,1.27001,1.2696481779398872,1.1365293098043845,STOP,2024-01-10 01:00:00,2024-01-10 01:05:00,2024-01-10 01:20:00,4
1890,1894,1.27188,1.2725100162092242,-1.0850000000001352,STOP,2024-01-10 06:35:00,2024-01-10 06:40:00,2024-01-10 06:55:00,4
1993,1994,1.27358,1.2741341658626348,-1.0850000000001006,STOP,2024-01-10 15:10:00,2024-01-10 15:15:00,2024-01-10 15:15:00,1
2094,2101,1.27633,1.276693316514129,-1.0849999999999367,STOP,2024-01-10 23:35:00,2024-01-10 23:40:00,2024-01-11 00:10:00,7
2282,2288,1.27458,1.2755812641330362,-1.0849999999999218,STOP,2024-01-11 15:15:00,2024-01-11 15:20:00,2024-01-11 15:45:00,6
2303,2314,1.2764,1.2760583492888455,0.5182557059126888,STOP,2024-01-11 17:00:00,2024-01-11 17:05:00,2024-01-11 17:55:00,11
2375,2401,1.27722,1.2776421642953253,-1.0849999999998061,STOP,2024-01-11 23:00:00,2024-01-11 23:05:00,2024-01-12 01:10:00,26
2463,2469,1.27471,1.2729828591853691,2.534619739699436,STOP,2024-01-12 06:20:00,2024-01-12 06:25:00,2024-01-12 06:50:00,6
2591,2594,1.27502,1.2745170468393148,0.8534660309907763,STOP,2024-01-14 17:00:00,2024-01-14 17:05:00,2024-01-14 17:15:00,3
2664,2671,1.27563,1.2753140703592245,0.6681908112228142,STOP,2024-01-14 23:05:00,2024-01-14 23:10:00,2024-01-14 23:40:00,7
2768,2774,1.2722,1.2717787293264562,0.5676004588834509,STOP,2024-01-15 07:45:00,2024-01-15 07:50:00,2024-01-15 08:15:00,6
2853,2901,1.2727,1.271582599674349,3.9176666908534283,STOP,2024-01-15 14:50:00,2024-01-15 14:55:00,2024-01-15 18:50:00,48
2960,2965,1.26783,1.2682142244672667,-1.0850000000000937,STOP,2024-01-15 23:45:00,2024-01-15 23:50:00,2024-01-16 00:10:00,5
3018,3021,1.26472,1.2641462235849674,0.4368826148300817,STOP,2024-01-16 04:35:00,2024-01-16 04:40:00,2024-01-16 04:50:00,3
3032,3042,1.26295,1.2638906915500756,-1.084999999999975,STOP,2024-01-16 05:45:00,2024-01-16 05:50:00,2024-01-16 06:35:00,10
3133,3141,1.26226,1.2631688400283845,-1.0849999999999667,STOP,2024-01-16 14:10:00,2024-01-16 14:15:00,2024-01-16 14:50:00,8
3342,3348,1.26792,1.2672180664805508,0.7775033199646678,STOP,2024-01-17 07:35:00,2024-01-17 07:40:00,2024-01-17 08:05:00,6
3541,3547,1.26798,1.2683286041708568,-1.084999999999754,STOP,2024-01-18 00:10:00,2024-01-18 00:15:00,2024-01-18 00:40:00,6
3824,3832,1.27095,1.2705089149203885,1.3291949383531783,STOP,2024-01-18 23:45:00,2024-01-18 23:50:00,2024-01-19 00:25:00,8
4019,4031,1.26991,1.2705914448600442,-1.085000000000099,STOP,2024-01-21 17:00:00,2024-01-21 17:05:00,2024-01-21 18:00:00,12
4087,4109,1.27129,1.271695114114677,-1.0849999999998814,STOP,2024-01-21 22:40:00,2024-01-21 22:45:00,2024-01-22 00:30:00,22
4219,4221,1.27143,1.2722803006334216,-1.0850000000000908,STOP,2024-01-22 09:40:00,2024-01-22 09:45:00,2024-01-22 09:50:00,2
4235,4246,1.27123,1.2720791872316082,-1.08499999999993,STOP,2024-01-22 11:00:00,2024-01-22 11:05:00,2024-01-22 11:55:00,11
4259,4265,1.27189,1.2710877684300124,1.2372849755491775,STOP,2024-01-22 13:00:00,2024-01-22 13:05:00,2024-01-22 13:30:00,6
4319,4338,1.27063,1.2710379927328026,-1.0849999999997473,STOP,2024-01-22 18:00:00,2024-01-22 18:05:00,2024-01-22 19:35:00,19
4460,4474,1.27156,1.270615530018522,1.45940188277457,STOP,2024-01-23 05:45:00,2024-01-23 05:50:00,2024-01-23 06:55:00,14
4538,4547,1.26511,1.2660254579207058,-1.0850000000000177,STOP,2024-01-23 12:15:00,2024-01-23 12:20:00,2024-01-23 13:00:00,9
4645,4655,1.26873,1.2691710706055133,-1.085000000000099,STOP,2024-01-23 21:10:00,2024-01-23 21:15:00,2024-01-23 22:00:00,10
4682,4685,1.26966,1.2700177367038774,-1.085000000000293,STOP,2024-01-24 00:15:00,2024-01-24 00:20:00,2024-01-24 00:30:00,3
4764,4775,1.27346,1.2742531457578223,-1.085000000000059,STOP,2024-01-24 07:05:00,2024-01-24 07:10:00,2024-01-24 08:00:00,11
4835,4840,1.27398,1.273499611735757,0.4585174543965886,STOP,2024-01-24 13:00:00,2024-01-24 13:05:00,2024-01-24 13:25:00,5
4869,4913,1.27208,1.2708984990024659,2.0269801234986815,STOP,2024-01-24 15:50:00,2024-01-24 15:55:00,2024-01-24 19:30:00,44
4964,4970,1.27117,1.2709464802390276,0.6778215788293072,STOP,2024-01-24 23:45:00,2024-01-24 23:50:00,2024-01-25 00:15:00,6
5118,5123,1.26853,1.2695808864906635,-1.084999999999992,STOP,2024-01-25 12:35:00,2024-01-25 12:40:00,2024-01-25 13:00:00,5
5135,5141,1.26882,1.2697071081224471,-1.084999999999987,STOP,2024-01-25 14:00:00,2024-01-25 14:05:00,2024-01-25 14:30:00,6
5173,5178,1.27079,1.2704184185116105,0.7828467986548102,STOP,2024-01-25 17:10:00,2024-01-25 17:15:00,2024-01-25 17:35:00,5
5346,5353,1.27344,1.2740586862075618,-1.0850000000001683,STOP,2024-01-26 07:35:00,2024-01-26 07:40:00,2024-01-26 08:10:00,7
5378,5401,1.27263,1.2714883088103988,0.9552705013653411,STOP,2024-01-26 10:15:00,2024-01-26 10:20:00,2024-01-26 12:10:00,23
5459,5474,1.27004,1.269235700788857,1.9274732047355272,STOP,2024-01-28 17:00:00,2024-01-28 17:05:00,2024-01-28 18:15:00,15
5493,5494,1.26924,1.269611250190782,-1.0850000000000135,STOP,2024-01-28 19:50:00,2024-01-28 19:55:00,2024-01-28 19:55:00,1
5547,5558,1.27025,1.2705753685999535,-1.0849999999998914,STOP,2024-01-29 00:20:00,2024-01-29 00:25:00,2024-01-29 01:15:00,11
5607,5615,1.26996,1.2705738895169827,-1.0850000000001727,STOP,2024-01-29 05:20:00,2024-01-29 05:25:00,2024-01-29 06:00:00,8
5625,5628,1.26952,1.2701577836000673,-1.0849999999999265,STOP,2024-01-29 06:50:00,2024-01-29 06:55:00,2024-01-29 07:05:00,3
5641,5644,1.26945,1.2691158186183,0.45629647022435643,STOP,2024-01-29 08:10:00,2024-01-29 08:15:00,2024-01-29 08:25:00,3
5701,5711,1.26783,1.268382273776855,-1.0849999999999944,STOP,2024-01-29 13:10:00,2024-01-29 13:15:00,2024-01-29 14:00:00,10
5919,5923,1.26741,1.2670858760236436,0.48380996800822057,STOP,2024-01-30 07:20:00,2024-01-30 07:25:00,2024-01-30 07:40:00,4
5987,5997,1.26775,1.2684007981372232,-1.0849999999998294,STOP,2024-01-30 13:00:00,2024-01-30 13:05:00,2024-01-30 13:50:00,10
6051,6059,1.26962,1.2699227212002635,-1.0850000000001654,STOP,2024-01-30 18:20:00,2024-01-30 18:25:00,2024-01-30 19:00:00,8
6122,6126,1.26782,1.2676250657075756,0.6424599158688754,STOP,2024-01-31 00:15:00,2024-01-31 00:20:00,2024-01-31 00:35:00,4
6210,6211,1.26798,1.268528421611235,-1.0850000000001672,STOP,2024-01-31 07:35:00,2024-01-31 07:40:00,2024-01-31 07:40:00,1
6287,6288,1.26954,1.270659563311057,-1.0849999999999071,STOP,2024-01-31 14:00:00,2024-01-31 14:05:00,2024-01-31 14:05:00,1
6346,6355,1.26801,1.2685433087771796,-1.0850000000000883,STOP,2024-01-31 18:55:00,2024-01-31 19:00:00,2024-01-31 19:40:00,9
6387,6391,1.26908,1.2685132236625731,1.1350424561614554,STOP,2024-01-31 22:20:00,2024-01-31 22:25:00,2024-01-31 22:40:00,4
6472,6476,1.26457,1.264022667912133,0.6607749175454947,STOP,2024-02-01 05:25:00,2024-02-01 05:30:00,2024-02-01 05:45:00,4
6508,6509,1.26639,1.2674625484098812,-1.0850000000000444,STOP,2024-02-01 08:25:00,2024-02-01 08:30:00,2024-02-01 08:30:00,1
6611,6635,1.27451,1.2749266787231965,-1.0850000000000377,STOP,2024-02-01 17:00:00,2024-02-01 17:05:00,2024-02-01 19:00:00,24
6768,6794,1.27577,1.2765276697962908,-1.0849999999999995,STOP,2024-02-02 06:05:00,2024-02-02 06:10:00,2024-02-02 08:15:00,26
6815,6824,1.26466,1.2660971875249563,-1.084999999999949,STOP,2024-02-02 10:00:00,2024-02-02 10:05:00,2024-02-02 10:45:00,9
6849,6855,1.26151,1.2624562748236547,-1.085000000000032,STOP,2024-02-02 12:50:00,2024-02-02 12:55:00,2024-02-02 13:20:00,6
6895,6900,1.26358,1.262427895756841,2.459089798703817,STOP,2024-02-02 16:40:00,2024-02-02 16:45:00,2024-02-04 17:05:00,5
6955,6966,1.26029,1.2608257739577928,-1.0849999999999813,STOP,2024-02-04 21:40:00,2024-02-04 21:45:00,2024-02-04 22:35:00,11
6979,6986,1.26063,1.2610459454712506,-1.0849999999999933,STOP,2024-02-04 23:40:00,2024-02-04 23:45:00,2024-02-05 00:15:00,7
7061,7069,1.25798,1.2570116456949083,1.174140211009871,STOP,2024-02-05 06:30:00,2024-02-05 06:35:00,2024-02-05 07:10:00,8
7089,7092,1.25504,1.2557534089466418,-1.085000000000111,STOP,2024-02-05 08:50:00,2024-02-05 08:55:00,2024-02-05 09:05:00,3
7252,7258,1.25447,1.2541265286609442,0.9608293821318055,STOP,2024-02-05 22:25:00,2024-02-05 22:30:00,2024-02-05 22:55:00,6
7431,7435,1.25882,1.2595096813488833,-1.085000000000144,STOP,2024-02-06 13:20:00,2024-02-06 13:25:00,2024-02-06 13:40:00,4
7446,7451,1.25896,1.2595483163163295,-1.0850000000001345,STOP,2024-02-06 14:35:00,2024-02-06 14:40:00,2024-02-06 15:00:00,5
7475,7481,1.26049,1.259561129411218,2.308127813532594,STOP,2024-02-06 17:00:00,2024-02-06 17:05:00,2024-02-06 17:30:00,6
7502,7512,1.26007,1.2603958619708573,-1.0850000000003104,STOP,2024-02-06 19:15:00,2024-02-06 19:20:00,2024-02-06 20:05:00,10
7546,7568,1.2602,1.2605811731825611,-1.085000000000158,STOP,2024-02-06 22:55:00,2024-02-06 23:00:00,2024-02-07 00:45:00,22
7629,7637,1.26266,1.2633209087246928,-1.085000000000093,STOP,2024-02-07 05:50:00,2024-02-07 05:55:00,2024-02-07 06:30:00,8
7695,7715,1.26209,1.2630360727884258,-1.085000000000094,STOP,2024-02-07 11:20:00,2024-02-07 11:25:00,2024-02-07 13:00:00,20
7748,7755,1.26228,1.262728211080912,-1.0849999999998314,STOP,2024-02-07 15:45:00,2024-02-07 15:50:00,2024-02-07 16:20:00,7
7763,7765,1.26296,1.2627805367571927,0.42831290803982597,STOP,2024-02-07 17:00:00,2024-02-07 17:05:00,2024-02-07 17:10:00,2
7831,7839,1.26323,1.263520016964442,-1.0850000000002642,STOP,2024-02-07 22:40:00,2024-02-07 22:45:00,2024-02-07 23:20:00,8
7845,7852,1.26301,1.2633017802999953,-1.084999999999953,STOP,2024-02-07 23:50:00,2024-02-07 23:55:00,2024-02-08 00:25:00,7
7913,7925,1.26233,1.260411321471227,2.9220897521760283,STOP,2024-02-08 05:30:00,2024-02-08 05:35:00,2024-02-08 06:30:00,12
7936,7946,1.25969,1.2602969145455254,-1.0850000000001805,STOP,2024-02-08 07:25:00,2024-02-08 07:30:00,2024-02-08 08:15:00,10
8011,8018,1.26152,1.2621753950752648,-1.0849999999999431,STOP,2024-02-08 13:40:00,2024-02-08 13:45:00,2024-02-08 14:15:00,7
8024,8027,1.26125,1.2617741017274793,-1.0849999999998752,STOP,2024-02-08 14:45:00,2024-02-08 14:50:00,2024-02-08 15:00:00,3
8050,8054,1.262,1.2615666248219632,1.4194679776021026,STOP,2024-02-08 16:55:00,2024-02-08 17:00:00,2024-02-08 17:15:00,4
8081,8087,1.2617,1.2615024365749175,0.6794772810854349,STOP,2024-02-08 19:30:00,2024-02-08 19:35:00,2024-02-08 20:00:00,6
8117,8126,1.2617,1.261259181093134,1.5867166439922564,STOP,2024-02-08 22:30:00,2024-02-08 22:35:00,2024-02-08 23:15:00,9
8146,8153,1.26152,1.2617511624920001,-1.0849999999997466,STOP,2024-02-09 00:55:00,2024-02-09 01:00:00,2024-02-09 01:30:00,7
8197,8221,1.26068,1.2612871404216317,-1.0850000000000124,STOP,2024-02-09 05:10:00,2024-02-09 05:15:00,2024-02-09 07:10:00,24
8275,8347,1.263,1.26238,0.7358430148892565,TIME,2024-02-09 11:40:00,2024-02-09 11:45:00,2024-02-11 17:40:00,72
8380,8399,1.2636,1.2633406880349987,0.7256356294453772,STOP,2024-02-11 20:25:00,2024-02-11 20:30:00,2024-02-11 22:00:00,19
8486,8490,1.26179,1.262409776604216,-1.084999999999885,STOP,2024-02-12 05:15:00,2024-02-12 05:20:00,2024-02-12 05:35:00,4
8498,8524,1.26157,1.2610274015146083,0.8395709013207596,STOP,2024-02-12 06:15:00,2024-02-12 06:20:00,2024-02-12 08:25:00,26
8596,8603,1.26315,1.2625737327299347,1.1747986610362149,STOP,2024-02-12 14:25:00,2024-02-12 14:30:00,2024-02-12 15:00:00,7
8652,8654,1.26249,1.262361198339674,0.4180478190496096,STOP,2024-02-12 19:05:00,2024-02-12 19:10:00,2024-02-12 19:15:00,2
8697,8712,1.26117,1.261431658861269,-1.0849999999996283,STOP,2024-02-12 22:50:00,2024-02-12 22:55:00,2024-02-13 00:05:00,15
8755,8764,1.26391,1.2646297269853448,-1.0850000000001525,STOP,2024-02-13 03:40:00,2024-02-13 03:45:00,2024-02-13 04:25:00,9
8791,8797,1.26638,1.2670258581105158,-1.08500000000013,STOP,2024-02-13 06:40:00,2024-02-13 06:45:00,2024-02-13 07:10:00,6
8813,8833,1.25965,1.2584356099511014,0.6610939905827165,STOP,2024-02-13 08:30:00,2024-02-13 08:35:00,2024-02-13 10:10:00,20
8869,8883,1.25968,1.2580897203414458,2.0432097716741735,STOP,2024-02-13 13:10:00,2024-02-13 13:15:00,2024-02-13 14:20:00,14
9054,9082,1.25412,1.2550713497043797,-1.0850000000000675,STOP,2024-02-14 04:35:00,2024-02-14 04:40:00,2024-02-14 06:55:00,28
9203,9206,1.25682,1.2563179420878174,1.3743471725107883,STOP,2024-02-14 17:00:00,2024-02-14 17:05:00,2024-02-14 17:15:00,3
9283,9287,1.25623,1.2564991830115104,-1.0849999999999334,STOP,2024-02-14 23:40:00,2024-02-14 23:45:00,2024-02-15 00:00:00,4
9354,9359,1.25518,1.255829472993979,-1.0849999999999063,STOP,2024-02-15 05:35:00,2024-02-15 05:40:00,2024-02-15 06:00:00,5
9471,9475,1.25944,1.2598286756269887,-1.0849999999998505,STOP,2024-02-15 15:20:00,2024-02-15 15:25:00,2024-02-15 15:40:00,4
9491,9497,1.26015,1.2597135959362076,1.1673093108566819,STOP,2024-02-15 17:00:00,2024-02-15 17:05:00,2024-02-15 17:30:00,6
9566,9572,1.25788,1.258169669247047,-1.084999999999757,STOP,2024-02-15 23:15:00,2024-02-15 23:20:00,2024-02-15 23:45:00,6
9850,9862,1.26127,1.2615582258084719,-1.0850000000002464,STOP,2024-02-18 22:55:00,2024-02-18 23:00:00,2024-02-18 23:55:00,12
9876,9882,1.2617,1.2619620400477394,-1.0849999999997593,STOP,2024-02-19 01:05:00,2024-02-19 01:10:00,2024-02-19 01:35:00,6
9946,9972,1.26117,1.2597993294405203,2.6545481170988654,STOP,2024-02-19 06:55:00,2024-02-19 07:00:00,2024-02-19 09:05:00,26
10050,10053,1.25964,1.259789801173287,-1.0849999999998086,STOP,2024-02-19 15:35:00,2024-02-19 15:40:00,2024-02-19 15:50:00,3
10155,10159,1.25853,1.258162329263573,1.4321632521929153,STOP,2024-02-20 00:20:00,2024-02-20 00:25:00,2024-02-20 00:40:00,4
10307,10322,1.26285,1.2623282160198077,0.6223079948025734,STOP,2024-02-20 13:00:00,2024-02-20 13:05:00,2024-02-20 14:15:00,15
10382,10384,1.26208,1.2624044390502902,-1.0850000000003186,STOP,2024-02-20 19:15:00,2024-02-20 19:20:00,2024-02-20 19:25:00,2
10436,10448,1.26318,1.2634618831541284,-1.084999999999952,STOP,2024-02-20 23:45:00,2024-02-20 23:50:00,2024-02-21 00:45:00,12
10595,10598,1.26119,1.2618698686486447,-1.0850000000000783,STOP,2024-02-21 13:00:00,2024-02-21 13:05:00,2024-02-21 13:15:00,3
10800,10810,1.26701,1.2677985834781216,-1.084999999999909,STOP,2024-02-22 06:05:00,2024-02-22 06:10:00,2024-02-22 06:55:00,10
10821,10830,1.26697,1.2647270876536683,3.587462232724339,STOP,2024-02-22 07:50:00,2024-02-22 07:55:00,2024-02-22 08:35:00,9
10903,10946,1.26574,1.2662494835188527,-1.0849999999999345,STOP,2024-02-22 14:40:00,2024-02-22 14:45:00,2024-02-22 18:15:00,43
10962,10966,1.26539,1.265827498577932,-1.0850000000000628,STOP,2024-02-22 19:35:00,2024-02-22 19:40:00,2024-02-22 19:55:00,4
10992,11001,1.26589,1.2662549590349075,-1.084999999999996,STOP,2024-02-22 22:05:00,2024-02-22 22:10:00,2024-02-22 22:50:00,9
11022,11027,1.26644,1.2662243233187669,1.1192901812291192,STOP,2024-02-23 00:35:00,2024-02-23 00:40:00,2024-02-23 01:00:00,5
11187,11202,1.26743,1.2668362160095727,1.2417315304870924,STOP,2024-02-23 14:20:00,2024-02-23 14:25:00,2024-02-23 15:35:00,15
11247,11259,1.26689,1.2662795012574855,1.5127012411244862,STOP,2024-02-25 19:20:00,2024-02-25 19:25:00,2024-02-25 20:20:00,12
11398,11400,1.26846,1.2691278010857405,-1.0850000000001652,STOP,2024-02-26 07:55:00,2024-02-26 08:00:00,2024-02-26 08:05:00,2
11413,11425,1.26834,1.2676012146527529,1.0082844594124087,STOP,2024-02-26 09:10:00,2024-02-26 09:15:00,2024-02-26 10:10:00,12
11451,11484,1.26738,1.267972496011934,-1.0850000000000823,STOP,2024-02-26 12:20:00,2024-02-26 12:25:00,2024-02-26 15:05:00,33
11682,11692,1.26839,1.2680524100576167,0.493781045839456,STOP,2024-02-27 07:35:00,2024-02-27 07:40:00,2024-02-27 08:25:00,10
11709,11711,1.26686,1.2675974337605649,-1.085000000000057,STOP,2024-02-27 09:50:00,2024-02-27 09:55:00,2024-02-27 10:00:00,2
11868,11890,1.26664,1.265853435963339,2.5751643153030916,STOP,2024-02-27 23:05:00,2024-02-27 23:10:00,2024-02-28 00:55:00,22
11901,11912,1.26557,1.2646872260810635,3.122815869291926,STOP,2024-02-28 01:50:00,2024-02-28 01:55:00,2024-02-28 02:45:00,11
12053,12063,1.26536,1.265762465908598,-1.0850000000002062,STOP,2024-02-28 14:30:00,2024-02-28 14:35:00,2024-02-28 15:20:00,10
12114,12119,1.2659,1.2661597988275344,-1.0849999999998918,STOP,2024-02-28 19:35:00,2024-02-28 19:40:00,2024-02-28 20:00:00,5
12164,12182,1.26663,1.266345920400092,0.8310709620941111,STOP,2024-02-28 23:45:00,2024-02-28 23:50:00,2024-02-29 01:15:00,18
12238,12241,1.26582,1.2664867242364037,-1.0850000000001199,STOP,2024-02-29 05:55:00,2024-02-29 06:00:00,2024-02-29 06:10:00,3
12343,12354,1.26151,1.2620508553911916,-1.0850000000000934,STOP,2024-02-29 14:40:00,2024-02-29 14:45:00,2024-02-29 15:35:00,11
12448,12455,1.26313,1.2629123385291354,0.864564553405855,STOP,2024-02-29 23:25:00,2024-02-29 23:30:00,2024-03-01 00:00:00,7
12547,12551,1.26371,1.263318556729007,0.5229638010709531,STOP,2024-03-01 07:40:00,2024-03-01 07:45:00,2024-03-01 08:00:00,4
12643,12662,1.26557,1.2652382976776677,0.8071787334046563,STOP,2024-03-01 15:40:00,2024-03-01 15:45:00,2024-03-03 17:15:00,19
12819,12821,1.26717,1.2676335368398812,-1.0850000000002058,STOP,2024-03-04 06:20:00,2024-03-04 06:25:00,2024-03-04 06:30:00,2
12837,12845,1.26759,1.267069316222756,1.101895260691214,STOP,2024-03-04 07:50:00,2024-03-04 07:55:00,2024-03-04 08:30:00,8
12970,12973,1.26902,1.2692626153631994,-1.085000000000357,STOP,2024-03-04 18:55:00,2024-03-04 19:00:00,2024-03-04 19:10:00,3
12985,12991,1.2691,1.2689803303315252,0.3849275519898011,STOP,2024-03-04 20:10:00,2024-03-04 20:15:00,2024-03-04 20:40:00,6
13025,13031,1.2687,1.2685194556209332,0.5995248795566189,STOP,2024-03-04 23:30:00,2024-03-04 23:35:00,2024-03-05 00:00:00,6
13170,13193,1.27148,1.270816481096544,0.609073532163198,STOP,2024-03-05 11:35:00,2024-03-05 11:40:00,2024-03-05 13:30:00,23
13213,13219,1.26974,1.2702238660368388,-1.084999999999959,STOP,2024-03-05 15:10:00,2024-03-05 15:15:00,2024-03-05 15:40:00,6
13259,13267,1.27002,1.2695857374507087,1.3841832714252489,STOP,2024-03-05 19:00:00,2024-03-05 19:05:00,2024-03-05 19:40:00,8
13386,13390,1.27174,1.2723087214563265,-1.0849999999999103,STOP,2024-03-06 05:35:00,2024-03-06 05:40:00,2024-03-06 05:55:00,4
13411,13415,1.27196,1.270998717712196,1.7093882391475759,STOP,2024-03-06 07:40:00,2024-03-06 07:45:00,2024-03-06 08:00:00,4
13501,13521,1.27347,1.2728048326108468,1.0480473040647567,STOP,2024-03-06 15:10:00,2024-03-06 15:15:00,2024-03-06 16:50:00,20
13613,13616,1.27361,1.273445986544094,0.46527446233755426,STOP,2024-03-07 00:30:00,2024-03-07 00:35:00,2024-03-07 00:45:00,3
13782,13785,1.28007,1.280599524680943,-1.0850000000001596,STOP,2024-03-07 14:35:00,2024-03-07 14:40:00,2024-03-07 14:50:00,3
13871,13878,1.2805,1.280811309019571,-1.0850000000000541,STOP,2024-03-07 22:00:00,2024-03-07 22:05:00,2024-03-07 22:35:00,7
14028,14037,1.28648,1.2850625337826944,1.1248065402295226,STOP,2024-03-08 11:05:00,2024-03-08 11:10:00,2024-03-08 11:50:00,9
14189,14195,1.28493,1.2852074190298552,-1.0849999999999074,STOP,2024-03-10 23:30:00,2024-03-10 23:35:00,2024-03-11 00:00:00,6
14284,14291,1.28411,1.2827139737302622,2.5904829862158953,STOP,2024-03-11 07:25:00,2024-03-11 07:30:00,2024-03-11 08:00:00,7
14387,14417,1.28129,1.2816140869879669,-1.0849999999997628,STOP,2024-03-11 16:00:00,2024-03-11 16:05:00,2024-03-11 18:30:00,30
14471,14482,1.28174,1.2815664170306094,0.5002788257285778,STOP,2024-03-11 23:00:00,2024-03-11 23:05:00,2024-03-11 23:55:00,11
14568,14569,1.27882,1.2792986049101476,-1.0849999999999809,STOP,2024-03-12 07:05:00,2024-03-12 07:10:00,2024-03-12 07:10:00,1
14628,14631,1.27711,1.2779193046082222,-1.084999999999891,STOP,2024-03-12 12:05:00,2024-03-12 12:10:00,2024-03-12 12:20:00,3
14675,14681,1.27942,1.2789993844927794,1.1588904662443646,STOP,2024-03-12 16:00:00,2024-03-12 16:05:00,2024-03-12 16:30:00,6
14821,14826,1.279,1.278570588510946,0.7335256720323268,STOP,2024-03-13 04:10:00,2024-03-13 04:15:00,2024-03-13 04:35:00,5
14875,14881,1.27912,1.2798249083933508,-1.0849999999999198,STOP,2024-03-13 08:40:00,2024-03-13 08:45:00,2024-03-13 09:10:00,6
14893,14896,1.27953,1.280209453593104,-1.0850000000001387,STOP,2024-03-13 10:10:00,2024-03-13 10:15:00,2024-03-13 10:25:00,3
14929,14945,1.28032,1.2794512661040687,1.4922000089525962,STOP,2024-03-13 13:10:00,2024-03-13 13:15:00,2024-03-13 14:30:00,16
14963,14966,1.27983,1.2796458451626127,0.5378007913863687,STOP,2024-03-13 16:00:00,2024-03-13 16:05:00,2024-03-13 16:15:00,3
15033,15045,1.27947,1.2790707241698271,1.2281766533818146,STOP,2024-03-13 21:50:00,2024-03-13 21:55:00,2024-03-13 22:50:00,12
15140,15148,1.28074,1.279570250350734,2.283589547644277,STOP,2024-03-14 06:45:00,2024-03-14 06:50:00,2024-03-14 07:25:00,8
15233,15237,1.27456,1.2750314263129563,-1.0849999999998898,STOP,2024-03-14 14:30:00,2024-03-14 14:35:00,2024-03-14 14:50:00,4
15273,15278,1.27511,1.274764771318388,1.2020322662694154,STOP,2024-03-14 17:50:00,2024-03-14 17:55:00,2024-03-14 18:15:00,5
15353,15362,1.27364,1.2738740162151148,-1.0850000000001774,STOP,2024-03-15 00:30:00,2024-03-15 00:35:00,2024-03-15 01:15:00,9
15491,15509,1.27284,1.2735166200417638,-1.085000000000044,STOP,2024-03-15 12:00:00,2024-03-15 12:05:00,2024-03-15 13:30:00,18
15525,15541,1.27352,1.2729594514387446,1.317904662619392,STOP,2024-03-15 14:50:00,2024-03-15 14:55:00,2024-03-17 16:10:00,16
15563,15578,1.27331,1.2728832189913564,1.191499318124653,STOP,2024-03-17 18:00:00,2024-03-17 18:05:00,2024-03-17 19:15:00,15
15590,15594,1.27277,1.2730877197128325,-1.0850000000000903,STOP,2024-03-17 20:15:00,2024-03-17 20:20:00,2024-03-17 20:35:00,4
15619,15623,1.27323,1.2727890801920507,1.656227638234303,STOP,2024-03-17 22:40:00,2024-03-17 22:45:00,2024-03-17 23:00:00,4
15726,15730,1.27373,1.2733564341925692,0.726781615375853,STOP,2024-03-18 07:35:00,2024-03-18 07:40:00,2024-03-18 07:55:00,4
15813,15826,1.27246,1.2728126073133714,-1.0849999999997,STOP,2024-03-18 14:50:00,2024-03-18 14:55:00,2024-03-18 15:55:00,13
15848,15861,1.27264,1.2724966995602585,0.4998666912874406,STOP,2024-03-18 17:45:00,2024-03-18 17:50:00,2024-03-18 18:50:00,13
15932,15937,1.27094,1.2705422909392519,0.8327184784453852,STOP,2024-03-19 00:45:00,2024-03-19 00:50:00,2024-03-19 01:10:00,5
16047,16053,1.27047,1.2709933043111707,-1.0850000000001934,STOP,2024-03-19 10:20:00,2024-03-19 10:25:00,2024-03-19 10:50:00,6
16083,16116,1.27239,1.2720270982414277,0.7392436981978985,STOP,2024-03-19 13:20:00,2024-03-19 13:25:00,2024-03-19 16:05:00,33
16209,16229,1.27199,1.2722528309188483,-1.0850000000000968,STOP,2024-03-19 23:50:00,2024-03-19 23:55:00,2024-03-20 01:30:00,20
16297,16303,1.26905,1.268660312231219,0.6974264010564168,STOP,2024-03-20 07:10:00,2024-03-20 07:15:00,2024-03-20 07:40:00,6
16444,16445,1.27907,1.2793967448644898,-1.0850000000000861,STOP,2024-03-20 19:25:00,2024-03-20 19:30:00,2024-03-20 19:30:00,1
16488,16496,1.2795,1.279225343242997,0.7813524792400152,STOP,2024-03-20 23:05:00,2024-03-20 23:10:00,2024-03-20 23:45:00,8
16566,16580,1.2769,1.2751014803353733,2.369332019521837,STOP,2024-03-21 05:35:00,2024-03-21 05:40:00,2024-03-21 06:45:00,14
16669,16681,1.26553,1.265261355718445,0.5237460378831095,STOP,2024-03-21 14:10:00,2024-03-21 14:15:00,2024-03-21 15:10:00,12
16715,16720,1.26562,1.2658597716302373,-1.0850000000001971,STOP,2024-03-21 18:00:00,2024-03-21 18:05:00,2024-03-21 18:25:00,5
16794,16798,1.26374,1.2641704952290926,-1.085000000000051,STOP,2024-03-22 00:35:00,2024-03-22 00:40:00,2024-03-22 00:55:00,4
16914,16935,1.25995,1.2593017232425234,0.8865176702692417,STOP,2024-03-22 10:35:00,2024-03-22 10:40:00,2024-03-22 12:20:00,21
16957,16965,1.25899,1.259374845855757,-1.0850000000000017,STOP,2024-03-22 14:10:00,2024-03-22 14:15:00,2024-03-22 14:50:00,8
17019,17022,1.25954,1.2593546629808454,0.5112983308330188,STOP,2024-03-24 19:20:00,2024-03-24 19:25:00,2024-03-24 19:35:00,3
17056,17060,1.26099,1.2607603504017406,0.5941650423402901,STOP,2024-03-24 22:25:00,2024-03-24 22:30:00,2024-03-24 22:45:00,4
17193,17206,1.26421,1.2647868550599044,-1.0849999999998474,STOP,2024-03-25 09:50:00,2024-03-25 09:55:00,2024-03-25 10:55:00,13
17295,17311,1.26366,1.2638701560876309,-1.08499999999995,STOP,2024-03-25 18:20:00,2024-03-25 18:25:00,2024-03-25 19:40:00,16
17446,17454,1.26534,1.2645276442912197,1.2935815583874453,STOP,2024-03-26 06:55:00,2024-03-26 07:00:00,2024-03-26 07:35:00,8
17517,17589,1.26275,1.26279,-0.1548709319688816,TIME,2024-03-26 12:50:00,2024-03-26 12:55:00,2024-03-26 18:50:00,72
17634,17640,1.2611,1.261484303216838,-1.085000000000248,STOP,2024-03-26 22:35:00,2024-03-26 22:40:00,2024-03-26 23:05:00,6
17654,17665,1.26148,1.2617351546482043,-1.0849999999999715,STOP,2024-03-27 00:15:00,2024-03-27 00:20:00,2024-03-27 01:10:00,11
17731,17736,1.26273,1.2611153665589883,2.7611390633078012,STOP,2024-03-27 06:40:00,2024-03-27 06:45:00,2024-03-27 07:05:00,5
17843,17846,1.26368,1.2634678802083805,0.7290105554511536,STOP,2024-03-27 16:00:00,2024-03-27 16:05:00,2024-03-27 16:15:00,3
17880,17884,1.26144,1.2618129708608163,-1.0850000000002324,STOP,2024-03-27 19:05:00,2024-03-27 19:10:00,2024-03-27 19:25:00,4
17926,17931,1.26279,1.2630905844411089,-1.0849999999999844,STOP,2024-03-27 22:55:00,2024-03-27 23:00:00,2024-03-27 23:20:00,5
18022,18024,1.26124,1.2618128497912395,-1.0849999999999655,STOP,2024-03-28 06:55:00,2024-03-28 07:00:00,2024-03-28 07:05:00,2
18086,18106,1.26279,1.2619974028274588,0.969237692781874,STOP,2024-03-28 12:15:00,2024-03-28 12:20:00,2024-03-28 13:55:00,20
18120,18125,1.2619,1.2622666940521625,-1.085000000000182,STOP,2024-03-28 15:05:00,2024-03-28 15:10:00,2024-03-28 15:30:00,5
18166,18177,1.26226,1.2620661828527162,0.6066766847212793,STOP,2024-03-28 18:55:00,2024-03-28 19:00:00,2024-03-28 19:50:00,11
18191,18193,1.2623,1.2619467136696265,1.1536040079114764,STOP,2024-03-28 21:00:00,2024-03-28 21:05:00,2024-03-28 21:10:00,2
18227,18242,1.26218,1.2618999309746375,1.257677172722495,STOP,2024-03-29 00:00:00,2024-03-29 00:05:00,2024-03-29 01:15:00,15
18281,18288,1.26214,1.2614895881851653,2.7206840402782873,STOP,2024-03-29 04:30:00,2024-03-29 04:35:00,2024-03-29 05:05:00,7
18343,18344,1.2635,1.2638654616371634,-1.0849999999997095,STOP,2024-03-29 09:40:00,2024-03-29 09:45:00,2024-03-29 09:45:00,1
18510,18514,1.26257,1.2628382090019195,-1.0850000000002562,STOP,2024-04-01 01:35:00,2024-04-01 01:40:00,2024-04-01 01:55:00,4
18563,18570,1.26185,1.2611321797799637,1.6800382963108271,STOP,2024-04-01 06:00:00,2024-04-01 06:05:00,2024-04-01 06:35:00,7
18665,18688,1.2545,1.2548402059616468,-1.084999999999712,STOP,2024-04-01 14:30:00,2024-04-01 14:35:00,2024-04-01 16:25:00,23
18717,18721,1.25501,1.254467528810666,1.9884216223739775,STOP,2024-04-01 18:50:00,2024-04-01 18:55:00,2024-04-01 19:10:00,4
18772,18785,1.2542,1.2545123452471625,-1.0850000000001845,STOP,2024-04-01 23:25:00,2024-04-01 23:30:00,2024-04-02 00:30:00,13
18857,18873,1.25637,1.2569372012936162,-1.0850000000000302,STOP,2024-04-02 06:30:00,2024-04-02 06:35:00,2024-04-02 07:50:00,16
18936,18946,1.25682,1.2573638494141277,-1.085000000000066,STOP,2024-04-02 13:05:00,2024-04-02 13:10:00,2024-04-02 13:55:00,10
19020,19034,1.25732,1.2571427218882243,0.6561412805111192,STOP,2024-04-02 20:05:00,2024-04-02 20:10:00,2024-04-02 21:15:00,14
19089,19097,1.25769,1.2572295454955367,1.6522306033861025,STOP,2024-04-03 01:50:00,2024-04-03 01:55:00,2024-04-03 02:30:00,8
19249,19301,1.26497,1.2654440495452486,-1.0849999999999744,STOP,2024-04-03 15:10:00,2024-04-03 15:15:00,2024-04-03 19:30:00,52
19306,19311,1.26518,1.265051442404697,0.4689577844133334,STOP,2024-04-03 19:55:00,2024-04-03 20:00:00,2024-04-03 20:20:00,5
19331,19339,1.26481,1.265129172311044,-1.0849999999996986,STOP,2024-04-03 22:00:00,2024-04-03 22:05:00,2024-04-03 22:40:00,8
19447,19452,1.26547,1.2652284908154103,0.4441569281438255,STOP,2024-04-04 07:40:00,2024-04-04 07:45:00,2024-04-04 08:05:00,5
19524,19532,1.26591,1.2647349023164345,2.8711339791008372,STOP,2024-04-04 14:05:00,2024-04-04 14:10:00,2024-04-04 14:45:00,8
19661,19667,1.26242,1.2626779467456126,-1.0850000000002058,STOP,2024-04-05 01:30:00,2024-04-05 01:35:00,2024-04-05 02:00:00,6
19715,19740,1.26331,1.2637941909045451,-1.085000000000181,STOP,2024-04-05 06:00:00,2024-04-05 06:05:00,2024-04-05 08:05:00,25
19847,19859,1.26337,1.2631606037342717,0.43055981572300145,STOP,2024-04-07 17:00:00,2024-04-07 17:05:00,2024-04-07 18:00:00,12
19883,19886,1.26192,1.2616292351356944,0.6964125265652328,STOP,2024-04-07 20:00:00,2024-04-07 20:05:00,2024-04-07 20:15:00,3
20079,20088,1.26446,1.2650774169634664,-1.0850000000001743,STOP,2024-04-08 12:20:00,2024-04-08 12:25:00,2024-04-08 13:05:00,9
20109,20136,1.26576,1.2649110439129978,1.9693932710380442,STOP,2024-04-08 14:50:00,2024-04-08 14:55:00,2024-04-08 17:05:00,27
20213,20225,1.26542,1.2657147723552784,-1.0850000000002236,STOP,2024-04-08 23:30:00,2024-04-08 23:35:00,2024-04-09 00:30:00,12
20309,20314,1.26822,1.2679166093122567,0.4639277100966129,STOP,2024-04-09 07:30:00,2024-04-09 07:35:00,2024-04-09 07:55:00,5
20375,20402,1.26688,1.266506845953179,0.6732528645577923,STOP,2024-04-09 13:00:00,2024-04-09 13:05:00,2024-04-09 15:15:00,27
20447,20469,1.2676,1.2674869646606104,0.5473956757917178,STOP,2024-04-09 19:00:00,2024-04-09 19:05:00,2024-04-09 20:50:00,22
20508,20520,1.26747,1.2677474772036772,-1.0849999999997715,STOP,2024-04-10 00:05:00,2024-04-10 00:10:00,2024-04-10 01:05:00,12
20639,20651,1.25581,1.254243613743314,0.9835142101933798,STOP,2024-04-10 11:00:00,2024-04-10 11:05:00,2024-04-10 12:00:00,12
20711,20713,1.25405,1.2538051003567021,0.4631748489770508,STOP,2024-04-10 17:00:00,2024-04-10 17:05:00,2024-04-10 17:10:00,2
20745,20749,1.2536,1.2534346829763694,0.4747703645592302,STOP,2024-04-10 19:50:00,2024-04-10 19:55:00,2024-04-10 20:10:00,4
20852,20867,1.25529,1.2538197707549565,2.007529254762278,STOP,2024-04-11 04:45:00,2024-04-11 04:50:00,2024-04-11 06:00:00,15
20914,20926,1.25504,1.2519598218818944,2.433742875949305,STOP,2024-04-11 09:55:00,2024-04-11 10:00:00,2024-04-11 10:55:00,12
20992,21036,1.25555,1.2551397935131698,1.0117694786948082,STOP,2024-04-11 16:25:00,2024-04-11 16:30:00,2024-04-11 20:05:00,44
21072,21078,1.25535,1.2549472126582577,1.1796436122837615,STOP,2024-04-11 23:05:00,2024-04-11 23:10:00,2024-04-11 23:35:00,6
21287,21293,1.24532,1.2439586344932005,3.2132165021279318,STOP,2024-04-14 17:00:00,2024-04-14 17:05:00,2024-04-14 17:30:00,6
21326,21338,1.24535,1.2446609888898101,1.3304613336006264,STOP,2024-04-14 20:15:00,2024-04-14 20:20:00,2024-04-14 21:15:00,12
21362,21366,1.24572,1.2461781683405357,-1.0850000000002016,STOP,2024-04-14 23:15:00,2024-04-14 23:20:00,2024-04-14 23:35:00,4
21463,21469,1.24848,1.2479237554685032,0.8096261723894205,STOP,2024-04-15 07:40:00,2024-04-15 07:45:00,2024-04-15 08:10:00,6
21531,21538,1.24534,1.2444172818725392,1.2610013471507617,STOP,2024-04-15 13:20:00,2024-04-15 13:25:00,2024-04-15 13:55:00,7
21551,21562,1.24407,1.2446356320486942,-1.0850000000000357,STOP,2024-04-15 15:00:00,2024-04-15 15:05:00,2024-04-15 15:55:00,11
21610,21614,1.24465,1.2443238705193815,1.3094116890241372,STOP,2024-04-15 19:55:00,2024-04-15 20:00:00,2024-04-15 20:15:00,4
21795,21822,1.24361,1.2417676056350542,1.810851770414949,STOP,2024-04-16 11:20:00,2024-04-16 11:25:00,2024-04-16 13:35:00,27
21845,21917,1.24296,1.24308,-0.21639858647122984,TIME,2024-04-16 15:30:00,2024-04-16 15:35:00,2024-04-16 21:30:00,72
21959,21968,1.24275,1.2419537291910137,2.5781277043274287,STOP,2024-04-17 01:00:00,2024-04-17 01:05:00,2024-04-17 01:45:00,9
22026,22031,1.24609,1.2456687089156848,0.5290809533565833,STOP,2024-04-17 06:35:00,2024-04-17 06:40:00,2024-04-17 07:00:00,5
22047,22050,1.24473,1.245458271869887,-1.0849999999999995,STOP,2024-04-17 08:20:00,2024-04-17 08:25:00,2024-04-17 08:35:00,3
22089,22093,1.24435,1.2430849458496314,1.4102105226800057,STOP,2024-04-17 11:50:00,2024-04-17 11:55:00,2024-04-17 12:10:00,4
22129,22145,1.24464,1.2454937468133334,-1.0850000000000593,STOP,2024-04-17 15:10:00,2024-04-17 15:15:00,2024-04-17 16:30:00,16
22181,22188,1.24538,1.2449993430300508,1.4536875975604395,STOP,2024-04-17 19:30:00,2024-04-17 19:35:00,2024-04-17 20:05:00,7
22250,22255,1.24673,1.2470222224524403,-1.0849999999997422,STOP,2024-04-18 01:15:00,2024-04-18 01:20:00,2024-04-18 01:40:00,5
22302,22307,1.24681,1.2474212608833402,-1.0850000000001228,STOP,2024-04-18 05:35:00,2024-04-18 05:40:00,2024-04-18 06:00:00,5
22387,22396,1.24557,1.2437356938633581,2.4241563415903316,STOP,2024-04-18 12:40:00,2024-04-18 12:45:00,2024-04-18 13:25:00,9
22437,22444,1.24356,1.2438591226918478,-1.084999999999845,STOP,2024-04-18 16:50:00,2024-04-18 16:55:00,2024-04-18 17:25:00,7
22459,22467,1.24346,1.2432908011825707,0.591217081535356,STOP,2024-04-18 18:40:00,2024-04-18 18:45:00,2024-04-18 19:20:00,8
22537,22549,1.24188,1.2409508749638927,1.4807778950182164,STOP,2024-04-19 01:10:00,2024-04-19 01:15:00,2024-04-19 02:10:00,12
22598,22601,1.24382,1.2445226218873167,-1.084999999999881,STOP,2024-04-19 06:15:00,2024-04-19 06:20:00,2024-04-19 06:30:00,3
22686,22700,1.23792,1.2372606088185252,0.7140810308455778,STOP,2024-04-19 13:35:00,2024-04-19 13:40:00,2024-04-19 14:45:00,14
22728,22734,1.23842,1.237220444232552,2.40097246305243,STOP,2024-04-21 17:05:00,2024-04-21 17:10:00,2024-04-21 17:35:00,6
22874,22888,1.23568,1.2338384626874406,2.4986556210687407,STOP,2024-04-22 05:15:00,2024-04-22 05:20:00,2024-04-22 06:25:00,14
22919,22926,1.23083,1.2304417878100096,0.444424568046446,STOP,2024-04-22 09:00:00,2024-04-22 09:05:00,2024-04-22 09:35:00,7
23014,23016,1.23497,1.2347779533388341,0.5829538072339572,STOP,2024-04-22 16:55:00,2024-04-22 17:00:00,2024-04-22 17:05:00,2
23041,23049,1.23493,1.2351076712714666,-1.0849999999999982,STOP,2024-04-22 19:10:00,2024-04-22 19:15:00,2024-04-22 19:50:00,8
23111,23116,1.23482,1.2346647713615426,0.5060424470455426,STOP,2024-04-23 01:00:00,2024-04-23 01:05:00,2024-04-23 01:25:00,5
23179,23186,1.23504,1.2357635564151532,-1.0849999999999105,STOP,2024-04-23 06:40:00,2024-04-23 06:45:00,2024-04-23 07:15:00,7
23231,23235,1.24259,1.2440975765744384,-1.0850000000000317,STOP,2024-04-23 11:00:00,2024-04-23 11:05:00,2024-04-23 11:20:00,4
23276,23297,1.24526,1.244855541816754,0.7467220094090761,STOP,2024-04-23 14:45:00,2024-04-23 14:50:00,2024-04-23 16:30:00,21
23303,23315,1.2451,1.2448701466479597,0.5814255504375143,STOP,2024-04-23 17:00:00,2024-04-23 17:05:00,2024-04-23 18:00:00,12
23334,23337,1.24484,1.2450835242235,-1.0849999999995545,STOP,2024-04-23 19:35:00,2024-04-23 19:40:00,2024-04-23 19:50:00,3
23373,23386,1.24584,1.2455429689392425,0.7745577059583886,STOP,2024-04-23 22:50:00,2024-04-23 22:55:00,2024-04-23 23:55:00,13
23395,23407,1.24548,1.2453008456527608,0.6461090475803128,STOP,2024-04-24 00:40:00,2024-04-24 00:45:00,2024-04-24 01:40:00,12
23480,23487,1.2433,1.2438193492282235,-1.0850000000000877,STOP,2024-04-24 07:45:00,2024-04-24 07:50:00,2024-04-24 08:20:00,7
23527,23539,1.24293,1.2438037063421956,-1.0849999999999163,STOP,2024-04-24 11:40:00,2024-04-24 11:45:00,2024-04-24 12:40:00,12
23557,23565,1.24485,1.2454355420763004,-1.0849999999998952,STOP,2024-04-24 14:10:00,2024-04-24 14:15:00,2024-04-24 14:50:00,8
23592,23596,1.24633,1.2461052824024865,0.4882357992056168,STOP,2024-04-24 17:05:00,2024-04-24 17:10:00,2024-04-24 17:25:00,4
23745,23761,1.25147,1.250881100171038,0.8142475222546259,STOP,2024-04-25 05:50:00,2024-04-25 05:55:00,2024-04-25 07:10:00,16
23774,23777,1.25036,1.2509608976737994,-1.0849999999999527,STOP,2024-04-25 08:15:00,2024-04-25 08:20:00,2024-04-25 08:30:00,3
23947,23954,1.24998,1.2503550371228889,-1.0849999999997841,STOP,2024-04-25 22:40:00,2024-04-25 22:45:00,2024-04-25 23:15:00,7
24085,24100,1.24962,1.2456244879008067,3.5049789832046736,STOP,2024-04-26 10:10:00,2024-04-26 10:15:00,2024-04-26 11:25:00,15
24147,24155,1.24939,1.2498543460454408,-1.0850000000000064,STOP,2024-04-26 15:20:00,2024-04-26 15:25:00,2024-04-26 16:00:00,8
24454,24460,1.25645,1.2560684666522495,0.957824651961783,STOP,2024-04-29 17:00:00,2024-04-29 17:05:00,2024-04-29 17:30:00,6
24478,24484,1.2561,1.2563124449582854,-1.085000000000456,STOP,2024-04-29 19:00:00,2024-04-29 19:05:00,2024-04-29 19:30:00,6
24528,24561,1.25434,1.2533040202139556,2.797285561555251,STOP,2024-04-29 23:10:00,2024-04-29 23:15:00,2024-04-30 01:55:00,33
24622,24626,1.25388,1.254537606984535,-1.0849999999998912,STOP,2024-04-30 07:00:00,2024-04-30 07:05:00,2024-04-30 07:20:00,4
24640,24648,1.25184,1.2528674580622985,-1.084999999999994,STOP,2024-04-30 08:30:00,2024-04-30 08:35:00,2024-04-30 09:10:00,8
24678,24691,1.25147,1.2506523640712992,0.6131941202181831,STOP,2024-04-30 11:40:00,2024-04-30 11:45:00,2024-04-30 12:45:00,13
24699,24706,1.25018,1.2510067956288475,-1.0849999999999547,STOP,2024-04-30 13:25:00,2024-04-30 13:30:00,2024-04-30 14:00:00,7
24735,24783,1.24926,1.2483736063370932,1.7096528143410954,STOP,2024-04-30 16:25:00,2024-04-30 16:30:00,2024-04-30 20:25:00,48
24797,24805,1.24846,1.2480489656723297,1.2301962504987547,STOP,2024-04-30 21:35:00,2024-04-30 21:40:00,2024-04-30 22:15:00,8
24816,24829,1.24779,1.247341961436938,1.4826512181386615,STOP,2024-04-30 23:10:00,2024-04-30 23:15:00,2024-05-01 00:15:00,13
24895,24908,1.2489,1.2484744061696949,0.7205728415961211,STOP,2024-05-01 05:45:00,2024-05-01 05:50:00,2024-05-01 06:50:00,13
24972,24989,1.24821,1.2490249267687552,-1.0850000000001332,STOP,2024-05-01 12:10:00,2024-05-01 12:15:00,2024-05-01 13:35:00,17
25055,25065,1.25316,1.2537810318099423,-1.0849999999998798,STOP,2024-05-01 19:05:00,2024-05-01 19:10:00,2024-05-01 19:55:00,10
25084,25089,1.25239,1.2529249464189887,-1.0849999999998603,STOP,2024-05-01 21:30:00,2024-05-01 21:35:00,2024-05-01 21:55:00,5
25106,25136,1.25325,1.2537039792992906,-1.0850000000001554,STOP,2024-05-01 23:20:00,2024-05-01 23:25:00,2024-05-02 01:50:00,30
25317,25330,1.25342,1.2537969173782189,-1.0849999999997835,STOP,2024-05-02 16:55:00,2024-05-02 17:00:00,2024-05-02 18:00:00,13
25350,25360,1.25381,1.2534716584064813,1.1142603490977165,STOP,2024-05-02 19:40:00,2024-05-02 19:45:00,2024-05-02 20:30:00,10
25480,25486,1.25542,1.256028607572655,-1.085000000000182,STOP,2024-05-03 06:30:00,2024-05-03 06:35:00,2024-05-03 07:00:00,6
25549,25589,1.25417,1.2553532950334916,-1.0850000000000326,STOP,2024-05-03 12:15:00,2024-05-03 12:20:00,2024-05-03 15:35:00,40
25604,25607,1.2547,1.2536504626836895,3.0645602457618013,STOP,2024-05-03 16:50:00,2024-05-03 16:55:00,2024-05-05 17:05:00,3
25637,25642,1.25458,1.254221717034848,0.8672380475037774,STOP,2024-05-05 19:35:00,2024-05-05 19:40:00,2024-05-05 20:00:00,5
25707,25714,1.2543,1.2546091949145175,-1.084999999999925,STOP,2024-05-06 01:25:00,2024-05-06 01:30:00,2024-05-06 02:00:00,7
25822,25828,1.25752,1.2572121995257852,0.4559528637939269,STOP,2024-05-06 11:00:00,2024-05-06 11:05:00,2024-05-06 11:30:00,6
25837,25846,1.2563,1.2567911722873988,-1.0850000000001825,STOP,2024-05-06 12:15:00,2024-05-06 12:20:00,2024-05-06 13:00:00,9
25872,25924,1.25622,1.2559014388716416,0.776798264796809,STOP,2024-05-06 15:10:00,2024-05-06 15:15:00,2024-05-06 19:30:00,52
26149,26167,1.25042,1.251049585564925,-1.0850000000001376,STOP,2024-05-07 14:15:00,2024-05-07 14:20:00,2024-05-07 15:45:00,18
26179,26183,1.25083,1.2505545522921884,0.8752598428113169,STOP,2024-05-07 16:45:00,2024-05-07 16:50:00,2024-05-07 17:05:00,4
26214,26219,1.25001,1.2497865819028116,0.9373409862973066,STOP,2024-05-07 19:40:00,2024-05-07 19:45:00,2024-05-07 20:05:00,5
26266,26275,1.2485,1.2488154629763935,-1.0850000000003186,STOP,2024-05-08 00:00:00,2024-05-08 00:05:00,2024-05-08 00:45:00,9
26460,26467,1.24943,1.249712394567392,-1.084999999999985,STOP,2024-05-08 16:10:00,2024-05-08 16:15:00,2024-05-08 16:45:00,7
26495,26503,1.24963,1.2493548389062632,1.2314258134713465,STOP,2024-05-08 19:05:00,2024-05-08 19:10:00,2024-05-08 19:45:00,8
26558,26566,1.2496,1.2491964835794178,1.5073427743784797,STOP,2024-05-09 00:20:00,2024-05-09 00:25:00,2024-05-09 01:00:00,8
26696,26701,1.25012,1.2510065981655938,-1.0850000000000841,STOP,2024-05-09 11:50:00,2024-05-09 11:55:00,2024-05-09 12:15:00,5
26758,26761,1.25253,1.252220712238234,1.0034019844489876,STOP,2024-05-09 17:00:00,2024-05-09 17:05:00,2024-05-09 17:15:00,3
26853,26856,1.25156,1.2517639011783632,-1.08500000000046,STOP,2024-05-10 00:55:00,2024-05-10 01:00:00,2024-05-10 01:10:00,3
26914,26948,1.25276,1.2520371397855832,1.1330641032003568,STOP,2024-05-10 06:00:00,2024-05-10 06:05:00,2024-05-10 08:50:00,34
27042,27045,1.25266,1.25248099930444,0.6039074828499904,STOP,2024-05-10 16:40:00,2024-05-10 16:45:00,2024-05-10 16:55:00,3
27080,27084,1.25228,1.2521437983418438,0.41491211289545105,STOP,2024-05-12 19:50:00,2024-05-12 19:55:00,2024-05-12 20:10:00,4
27286,27289,1.25598,1.255553315225608,0.7301715879388638,STOP,2024-05-13 13:00:00,2024-05-13 13:05:00,2024-05-13 13:15:00,3
27374,27382,1.25562,1.2558621828368763,-1.084999999999875,STOP,2024-05-13 20:20:00,2024-05-13 20:25:00,2024-05-13 21:00:00,8
27424,27442,1.25555,1.2553817690191578,0.6007065386761923,STOP,2024-05-14 00:30:00,2024-05-14 00:35:00,2024-05-14 02:00:00,18
27512,27514,1.25525,1.2557401226222569,-1.0850000000000797,STOP,2024-05-14 07:50:00,2024-05-14 07:55:00,2024-05-14 08:00:00,2
27622,27624,1.25913,1.2589183059147506,0.6725976324783268,STOP,2024-05-14 17:00:00,2024-05-14 17:05:00,2024-05-14 17:10:00,2
27652,27656,1.25876,1.2585326147190392,1.5006725322537424,STOP,2024-05-14 19:30:00,2024-05-14 19:35:00,2024-05-14 19:50:00,4
27785,27792,1.26147,1.2607732514951453,1.3920588283171935,STOP,2024-05-15 06:35:00,2024-05-15 06:40:00,2024-05-15 07:10:00,7
27823,27832,1.26208,1.26352657082667,-1.0849999999999407,STOP,2024-05-15 09:45:00,2024-05-15 09:50:00,2024-05-15 10:30:00,9
27911,27915,1.26856,1.2682868106687566,0.7831796301204434,STOP,2024-05-15 17:05:00,2024-05-15 17:10:00,2024-05-15 17:25:00,4
27996,28012,1.2688,1.2685512849511935,0.6148622421476968,STOP,2024-05-16 00:10:00,2024-05-16 00:15:00,2024-05-16 01:30:00,16
28154,28162,1.26705,1.2675432816064458,-1.085000000000211,STOP,2024-05-16 13:20:00,2024-05-16 13:25:00,2024-05-16 14:00:00,8
28198,28200,1.26719,1.2668515267066038,1.5134583979241312,STOP,2024-05-16 17:00:00,2024-05-16 17:05:00,2024-05-16 17:10:00,2
28264,28271,1.26539,1.2657492122560168,-1.0849999999997233,STOP,2024-05-16 22:30:00,2024-05-16 22:35:00,2024-05-16 23:05:00,7
28291,28295,1.26558,1.2658169669361898,-1.0849999999996096,STOP,2024-05-17 00:45:00,2024-05-17 00:50:00,2024-05-17 01:05:00,4
28523,28526,1.26998,1.2702651780900844,-1.085000000000072,STOP,2024-05-19 20:05:00,2024-05-19 20:10:00,2024-05-19 20:20:00,3
28648,28669,1.27009,1.269539325745312,1.0614838395502126,STOP,2024-05-20 06:30:00,2024-05-20 06:35:00,2024-05-20 08:15:00,21
28732,28768,1.27097,1.2706014589887893,0.6622033908314601,STOP,2024-05-20 13:30:00,2024-05-20 13:35:00,2024-05-20 16:30:00,36
28878,28881,1.2709,1.2711221219195463,-1.0849999999999054,STOP,2024-05-21 01:45:00,2024-05-21 01:50:00,2024-05-21 02:00:00,3
28941,28950,1.27149,1.2719733314349202,-1.084999999999942,STOP,2024-05-21 07:00:00,2024-05-21 07:05:00,2024-05-21 07:45:00,9
28996,29002,1.27143,1.2707425340480458,0.9416174387003948,STOP,2024-05-21 11:35:00,2024-05-21 11:40:00,2024-05-21 12:05:00,6
29015,29024,1.27043,1.271013729861723,-1.084999999999986,STOP,2024-05-21 13:10:00,2024-05-21 13:15:00,2024-05-21 13:55:00,9
29197,29211,1.27326,1.2724012204536659,1.0063745711286256,STOP,2024-05-22 04:20:00,2024-05-22 04:25:00,2024-05-22 05:30:00,14
29227,29240,1.27226,1.2705130588328046,3.014862830351022,STOP,2024-05-22 06:50:00,2024-05-22 06:55:00,2024-05-22 07:55:00,13
29308,29314,1.27355,1.272985363811028,0.8575120486225597,STOP,2024-05-22 13:35:00,2024-05-22 13:40:00,2024-05-22 14:05:00,6
29444,29457,1.27262,1.272364821597134,0.8943178677338535,STOP,2024-05-23 00:55:00,2024-05-23 01:00:00,2024-05-23 02:00:00,13
29637,29642,1.26983,1.2694144167988528,1.0517158124399222,STOP,2024-05-23 17:00:00,2024-05-23 17:05:00,2024-05-23 17:25:00,5
29672,29677,1.26933,1.2692055273779006,0.5393974140555476,STOP,2024-05-23 19:55:00,2024-05-23 20:00:00,2024-05-23 20:20:00,5
29717,29723,1.26892,1.2691796256782302,-1.084999999999969,STOP,2024-05-23 23:40:00,2024-05-23 23:45:00,2024-05-24 00:10:00,6
29873,29890,1.27382,1.2744338910803712,-1.084999999999873,STOP,2024-05-24 12:40:00,2024-05-24 12:45:00,2024-05-24 14:05:00,17
29897,29926,1.27385,1.2732452061364297,1.2781983643608277,STOP,2024-05-24 14:40:00,2024-05-24 14:45:00,2024-05-26 17:05:00,29
29952,29958,1.27382,1.2735647330047661,1.0976053508329424,STOP,2024-05-26 19:20:00,2024-05-26 19:25:00,2024-05-26 19:50:00,6
29990,29997,1.27397,1.2741785636858816,-1.084999999999696,STOP,2024-05-26 22:30:00,2024-05-26 22:35:00,2024-05-26 23:05:00,7
30003,30007,1.27394,1.2741287812412048,-1.0849999999994913,STOP,2024-05-26 23:35:00,2024-05-26 23:40:00,2024-05-26 23:55:00,4
30024,30035,1.27407,1.2737305648675217,2.2160563476642423,STOP,2024-05-27 01:20:00,2024-05-27 01:25:00,2024-05-27 02:15:00,11
30148,30164,1.27734,1.277055568624368,0.6697992000341418,STOP,2024-05-27 11:40:00,2024-05-27 11:45:00,2024-05-27 13:00:00,16
30185,30198,1.27689,1.2770704293097916,-1.0849999999999498,STOP,2024-05-27 14:45:00,2024-05-27 14:50:00,2024-05-27 15:50:00,13
30206,30211,1.27692,1.2768385567994667,0.5098690616438181,STOP,2024-05-27 16:30:00,2024-05-27 16:35:00,2024-05-27 16:55:00,5
30348,30353,1.27694,1.276556981949841,0.7061327919489452,STOP,2024-05-28 04:20:00,2024-05-28 04:25:00,2024-05-28 04:45:00,5
30500,30503,1.27628,1.2761520691590267,0.378099452229836,STOP,2024-05-28 17:00:00,2024-05-28 17:05:00,2024-05-28 17:15:00,3
30518,30538,1.27596,1.2754823973702274,1.7227367179918638,STOP,2024-05-28 18:30:00,2024-05-28 18:35:00,2024-05-28 20:10:00,20
30569,30578,1.27519,1.2749049427368708,0.7714239739207037,STOP,2024-05-28 22:45:00,2024-05-28 22:50:00,2024-05-28 23:30:00,9
30585,30595,1.27475,1.2750577886189285,-1.0849999999997697,STOP,2024-05-29 00:05:00,2024-05-29 00:10:00,2024-05-29 00:55:00,10
30659,30665,1.27523,1.2748176355427057,0.7493922160646693,STOP,2024-05-29 06:15:00,2024-05-29 06:20:00,2024-05-29 06:45:00,6
30759,30769,1.27063,1.2702929013456952,0.5433262414427564,STOP,2024-05-29 14:35:00,2024-05-29 14:40:00,2024-05-29 15:25:00,10
30824,30830,1.26963,1.2693847415378463,0.9858604738170094,STOP,2024-05-29 20:00:00,2024-05-29 20:05:00,2024-05-29 20:30:00,6
30880,30882,1.2691,1.26938664367085,-1.0849999999997455,STOP,2024-05-30 00:40:00,2024-05-30 00:45:00,2024-05-30 00:50:00,2
30969,30974,1.27086,1.2713786065513113,-1.0850000000001019,STOP,2024-05-30 08:05:00,2024-05-30 08:10:00,2024-05-30 08:30:00,5
31037,31045,1.27406,1.2737390609166641,0.7265267588603109,STOP,2024-05-30 13:45:00,2024-05-30 13:50:00,2024-05-30 14:25:00,8
31059,31062,1.27328,1.2728931519395095,1.041407496736621,STOP,2024-05-30 15:35:00,2024-05-30 15:40:00,2024-05-30 15:50:00,3
31101,31114,1.27293,1.273166933409294,-1.0849999999999078,STOP,2024-05-30 19:05:00,2024-05-30 19:10:00,2024-05-30 20:10:00,13
31167,31171,1.27169,1.2719821432732892,-1.0849999999999114,STOP,2024-05-31 00:35:00,2024-05-31 00:40:00,2024-05-31 00:55:00,4
31363,31370,1.2748,1.2736714040522115,3.112275171734368,STOP,2024-05-31 16:55:00,2024-06-02 17:00:00,2024-06-02 17:30:00,7
31396,31400,1.27425,1.2745149958761088,-1.084999999999606,STOP,2024-06-02 19:40:00,2024-06-02 19:45:00,2024-06-02 20:00:00,4
31425,31445,1.27475,1.274246162497916,1.4371806002565333,STOP,2024-06-02 22:05:00,2024-06-02 22:10:00,2024-06-02 23:45:00,20
31595,31617,1.27813,1.278915956375817,-1.0850000000000235,STOP,2024-06-03 12:15:00,2024-06-03 12:20:00,2024-06-03 14:05:00,22
31662,31664,1.28056,1.2809178646681068,-1.0849999999998363,STOP,2024-06-03 17:50:00,2024-06-03 17:55:00,2024-06-03 18:00:00,2
31910,31918,1.27857,1.2779717404211033,0.8646732160604325,STOP,2024-06-04 14:30:00,2024-06-04 14:35:00,2024-06-04 15:10:00,8
31976,31983,1.27702,1.2772343459320659,-1.085000000000394,STOP,2024-06-04 20:00:00,2024-06-04 20:05:00,2024-06-04 20:35:00,7
32012,32023,1.27763,1.2771217192429578,1.7757495382129198,STOP,2024-06-04 23:00:00,2024-06-04 23:05:00,2024-06-04 23:55:00,11
32099,32115,1.27689,1.277385562746903,-1.0850000000001452,STOP,2024-06-05 06:15:00,2024-06-05 06:20:00,2024-06-05 07:35:00,16
32457,32461,1.27785,1.2784980308504006,-1.085000000000044,STOP,2024-06-06 12:05:00,2024-06-06 12:10:00,2024-06-06 12:25:00,4
32499,32506,1.27891,1.279307800530163,-1.0849999999999351,STOP,2024-06-06 15:35:00,2024-06-06 15:40:00,2024-06-06 16:10:00,7
32516,32561,1.27921,1.2788105975650834,1.267784500113672,STOP,2024-06-06 17:00:00,2024-06-06 17:05:00,2024-06-06 20:45:00,45
32620,32625,1.27872,1.278489949829521,1.020170063194095,STOP,2024-06-07 01:40:00,2024-06-07 01:45:00,2024-06-07 02:05:00,5
32683,32687,1.27923,1.2796232011242588,-1.0850000000000521,STOP,2024-06-07 06:55:00,2024-06-07 07:00:00,2024-06-07 07:15:00,4
32756,32766,1.27193,1.2726519767830362,-1.084999999999924,STOP,2024-06-07 13:00:00,2024-06-07 13:05:00,2024-06-07 13:50:00,10
32799,32804,1.2721,1.2724235219916014,-1.0850000000002054,STOP,2024-06-07 16:35:00,2024-06-07 16:40:00,2024-06-09 17:00:00,5
32843,32850,1.27254,1.2722700691015052,0.6257682380788138,STOP,2024-06-09 20:15:00,2024-06-09 20:20:00,2024-06-09 20:50:00,7
32870,32891,1.2721,1.2711568987600774,3.381611625771251,STOP,2024-06-09 22:30:00,2024-06-09 22:35:00,2024-06-10 00:15:00,21
32945,32955,1.27134,1.2706069774636315,1.1361663317370083,STOP,2024-06-10 04:45:00,2024-06-10 04:50:00,2024-06-10 05:35:00,10
33045,33053,1.2727,1.2732123558371946,-1.0850000000001467,STOP,2024-06-10 13:05:00,2024-06-10 13:10:00,2024-06-10 13:45:00,8
33077,33095,1.27309,1.2722623479866337,2.606830221622926,STOP,2024-06-10 15:45:00,2024-06-10 15:50:00,2024-06-10 17:15:00,18
33187,33195,1.27351,1.2733896120474013,0.5971847147437159,STOP,2024-06-11 00:55:00,2024-06-11 01:00:00,2024-06-11 01:35:00,8
33262,33272,1.27351,1.2742253138569237,-1.0850000000000881,STOP,2024-06-11 07:10:00,2024-06-11 07:15:00,2024-06-11 08:00:00,10
33366,33379,1.2742,1.273884478056193,0.73774162914947,STOP,2024-06-11 15:50:00,2024-06-11 15:55:00,2024-06-11 16:55:00,13
33380,33382,1.2741,1.2737824929990729,0.9680095482804953,STOP,2024-06-11 17:00:00,2024-06-11 17:05:00,2024-06-11 17:10:00,2
33402,33409,1.27393,1.2738108792559035,0.46432437835123036,STOP,2024-06-11 18:50:00,2024-06-11 18:55:00,2024-06-11 19:25:00,7
33468,33472,1.27413,1.273945612362554,1.0023679703631962,STOP,2024-06-12 00:20:00,2024-06-12 00:25:00,2024-06-12 00:40:00,4
33582,33588,1.28331,1.284645403732027,-1.0850000000000706,STOP,2024-06-12 09:50:00,2024-06-12 09:55:00,2024-06-12 10:20:00,6
33622,33633,1.28414,1.2831289571714002,1.2916103957633158,STOP,2024-06-12 13:10:00,2024-06-12 13:15:00,2024-06-12 14:05:00,11
33707,33716,1.27946,1.279740485292264,-1.0850000000001978,STOP,2024-06-12 20:15:00,2024-06-12 20:20:00,2024-06-12 21:00:00,9
33756,33762,1.27828,1.2781140586569724,0.6616383044541205,STOP,2024-06-13 00:20:00,2024-06-13 00:25:00,2024-06-13 00:50:00,6
33831,33837,1.27797,1.277683177643316,0.525176483519364,STOP,2024-06-13 06:35:00,2024-06-13 06:40:00,2024-06-13 07:05:00,6
33869,33883,1.27751,1.276586096191901,0.8040264710763274,STOP,2024-06-13 09:45:00,2024-06-13 09:50:00,2024-06-13 10:55:00,14
33897,33906,1.27498,1.2743032085639576,0.663788615393476,STOP,2024-06-13 12:05:00,2024-06-13 12:10:00,2024-06-13 12:50:00,9
33953,33958,1.27628,1.2760249113836442,0.7529243657191869,STOP,2024-06-13 16:45:00,2024-06-13 16:50:00,2024-06-13 17:10:00,5
34032,34035,1.2757,1.2752550888778302,1.3801249786899847,STOP,2024-06-13 23:20:00,2024-06-13 23:25:00,2024-06-13 23:35:00,3
34136,34142,1.2697,1.2682623265983337,1.7221319400458182,STOP,2024-06-14 08:00:00,2024-06-14 08:05:00,2024-06-14 08:30:00,6
34206,34231,1.26834,1.2688811900965278,-1.084999999999966,STOP,2024-06-14 13:50:00,2024-06-14 13:55:00,2024-06-14 15:55:00,25
34241,34249,1.26852,1.2683422290705975,0.5260812788330542,STOP,2024-06-14 16:45:00,2024-06-14 16:50:00,2024-06-16 17:25:00,8
34272,34284,1.26816,1.26847359927524,-1.0850000000001068,STOP,2024-06-16 19:20:00,2024-06-16 19:25:00,2024-06-16 20:20:00,12
34317,34336,1.26811,1.26840566263557,-1.0850000000002986,STOP,2024-06-16 23:05:00,2024-06-16 23:10:00,2024-06-17 00:40:00,19
34343,34345,1.26811,1.268315164764093,-1.0849999999995759,STOP,2024-06-17 01:15:00,2024-06-17 01:20:00,2024-06-17 01:25:00,2
34392,34408,1.26682,1.2663088769415618,0.6636973084102955,STOP,2024-06-17 05:20:00,2024-06-17 05:25:00,2024-06-17 06:40:00,16
34422,34436,1.26663,1.2671110444516676,-1.0849999999998179,STOP,2024-06-17 07:50:00,2024-06-17 07:55:00,2024-06-17 09:00:00,14
34509,34552,1.27036,1.270754540597581,-1.085000000000281,STOP,2024-06-17 15:05:00,2024-06-17 15:10:00,2024-06-17 18:40:00,43
34610,34615,1.26943,1.2697276743336077,-1.0850000000002848,STOP,2024-06-17 23:30:00,2024-06-17 23:35:00,2024-06-17 23:55:00,5
34820,34822,1.27096,1.2706646322936146,0.890875178194069,STOP,2024-06-18 17:00:00,2024-06-18 17:05:00,2024-06-18 17:10:00,2
34848,34856,1.27096,1.2707551488780473,0.9272771405360087,STOP,2024-06-18 19:20:00,2024-06-18 19:25:00,2024-06-18 20:00:00,8
34972,34982,1.27284,1.2733616926456417,-1.0849999999999527,STOP,2024-06-19 05:40:00,2024-06-19 05:45:00,2024-06-19 06:30:00,10
35040,35080,1.27231,1.2714629032012432,1.8154519520404166,STOP,2024-06-19 11:20:00,2024-06-19 11:25:00,2024-06-19 14:40:00,40
35108,35110,1.27223,1.2717570524255783,2.811778048131513,STOP,2024-06-19 17:00:00,2024-06-19 17:05:00,2024-06-19 17:10:00,2
35144,35147,1.27173,1.2715516173615433,0.735674612096937,STOP,2024-06-19 20:00:00,2024-06-19 20:05:00,2024-06-19 20:15:00,3
35276,35289,1.26892,1.2684367083232804,0.6178697806921388,STOP,2024-06-20 07:00:00,2024-06-20 07:05:00,2024-06-20 08:05:00,13
35388,35392,1.26612,1.2657371283561456,0.9029886398775517,STOP,2024-06-20 16:20:00,2024-06-20 16:25:00,2024-06-20 16:40:00,4
35420,35424,1.26577,1.265979148022915,-1.0849999999999336,STOP,2024-06-20 19:00:00,2024-06-20 19:05:00,2024-06-20 19:20:00,4
35434,35436,1.26575,1.2655738129040208,0.8196793772967325,STOP,2024-06-20 20:10:00,2024-06-20 20:15:00,2024-06-20 20:20:00,2
35501,35503,1.26609,1.2662657528109984,-1.0850000000005486,STOP,2024-06-21 01:45:00,2024-06-21 01:50:00,2024-06-21 01:55:00,2
35554,35562,1.2645,1.263458511037444,1.3520800555935197,STOP,2024-06-21 06:10:00,2024-06-21 06:15:00,2024-06-21 06:50:00,8
35611,35621,1.26261,1.2635113015889519,-1.0849999999999946,STOP,2024-06-21 10:55:00,2024-06-21 11:00:00,2024-06-21 11:45:00,10
35681,35683,1.26444,1.264178247668846,0.7518998847513294,STOP,2024-06-21 16:45:00,2024-06-21 16:50:00,2024-06-21 16:55:00,2
35713,35727,1.26391,1.2642276433618456,-1.0849999999999107,STOP,2024-06-23 19:25:00,2024-06-23 19:30:00,2024-06-23 20:35:00,14
35909,35931,1.26836,1.2675985064971886,1.212070155857962,STOP,2024-06-24 11:45:00,2024-06-24 11:50:00,2024-06-24 13:35:00,22
35971,35978,1.2687,1.2685142708036432,0.5799202531249599,STOP,2024-06-24 16:55:00,2024-06-24 17:00:00,2024-06-24 17:30:00,7
35995,36000,1.26827,1.2681056897257055,0.5717919366338645,STOP,2024-06-24 18:55:00,2024-06-24 19:00:00,2024-06-24 19:20:00,5
36060,36068,1.26925,1.2694732962480098,-1.0849999999997266,STOP,2024-06-25 00:20:00,2024-06-25 00:25:00,2024-06-25 01:00:00,8
36079,36082,1.26933,1.2690028673281637,1.5032511198165168,STOP,2024-06-25 01:55:00,2024-06-25 02:00:00,2024-06-25 02:10:00,3
36118,36129,1.26939,1.2690759555190458,0.6015623617761664,STOP,2024-06-25 05:10:00,2024-06-25 05:15:00,2024-06-25 06:05:00,11
36247,36255,1.26897,1.268688549712934,0.7441939213611033,STOP,2024-06-25 15:55:00,2024-06-25 16:00:00,2024-06-25 16:35:00,8
36259,36261,1.26875,1.2683706040077407,1.4247277098838893,STOP,2024-06-25 16:55:00,2024-06-25 17:00:00,2024-06-25 17:05:00,2
36296,36299,1.26824,1.2680512903743046,1.0026885238935144,STOP,2024-06-25 20:00:00,2024-06-25 20:05:00,2024-06-25 20:15:00,3
36329,36337,1.26847,1.2687433689606025,-1.084999999999943,STOP,2024-06-25 22:45:00,2024-06-25 22:50:00,2024-06-25 23:25:00,8
36418,36430,1.26604,1.2655691169836918,0.8570691599070562,STOP,2024-06-26 06:10:00,2024-06-26 06:15:00,2024-06-26 07:10:00,12
36515,36531,1.26265,1.2617802261188114,1.5671249913078522,STOP,2024-06-26 14:15:00,2024-06-26 14:20:00,2024-06-26 15:35:00,16
36571,36575,1.26217,1.2620238405169917,0.5880480013727521,STOP,2024-06-26 18:55:00,2024-06-26 19:00:00,2024-06-26 19:15:00,4
36639,36642,1.263,1.2632156985910112,-1.0850000000000308,STOP,2024-06-27 00:35:00,2024-06-27 00:40:00,2024-06-27 00:50:00,3
36724,36734,1.26459,1.265131726988328,-1.0849999999997975,STOP,2024-06-27 07:40:00,2024-06-27 07:45:00,2024-06-27 08:30:00,10
36769,36776,1.26457,1.2653733079471827,-1.084999999999939,STOP,2024-06-27 11:25:00,2024-06-27 11:30:00,2024-06-27 12:00:00,7
36799,36824,1.26453,1.2639662221073749,1.1440301374129296,STOP,2024-06-27 13:55:00,2024-06-27 14:00:00,2024-06-27 16:00:00,25
37097,37108,1.26402,1.2636066853417331,0.8209876449018604,STOP,2024-06-28 14:45:00,2024-06-28 14:50:00,2024-06-28 15:40:00,11
37203,37211,1.26562,1.2659153540168255,-1.0849999999997633,STOP,2024-06-30 23:35:00,2024-06-30 23:40:00,2024-07-01 00:15:00,8
37308,37313,1.26677,1.2661982934211664,0.9369476831521988,STOP,2024-07-01 08:20:00,2024-07-01 08:25:00,2024-07-01 08:45:00,5
37373,37383,1.26435,1.2636721837029763,1.2023203785194363,STOP,2024-07-01 13:45:00,2024-07-01 13:50:00,2024-07-01 14:35:00,10
37412,37415,1.26526,1.264742409476216,1.4025184158976123,STOP,2024-07-01 17:00:00,2024-07-01 17:05:00,2024-07-01 17:15:00,3
37437,37457,1.26455,1.264188639829283,1.4004889001920475,STOP,2024-07-01 19:05:00,2024-07-01 19:10:00,2024-07-01 20:45:00,20
37479,37484,1.26385,1.2637138845929892,0.4202566157362663,STOP,2024-07-01 22:35:00,2024-07-01 22:40:00,2024-07-01 23:00:00,5
37640,37651,1.26724,1.2667599041632955,0.6802790529629361,STOP,2024-07-02 12:00:00,2024-07-02 12:05:00,2024-07-02 12:55:00,11
37696,37704,1.26856,1.2682115421217952,1.5848754903879778,STOP,2024-07-02 16:40:00,2024-07-02 16:45:00,2024-07-02 17:20:00,8
37796,37798,1.26847,1.268223486465592,1.3934299899449971,STOP,2024-07-03 01:00:00,2024-07-03 01:05:00,2024-07-03 01:10:00,2
37934,37951,1.27577,1.2738019506896594,2.632052297650893,STOP,2024-07-03 12:30:00,2024-07-03 12:35:00,2024-07-03 13:55:00,17
38055,38071,1.27471,1.274217961450696,1.933943806947056,STOP,2024-07-03 22:35:00,2024-07-03 22:40:00,2024-07-03 23:55:00,16
38085,38090,1.27428,1.2741720309506759,0.6104291477955618,STOP,2024-07-04 01:05:00,2024-07-04 01:10:00,2024-07-04 01:30:00,5
38139,38144,1.27487,1.2753736661716377,-1.084999999999785,STOP,2024-07-04 05:35:00,2024-07-04 05:40:00,2024-07-04 06:00:00,5
38160,38170,1.27539,1.2758355624575854,-1.0849999999998798,STOP,2024-07-04 07:20:00,2024-07-04 07:25:00,2024-07-04 08:10:00,10
38177,38191,1.27502,1.2754259654919164,-1.0850000000001814,STOP,2024-07-04 08:45:00,2024-07-04 08:50:00,2024-07-04 09:55:00,14
38215,38287,1.27607,1.27594,0.28760079400676636,TIME,2024-07-04 11:55:00,2024-07-04 12:00:00,2024-07-04 17:55:00,72
38373,38376,1.27684,1.2766604440431604,0.6899152531808838,STOP,2024-07-05 01:05:00,2024-07-05 01:10:00,2024-07-05 01:20:00,3
38454,38456,1.27838,1.278710580773174,-1.084999999999808,STOP,2024-07-05 07:50:00,2024-07-05 07:55:00,2024-07-05 08:00:00,2
38606,38618,1.28046,1.2808475174967309,-1.085000000000061,STOP,2024-07-07 20:30:00,2024-07-07 20:35:00,2024-07-07 21:30:00,12
38634,38639,1.28084,1.2811100712162788,-1.085000000000075,STOP,2024-07-07 22:50:00,2024-07-07 22:55:00,2024-07-07 23:15:00,5
38663,38668,1.28107,1.2809404883493851,0.41841728248536497,STOP,2024-07-08 01:15:00,2024-07-08 01:20:00,2024-07-08 01:40:00,5
38778,38784,1.28347,1.2831928650488547,0.4537206437923585,STOP,2024-07-08 10:50:00,2024-07-08 10:55:00,2024-07-08 11:20:00,6
38792,38813,1.28236,1.281730801431465,1.2320106661670185,STOP,2024-07-08 12:00:00,2024-07-08 12:05:00,2024-07-08 13:45:00,21
38817,38826,1.28143,1.2810280904258502,1.1503472035355273,STOP,2024-07-08 14:05:00,2024-07-08 14:10:00,2024-07-08 14:50:00,9
38849,38853,1.28074,1.280916149975817,-1.0849999999998883,STOP,2024-07-08 16:45:00,2024-07-08 16:50:00,2024-07-08 17:05:00,4
38950,38953,1.28056,1.2807860873957473,-1.0849999999995945,STOP,2024-07-09 01:10:00,2024-07-09 01:15:00,2024-07-09 01:25:00,3
39384,39388,1.28402,1.2837521864198544,0.4995116655698167,STOP,2024-07-10 13:20:00,2024-07-10 13:25:00,2024-07-10 13:40:00,4
39518,39524,1.28591,1.2857814401574046,0.5971536111589926,STOP,2024-07-11 00:30:00,2024-07-11 00:35:00,2024-07-11 01:00:00,6
39652,39681,1.29121,1.290413293807553,0.6820587578607504,STOP,2024-07-11 11:40:00,2024-07-11 11:45:00,2024-07-11 14:05:00,29
39717,39719,1.29137,1.2909884139722543,1.0644643732972026,STOP,2024-07-11 17:05:00,2024-07-11 17:10:00,2024-07-11 17:15:00,2
40004,40006,1.29775,1.2971293092257379,1.1076378310841462,STOP,2024-07-14 17:00:00,2024-07-14 17:05:00,2024-07-14 17:10:00,2
40040,40072,1.29648,1.2968542364002114,-1.0850000000000568,STOP,2024-07-14 20:00:00,2024-07-14 20:05:00,2024-07-14 22:40:00,32
40157,40170,1.2983,1.297523149062571,1.5468191833719835,STOP,2024-07-15 05:45:00,2024-07-15 05:50:00,2024-07-15 06:50:00,13
40232,40236,1.29779,1.2974215381992018,0.5369580946343688,STOP,2024-07-15 12:00:00,2024-07-15 12:05:00,2024-07-15 12:20:00,4
40275,40343,1.29679,1.2964200244946582,0.7097560278181668,STOP,2024-07-15 15:35:00,2024-07-15 15:40:00,2024-07-15 21:15:00,68
40381,40394,1.29628,1.2957538757444533,2.42149105968553,STOP,2024-07-16 00:25:00,2024-07-16 00:30:00,2024-07-16 01:30:00,13
40504,40508,1.2947,1.2953801206668611,-1.0849999999999576,STOP,2024-07-16 10:40:00,2024-07-16 10:45:00,2024-07-16 11:00:00,4
40521,40536,1.29509,1.295619402857206,-1.0850000000001527,STOP,2024-07-16 12:05:00,2024-07-16 12:10:00,2024-07-16 13:20:00,15
40580,40597,1.29737,1.2972442984851347,0.4023883314946306,STOP,2024-07-16 17:00:00,2024-07-16 17:05:00,2024-07-16 18:25:00,17
40655,40663,1.29718,1.297462358222611,-1.085000000000348,STOP,2024-07-16 23:15:00,2024-07-16 23:20:00,2024-07-16 23:55:00,8
40673,40676,1.29707,1.2969178382369222,0.5313408996046443,STOP,2024-07-17 00:45:00,2024-07-17 00:50:00,2024-07-17 01:00:00,3
40761,40765,1.30297,1.302500028669261,0.727634378190315,STOP,2024-07-17 08:05:00,2024-07-17 08:10:00,2024-07-17 08:25:00,4
40900,40903,1.30078,1.300640498153884,0.46123867135259206,STOP,2024-07-17 19:40:00,2024-07-17 19:45:00,2024-07-17 19:55:00,3
40952,40968,1.30021,1.3004728032547275,-1.085000000000138,STOP,2024-07-18 00:00:00,2024-07-18 00:05:00,2024-07-18 01:20:00,16
41007,41014,1.29901,1.2984658193247371,0.7846820110819958,STOP,2024-07-18 04:35:00,2024-07-18 04:40:00,2024-07-18 05:10:00,7
41072,41077,1.29711,1.2978502866113077,-1.084999999999983,STOP,2024-07-18 10:00:00,2024-07-18 10:05:00,2024-07-18 10:25:00,5
41108,41115,1.29679,1.2964495088610817,0.5181968723581074,STOP,2024-07-18 13:00:00,2024-07-18 13:05:00,2024-07-18 13:35:00,7
41154,41156,1.29441,1.2946874308450764,-1.085000000000215,STOP,2024-07-18 16:50:00,2024-07-18 16:55:00,2024-07-18 17:00:00,2
41193,41198,1.29431,1.294619346795734,-1.0850000000001025,STOP,2024-07-18 20:05:00,2024-07-18 20:10:00,2024-07-18 20:30:00,5
41250,41254,1.294,1.2936386619293698,1.602118898319988,STOP,2024-07-19 00:50:00,2024-07-19 00:55:00,2024-07-19 01:10:00,4
41344,41345,1.29167,1.2921831614850394,-1.0850000000000772,STOP,2024-07-19 08:40:00,2024-07-19 08:45:00,2024-07-19 08:45:00,1
41368,41386,1.29181,1.2923511049023142,-1.0849999999998543,STOP,2024-07-19 10:40:00,2024-07-19 10:45:00,2024-07-19 12:10:00,18
41394,41399,1.29171,1.2911950829144674,1.1872831143092675,STOP,2024-07-19 12:50:00,2024-07-19 12:55:00,2024-07-19 13:15:00,5
41444,41446,1.2925,1.2914320089190154,3.279770664192051,STOP,2024-07-21 17:00:00,2024-07-21 17:05:00,2024-07-21 17:10:00,2
41480,41490,1.29294,1.2927180292065585,0.5004524825809389,STOP,2024-07-21 20:00:00,2024-07-21 20:05:00,2024-07-21 20:50:00,10
41539,41546,1.29179,1.2914977377325783,0.9413804235948855,STOP,2024-07-22 00:55:00,2024-07-22 01:00:00,2024-07-22 01:30:00,7
41620,41624,1.29322,1.2926981733527054,0.9206735680015747,STOP,2024-07-22 07:40:00,2024-07-22 07:45:00,2024-07-22 08:00:00,4
41701,41707,1.29201,1.2923998935262844,-1.0849999999997875,STOP,2024-07-22 14:25:00,2024-07-22 14:30:00,2024-07-22 14:55:00,6
41767,41769,1.29313,1.2932973865598185,-1.0850000000006068,STOP,2024-07-22 19:55:00,2024-07-22 20:00:00,2024-07-22 20:05:00,2
41794,41800,1.29269,1.2929995563053303,-1.0850000000002116,STOP,2024-07-22 22:10:00,2024-07-22 22:15:00,2024-07-22 22:40:00,6
41827,41831,1.29286,1.2926562283337275,0.7142385390031406,STOP,2024-07-23 00:55:00,2024-07-23 01:00:00,2024-07-23 01:15:00,4
41840,41844,1.29241,1.292083019723404,1.1589222187436672,STOP,2024-07-23 02:00:00,2024-07-23 02:05:00,2024-07-23 02:20:00,4
41947,41952,1.29082,1.2914318400378646,-1.0849999999999593,STOP,2024-07-23 10:55:00,2024-07-23 11:00:00,2024-07-23 11:20:00,5
41978,42004,1.29063,1.290191860996193,0.9371778603009213,STOP,2024-07-23 13:30:00,2024-07-23 13:35:00,2024-07-23 15:40:00,26
42085,42090,1.28914,1.2889384477187755,0.6167879072960709,STOP,2024-07-23 22:25:00,2024-07-23 22:30:00,2024-07-23 22:50:00,5
42108,42117,1.28863,1.288921665653256,-1.0850000000001863,STOP,2024-07-24 00:20:00,2024-07-24 00:25:00,2024-07-24 01:05:00,9
42269,42281,1.29211,1.2902970022484213,4.082779274529827,STOP,2024-07-24 13:45:00,2024-07-24 13:50:00,2024-07-24 14:45:00,12
42329,42335,1.29036,1.2901997486617534,0.4882528135672511,STOP,2024-07-24 18:45:00,2024-07-24 18:50:00,2024-07-24 19:15:00,6
42472,42475,1.28809,1.2875710759674754,0.7826401485568318,STOP,2024-07-25 06:40:00,2024-07-25 06:45:00,2024-07-25 06:55:00,3
42538,42541,1.28776,1.2884593538160427,-1.0850000000000664,STOP,2024-07-25 12:10:00,2024-07-25 12:15:00,2024-07-25 12:25:00,3
42553,42575,1.28787,1.2855666544492643,3.531907436982995,STOP,2024-07-25 13:25:00,2024-07-25 13:30:00,2024-07-25 15:15:00,22
42669,42678,1.28596,1.2862755548428992,-1.08500000000005,STOP,2024-07-25 23:05:00,2024-07-25 23:10:00,2024-07-25 23:50:00,9
42701,42707,1.28615,1.2860267039997118,0.41931067134952243,STOP,2024-07-26 01:45:00,2024-07-26 01:50:00,2024-07-26 02:15:00,6
42754,42756,1.28605,1.2865804529255584,-1.0850000000001623,STOP,2024-07-26 06:10:00,2024-07-26 06:15:00,2024-07-26 06:20:00,2
42801,42807,1.28614,1.2853396595473112,1.2239521500152513,STOP,2024-07-26 10:05:00,2024-07-26 10:10:00,2024-07-26 10:35:00,6
42860,42870,1.28712,1.287497566629815,-1.085000000000149,STOP,2024-07-26 15:00:00,2024-07-26 15:05:00,2024-07-26 15:50:00,10
42881,42883,1.28725,1.286788950143855,1.6672192223736169,STOP,2024-07-26 16:45:00,2024-07-26 16:50:00,2024-07-26 16:55:00,2
42919,42921,1.2867,1.2865375939261459,0.47537323149126015,STOP,2024-07-28 19:55:00,2024-07-28 20:00:00,2024-07-28 20:05:00,2
42965,42970,1.28825,1.2880111940486003,0.847477734513053,STOP,2024-07-28 23:45:00,2024-07-28 23:50:00,2024-07-29 00:10:00,5
43143,43147,1.28572,1.2861097263292756,-1.0850000000002151,STOP,2024-07-29 14:35:00,2024-07-29 14:40:00,2024-07-29 14:55:00,4
43160,43170,1.2863,1.286084063601268,0.5167666438460832,STOP,2024-07-29 16:00:00,2024-07-29 16:05:00,2024-07-29 16:50:00,10
43172,43176,1.28623,1.286064266619215,0.5053500694313754,STOP,2024-07-29 17:00:00,2024-07-29 17:05:00,2024-07-29 17:20:00,4
43200,43209,1.28615,1.2856834408319573,1.9787312863420818,STOP,2024-07-29 19:20:00,2024-07-29 19:25:00,2024-07-29 20:05:00,9
43270,43273,1.28557,1.2853827494878884,0.8294514537498198,STOP,2024-07-30 01:10:00,2024-07-30 01:15:00,2024-07-30 01:25:00,3
43413,43416,1.28279,1.2834010030651477,-1.085000000000006,STOP,2024-07-30 13:05:00,2024-07-30 13:10:00,2024-07-30 13:20:00,3
43496,43501,1.28351,1.2838270027306575,-1.0849999999998041,STOP,2024-07-30 20:00:00,2024-07-30 20:05:00,2024-07-30 20:25:00,5
43542,43544,1.28455,1.2842181348748845,0.8971229533714227,STOP,2024-07-30 23:50:00,2024-07-30 23:55:00,2024-07-31 00:00:00,2
43560,43566,1.28393,1.2843044721573222,-1.084999999999792,STOP,2024-07-31 01:20:00,2024-07-31 01:25:00,2024-07-31 01:50:00,6
43637,43644,1.28349,1.2841133565099585,-1.0849999999998867,STOP,2024-07-31 07:45:00,2024-07-31 07:50:00,2024-07-31 08:20:00,7
43662,43666,1.28424,1.2837446163098378,0.594690890812491,STOP,2024-07-31 09:50:00,2024-07-31 09:55:00,2024-07-31 10:10:00,4
43712,43718,1.28312,1.2837510366813896,-1.0850000000000466,STOP,2024-07-31 14:00:00,2024-07-31 14:05:00,2024-07-31 14:30:00,6
43843,43854,1.28509,1.2848293633128272,0.6439006373394293,STOP,2024-08-01 00:55:00,2024-08-01 01:00:00,2024-08-01 01:50:00,11
43892,43902,1.27717,1.2763456183998965,1.0024288334052576,STOP,2024-08-01 05:00:00,2024-08-01 05:05:00,2024-08-01 05:50:00,10
43959,43971,1.2803,1.277262334502481,2.476028974260114,STOP,2024-08-01 10:35:00,2024-08-01 10:40:00,2024-08-01 11:35:00,12
43980,43998,1.27627,1.2743070749177965,1.8183951154076838,STOP,2024-08-01 12:20:00,2024-08-01 12:25:00,2024-08-01 13:50:00,18
44049,44076,1.2734,1.272337404178197,1.9738272444432452,STOP,2024-08-01 18:05:00,2024-08-01 18:10:00,2024-08-01 20:20:00,27
44249,44259,1.28143,1.2805216753897037,0.551852528122339,STOP,2024-08-02 10:45:00,2024-08-02 10:50:00,2024-08-02 11:35:00,10
44264,44269,1.27875,1.2800554481525785,-1.0849999999999267,STOP,2024-08-02 12:00:00,2024-08-02 12:05:00,2024-08-02 12:25:00,5
44356,44362,1.27874,1.2783459088084381,0.7631987848754496,STOP,2024-08-04 19:40:00,2024-08-04 19:45:00,2024-08-04 20:10:00,6
44466,44470,1.27762,1.2767157862783725,0.4198700179922285,STOP,2024-08-05 04:50:00,2024-08-05 04:55:00,2024-08-05 05:10:00,4
44569,44600,1.27617,1.2774511688153762,-1.0850000000000297,STOP,2024-08-05 13:25:00,2024-08-05 13:30:00,2024-08-05 16:00:00,31
44612,44625,1.2774,1.27797041172408,-1.084999999999979,STOP,2024-08-05 17:00:00,2024-08-05 17:05:00,2024-08-05 18:05:00,13
44686,44700,1.27815,1.2776045785987327,0.8856909063223423,STOP,2024-08-05 23:10:00,2024-08-05 23:15:00,2024-08-06 00:20:00,14
44756,44764,1.27202,1.2707282555205381,0.9981230262870169,STOP,2024-08-06 05:00:00,2024-08-06 05:05:00,2024-08-06 05:40:00,8
44794,44796,1.26886,1.268145385447373,0.5650681587087919,STOP,2024-08-06 08:10:00,2024-08-06 08:15:00,2024-08-06 08:20:00,2
44833,44839,1.26994,1.2692561716760768,0.505895971380729,STOP,2024-08-06 11:25:00,2024-08-06 11:30:00,2024-08-06 11:55:00,6
44876,44881,1.26891,1.2697188587473824,-1.0850000000001097,STOP,2024-08-06 15:00:00,2024-08-06 15:05:00,2024-08-06 15:25:00,5
44930,44940,1.26871,1.2691342157600274,-1.08500000000008,STOP,2024-08-06 19:30:00,2024-08-06 19:35:00,2024-08-06 20:20:00,10
44993,44997,1.27087,1.2706317518970232,0.4302348969539223,STOP,2024-08-07 00:45:00,2024-08-07 00:50:00,2024-08-07 01:05:00,4
45006,45011,1.27019,1.2706185831624754,-1.0849999999998472,STOP,2024-08-07 01:50:00,2024-08-07 01:55:00,2024-08-07 02:15:00,5
45140,45155,1.27021,1.269398635129647,0.9505908426208121,STOP,2024-08-07 13:00:00,2024-08-07 13:05:00,2024-08-07 14:15:00,15
45184,45187,1.26871,1.26922018509273,-1.0849999999998619,STOP,2024-08-07 16:40:00,2024-08-07 16:45:00,2024-08-07 16:55:00,3
45201,45204,1.26886,1.2685506400738296,0.5524595879968531,STOP,2024-08-07 18:05:00,2024-08-07 18:10:00,2024-08-07 18:20:00,3
45281,45297,1.2695,1.2698909532809972,-1.0850000000000661,STOP,2024-08-08 00:45:00,2024-08-08 00:50:00,2024-08-08 02:05:00,16
45476,45478,1.27475,1.2743315656413798,1.0497164232502125,STOP,2024-08-08 17:00:00,2024-08-08 17:05:00,2024-08-08 17:10:00,2
45499,45502,1.27438,1.2746929680102672,-1.0849999999997746,STOP,2024-08-08 18:55:00,2024-08-08 19:00:00,2024-08-08 19:10:00,3
45566,45572,1.27558,1.2750932721723616,1.5529750066618782,STOP,2024-08-09 00:30:00,2024-08-09 00:35:00,2024-08-09 01:00:00,6
45630,45634,1.2759,1.2751900115733121,1.1318000321301245,STOP,2024-08-09 05:50:00,2024-08-09 05:55:00,2024-08-09 06:10:00,4
45731,45752,1.27564,1.2761866943972302,-1.0849999999998092,STOP,2024-08-09 14:15:00,2024-08-09 14:20:00,2024-08-09 16:00:00,21
45779,45783,1.27541,1.2751485299714844,0.6060391316759127,STOP,2024-08-11 18:15:00,2024-08-11 18:20:00,2024-08-11 18:35:00,4
45799,45802,1.27492,1.2751820758488572,-1.0850000000001163,STOP,2024-08-11 19:55:00,2024-08-11 20:00:00,2024-08-11 20:10:00,3
45839,45856,1.27596,1.2762090220316515,-1.084999999999681,STOP,2024-08-11 23:15:00,2024-08-11 23:20:00,2024-08-12 00:40:00,17
45909,45933,1.27583,1.2763770622079724,-1.0850000000000821,STOP,2024-08-12 05:05:00,2024-08-12 05:10:00,2024-08-12 07:05:00,24
45999,46012,1.27613,1.2768476306716432,-1.0850000000001108,STOP,2024-08-12 12:35:00,2024-08-12 12:40:00,2024-08-12 13:40:00,13
46045,46052,1.27634,1.2766888932896896,-1.0850000000002125,STOP,2024-08-12 16:25:00,2024-08-12 16:30:00,2024-08-12 17:00:00,7
46235,46238,1.27848,1.2790884893824634,-1.0850000000001538,STOP,2024-08-13 08:15:00,2024-08-13 08:20:00,2024-08-13 08:30:00,3
46339,46341,1.28671,1.2859998957658252,1.8845316064643005,STOP,2024-08-13 16:55:00,2024-08-13 17:00:00,2024-08-13 17:05:00,2
46448,46452,1.28285,1.2835831988140307,-1.084999999999932,STOP,2024-08-14 02:00:00,2024-08-14 02:05:00,2024-08-14 02:20:00,4
46473,46478,1.28314,1.283904223265216,-1.085000000000142,STOP,2024-08-14 04:05:00,2024-08-14 04:10:00,2024-08-14 04:30:00,5
46499,46511,1.28394,1.2845852259663846,-1.0849999999998532,STOP,2024-08-14 06:15:00,2024-08-14 06:20:00,2024-08-14 07:15:00,12
46559,46579,1.28454,1.2838012963632444,0.8405331600564924,STOP,2024-08-14 11:15:00,2024-08-14 11:20:00,2024-08-14 12:55:00,20
46592,46602,1.28233,1.2829078379846615,-1.0850000000001516,STOP,2024-08-14 14:00:00,2024-08-14 14:05:00,2024-08-14 14:50:00,10
46645,46662,1.28274,1.2823821243349398,0.9923540370620128,STOP,2024-08-14 18:25:00,2024-08-14 18:30:00,2024-08-14 19:50:00,17
46864,46872,1.2859,1.2854734897968803,0.5196073961731378,STOP,2024-08-15 12:40:00,2024-08-15 12:45:00,2024-08-15 13:20:00,8
46898,46903,1.28589,1.2854437880338,1.0163787722994917,STOP,2024-08-15 15:30:00,2024-08-15 15:35:00,2024-08-15 15:55:00,5
47204,47206,1.29476,1.2938223472214176,2.288470691675432,STOP,2024-08-18 17:00:00,2024-08-18 17:05:00,2024-08-18 17:10:00,2
47350,47372,1.29626,1.2952094858840277,1.739121664763054,STOP,2024-08-19 05:10:00,2024-08-19 05:15:00,2024-08-19 07:00:00,22
47391,47393,1.29452,1.2950673142808602,-1.0850000000001165,STOP,2024-08-19 08:35:00,2024-08-19 08:40:00,2024-08-19 08:45:00,2
47529,47535,1.29872,1.298470548854215,0.8299764916582743,STOP,2024-08-19 20:05:00,2024-08-19 20:10:00,2024-08-19 20:35:00,6
47665,47668,1.29956,1.300242112331027,-1.0850000000001485,STOP,2024-08-20 07:25:00,2024-08-20 07:30:00,2024-08-20 07:40:00,3
47735,47748,1.30197,1.3027577265877717,-1.0849999999998858,STOP,2024-08-20 13:15:00,2024-08-20 13:20:00,2024-08-20 14:20:00,13
47868,47878,1.30247,1.302746756043994,-1.0849999999998459,STOP,2024-08-21 00:20:00,2024-08-21 00:25:00,2024-08-21 01:10:00,10
47883,47888,1.30232,1.302172649864218,0.4513537562571554,STOP,2024-08-21 01:35:00,2024-08-21 01:40:00,2024-08-21 02:00:00,5
47923,47925,1.30134,1.301895010660255,-1.0849999999998836,STOP,2024-08-21 04:55:00,2024-08-21 05:00:00,2024-08-21 05:05:00,2
48057,48074,1.30869,1.3092586041034513,-1.0850000000000999,STOP,2024-08-21 16:05:00,2024-08-21 16:10:00,2024-08-21 17:30:00,17
48122,48136,1.30877,1.3084953923372065,0.7888140650608012,STOP,2024-08-21 21:30:00,2024-08-21 21:35:00,2024-08-21 22:40:00,14
48152,48155,1.30844,1.308224315547973,0.8753226144827446,STOP,2024-08-22 00:00:00,2024-08-22 00:05:00,2024-08-22 00:15:00,3
48228,48231,1.31125,1.312037113911639,-1.0850000000000433,STOP,2024-08-22 06:20:00,2024-08-22 06:25:00,2024-08-22 06:35:00,3
48242,48249,1.31071,1.3114577561069853,-1.084999999999929,STOP,2024-08-22 07:30:00,2024-08-22 07:35:00,2024-08-22 08:05:00,7
48307,48320,1.30865,1.3081119188619754,0.6169281933473887,STOP,2024-08-22 12:55:00,2024-08-22 13:00:00,2024-08-22 14:00:00,13
48338,48353,1.3086,1.30908606950553,-1.0849999999999669,STOP,2024-08-22 15:30:00,2024-08-22 15:35:00,2024-08-22 16:45:00,15
48391,48393,1.30928,1.309538042802384,-1.085000000000024,STOP,2024-08-22 20:05:00,2024-08-22 20:10:00,2024-08-22 20:15:00,2
48435,48438,1.31013,1.3104322213454302,-1.0849999999996864,STOP,2024-08-22 23:45:00,2024-08-22 23:50:00,2024-08-23 00:00:00,3
48462,48467,1.31087,1.3111525403498407,-1.0849999999998563,STOP,2024-08-23 02:00:00,2024-08-23 02:05:00,2024-08-23 02:25:00,5
48510,48516,1.31232,1.3115056568296237,1.1979100477396176,STOP,2024-08-23 06:00:00,2024-08-23 06:05:00,2024-08-23 06:30:00,6
48534,48535,1.3119,1.312470819074188,-1.0849999999999702,STOP,2024-08-23 08:00:00,2024-08-23 08:05:00,2024-08-23 08:05:00,1
48617,48620,1.32033,1.3211854685549307,-1.0849999999999131,STOP,2024-08-23 14:55:00,2024-08-23 15:00:00,2024-08-23 15:10:00,3
48698,48716,1.32125,1.3208244972213021,0.6934567778083351,STOP,2024-08-25 21:40:00,2024-08-25 21:45:00,2024-08-25 23:10:00,18
48734,48744,1.32013,1.3199522827930867,0.521468157540693,STOP,2024-08-26 00:40:00,2024-08-26 00:45:00,2024-08-26 01:30:00,10
48747,48750,1.31981,1.3201073640594205,-1.0850000000001252,STOP,2024-08-26 01:45:00,2024-08-26 01:50:00,2024-08-26 02:00:00,3
48796,48808,1.31897,1.3195297293726267,-1.0850000000000706,STOP,2024-08-26 05:50:00,2024-08-26 05:55:00,2024-08-26 06:50:00,12
48862,48879,1.31885,1.3196688734580355,-1.084999999999938,STOP,2024-08-26 11:20:00,2024-08-26 11:25:00,2024-08-26 12:45:00,17
48891,48926,1.31912,1.3184967701293862,0.871080661536206,STOP,2024-08-26 13:45:00,2024-08-26 13:50:00,2024-08-26 16:40:00,35
48968,48978,1.31878,1.318238234729122,1.71294634151876,STOP,2024-08-26 20:10:00,2024-08-26 20:15:00,2024-08-26 21:00:00,10
49112,49117,1.32152,1.320861336335925,0.7843075857366802,STOP,2024-08-27 08:10:00,2024-08-27 08:15:00,2024-08-27 08:35:00,5
49152,49158,1.32265,1.3235629948487373,-1.0849999999998967,STOP,2024-08-27 11:30:00,2024-08-27 11:35:00,2024-08-27 12:00:00,6
49252,49256,1.32568,1.325462088906182,0.7828460503131798,STOP,2024-08-27 19:50:00,2024-08-27 19:55:00,2024-08-27 20:10:00,4
49309,49313,1.32444,1.3241733746560682,0.7941142186110786,STOP,2024-08-28 00:35:00,2024-08-28 00:40:00,2024-08-28 00:55:00,4
49466,49471,1.31774,1.3173662189176019,0.4280415149493116,STOP,2024-08-28 13:40:00,2024-08-28 13:45:00,2024-08-28 14:05:00,5
49761,49768,1.31777,1.316906011622649,1.130164324136625,STOP,2024-08-29 14:15:00,2024-08-29 14:20:00,2024-08-29 14:50:00,7
49878,49883,1.31619,1.3164990304988862,-1.0849999999999955,STOP,2024-08-30 00:00:00,2024-08-30 00:05:00,2024-08-30 00:25:00,5
49952,49960,1.31784,1.3173437284933691,0.6519956875595726,STOP,2024-08-30 06:10:00,2024-08-30 06:15:00,2024-08-30 06:50:00,8
50025,50030,1.3123,1.3117284166810197,0.4673671896846849,STOP,2024-08-30 12:15:00,2024-08-30 12:20:00,2024-08-30 12:40:00,5
50081,50083,1.31544,1.3129442375971279,5.360007917767581,STOP,2024-08-30 16:55:00,2024-09-01 17:00:00,2024-09-01 17:05:00,2
50118,50122,1.31278,1.3131044942512917,-1.0850000000002011,STOP,2024-09-01 20:00:00,2024-09-01 20:05:00,2024-09-01 20:20:00,4
50167,50182,1.31243,1.3127637512381538,-1.084999999999734,STOP,2024-09-02 00:05:00,2024-09-02 00:10:00,2024-09-02 01:20:00,15
50256,50266,1.31301,1.313563446395997,-1.0850000000000815,STOP,2024-09-02 07:30:00,2024-09-02 07:35:00,2024-09-02 08:20:00,10
50288,50294,1.31374,1.3143242798734467,-1.0850000000001188,STOP,2024-09-02 10:10:00,2024-09-02 10:15:00,2024-09-02 10:40:00,6
50440,50451,1.31386,1.312959372643028,2.5272570972939543,STOP,2024-09-02 22:50:00,2024-09-02 22:55:00,2024-09-02 23:45:00,11
50455,50463,1.31264,1.3124665783104665,0.4014749470833961,STOP,2024-09-03 00:05:00,2024-09-03 00:10:00,2024-09-03 00:45:00,8
50515,50532,1.31138,1.3121876775688333,-1.0849999999999114,STOP,2024-09-03 05:05:00,2024-09-03 05:10:00,2024-09-03 06:30:00,17
50611,50626,1.30969,1.3091343507186306,0.6137688165657229,STOP,2024-09-03 13:05:00,2024-09-03 13:10:00,2024-09-03 14:20:00,15
50667,50670,1.31148,1.3108751576146176,1.7640423791296134,STOP,2024-09-03 17:45:00,2024-09-03 17:50:00,2024-09-03 18:00:00,3
50735,50741,1.31062,1.3110272054479166,-1.0849999999997484,STOP,2024-09-03 23:25:00,2024-09-03 23:30:00,2024-09-03 23:55:00,6
50814,50843,1.31161,1.3111333377476633,0.6594058185512881,STOP,2024-09-04 06:00:00,2024-09-04 06:05:00,2024-09-04 08:25:00,29
50902,50911,1.31398,1.3132809286764688,0.9305981176496683,STOP,2024-09-04 13:20:00,2024-09-04 13:25:00,2024-09-04 14:05:00,9
51020,51037,1.31477,1.3144943657421104,0.7090757917424165,STOP,2024-09-04 23:10:00,2024-09-04 23:15:00,2024-09-05 00:35:00,17
51150,51153,1.31595,1.3170058346523676,-1.0849999999999798,STOP,2024-09-05 10:00:00,2024-09-05 10:05:00,2024-09-05 10:15:00,3
51209,51230,1.31726,1.317844910887855,-1.0849999999999838,STOP,2024-09-05 14:55:00,2024-09-05 15:00:00,2024-09-05 16:40:00,21
51301,51307,1.31754,1.3178621940881945,-1.0849999999997002,STOP,2024-09-05 22:35:00,2024-09-05 22:40:00,2024-09-05 23:05:00,6
51401,51403,1.31685,1.3173879208661148,-1.0850000000000164,STOP,2024-09-06 06:55:00,2024-09-06 07:00:00,2024-09-06 07:05:00,2
51463,51535,1.31249,1.31326,-0.5098755992581341,TIME,2024-09-06 12:05:00,2024-09-06 12:10:00,2024-09-08 18:05:00,72
51605,51624,1.31311,1.3116449074439562,4.571085239198932,STOP,2024-09-08 23:55:00,2024-09-09 00:00:00,2024-09-09 01:30:00,19
51679,51687,1.30858,1.3078091711414912,1.0866993996748893,STOP,2024-09-09 06:05:00,2024-09-09 06:10:00,2024-09-09 06:45:00,8
51770,51777,1.30907,1.3083553455588677,1.152159209389011,STOP,2024-09-09 13:40:00,2024-09-09 13:45:00,2024-09-09 14:15:00,7
51785,51799,1.30786,1.3075028163616,0.5773174471668998,STOP,2024-09-09 14:55:00,2024-09-09 15:00:00,2024-09-09 16:05:00,14
51808,51822,1.3073,1.3075892742665707,-1.0849999999998938,STOP,2024-09-09 16:50:00,2024-09-09 16:55:00,2024-09-09 18:00:00,14
51987,52002,1.30887,1.3072814032190738,2.6879123776522538,STOP,2024-09-10 07:45:00,2024-09-10 07:50:00,2024-09-10 09:00:00,15
52095,52099,1.30815,1.3079615711541233,0.5311283492672483,STOP,2024-09-10 16:45:00,2024-09-10 16:50:00,2024-09-10 17:05:00,4
52132,52135,1.30802,1.3076790080042697,1.2269215649335024,STOP,2024-09-10 19:55:00,2024-09-10 20:00:00,2024-09-10 20:10:00,3
52277,52282,1.30858,1.309184232372761,-1.0850000000001219,STOP,2024-09-11 08:00:00,2024-09-11 08:05:00,2024-09-11 08:25:00,5
52361,52364,1.30434,1.304869241423363,-1.0849999999998836,STOP,2024-09-11 15:00:00,2024-09-11 15:05:00,2024-09-11 15:15:00,3
52410,52415,1.3043,1.3039814463219932,1.403848765808313,STOP,2024-09-11 19:05:00,2024-09-11 19:10:00,2024-09-11 19:30:00,5
52827,52837,1.31374,1.3131397770438888,0.7451003499531331,STOP,2024-09-13 05:50:00,2024-09-13 05:55:00,2024-09-13 06:40:00,10
52839,52848,1.31266,1.3121424576744996,0.648575245655135,STOP,2024-09-13 06:50:00,2024-09-13 06:55:00,2024-09-13 07:35:00,9
52895,52911,1.31394,1.3129027873216275,1.0100318052777604,STOP,2024-09-13 11:30:00,2024-09-13 11:35:00,2024-09-13 12:50:00,16
52960,52971,1.31275,1.3120752954229524,1.604462912335338,STOP,2024-09-13 16:55:00,2024-09-15 17:00:00,2024-09-15 17:55:00,11
53176,53179,1.31948,1.3202372532518671,-1.0849999999998834,STOP,2024-09-16 11:00:00,2024-09-16 11:05:00,2024-09-16 11:15:00,3
53206,53211,1.31997,1.3205516736559366,-1.084999999999943,STOP,2024-09-16 13:30:00,2024-09-16 13:35:00,2024-09-16 13:55:00,5
53260,53275,1.32108,1.3206386127181227,1.1111903035913206,STOP,2024-09-16 18:00:00,2024-09-16 18:05:00,2024-09-16 19:15:00,15
53412,53425,1.32131,1.3219102532435463,-1.0849999999998865,STOP,2024-09-17 06:40:00,2024-09-17 06:45:00,2024-09-17 07:45:00,13
53465,53469,1.31768,1.3169950546477296,0.5849545007560039,STOP,2024-09-17 11:05:00,2024-09-17 11:10:00,2024-09-17 11:25:00,4
53519,53565,1.31603,1.316614303278206,-1.0850000000000304,STOP,2024-09-17 15:35:00,2024-09-17 15:40:00,2024-09-17 19:25:00,46
53702,53712,1.32168,1.3212937681070869,0.4991278352377179,STOP,2024-09-18 06:50:00,2024-09-18 06:55:00,2024-09-18 07:40:00,10
53717,53724,1.32081,1.3213648252809205,-1.0849999999999398,STOP,2024-09-18 08:05:00,2024-09-18 08:10:00,2024-09-18 08:40:00,7
53780,53782,1.32004,1.3206522590806857,-1.0849999999998416,STOP,2024-09-18 13:20:00,2024-09-18 13:25:00,2024-09-18 13:30:00,2
53851,53862,1.32026,1.319906659402098,0.4368037133982304,STOP,2024-09-18 19:15:00,2024-09-18 19:20:00,2024-09-18 20:10:00,11
53981,53992,1.32735,1.3266188512682602,0.7398420050775478,STOP,2024-09-19 06:05:00,2024-09-19 06:10:00,2024-09-19 07:00:00,11
54068,54081,1.32782,1.3286660457838622,-1.0850000000000803,STOP,2024-09-19 13:20:00,2024-09-19 13:25:00,2024-09-19 14:25:00,13
54091,54099,1.3276,1.3281934405681348,-1.0849999999998947,STOP,2024-09-19 15:15:00,2024-09-19 15:20:00,2024-09-19 15:55:00,8
54131,54139,1.32798,1.327784934708745,0.6603167635526943,STOP,2024-09-19 18:35:00,2024-09-19 18:40:00,2024-09-19 19:15:00,8
54206,54214,1.32923,1.3289181791009517,0.712378225875704,STOP,2024-09-20 00:50:00,2024-09-20 00:55:00,2024-09-20 01:30:00,8
54266,54290,1.3289,1.3296904642914413,-1.0849999999999982,STOP,2024-09-20 05:50:00,2024-09-20 05:55:00,2024-09-20 07:50:00,24
54359,54397,1.33129,1.3321191564914996,-1.0849999999999664,STOP,2024-09-20 13:35:00,2024-09-20 13:40:00,2024-09-20 16:45:00,38
54424,54447,1.33153,1.3311136859569686,0.7734631264411698,STOP,2024-09-22 19:00:00,2024-09-22 19:05:00,2024-09-22 20:55:00,23
54481,54488,1.33117,1.3315047951273862,-1.0849999999997963,STOP,2024-09-22 23:45:00,2024-09-22 23:50:00,2024-09-23 00:20:00,7
54508,54510,1.33139,1.331732427873041,-1.0849999999999038,STOP,2024-09-23 02:00:00,2024-09-23 02:05:00,2024-09-23 02:10:00,2
54582,54584,1.3307,1.3303352998751103,0.4058787521868928,STOP,2024-09-23 08:10:00,2024-09-23 08:15:00,2024-09-23 08:20:00,2
54631,54647,1.33419,1.3350952866500727,-1.0850000000000406,STOP,2024-09-23 12:15:00,2024-09-23 12:20:00,2024-09-23 13:35:00,16
54688,54691,1.33494,1.3342413060693457,1.456697915566447,STOP,2024-09-23 17:00:00,2024-09-23 17:05:00,2024-09-23 17:15:00,3
54717,54722,1.33448,1.3347246720646146,-1.085000000000279,STOP,2024-09-23 19:25:00,2024-09-23 19:30:00,2024-09-23 19:50:00,5
54851,54858,1.33717,1.3365155719131918,0.7997713016471386,STOP,2024-09-24 06:35:00,2024-09-24 06:40:00,2024-09-24 07:10:00,7
54864,54866,1.33602,1.3366995342588486,-1.0850000000001139,STOP,2024-09-24 07:40:00,2024-09-24 07:45:00,2024-09-24 07:50:00,2
55297,55299,1.33178,1.3315637212817293,0.6342331665562599,STOP,2024-09-25 19:45:00,2024-09-25 19:50:00,2024-09-25 19:55:00,2
55440,55441,1.33744,1.3382320004701798,-1.0849999999999507,STOP,2024-09-26 07:40:00,2024-09-26 07:45:00,2024-09-26 07:45:00,1
55538,55582,1.34122,1.3407279386917776,0.7669036133347232,STOP,2024-09-26 15:50:00,2024-09-26 15:55:00,2024-09-26 19:30:00,44
55637,55642,1.33917,1.338267525580011,2.414742612311053,STOP,2024-09-27 00:05:00,2024-09-27 00:10:00,2024-09-27 00:30:00,5
55737,55738,1.33833,1.3390185662186174,-1.0850000000001097,STOP,2024-09-27 08:25:00,2024-09-27 08:30:00,2024-09-27 08:30:00,1
55840,55843,1.33801,1.3370323493210339,1.843369164120032,STOP,2024-09-29 17:00:00,2024-09-29 17:05:00,2024-09-29 17:15:00,3
56023,56031,1.3398,1.33873523567199,1.2143538687058457,STOP,2024-09-30 08:15:00,2024-09-30 08:20:00,2024-09-30 08:55:00,8
56049,56051,1.337,1.3381460572408164,-1.0849999999999418,STOP,2024-09-30 10:25:00,2024-09-30 10:30:00,2024-09-30 10:35:00,2
56066,56068,1.33878,1.3400409924815395,-1.0850000000000388,STOP,2024-09-30 11:50:00,2024-09-30 11:55:00,2024-09-30 12:00:00,2
56088,56091,1.33985,1.340661193982805,-1.0850000000000768,STOP,2024-09-30 13:40:00,2024-09-30 13:45:00,2024-09-30 13:55:00,3
56157,56173,1.33771,1.337290601776267,1.1338529508671364,STOP,2024-09-30 19:25:00,2024-09-30 19:30:00,2024-09-30 20:45:00,16
56194,56210,1.33809,1.3375752129140868,1.1239718529648774,STOP,2024-09-30 22:30:00,2024-09-30 22:35:00,2024-09-30 23:50:00,16
56211,56213,1.33707,1.337521321508706,-1.0849999999998965,STOP,2024-09-30 23:55:00,2024-10-01 00:00:00,2024-10-01 00:05:00,2
56302,56305,1.33125,1.3321407935092662,-1.0850000000000135,STOP,2024-10-01 07:30:00,2024-10-01 07:35:00,2024-10-01 07:45:00,3
56326,56332,1.33085,1.3317632598695377,-1.0850000000000815,STOP,2024-10-01 09:30:00,2024-10-01 09:35:00,2024-10-01 10:00:00,6
56363,56366,1.32632,1.3255668047774196,0.5858919710584297,STOP,2024-10-01 12:35:00,2024-10-01 12:40:00,2024-10-01 12:50:00,3
56436,56447,1.32811,1.3276185163409797,1.3693246105430663,STOP,2024-10-01 18:40:00,2024-10-01 18:45:00,2024-10-01 19:35:00,11
56482,56509,1.32857,1.328233265516057,0.5548057317619977,STOP,2024-10-01 22:30:00,2024-10-01 22:35:00,2024-10-02 00:45:00,27
56563,56572,1.32873,1.3294921088065805,-1.0850000000001332,STOP,2024-10-02 05:15:00,2024-10-02 05:20:00,2024-10-02 06:00:00,9
56653,56705,1.32676,1.3261213920374035,0.7026560550979407,STOP,2024-10-02 12:45:00,2024-10-02 12:50:00,2024-10-02 17:05:00,52
56728,56735,1.32627,1.3266375768708762,-1.0849999999998396,STOP,2024-10-02 19:00:00,2024-10-02 19:05:00,2024-10-02 19:35:00,7
56836,56842,1.3144,1.3128828164877802,1.124816621920456,STOP,2024-10-03 04:00:00,2024-10-03 04:05:00,2024-10-03 04:30:00,6
56866,56879,1.31108,1.309919209774372,1.0430166407239319,STOP,2024-10-03 06:30:00,2024-10-03 06:35:00,2024-10-03 07:35:00,13
56908,56909,1.31021,1.3115219632257848,-1.0850000000000273,STOP,2024-10-03 10:00:00,2024-10-03 10:05:00,2024-10-03 10:05:00,1
56956,56968,1.31223,1.311658200313172,0.6783258150100044,STOP,2024-10-03 14:00:00,2024-10-03 14:05:00,2024-10-03 15:00:00,12
57065,57090,1.31281,1.3132434436640774,-1.085000000000055,STOP,2024-10-03 23:05:00,2024-10-03 23:10:00,2024-10-04 01:10:00,25
57177,57179,1.31687,1.3106813061189921,9.144892969468069,STOP,2024-10-04 08:25:00,2024-10-04 08:30:00,2024-10-04 08:35:00,2
57212,57228,1.30977,1.3111861838743852,-1.0849999999999225,STOP,2024-10-04 11:20:00,2024-10-04 11:25:00,2024-10-04 12:40:00,16
57275,57282,1.31239,1.311032415504549,2.996810552360437,STOP,2024-10-04 16:35:00,2024-10-04 16:40:00,2024-10-06 17:10:00,7
57373,57380,1.31263,1.3116878697475283,2.7903562989980717,STOP,2024-10-07 00:45:00,2024-10-07 00:50:00,2024-10-07 01:20:00,7
57448,57450,1.3061,1.307043493386926,-1.0849999999999782,STOP,2024-10-07 07:00:00,2024-10-07 07:05:00,2024-10-07 07:10:00,2
57465,57470,1.30705,1.307902829362694,-1.085000000000093,STOP,2024-10-07 08:25:00,2024-10-07 08:30:00,2024-10-07 08:50:00,5
57532,57543,1.30857,1.3073979204297994,2.009313311604612,STOP,2024-10-07 14:00:00,2024-10-07 14:05:00,2024-10-07 14:55:00,11
57568,57571,1.30861,1.3081876808605495,0.9883294266654732,STOP,2024-10-07 17:00:00,2024-10-07 17:05:00,2024-10-07 17:15:00,3
57663,57667,1.30905,1.3094685944967344,-1.0850000000000586,STOP,2024-10-08 00:55:00,2024-10-08 01:00:00,2024-10-08 01:15:00,4
57808,57812,1.30842,1.308031764318813,0.4721683769072151,STOP,2024-10-08 13:00:00,2024-10-08 13:05:00,2024-10-08 13:20:00,4
57858,57888,1.3103,1.3098957997237,1.0760608033135823,STOP,2024-10-08 17:10:00,2024-10-08 17:15:00,2024-10-08 19:40:00,30
57923,57926,1.30897,1.3095468805781436,-1.0850000000001094,STOP,2024-10-08 22:35:00,2024-10-08 22:40:00,2024-10-08 22:50:00,3
58030,58050,1.30859,1.3081804301070123,0.5705721081088083,STOP,2024-10-09 07:30:00,2024-10-09 07:35:00,2024-10-09 09:10:00,20
58094,58115,1.30669,1.3073410210980791,-1.085000000000046,STOP,2024-10-09 12:50:00,2024-10-09 12:55:00,2024-10-09 14:35:00,21
58129,58135,1.30646,1.3061857951266729,0.5004112363479887,STOP,2024-10-09 15:45:00,2024-10-09 15:50:00,2024-10-09 16:15:00,6
58158,58176,1.30649,1.3068917151463348,-1.0850000000000117,STOP,2024-10-09 18:10:00,2024-10-09 18:15:00,2024-10-09 19:40:00,18
58380,58382,1.30476,1.3037312039282003,1.1233024079543177,STOP,2024-10-10 12:40:00,2024-10-10 12:45:00,2024-10-10 12:50:00,2
58504,58528,1.30535,1.3050374611325342,0.6108311501537838,STOP,2024-10-10 23:00:00,2024-10-10 23:05:00,2024-10-11 01:00:00,24
58587,58599,1.30705,1.3063274933477391,1.166305521382956,STOP,2024-10-11 05:55:00,2024-10-11 06:00:00,2024-10-11 06:55:00,12
58659,58680,1.30696,1.3076913702974895,-1.0849999999999425,STOP,2024-10-11 11:55:00,2024-10-11 12:00:00,2024-10-11 13:40:00,21
58691,58708,1.30733,1.306573118413989,1.649874845072246,STOP,2024-10-11 14:35:00,2024-10-11 14:40:00,2024-10-11 16:00:00,17
58817,58819,1.30572,1.306016678461994,-1.0849999999996665,STOP,2024-10-14 01:05:00,2024-10-14 01:10:00,2024-10-14 01:15:00,2
58874,58887,1.30552,1.3047529851424828,1.2764037476707863,STOP,2024-10-14 05:50:00,2024-10-14 05:55:00,2024-10-14 06:55:00,13
58952,58958,1.30448,1.3051749609351446,-1.084999999999932,STOP,2024-10-14 12:20:00,2024-10-14 12:25:00,2024-10-14 12:50:00,6
58981,58984,1.30525,1.3056341316772095,-1.08499999999991,STOP,2024-10-14 14:45:00,2024-10-14 14:50:00,2024-10-14 15:00:00,3
59010,59015,1.3063,1.3057402324913159,1.2707745324238586,STOP,2024-10-14 17:10:00,2024-10-14 17:15:00,2024-10-14 17:35:00,5
59088,59093,1.30593,1.3052812560371856,1.5654655520816234,STOP,2024-10-14 23:40:00,2024-10-14 23:45:00,2024-10-15 00:05:00,5
59104,59111,1.30467,1.3043683285447663,0.7516321338515609,STOP,2024-10-15 01:00:00,2024-10-15 01:05:00,2024-10-15 01:35:00,7
59286,59291,1.30658,1.306991051116709,-1.0849999999998237,STOP,2024-10-15 16:10:00,2024-10-15 16:15:00,2024-10-15 16:35:00,5
59331,59334,1.30652,1.3062725117626368,0.6072506029777598,STOP,2024-10-15 19:55:00,2024-10-15 20:00:00,2024-10-15 20:10:00,3
59379,59397,1.30714,1.3074593240957502,-1.0849999999999758,STOP,2024-10-15 23:55:00,2024-10-16 00:00:00,2024-10-16 01:25:00,18
59464,59466,1.30131,1.3020504730403104,-1.0849999999999935,STOP,2024-10-16 07:00:00,2024-10-16 07:05:00,2024-10-16 07:10:00,2
59543,59556,1.29942,1.2988103158154656,1.0788530111060186,STOP,2024-10-16 13:35:00,2024-10-16 13:40:00,2024-10-16 14:40:00,13
59588,59590,1.29905,1.2985324009480415,1.4610563933514755,STOP,2024-10-16 17:20:00,2024-10-16 17:25:00,2024-10-16 17:30:00,2
59605,59619,1.29876,1.2990386590502738,-1.0850000000003854,STOP,2024-10-16 18:45:00,2024-10-16 18:50:00,2024-10-16 19:55:00,14
59865,59873,1.30107,1.3008902728156901,0.4391616832518794,STOP,2024-10-17 16:25:00,2024-10-17 16:30:00,2024-10-17 17:05:00,8
60003,60014,1.30528,1.3039542096141679,1.6759474406957025,STOP,2024-10-18 03:55:00,2024-10-18 04:00:00,2024-10-18 04:50:00,11
60192,60201,1.30499,1.3045510720807214,1.148861633048092,STOP,2024-10-20 19:40:00,2024-10-20 19:45:00,2024-10-20 20:25:00,9
60339,60340,1.30196,1.3024877891985622,-1.0849999999998226,STOP,2024-10-21 07:55:00,2024-10-21 08:00:00,2024-10-21 08:00:00,1
60418,60426,1.29842,1.2979469563788029,0.9608410630219888,STOP,2024-10-21 14:30:00,2024-10-21 14:35:00,2024-10-21 15:10:00,8
60518,60522,1.29873,1.299077669644976,-1.0849999999997222,STOP,2024-10-21 22:50:00,2024-10-21 22:55:00,2024-10-21 23:10:00,4
60584,60588,1.30025,1.2991899579979642,1.6900775177022032,STOP,2024-10-22 04:20:00,2024-10-22 04:25:00,2024-10-22 04:40:00,4
60635,60641,1.29699,1.2955558347522362,2.1078470960710027,STOP,2024-10-22 08:35:00,2024-10-22 08:40:00,2024-10-22 09:05:00,6
60675,60684,1.29683,1.2976425833597167,-1.085000000000049,STOP,2024-10-22 11:55:00,2024-10-22 12:00:00,2024-10-22 12:40:00,9
60736,60748,1.29801,1.2984340130950733,-1.0850000000001736,STOP,2024-10-22 17:00:00,2024-10-22 17:05:00,2024-10-22 18:00:00,12
60968,60989,1.29275,1.2913731473908903,1.7409216019202975,STOP,2024-10-23 12:20:00,2024-10-23 12:25:00,2024-10-23 14:05:00,21
61254,61258,1.2951,1.2959123624585025,-1.0849999999999065,STOP,2024-10-24 12:10:00,2024-10-24 12:15:00,2024-10-24 12:30:00,4
61304,61311,1.29716,1.2975333125648325,-1.0849999999997653,STOP,2024-10-24 16:20:00,2024-10-24 16:25:00,2024-10-24 16:55:00,7
61349,61352,1.29702,1.2967162760835866,1.111760850613625,STOP,2024-10-24 20:05:00,2024-10-24 20:10:00,2024-10-24 20:20:00,3
61473,61476,1.29796,1.2983911104485624,-1.0850000000002384,STOP,2024-10-25 06:25:00,2024-10-25 06:30:00,2024-10-25 06:40:00,3
61535,61559,1.29785,1.2971060060737662,0.9640818060887182,STOP,2024-10-25 11:35:00,2024-10-25 11:40:00,2024-10-25 13:35:00,24
61580,61600,1.29616,1.2966334688143777,-1.085000000000117,STOP,2024-10-25 15:20:00,2024-10-25 15:25:00,2024-10-27 16:00:00,20
61633,61642,1.29572,1.2961095837194327,-1.0850000000001536,STOP,2024-10-27 18:45:00,2024-10-27 18:50:00,2024-10-27 19:15:00,9
61692,61697,1.29479,1.2944519503749465,0.7480906449210473,STOP,2024-10-27 22:40:00,2024-10-27 22:45:00,2024-10-27 23:05:00,5
61709,61718,1.29425,1.2946639335633792,-1.0850000000001403,STOP,2024-10-28 00:05:00,2024-10-28 00:10:00,2024-10-28 00:50:00,9
61773,61775,1.29671,1.2973323982094935,-1.0849999999999873,STOP,2024-10-28 05:25:00,2024-10-28 05:30:00,2024-10-28 05:35:00,2
61816,61818,1.29802,1.2987630493692695,-1.0850000000001434,STOP,2024-10-28 09:00:00,2024-10-28 09:05:00,2024-10-28 09:10:00,2
61837,61840,1.29871,1.298328400036574,0.4831331592003086,STOP,2024-10-28 10:45:00,2024-10-28 10:50:00,2024-10-28 11:00:00,3
61864,61881,1.29711,1.297616413670619,-1.0850000000001099,STOP,2024-10-28 13:00:00,2024-10-28 13:05:00,2024-10-28 14:25:00,17
61891,61912,1.29713,1.2968286181247124,0.6707937141909599,STOP,2024-10-28 15:15:00,2024-10-28 15:20:00,2024-10-28 17:00:00,21
61967,61983,1.29693,1.2960957831481572,2.2999161695741934,STOP,2024-10-28 21:35:00,2024-10-28 21:40:00,2024-10-28 22:55:00,16
62085,62091,1.29777,1.2984241599955424,-1.0850000000000894,STOP,2024-10-29 07:25:00,2024-10-29 07:30:00,2024-10-29 07:55:00,6
62219,62220,1.30091,1.301242718395955,-1.0849999999996771,STOP,2024-10-29 18:35:00,2024-10-29 18:40:00,2024-10-29 18:40:00,1
62453,62471,1.29753,1.2964679299454662,1.4271694932014025,STOP,2024-10-30 14:05:00,2024-10-30 14:10:00,2024-10-30 15:35:00,18
62488,62498,1.29606,1.2956740266858457,0.8267809569367726,STOP,2024-10-30 17:00:00,2024-10-30 17:05:00,2024-10-30 17:50:00,10
62515,62524,1.29555,1.2950534182711948,1.5416111079325665,STOP,2024-10-30 19:15:00,2024-10-30 19:20:00,2024-10-30 20:00:00,9
62565,62571,1.29475,1.2951366838374765,-1.0850000000001048,STOP,2024-10-30 23:25:00,2024-10-30 23:30:00,2024-10-30 23:55:00,6
62775,62784,1.28979,1.2901706670025859,-1.0849999999998072,STOP,2024-10-31 16:55:00,2024-10-31 17:00:00,2024-10-31 17:40:00,9
62796,62802,1.28998,1.2892034739789136,3.0069432180636606,STOP,2024-10-31 18:40:00,2024-10-31 18:45:00,2024-10-31 19:10:00,6
62989,63014,1.29548,1.2933739849663008,1.7197873670476282,STOP,2024-11-01 10:45:00,2024-11-01 10:50:00,2024-11-01 12:50:00,25
63194,63203,1.29626,1.297021384784641,-1.0850000000000197,STOP,2024-11-04 05:50:00,2024-11-04 05:55:00,2024-11-04 06:35:00,9
63285,63287,1.29456,1.2953950015312745,-1.084999999999869,STOP,2024-11-04 13:25:00,2024-11-04 13:30:00,2024-11-04 13:35:00,2
63398,63403,1.2954,1.2957563517653468,-1.0849999999998616,STOP,2024-11-04 22:50:00,2024-11-04 22:55:00,2024-11-04 23:15:00,5
63470,63471,1.29762,1.298118438253244,-1.0849999999998106,STOP,2024-11-05 04:50:00,2024-11-05 04:55:00,2024-11-05 04:55:00,1
63508,63515,1.29834,1.2988673603370706,-1.085000000000126,STOP,2024-11-05 08:00:00,2024-11-05 08:05:00,2024-11-05 08:35:00,7
63591,63599,1.30214,1.30270814466483,-1.085000000000089,STOP,2024-11-05 14:55:00,2024-11-05 15:00:00,2024-11-05 15:35:00,8
63617,63619,1.30379,1.303011919220611,1.5094936328793167,STOP,2024-11-05 17:05:00,2024-11-05 17:10:00,2024-11-05 17:15:00,2
63710,63722,1.28857,1.285976076796188,1.2508281340413432,STOP,2024-11-06 00:50:00,2024-11-06 00:55:00,2024-11-06 01:50:00,12
63760,63783,1.28954,1.285990645563324,2.121965362350409,STOP,2024-11-06 05:00:00,2024-11-06 05:05:00,2024-11-06 06:55:00,23
63812,63815,1.28538,1.2845207636138734,0.5193422263727662,STOP,2024-11-06 09:20:00,2024-11-06 09:25:00,2024-11-06 09:35:00,3
63870,63906,1.28959,1.2876614152592252,1.5931108509022625,STOP,2024-11-06 14:10:00,2024-11-06 14:15:00,2024-11-06 17:10:00,36
64123,64187,1.29822,1.2968874755622661,0.9798861807511672,STOP,2024-11-07 11:15:00,2024-11-07 11:20:00,2024-11-07 20:35:00,64
64200,64205,1.29653,1.2971010179884948,-1.0850000000001556,STOP,2024-11-07 21:40:00,2024-11-07 21:45:00,2024-11-07 22:05:00,5
64216,64219,1.29621,1.2966960366542672,-1.0850000000001057,STOP,2024-11-07 23:00:00,2024-11-07 23:05:00,2024-11-07 23:15:00,3
64313,64323,1.29618,1.2943606798252785,2.313276342435087,STOP,2024-11-08 07:05:00,2024-11-08 07:10:00,2024-11-08 07:55:00,10
64348,64349,1.29267,1.2936938987179862,-1.0850000000000286,STOP,2024-11-08 10:00:00,2024-11-08 10:05:00,2024-11-08 10:05:00,1
64428,64431,1.29144,1.291943050161263,-1.0849999999999762,STOP,2024-11-08 16:40:00,2024-11-08 16:45:00,2024-11-08 16:55:00,3
64457,64460,1.29108,1.291546483221814,-1.0850000000001203,STOP,2024-11-10 19:05:00,2024-11-10 19:10:00,2024-11-10 19:20:00,3
64487,64492,1.29153,1.292031711203469,-1.0849999999997793,STOP,2024-11-10 21:35:00,2024-11-10 21:40:00,2024-11-10 22:00:00,5
64615,64619,1.28706,1.2862833799049609,0.8910764990237273,STOP,2024-11-11 08:15:00,2024-11-11 08:20:00,2024-11-11 08:35:00,4
64634,64636,1.28632,1.2871459583180955,-1.0850000000001256,STOP,2024-11-11 09:50:00,2024-11-11 09:55:00,2024-11-11 10:00:00,2
64695,64708,1.28624,1.2867002049445475,-1.0850000000000952,STOP,2024-11-11 14:55:00,2024-11-11 15:00:00,2024-11-11 16:00:00,13
64732,64740,1.28656,1.2868628026165505,-1.0850000000002933,STOP,2024-11-11 18:00:00,2024-11-11 18:05:00,2024-11-11 18:40:00,8
64788,64796,1.2848,1.2842443033461834,1.1607924664237588,STOP,2024-11-11 22:40:00,2024-11-11 22:45:00,2024-11-11 23:20:00,8
64845,64849,1.2798,1.2807877067080458,-1.084999999999951,STOP,2024-11-12 03:25:00,2024-11-12 03:30:00,2024-11-12 03:45:00,4
64868,64873,1.28085,1.2818420305584879,-1.0850000000000748,STOP,2024-11-12 05:20:00,2024-11-12 05:25:00,2024-11-12 05:45:00,5
64940,64949,1.27522,1.2733627842533908,1.646768454833188,STOP,2024-11-12 11:20:00,2024-11-12 11:25:00,2024-11-12 12:05:00,9
64983,64993,1.27366,1.2743203582715883,-1.0850000000000204,STOP,2024-11-12 14:55:00,2024-11-12 15:00:00,2024-11-12 15:45:00,10
65076,65097,1.27439,1.273991126281721,0.8801439821332406,STOP,2024-11-12 22:40:00,2024-11-12 22:45:00,2024-11-13 00:25:00,21
65251,65261,1.27006,1.2711119286080224,-1.0849999999999171,STOP,2024-11-13 13:15:00,2024-11-13 13:20:00,2024-11-13 14:05:00,10
65272,65290,1.27034,1.271075792744296,-1.0850000000001132,STOP,2024-11-13 15:00:00,2024-11-13 15:05:00,2024-11-13 16:30:00,18
65296,65299,1.27113,1.2704805865899431,1.2221034415259069,STOP,2024-11-13 17:00:00,2024-11-13 17:05:00,2024-11-13 17:15:00,3
65332,65341,1.27015,1.2695135977846173,1.341313607022106,STOP,2024-11-13 20:00:00,2024-11-13 20:05:00,2024-11-13 20:45:00,9
65368,65383,1.26823,1.2677209790785973,1.0407626454717784,STOP,2024-11-13 23:00:00,2024-11-13 23:05:00,2024-11-14 00:15:00,15
65527,65546,1.26993,1.2690368948567115,0.8052656381311268,STOP,2024-11-14 12:15:00,2024-11-14 12:20:00,2024-11-14 13:50:00,19
65560,65562,1.26667,1.265620101905716,1.0792792762559602,STOP,2024-11-14 15:00:00,2024-11-14 15:05:00,2024-11-14 15:10:00,2
65599,65604,1.266,1.2665270793542807,-1.084999999999924,STOP,2024-11-14 18:15:00,2024-11-14 18:20:00,2024-11-14 18:40:00,5
65683,65686,1.26694,1.2673506080509171,-1.0850000000000575,STOP,2024-11-15 01:15:00,2024-11-15 01:20:00,2024-11-15 01:30:00,3
65726,65733,1.26544,1.2663129671078603,-1.0849999999999957,STOP,2024-11-15 04:50:00,2024-11-15 04:55:00,2024-11-15 05:25:00,7
65757,65761,1.26774,1.2671704975713014,0.6123833563544907,STOP,2024-11-15 07:25:00,2024-11-15 07:30:00,2024-11-15 07:45:00,4
65770,65773,1.26531,1.2665165551266042,-1.0850000000000461,STOP,2024-11-15 08:30:00,2024-11-15 08:35:00,2024-11-15 08:45:00,3
65828,65834,1.26226,1.2631623768930957,-1.0849999999998843,STOP,2024-11-15 13:20:00,2024-11-15 13:25:00,2024-11-15 13:50:00,6
66160,66162,1.26836,1.267358350667425,2.0327143097581457,STOP,2024-11-18 17:00:00,2024-11-18 17:05:00,2024-11-18 17:10:00,2
66322,66327,1.26271,1.2637853425728622,-1.0849999999999382,STOP,2024-11-19 06:30:00,2024-11-19 06:35:00,2024-11-19 06:55:00,5
66400,66409,1.26632,1.2671741563371834,-1.0849999999999222,STOP,2024-11-19 13:00:00,2024-11-19 13:05:00,2024-11-19 13:45:00,9
66482,66487,1.26896,1.2687991462279251,0.3837274645513639,STOP,2024-11-19 19:50:00,2024-11-19 19:55:00,2024-11-19 20:15:00,5
66598,66608,1.26642,1.265451966101909,1.1331322934982795,STOP,2024-11-20 05:30:00,2024-11-20 05:35:00,2024-11-20 06:20:00,10
66695,66700,1.26432,1.2650727328989033,-1.084999999999877,STOP,2024-11-20 13:35:00,2024-11-20 13:40:00,2024-11-20 14:00:00,5
66816,66819,1.26556,1.2653864561226225,0.5300450497839629,STOP,2024-11-20 23:40:00,2024-11-20 23:45:00,2024-11-20 23:55:00,3
67014,67023,1.25924,1.2588849476863255,0.6200057658484749,STOP,2024-11-21 16:10:00,2024-11-21 16:15:00,2024-11-21 16:55:00,9
67241,67264,1.25203,1.25316320683802,-1.0850000000000422,STOP,2024-11-22 11:05:00,2024-11-22 11:10:00,2024-11-22 13:00:00,23
67311,67320,1.25953,1.2584805035718387,1.9787688201085474,STOP,2024-11-22 16:55:00,2024-11-24 17:00:00,2024-11-24 17:40:00,9
67473,67481,1.25735,1.256678003806944,0.8299729021910977,STOP,2024-11-25 06:25:00,2024-11-25 06:30:00,2024-11-25 07:05:00,8
67585,67599,1.25702,1.2565577126763001,0.7452970121529348,STOP,2024-11-25 15:45:00,2024-11-25 15:50:00,2024-11-25 16:55:00,14
67708,67710,1.25453,1.2550582174089213,-1.084999999999989,STOP,2024-11-26 02:00:00,2024-11-26 02:05:00,2024-11-26 02:10:00,2
67760,67764,1.25761,1.2584808829321976,-1.0849999999999287,STOP,2024-11-26 06:20:00,2024-11-26 06:25:00,2024-11-26 06:40:00,4
67804,67823,1.2566,1.2552748316114453,1.0773396281382448,STOP,2024-11-26 10:00:00,2024-11-26 10:05:00,2024-11-26 11:35:00,19
67845,67852,1.25316,1.2539850639334134,-1.0850000000000273,STOP,2024-11-26 13:25:00,2024-11-26 13:30:00,2024-11-26 14:00:00,7
68156,68161,1.26713,1.267689757087591,-1.0850000000001296,STOP,2024-11-27 15:20:00,2024-11-27 15:25:00,2024-11-27 15:45:00,5
68176,68183,1.26825,1.267689935619625,1.3455650836497655,STOP,2024-11-27 17:00:00,2024-11-27 17:05:00,2024-11-27 17:35:00,7
68345,68351,1.26617,1.2667891365516273,-1.085000000000068,STOP,2024-11-28 07:05:00,2024-11-28 07:10:00,2024-11-28 07:35:00,6
68425,68438,1.26861,1.26892552539615,-1.08499999999992,STOP,2024-11-28 13:45:00,2024-11-28 13:50:00,2024-11-28 14:50:00,13
68443,68456,1.26871,1.2689140801095329,-1.0850000000001045,STOP,2024-11-28 15:15:00,2024-11-28 15:20:00,2024-11-28 16:20:00,13
68463,68467,1.26902,1.2682157610862457,4.176453233240562,STOP,2024-11-28 16:55:00,2024-11-28 17:00:00,2024-11-28 17:15:00,4
68602,68612,1.2701,1.2692767000438456,0.8692592771979859,STOP,2024-11-29 04:30:00,2024-11-29 04:35:00,2024-11-29 05:20:00,10
68616,68619,1.26845,1.269334752249359,-1.0849999999999904,STOP,2024-11-29 05:40:00,2024-11-29 05:45:00,2024-11-29 05:55:00,3
68637,68643,1.26877,1.2695475405259582,-1.0850000000000717,STOP,2024-11-29 07:25:00,2024-11-29 07:30:00,2024-11-29 07:55:00,6
68743,68753,1.27386,1.2725138042187405,3.0274223423854774,STOP,2024-11-29 16:15:00,2024-11-29 16:20:00,2024-12-01 17:05:00,10
68802,68814,1.26853,1.2691079417529778,-1.084999999999994,STOP,2024-12-01 21:10:00,2024-12-01 21:15:00,2024-12-01 22:10:00,12
68920,68922,1.27018,1.270981999184098,-1.0849999999998639,STOP,2024-12-02 07:00:00,2024-12-02 07:05:00,2024-12-02 07:10:00,2
68949,68957,1.26691,1.263462266995983,3.347670338930805,STOP,2024-12-02 09:25:00,2024-12-02 09:30:00,2024-12-02 10:05:00,8
69040,69046,1.26599,1.265463186040975,0.9569234771941093,STOP,2024-12-02 17:00:00,2024-12-02 17:05:00,2024-12-02 17:30:00,6
69067,69077,1.26513,1.2654804812373441,-1.0850000000001492,STOP,2024-12-02 19:15:00,2024-12-02 19:20:00,2024-12-02 20:05:00,10
69124,69131,1.26414,1.2645289688676051,-1.0849999999998434,STOP,2024-12-03 00:00:00,2024-12-03 00:05:00,2024-12-03 00:35:00,7
69194,69203,1.26706,1.266583753045893,0.47112547660301046,STOP,2024-12-03 05:50:00,2024-12-03 05:55:00,2024-12-03 06:35:00,9
69294,69305,1.26865,1.2671056323080658,1.828981792899864,STOP,2024-12-03 14:10:00,2024-12-03 14:15:00,2024-12-03 15:05:00,11
69341,69351,1.26697,1.2672558371087566,-1.0850000000001805,STOP,2024-12-03 18:05:00,2024-12-03 18:10:00,2024-12-03 18:55:00,10
69388,69396,1.26607,1.2654751586568591,1.0489309226125447,STOP,2024-12-03 22:00:00,2024-12-03 22:05:00,2024-12-03 22:40:00,8
69483,69492,1.26668,1.2676701269909756,-1.0849999999999036,STOP,2024-12-04 05:55:00,2024-12-04 06:00:00,2024-12-04 06:40:00,9
69506,69511,1.26652,1.2673618047158717,-1.08500000000009,STOP,2024-12-04 07:50:00,2024-12-04 07:55:00,2024-12-04 08:15:00,5
69610,69625,1.26991,1.2704290713111932,-1.0849999999998303,STOP,2024-12-04 16:30:00,2024-12-04 16:35:00,2024-12-04 17:45:00,15
69630,69632,1.27008,1.2704004483329279,-1.0849999999998579,STOP,2024-12-04 18:10:00,2024-12-04 18:15:00,2024-12-04 18:20:00,2
69696,69703,1.27028,1.2706613843517671,-1.0850000000001863,STOP,2024-12-04 23:40:00,2024-12-04 23:45:00,2024-12-05 00:15:00,7
69824,69829,1.27462,1.2737768841150148,0.7518034458477908,STOP,2024-12-05 10:20:00,2024-12-05 10:25:00,2024-12-05 10:45:00,5
69846,69863,1.27476,1.273674038324476,1.0596206317277677,STOP,2024-12-05 12:10:00,2024-12-05 12:15:00,2024-12-05 13:35:00,17
69890,69898,1.27515,1.2757187540940824,-1.0849999999998565,STOP,2024-12-05 15:50:00,2024-12-05 15:55:00,2024-12-05 16:30:00,8
69929,69945,1.2755,1.2750144920626514,1.3497431835614297,STOP,2024-12-05 19:05:00,2024-12-05 19:10:00,2024-12-05 20:25:00,16
69989,70005,1.27435,1.2747184897157307,-1.0850000000002218,STOP,2024-12-06 00:05:00,2024-12-06 00:10:00,2024-12-06 01:25:00,16
70036,70039,1.2758,1.2764165104184002,-1.0850000000000364,STOP,2024-12-06 04:00:00,2024-12-06 04:05:00,2024-12-06 04:15:00,3
70132,70188,1.27302,1.2742789843764646,-1.0850000000000117,STOP,2024-12-06 12:00:00,2024-12-06 12:05:00,2024-12-06 16:40:00,56
70192,70194,1.2739,1.2736609298421424,0.4070669006356425,STOP,2024-12-08 17:00:00,2024-12-08 17:05:00,2024-12-08 17:10:00,2
70224,70258,1.27409,1.2732837031163853,1.7701561839920175,STOP,2024-12-08 19:40:00,2024-12-08 19:45:00,2024-12-08 22:30:00,34
70359,70371,1.27653,1.2758074225322702,0.9616276334029397,STOP,2024-12-09 06:55:00,2024-12-09 07:00:00,2024-12-09 07:55:00,12
70446,70455,1.27619,1.2753303291120117,1.590620346086564,STOP,2024-12-09 14:10:00,2024-12-09 14:15:00,2024-12-09 14:55:00,9
70480,70485,1.27531,1.2748567283292103,0.9052183018485886,STOP,2024-12-09 17:00:00,2024-12-09 17:05:00,2024-12-09 17:25:00,5
70497,70510,1.27465,1.2749905346241543,-1.0849999999998565,STOP,2024-12-09 18:25:00,2024-12-09 18:30:00,2024-12-09 19:30:00,13
70566,70573,1.27463,1.2750576158759301,-1.085000000000223,STOP,2024-12-10 00:10:00,2024-12-10 00:15:00,2024-12-10 00:45:00,7
70719,70724,1.2746,1.2753344714852999,-1.0849999999999071,STOP,2024-12-10 12:55:00,2024-12-10 13:00:00,2024-12-10 13:20:00,5
70793,70796,1.27722,1.2775502869406818,-1.084999999999884,STOP,2024-12-10 19:05:00,2024-12-10 19:10:00,2024-12-10 19:20:00,3
71018,71026,1.27366,1.274550713154178,-1.0849999999998796,STOP,2024-12-11 13:50:00,2024-12-11 13:55:00,2024-12-11 14:30:00,8
71105,71122,1.27648,1.2769356957936222,-1.085000000000155,STOP,2024-12-11 21:05:00,2024-12-11 21:10:00,2024-12-11 22:30:00,17
71206,71213,1.27528,1.2744962847636525,1.175136169124828,STOP,2024-12-12 05:30:00,2024-12-12 05:35:00,2024-12-12 06:05:00,7
71291,71322,1.27007,1.2673540026172723,2.6420211632421573,STOP,2024-12-12 12:35:00,2024-12-12 12:40:00,2024-12-12 15:10:00,31
71418,71426,1.26601,1.2663831589859358,-1.0850000000002409,STOP,2024-12-12 23:10:00,2024-12-12 23:15:00,2024-12-12 23:50:00,8
71444,71445,1.26548,1.2658758557444467,-1.0849999999999993,STOP,2024-12-13 01:20:00,2024-12-13 01:25:00,2024-12-13 01:25:00,1
71584,71591,1.26187,1.262606975918674,-1.0850000000001052,STOP,2024-12-13 13:00:00,2024-12-13 13:05:00,2024-12-13 13:35:00,7
71631,71633,1.26232,1.2613135334450178,2.2209943137991854,STOP,2024-12-13 16:55:00,2024-12-15 17:00:00,2024-12-15 17:05:00,2
71891,71941,1.26828,1.2689606026977924,-1.0850000000000621,STOP,2024-12-16 14:35:00,2024-12-16 14:40:00,2024-12-16 18:45:00,50
72065,72069,1.26826,1.2677240701536818,0.5996735345204234,STOP,2024-12-17 05:05:00,2024-12-17 05:10:00,2024-12-17 05:25:00,4
72176,72194,1.2714,1.2706246790405777,1.0926723888745287,STOP,2024-12-17 14:20:00,2024-12-17 14:25:00,2024-12-17 15:50:00,18
72232,72235,1.2708,1.2710867900765666,-1.0850000000001374,STOP,2024-12-17 19:00:00,2024-12-17 19:05:00,2024-12-17 19:15:00,3
72460,72462,1.26582,1.264124868639109,1.2934726615824885,STOP,2024-12-18 14:00:00,2024-12-18 14:05:00,2024-12-18 14:10:00,2
72494,72530,1.25717,1.2585463840913536,-1.0849999999999809,STOP,2024-12-18 16:50:00,2024-12-18 16:55:00,2024-12-18 19:50:00,36
72570,72586,1.25846,1.2589533599723,-1.0850000000001576,STOP,2024-12-18 23:10:00,2024-12-18 23:15:00,2024-12-19 00:30:00,16
72757,72778,1.25089,1.2498841589187288,1.2010649814121626,STOP,2024-12-19 14:45:00,2024-12-19 14:50:00,2024-12-19 16:30:00,21
72796,72815,1.24991,1.249559546093439,0.6524055595225068,STOP,2024-12-19 18:00:00,2024-12-19 18:05:00,2024-12-19 19:35:00,19
72847,72855,1.24836,1.247767674502273,1.1687536561632423,STOP,2024-12-19 22:15:00,2024-12-19 22:20:00,2024-12-19 22:55:00,8
72874,72876,1.2479,1.2482767404379171,-1.084999999999881,STOP,2024-12-20 00:30:00,2024-12-20 00:35:00,2024-12-20 00:40:00,2
73140,73146,1.25831,1.257745060305922,1.5412948286654171,STOP,2024-12-22 22:40:00,2024-12-22 22:45:00,2024-12-22 23:10:00,6
73167,73170,1.25785,1.257409246191135,1.3317968099910595,STOP,2024-12-23 00:55:00,2024-12-23 01:00:00,2024-12-23 01:10:00,3
73289,73295,1.25145,1.252412366845181,-1.085000000000041,STOP,2024-12-23 11:05:00,2024-12-23 11:10:00,2024-12-23 11:35:00,6
73309,73313,1.25204,1.2528181417695996,-1.0849999999998914,STOP,2024-12-23 12:45:00,2024-12-23 12:50:00,2024-12-23 13:05:00,4
73325,73332,1.25249,1.2531758806661846,-1.0850000000001216,STOP,2024-12-23 14:05:00,2024-12-23 14:10:00,2024-12-23 14:40:00,7
73385,73392,1.25312,1.25279260425286,0.8154229994373625,STOP,2024-12-23 19:05:00,2024-12-23 19:10:00,2024-12-23 19:40:00,7
73566,73573,1.25563,1.2540970690426745,1.8753850401534853,STOP,2024-12-24 10:10:00,2024-12-24 10:15:00,2024-12-24 10:45:00,7
73597,73608,1.25222,1.2528418622302067,-1.085000000000122,STOP,2024-12-24 12:45:00,2024-12-24 12:50:00,2024-12-24 13:40:00,11
73764,73801,1.25419,1.2547157095569368,-1.0850000000001776,STOP,2024-12-25 19:20:00,2024-12-25 19:25:00,2024-12-25 22:25:00,37
73810,73814,1.25432,1.2545833481455937,-1.0850000000003068,STOP,2024-12-25 23:10:00,2024-12-25 23:15:00,2024-12-25 23:30:00,4
73868,73870,1.25259,1.252989471598093,-1.0849999999999573,STOP,2024-12-26 04:00:00,2024-12-26 04:05:00,2024-12-26 04:10:00,2
73904,73914,1.25293,1.2516960578148917,4.050481169916711,STOP,2024-12-26 07:00:00,2024-12-26 07:05:00,2024-12-26 07:50:00,10
73989,73996,1.25219,1.252807918622448,-1.0850000000001094,STOP,2024-12-26 14:05:00,2024-12-26 14:10:00,2024-12-26 14:40:00,7
74053,74057,1.25262,1.2529564919185878,-1.0850000000003293,STOP,2024-12-26 19:25:00,2024-12-26 19:30:00,2024-12-26 19:45:00,4
74119,74124,1.2521,1.2524064683714065,-1.0849999999997275,STOP,2024-12-27 00:55:00,2024-12-27 01:00:00,2024-12-27 01:20:00,5
74207,74209,1.25533,1.256047851991465,-1.085000000000055,STOP,2024-12-27 08:15:00,2024-12-27 08:20:00,2024-12-27 08:25:00,2
74251,74261,1.25704,1.25608589570643,0.9012986565426655,STOP,2024-12-27 11:55:00,2024-12-27 12:00:00,2024-12-27 12:45:00,10
74309,74313,1.25758,1.2572904124307045,0.6457723743736912,STOP,2024-12-27 16:45:00,2024-12-27 16:50:00,2024-12-29 17:05:00,4
74336,74344,1.25744,1.25795129686167,-1.0849999999997861,STOP,2024-12-29 19:00:00,2024-12-29 19:05:00,2024-12-29 19:40:00,8
74501,74505,1.25801,1.2558814641592713,2.679248344744648,STOP,2024-12-30 08:45:00,2024-12-30 08:50:00,2024-12-30 09:05:00,4
74630,74635,1.25398,1.2543594473442028,-1.0850000000001523,STOP,2024-12-30 19:30:00,2024-12-30 19:35:00,2024-12-30 19:55:00,5
74661,74679,1.25524,1.2547819119538774,1.0975463019674736,STOP,2024-12-30 22:05:00,2024-12-30 22:10:00,2024-12-30 23:35:00,18
74833,74838,1.25084,1.2519060457600908,-1.0850000000000073,STOP,2024-12-31 12:25:00,2024-12-31 12:30:00,2024-12-31 12:50:00,5
74967,74976,1.25337,1.2531565930383015,0.5191329265256956,STOP,2025-01-01 23:35:00,2025-01-01 23:40:00,2025-01-02 00:20:00,9
74986,74990,1.2529,1.2531997573503153,-1.084999999999817,STOP,2025-01-02 01:10:00,2025-01-02 01:15:00,2025-01-02 01:30:00,4
75064,75074,1.24289,1.2409114032239534,1.8691029281674247,STOP,2025-01-02 07:40:00,2025-01-02 07:45:00,2025-01-02 08:30:00,10
75087,75089,1.23918,1.2403671884536158,-1.0850000000000277,STOP,2025-01-02 09:35:00,2025-01-02 09:40:00,2025-01-02 09:45:00,2
75142,75145,1.23667,1.2375232891570762,-1.0849999999999953,STOP,2025-01-02 14:10:00,2025-01-02 14:15:00,2025-01-02 14:25:00,3
75175,75179,1.23821,1.2377364498378354,0.9658367324681119,STOP,2025-01-02 16:55:00,2025-01-02 17:00:00,2025-01-02 17:15:00,4
75252,75264,1.23917,1.238816861572306,1.1497732661439055,STOP,2025-01-02 23:20:00,2025-01-02 23:25:00,2025-01-03 00:20:00,12
75321,75324,1.24008,1.2394246621351992,0.8690804580414508,STOP,2025-01-03 05:05:00,2025-01-03 05:10:00,2025-01-03 05:20:00,3
75490,75498,1.24201,1.2425404948247927,-1.0849999999998121,STOP,2025-01-05 19:10:00,2025-01-05 19:15:00,2025-01-05 19:50:00,8
75527,75553,1.24355,1.2440413945089672,-1.0849999999999387,STOP,2025-01-05 22:15:00,2025-01-05 22:20:00,2025-01-06 00:25:00,26
75652,75660,1.25248,1.248512043555731,2.9668953312512034,STOP,2025-01-06 08:40:00,2025-01-06 08:45:00,2025-01-06 09:20:00,8
75694,75703,1.25065,1.2519322339738645,-1.0849999999999846,STOP,2025-01-06 12:10:00,2025-01-06 12:15:00,2025-01-06 12:55:00,9
75752,75754,1.25234,1.251806981135731,1.170190767373454,STOP,2025-01-06 17:00:00,2025-01-06 17:05:00,2025-01-06 17:10:00,2
75896,75898,1.25565,1.2565134435989256,-1.0849999999999438,STOP,2025-01-07 05:00:00,2025-01-07 05:05:00,2025-01-07 05:10:00,2
75908,75916,1.25535,1.2540909676979004,1.4100956156780553,STOP,2025-01-07 06:00:00,2025-01-07 06:05:00,2025-01-07 06:40:00,8
76000,76056,1.24859,1.247493130889541,0.9027627681040664,STOP,2025-01-07 13:40:00,2025-01-07 13:45:00,2025-01-07 18:20:00,56
76106,76114,1.24801,1.2483789056613865,-1.0850000000000872,STOP,2025-01-07 22:30:00,2025-01-07 22:35:00,2025-01-07 23:10:00,8
76196,76203,1.24402,1.2344749920736535,12.07471213447315,STOP,2025-01-08 06:00:00,2025-01-08 06:05:00,2025-01-08 06:35:00,7
76275,76280,1.23404,1.2351826254255405,-1.0849999999999826,STOP,2025-01-08 12:35:00,2025-01-08 12:40:00,2025-01-08 13:00:00,5
76306,76312,1.2353,1.2362111193687955,-1.085000000000033,STOP,2025-01-08 15:10:00,2025-01-08 15:15:00,2025-01-08 15:40:00,6
76396,76405,1.23556,1.2335346895134496,5.168066462008797,STOP,2025-01-08 22:40:00,2025-01-08 22:45:00,2025-01-08 23:25:00,9
76472,76481,1.22769,1.2264389117035228,0.7995859059193337,STOP,2025-01-09 05:00:00,2025-01-09 05:05:00,2025-01-09 05:45:00,9
76500,76507,1.22822,1.2293725579798904,-1.0850000000000866,STOP,2025-01-09 07:20:00,2025-01-09 07:25:00,2025-01-09 07:55:00,7
76540,76557,1.22973,1.2308459569049992,-1.0850000000000881,STOP,2025-01-09 10:40:00,2025-01-09 10:45:00,2025-01-09 12:05:00,17
76634,76640,1.2304,1.2299323536717717,1.3806311678311332,STOP,2025-01-09 18:30:00,2025-01-09 18:35:00,2025-01-09 19:00:00,6
76832,76904,1.22163,1.21978,0.840520783210971,TIME,2025-01-10 11:00:00,2025-01-10 11:05:00,2025-01-12 17:00:00,72
77267,77270,1.22031,1.2208912633509557,-1.084999999999933,STOP,2025-01-13 23:15:00,2025-01-13 23:20:00,2025-01-13 23:30:00,3
77358,77364,1.21757,1.2163316789709309,1.1232522547802157,STOP,2025-01-14 06:50:00,2025-01-14 06:55:00,2025-01-14 07:20:00,6
77416,77435,1.21821,1.2197144979071433,-1.0849999999999478,STOP,2025-01-14 11:40:00,2025-01-14 11:45:00,2025-01-14 13:15:00,19
77454,77461,1.21987,1.2206093735308992,-1.0850000000001099,STOP,2025-01-14 14:50:00,2025-01-14 14:55:00,2025-01-14 15:25:00,7
77648,77658,1.2219,1.220697645977301,1.3176408090387977,STOP,2025-01-15 07:00:00,2025-01-15 07:05:00,2025-01-15 07:50:00,10
77682,77686,1.22786,1.226461188380008,0.7248889288852891,STOP,2025-01-15 09:50:00,2025-01-15 09:55:00,2025-01-15 10:10:00,4
77761,77767,1.22378,1.22428909170042,-1.0850000000002058,STOP,2025-01-15 16:25:00,2025-01-15 16:30:00,2025-01-15 16:55:00,6
77782,77788,1.22359,1.2240481358944897,-1.0849999999998576,STOP,2025-01-15 18:10:00,2025-01-15 18:15:00,2025-01-15 18:40:00,6
77845,77858,1.22218,1.2214381526262619,1.4558725591707238,STOP,2025-01-15 23:25:00,2025-01-15 23:30:00,2025-01-16 00:30:00,13
77859,77868,1.22108,1.2215357716659032,-1.0850000000002282,STOP,2025-01-16 00:35:00,2025-01-16 00:40:00,2025-01-16 01:20:00,9
77908,77914,1.2193,1.2203241121068065,-1.0850000000000226,STOP,2025-01-16 04:40:00,2025-01-16 04:45:00,2025-01-16 05:10:00,6
77940,77945,1.22011,1.2196088598468033,0.520816159010001,STOP,2025-01-16 07:20:00,2025-01-16 07:25:00,2025-01-16 07:45:00,5
78006,78078,1.2238,1.22339,0.23491288792471576,TIME,2025-01-16 12:50:00,2025-01-16 12:55:00,2025-01-16 18:50:00,72
78119,78138,1.22327,1.2221086977934708,2.4485363908804647,STOP,2025-01-16 22:15:00,2025-01-16 22:20:00,2025-01-16 23:50:00,19
78315,78326,1.21659,1.2173366340244638,-1.0850000000000077,STOP,2025-01-17 14:35:00,2025-01-17 14:40:00,2025-01-17 15:30:00,11
78343,78348,1.21854,1.2173250678776055,2.2750999237078404,STOP,2025-01-17 16:55:00,2025-01-19 17:00:00,2025-01-19 17:20:00,5
78356,78363,1.21692,1.2163578215848883,0.8615056338879775,STOP,2025-01-19 18:00:00,2025-01-19 18:05:00,2025-01-19 18:35:00,7
78383,78389,1.21785,1.2183696824941128,-1.0849999999999311,STOP,2025-01-19 20:15:00,2025-01-19 20:20:00,2025-01-19 20:45:00,6
78440,78442,1.22055,1.220978204637307,-1.0850000000001447,STOP,2025-01-20 01:00:00,2025-01-20 01:05:00,2025-01-20 01:10:00,2
78517,78525,1.21916,1.220002102767941,-1.0850000000000448,STOP,2025-01-20 07:25:00,2025-01-20 07:30:00,2025-01-20 08:05:00,8
78573,78578,1.22815,1.2274280302404224,0.4460455120312234,STOP,2025-01-20 12:05:00,2025-01-20 12:10:00,2025-01-20 12:30:00,5
78626,78645,1.23241,1.2331630669449987,-1.0850000000000137,STOP,2025-01-20 16:30:00,2025-01-20 16:35:00,2025-01-20 18:05:00,19
78770,78776,1.22428,1.2253951133910561,-1.0850000000000104,STOP,2025-01-21 04:30:00,2025-01-21 04:35:00,2025-01-21 05:00:00,6
78788,78805,1.2239,1.2249240555768695,-1.0849999999999766,STOP,2025-01-21 06:00:00,2025-01-21 06:05:00,2025-01-21 07:25:00,17
78888,78907,1.2328,1.2335438804078023,-1.0849999999998883,STOP,2025-01-21 14:20:00,2025-01-21 14:25:00,2025-01-21 15:55:00,19
78962,78970,1.23405,1.2333664041092576,0.7149542145930354,STOP,2025-01-21 20:30:00,2025-01-21 20:35:00,2025-01-21 21:10:00,8
78989,78994,1.23309,1.2336264409762645,-1.0849999999998148,STOP,2025-01-21 22:45:00,2025-01-21 22:50:00,2025-01-21 23:10:00,5
79008,79013,1.23355,1.2339901443471712,-1.0849999999998412,STOP,2025-01-22 00:20:00,2025-01-22 00:25:00,2025-01-22 00:45:00,5
79093,79099,1.23476,1.2356607147790681,-1.0850000000000937,STOP,2025-01-22 07:25:00,2025-01-22 07:30:00,2025-01-22 07:55:00,6
79138,79143,1.23121,1.2322819688806197,-1.085000000000026,STOP,2025-01-22 11:10:00,2025-01-22 11:15:00,2025-01-22 11:35:00,5
79207,79209,1.2325,1.2316444078929942,2.25986826745358,STOP,2025-01-22 16:55:00,2025-01-22 17:00:00,2025-01-22 17:05:00,2
79297,79307,1.23139,1.231810734144574,-1.0850000000002569,STOP,2025-01-23 00:25:00,2025-01-23 00:30:00,2025-01-23 01:15:00,10
79373,79388,1.23104,1.2318477379122845,-1.085000000000067,STOP,2025-01-23 06:45:00,2025-01-23 06:50:00,2025-01-23 08:00:00,15
79517,79519,1.235,1.2353159320355709,-1.0849999999999118,STOP,2025-01-23 18:45:00,2025-01-23 18:50:00,2025-01-23 18:55:00,2
79586,79590,1.2388,1.2394448077763367,-1.085000000000125,STOP,2025-01-24 00:30:00,2025-01-24 00:35:00,2025-01-24 00:50:00,4
79656,79661,1.24215,1.2415652031795719,0.5111028585844397,STOP,2025-01-24 06:20:00,2025-01-24 06:25:00,2025-01-24 06:45:00,5
79735,79790,1.24877,1.247245464235544,1.7022149948647973,STOP,2025-01-24 12:55:00,2025-01-24 13:00:00,2025-01-26 17:30:00,55
79796,79798,1.24666,1.2464328081949827,0.41401645058670594,STOP,2025-01-26 18:00:00,2025-01-26 18:05:00,2025-01-26 18:10:00,2
79868,79873,1.24479,1.2444963562398597,0.4880029673481016,STOP,2025-01-27 00:00:00,2025-01-27 00:05:00,2025-01-27 00:25:00,5
79986,79990,1.24987,1.248988700904337,0.7358941373072312,STOP,2025-01-27 09:50:00,2025-01-27 09:55:00,2025-01-27 10:10:00,4
80030,80032,1.2471,1.2479944988023333,-1.0850000000000068,STOP,2025-01-27 13:30:00,2025-01-27 13:35:00,2025-01-27 13:40:00,2
80119,80152,1.24511,1.2437841414979351,1.1561356541675143,STOP,2025-01-27 20:55:00,2025-01-27 21:00:00,2025-01-27 23:40:00,33
80226,80242,1.24399,1.242557415707092,1.6912992633947397,STOP,2025-01-28 05:50:00,2025-01-28 05:55:00,2025-01-28 07:10:00,16
80259,80264,1.24225,1.2430145599717655,-1.0850000000000146,STOP,2025-01-28 08:35:00,2025-01-28 08:40:00,2025-01-28 09:00:00,5
80298,80305,1.24249,1.2434419390609708,-1.0849999999999627,STOP,2025-01-28 11:50:00,2025-01-28 11:55:00,2025-01-28 12:25:00,7
80320,80332,1.24278,1.2435517230940678,-1.0849999999998647,STOP,2025-01-28 13:40:00,2025-01-28 13:45:00,2025-01-28 14:40:00,12
80452,80455,1.24488,1.245233362765828,-1.0849999999999766,STOP,2025-01-29 00:40:00,2025-01-29 00:45:00,2025-01-29 00:55:00,3
80612,80619,1.24311,1.244016941189299,-1.084999999999884,STOP,2025-01-29 14:00:00,2025-01-29 14:05:00,2025-01-29 14:35:00,7
80682,80689,1.2453,1.244771355745769,1.0884452718570587,STOP,2025-01-29 19:50:00,2025-01-29 19:55:00,2025-01-29 20:25:00,7
80703,80712,1.24495,1.2454027495840931,-1.0850000000000408,STOP,2025-01-29 21:35:00,2025-01-29 21:40:00,2025-01-29 22:20:00,9
80726,80735,1.24477,1.2444682392892497,0.6881182274707596,STOP,2025-01-29 23:30:00,2025-01-29 23:35:00,2025-01-30 00:15:00,9
80801,80807,1.24347,1.2430259331679185,0.4590340769670728,STOP,2025-01-30 05:45:00,2025-01-30 05:50:00,2025-01-30 06:15:00,6
80873,80880,1.24566,1.2443502563183124,1.292541078942257,STOP,2025-01-30 11:45:00,2025-01-30 11:50:00,2025-01-30 12:20:00,7
80919,80921,1.24203,1.2429287292495241,-1.085000000000107,STOP,2025-01-30 15:35:00,2025-01-30 15:40:00,2025-01-30 15:45:00,2
80968,80992,1.24197,1.242555739802346,-1.0850000000001154,STOP,2025-01-30 19:40:00,2025-01-30 19:45:00,2025-01-30 21:40:00,24
81028,81033,1.24179,1.2421741727027764,-1.0850000000001903,STOP,2025-01-31 00:40:00,2025-01-31 00:45:00,2025-01-31 01:05:00,5
81179,81184,1.24306,1.240550935890276,1.6109493074163077,STOP,2025-01-31 13:15:00,2025-01-31 13:20:00,2025-01-31 13:40:00,5
81214,81236,1.239,1.2308802999893536,5.866718340548664,STOP,2025-01-31 16:10:00,2025-01-31 16:15:00,2025-02-02 18:00:00,22
81291,81294,1.22507,1.2261371822124187,-1.0849999999999211,STOP,2025-02-02 22:35:00,2025-02-02 22:40:00,2025-02-02 22:50:00,3
81364,81380,1.23025,1.2314997108082506,-1.0849999999999589,STOP,2025-02-03 04:40:00,2025-02-03 04:45:00,2025-02-03 06:00:00,16
81451,81463,1.23866,1.2409995268466931,-1.0849999999999953,STOP,2025-02-03 11:55:00,2025-02-03 12:00:00,2025-02-03 12:55:00,12
81579,81586,1.24173,1.2411834536208604,0.8276929873710474,STOP,2025-02-03 22:35:00,2025-02-03 22:40:00,2025-02-03 23:10:00,7
81767,81774,1.2479,1.248594497652712,-1.0849999999999722,STOP,2025-02-04 14:15:00,2025-02-04 14:20:00,2025-02-04 14:50:00,7
81792,81826,1.24797,1.24761232387194,0.585902259959381,STOP,2025-02-04 16:20:00,2025-02-04 16:25:00,2025-02-04 19:10:00,34
81864,81867,1.24748,1.2480006404802537,-1.0850000000000493,STOP,2025-02-04 22:20:00,2025-02-04 22:25:00,2025-02-04 22:35:00,3
81876,81893,1.24723,1.24656214536266,1.2961235709513699,STOP,2025-02-04 23:20:00,2025-02-04 23:25:00,2025-02-05 00:45:00,17
82088,82092,1.25079,1.2503284243783703,1.0001936976986443,STOP,2025-02-05 17:00:00,2025-02-05 17:05:00,2025-02-05 17:20:00,4
82169,82186,1.24889,1.2484918510699703,0.9575141407195757,STOP,2025-02-05 23:45:00,2025-02-05 23:50:00,2025-02-06 01:10:00,17
82240,82247,1.24133,1.242328074401488,-1.0850000000000417,STOP,2025-02-06 05:40:00,2025-02-06 05:45:00,2025-02-06 06:15:00,7
82256,82259,1.23761,1.2391874389634443,-1.0850000000000144,STOP,2025-02-06 07:00:00,2025-02-06 07:05:00,2025-02-06 07:15:00,3
82346,82410,1.24364,1.2425445914724682,1.3232426086716558,STOP,2025-02-06 14:30:00,2025-02-06 14:35:00,2025-02-06 19:50:00,64
82444,82453,1.24285,1.2425519852267235,0.5937137088890623,STOP,2025-02-06 22:40:00,2025-02-06 22:45:00,2025-02-06 23:25:00,9
82549,82554,1.24478,1.244445436913429,0.48672755034587817,STOP,2025-02-07 07:25:00,2025-02-07 07:30:00,2025-02-07 07:50:00,5
82584,82591,1.2441,1.241842094847696,1.498726571953625,STOP,2025-02-07 10:20:00,2025-02-07 10:25:00,2025-02-07 10:55:00,7
82645,82650,1.24075,1.2402892012585642,0.5197399136776152,STOP,2025-02-07 15:25:00,2025-02-07 15:30:00,2025-02-07 15:50:00,5
82662,82665,1.24005,1.2370348038485937,5.048251318314456,STOP,2025-02-07 16:50:00,2025-02-07 16:55:00,2025-02-09 17:05:00,3
82810,82816,1.24038,1.241127268293053,-1.0849999999999658,STOP,2025-02-10 05:10:00,2025-02-10 05:15:00,2025-02-10 05:40:00,6
82886,82902,1.2381,1.237587284501989,0.5515699555830991,STOP,2025-02-10 11:30:00,2025-02-10 11:35:00,2025-02-10 12:50:00,16
82914,82975,1.23667,1.2358480723138783,1.1252046121808839,STOP,2025-02-10 13:50:00,2025-02-10 13:55:00,2025-02-10 18:55:00,61
83266,83277,1.24446,1.2442051897021662,0.5418407211246803,STOP,2025-02-11 19:10:00,2025-02-11 19:15:00,2025-02-11 20:05:00,11
83320,83349,1.24448,1.244907364906031,-1.0850000000001445,STOP,2025-02-11 23:40:00,2025-02-11 23:45:00,2025-02-12 02:05:00,29
83420,83424,1.24473,1.2442284712925098,0.673424604867549,STOP,2025-02-12 08:00:00,2025-02-12 08:05:00,2025-02-12 08:20:00,4
83487,83497,1.24568,1.2445520264383467,0.825595777526144,STOP,2025-02-12 13:35:00,2025-02-12 13:40:00,2025-02-12 14:25:00,10
83516,83552,1.24437,1.2451070225416634,-1.084999999999857,STOP,2025-02-12 16:00:00,2025-02-12 16:05:00,2025-02-12 19:00:00,36
83563,83570,1.24455,1.2450420108453695,-1.0850000000000546,STOP,2025-02-12 19:55:00,2025-02-12 20:00:00,2025-02-12 20:30:00,7
83634,83636,1.24898,1.2495426401950236,-1.0849999999999616,STOP,2025-02-13 01:50:00,2025-02-13 01:55:00,2025-02-13 02:00:00,2
83689,83700,1.24897,1.2464158080873797,3.2957361923177735,STOP,2025-02-13 06:25:00,2025-02-13 06:30:00,2025-02-13 07:20:00,11
83713,83714,1.24649,1.2473030221900896,-1.0849999999999227,STOP,2025-02-13 08:25:00,2025-02-13 08:30:00,2025-02-13 08:30:00,1
83767,83777,1.25223,1.2506347798599866,1.7305284399420975,STOP,2025-02-13 12:55:00,2025-02-13 13:00:00,2025-02-13 13:45:00,10
83817,83819,1.25729,1.2560676328046831,1.3865425254690023,STOP,2025-02-13 17:05:00,2025-02-13 17:10:00,2025-02-13 17:15:00,2
83849,83853,1.25583,1.256422711843274,-1.0850000000001532,STOP,2025-02-13 19:45:00,2025-02-13 19:50:00,2025-02-13 20:05:00,4
83870,83904,1.25599,1.2554296755024712,0.97208304139208,STOP,2025-02-13 21:30:00,2025-02-13 21:35:00,2025-02-14 00:20:00,34
83961,83963,1.25794,1.2587202091242908,-1.0850000000000288,STOP,2025-02-14 05:05:00,2025-02-14 05:10:00,2025-02-14 05:15:00,2
83973,83974,1.25746,1.2581333950788354,-1.0850000000001059,STOP,2025-02-14 06:05:00,2025-02-14 06:10:00,2025-02-14 06:10:00,1
84025,84026,1.2604,1.261326575110263,-1.0850000000000004,STOP,2025-02-14 10:25:00,2025-02-14 10:30:00,2025-02-14 10:30:00,1
84061,84079,1.26008,1.2596180764738996,0.6595662734331923,STOP,2025-02-14 13:25:00,2025-02-14 13:30:00,2025-02-14 14:55:00,18
84120,84124,1.25834,1.258128419543057,0.41639859478989866,STOP,2025-02-16 18:20:00,2025-02-16 18:25:00,2025-02-16 18:40:00,4
84161,84169,1.25923,1.2589849772460686,0.43109707073124565,STOP,2025-02-16 21:45:00,2025-02-16 21:50:00,2025-02-16 22:25:00,8
84194,84198,1.25881,1.2585724754131913,0.47419575591635293,STOP,2025-02-17 00:30:00,2025-02-17 00:35:00,2025-02-17 00:50:00,4
84298,84308,1.25904,1.259676277299756,-1.0849999999998414,STOP,2025-02-17 09:10:00,2025-02-17 09:15:00,2025-02-17 10:00:00,10
84388,84393,1.26266,1.2619969656153538,2.7619334731036917,STOP,2025-02-17 16:40:00,2025-02-17 16:45:00,2025-02-17 17:05:00,5
84420,84424,1.26166,1.261425123298095,0.5529673181149853,STOP,2025-02-17 19:20:00,2025-02-17 19:25:00,2025-02-17 19:40:00,4
84563,84574,1.25946,1.2586553668970768,1.113389648690853,STOP,2025-02-18 07:15:00,2025-02-18 07:20:00,2025-02-18 08:10:00,11
84615,84625,1.26089,1.2603765472809725,0.5915803360236063,STOP,2025-02-18 11:35:00,2025-02-18 11:40:00,2025-02-18 12:25:00,10
84633,84648,1.25969,1.2603645233791838,-1.0850000000000453,STOP,2025-02-18 13:05:00,2025-02-18 13:10:00,2025-02-18 14:20:00,15
84704,84716,1.26227,1.261924167898639,0.5462550287628192,STOP,2025-02-18 19:00:00,2025-02-18 19:05:00,2025-02-18 20:00:00,12
84745,84748,1.26103,1.2614773369709498,-1.0850000000000424,STOP,2025-02-18 22:25:00,2025-02-18 22:30:00,2025-02-18 22:40:00,3
84875,84883,1.25851,1.259205059273252,-1.0849999999999647,STOP,2025-02-19 09:15:00,2025-02-19 09:20:00,2025-02-19 09:55:00,8
84908,84928,1.25666,1.257576587275301,-1.084999999999992,STOP,2025-02-19 12:00:00,2025-02-19 12:05:00,2025-02-19 13:40:00,20
84968,84974,1.2587,1.2583862700131592,0.6671148484546795,STOP,2025-02-19 17:00:00,2025-02-19 17:05:00,2025-02-19 17:30:00,6
85127,85134,1.26103,1.2603196703311823,1.028301807404327,STOP,2025-02-20 06:15:00,2025-02-20 06:20:00,2025-02-20 06:50:00,7
85283,85289,1.26658,1.2660580366797443,1.18416332768894,STOP,2025-02-20 19:15:00,2025-02-20 19:20:00,2025-02-20 19:45:00,6
85297,85306,1.26571,1.2661497976009992,-1.0850000000001843,STOP,2025-02-20 20:25:00,2025-02-20 20:30:00,2025-02-20 21:10:00,9
85337,85343,1.26652,1.2661183834002436,0.9118586437427793,STOP,2025-02-20 23:45:00,2025-02-20 23:50:00,2025-02-21 00:15:00,6
85425,85444,1.26433,1.2649162085192225,-1.0850000000000968,STOP,2025-02-21 07:05:00,2025-02-21 07:10:00,2025-02-21 08:40:00,19
85498,85503,1.2636,1.2629141588205852,0.7377385028756787,STOP,2025-02-21 13:10:00,2025-02-21 13:15:00,2025-02-21 13:35:00,5
85720,85728,1.26344,1.2641188691228846,-1.0850000000001327,STOP,2025-02-24 07:40:00,2025-02-24 07:45:00,2025-02-24 08:20:00,8
85844,85850,1.26219,1.2619108532168168,0.5489146803688444,STOP,2025-02-24 18:00:00,2025-02-24 18:05:00,2025-02-24 18:30:00,6
85978,85984,1.26176,1.262487496384028,-1.0849999999999989,STOP,2025-02-25 05:10:00,2025-02-25 05:15:00,2025-02-25 05:40:00,6
86036,86039,1.26608,1.2669059074198314,-1.0850000000000124,STOP,2025-02-25 10:00:00,2025-02-25 10:05:00,2025-02-25 10:15:00,3
86061,86066,1.26426,1.265096881280468,-1.0850000000000575,STOP,2025-02-25 12:05:00,2025-02-25 12:10:00,2025-02-25 12:30:00,5
86400,86421,1.26729,1.267832412993947,-1.0850000000000384,STOP,2025-02-26 16:20:00,2025-02-26 16:25:00,2025-02-26 18:05:00,21
86433,86446,1.26744,1.266358462653563,2.667680070776977,STOP,2025-02-26 19:05:00,2025-02-26 19:10:00,2025-02-26 20:10:00,13
86479,86491,1.26572,1.265201951416548,1.1575904462192472,STOP,2025-02-26 22:55:00,2025-02-26 23:00:00,2025-02-26 23:55:00,12
86624,86631,1.26217,1.2632602158418202,-1.0850000000000959,STOP,2025-02-27 11:00:00,2025-02-27 11:05:00,2025-02-27 11:35:00,7
86666,86679,1.26113,1.2607908580252811,0.4377052469319253,STOP,2025-02-27 14:30:00,2025-02-27 14:35:00,2025-02-27 15:35:00,13
86684,86720,1.26044,1.2597825711809585,0.8820642899393624,STOP,2025-02-27 16:00:00,2025-02-27 16:05:00,2025-02-27 19:00:00,36
86782,86784,1.25815,1.2585375486862878,-1.0849999999997464,STOP,2025-02-28 00:10:00,2025-02-28 00:15:00,2025-02-28 00:20:00,2
86838,86844,1.25977,1.2594153365932477,0.5015222488246446,STOP,2025-02-28 04:50:00,2025-02-28 04:55:00,2025-02-28 05:20:00,6
86857,86862,1.25859,1.25921780039866,-1.0850000000000148,STOP,2025-02-28 06:25:00,2025-02-28 06:30:00,2025-02-28 06:50:00,5
86936,86942,1.2585,1.2569896512466747,1.4357626531031011,STOP,2025-02-28 13:00:00,2025-02-28 13:05:00,2025-02-28 13:30:00,6
86983,86989,1.2595,1.258271059453648,2.1652791008931564,STOP,2025-02-28 16:55:00,2025-03-02 17:00:00,2025-03-02 17:30:00,6
87043,87048,1.26053,1.2600601106435367,0.7084118070762035,STOP,2025-03-02 22:00:00,2025-03-02 22:05:00,2025-03-02 22:25:00,5
87228,87232,1.27071,1.2713709107680493,-1.085000000000165,STOP,2025-03-03 13:25:00,2025-03-03 13:30:00,2025-03-03 13:45:00,4
87245,87248,1.2697,1.269321552368628,0.3957633866587423,STOP,2025-03-03 14:50:00,2025-03-03 14:55:00,2025-03-03 15:05:00,3
87271,87273,1.27071,1.2701155044701273,0.8958756337677354,STOP,2025-03-03 17:00:00,2025-03-03 17:05:00,2025-03-03 17:10:00,2
87322,87345,1.26928,1.26839848574117,1.163906761068237,STOP,2025-03-03 21:15:00,2025-03-03 21:20:00,2025-03-03 23:10:00,23
87368,87371,1.26909,1.2696668475833215,-1.0850000000001698,STOP,2025-03-04 01:05:00,2025-03-04 01:10:00,2025-03-04 01:20:00,3
87705,87709,1.28332,1.2825349072339614,0.622144083787048,STOP,2025-03-05 05:10:00,2025-03-05 05:15:00,2025-03-05 05:30:00,4
87835,87850,1.28961,1.2891557308946113,0.7720282541215475,STOP,2025-03-05 16:00:00,2025-03-05 16:05:00,2025-03-05 17:15:00,15
87865,87869,1.28885,1.289223854928449,-1.0850000000001963,STOP,2025-03-05 18:30:00,2025-03-05 18:35:00,2025-03-05 18:50:00,4
88076,88096,1.289,1.2881403903846116,0.6597930127430447,STOP,2025-03-06 12:05:00,2025-03-06 12:10:00,2025-03-06 13:45:00,20
88118,88128,1.28832,1.2874314807679235,1.1096213653620184,STOP,2025-03-06 15:35:00,2025-03-06 15:40:00,2025-03-06 16:25:00,10
88285,88301,1.29249,1.2916277057429937,0.9463634604001203,STOP,2025-03-07 05:30:00,2025-03-07 05:35:00,2025-03-07 06:50:00,16
88345,88348,1.29139,1.2927524958220356,-1.0849999999999842,STOP,2025-03-07 10:30:00,2025-03-07 10:35:00,2025-03-07 10:45:00,3
88422,88424,1.29309,1.2904193133046618,5.322281892375675,STOP,2025-03-07 16:55:00,2025-03-09 16:05:00,2025-03-09 16:10:00,2
88516,88530,1.29103,1.29145843385336,-1.0849999999999627,STOP,2025-03-09 23:50:00,2025-03-09 23:55:00,2025-03-10 01:00:00,14
88639,88656,1.29073,1.2899531426288577,0.6810322524264705,STOP,2025-03-10 10:05:00,2025-03-10 10:10:00,2025-03-10 11:30:00,17
88672,88676,1.28811,1.2874643539810968,0.7351134306944276,STOP,2025-03-10 12:50:00,2025-03-10 12:55:00,2025-03-10 13:10:00,4
88779,88781,1.2884,1.2889569883364378,-1.0849999999999151,STOP,2025-03-10 21:45:00,2025-03-10 21:50:00,2025-03-10 21:55:00,2
88808,88811,1.2887,1.2881722787637258,1.030951120136905,STOP,2025-03-11 00:10:00,2025-03-11 00:15:00,2025-03-11 00:25:00,3
88878,88885,1.29214,1.2930312958797539,-1.084999999999922,STOP,2025-03-11 06:00:00,2025-03-11 06:05:00,2025-03-11 06:35:00,7
88985,88999,1.29525,1.2933150595613143,2.6927918205788712,STOP,2025-03-11 14:55:00,2025-03-11 15:00:00,2025-03-11 16:05:00,14
89033,89044,1.29443,1.2934293963576042,2.648183292766341,STOP,2025-03-11 18:55:00,2025-03-11 19:00:00,2025-03-11 19:50:00,11
89068,89075,1.29347,1.2930435071807116,1.0288625484651497,STOP,2025-03-11 21:50:00,2025-03-11 21:55:00,2025-03-11 22:25:00,7
89153,89160,1.29346,1.2942316270659269,-1.0850000000000786,STOP,2025-03-12 04:55:00,2025-03-12 05:00:00,2025-03-12 05:30:00,7
89247,89285,1.29678,1.2962319765320862,0.6382743590205439,STOP,2025-03-12 12:45:00,2025-03-12 12:50:00,2025-03-12 15:55:00,38
89359,89372,1.29652,1.2956999135157163,2.0762572480403576,STOP,2025-03-12 22:05:00,2025-03-12 22:10:00,2025-03-12 23:10:00,13
89385,89394,1.29548,1.2958363111328384,-1.0850000000001498,STOP,2025-03-13 00:15:00,2025-03-13 00:20:00,2025-03-13 01:00:00,9
89615,89616,1.29487,1.295320787616877,-1.0850000000001494,STOP,2025-03-13 19:25:00,2025-03-13 19:30:00,2025-03-13 19:30:00,1
89637,89650,1.29401,1.294504606988457,-1.0849999999998166,STOP,2025-03-13 21:15:00,2025-03-13 21:20:00,2025-03-13 22:20:00,13
89687,89696,1.29406,1.293130119753627,2.144262428823811,STOP,2025-03-14 01:25:00,2025-03-14 01:30:00,2025-03-14 02:10:00,9
89798,89802,1.29234,1.2917071908731357,0.6599541640816821,STOP,2025-03-14 10:40:00,2025-03-14 10:45:00,2025-03-14 11:00:00,4
89861,89863,1.29384,1.2924869877812566,2.8560073625260287,STOP,2025-03-14 15:55:00,2025-03-16 16:00:00,2025-03-16 16:05:00,2
89897,89898,1.29274,1.2932417588439933,-1.084999999999864,STOP,2025-03-16 18:55:00,2025-03-16 19:00:00,2025-03-16 19:00:00,1
89934,89946,1.29344,1.293817548222701,-1.084999999999909,STOP,2025-03-16 22:00:00,2025-03-16 22:05:00,2025-03-16 23:00:00,12
90153,90156,1.29897,1.2987767404993287,0.42478998619456904,STOP,2025-03-17 16:15:00,2025-03-17 16:20:00,2025-03-17 16:30:00,3
90176,90196,1.29856,1.2983582303773,0.6140059247262912,STOP,2025-03-17 18:10:00,2025-03-17 18:15:00,2025-03-17 19:50:00,20
90257,90262,1.29752,1.2972069432573727,1.0683129542797491,STOP,2025-03-18 00:55:00,2025-03-18 01:00:00,2025-03-18 01:20:00,5
90366,90371,1.29607,1.2970990144066756,-1.0849999999998976,STOP,2025-03-18 10:00:00,2025-03-18 10:05:00,2025-03-18 10:25:00,5
90430,90444,1.30043,1.2998262083677705,1.3207206748087899,STOP,2025-03-18 15:20:00,2025-03-18 15:25:00,2025-03-18 16:30:00,14
90474,90478,1.29983,1.3000816202899106,-1.0849999999998678,STOP,2025-03-18 19:00:00,2025-03-18 19:05:00,2025-03-18 19:20:00,4
90528,90534,1.29902,1.2987668341183691,0.7264180003436576,STOP,2025-03-18 23:30:00,2025-03-18 23:35:00,2025-03-19 00:00:00,6
90544,90551,1.29849,1.2980104513860662,1.4211185048610142,STOP,2025-03-19 00:50:00,2025-03-19 00:55:00,2025-03-19 01:25:00,7
90600,90612,1.29641,1.2971499541796911,-1.0849999999999702,STOP,2025-03-19 05:30:00,2025-03-19 05:35:00,2025-03-19 06:30:00,12
90629,90636,1.29668,1.2961020394794236,0.7086979788645543,STOP,2025-03-19 07:55:00,2025-03-19 08:00:00,2025-03-19 08:30:00,7
90679,90685,1.29673,1.2960699748812414,0.9482529358754286,STOP,2025-03-19 12:05:00,2025-03-19 12:10:00,2025-03-19 12:35:00,6
90726,90730,1.30065,1.2998976030361808,0.8011444486941628,STOP,2025-03-19 16:00:00,2025-03-19 16:05:00,2025-03-19 16:20:00,4
90817,90830,1.30038,1.2992338807974693,3.0627696085465916,STOP,2025-03-19 23:35:00,2025-03-19 23:40:00,2025-03-20 00:40:00,13
91044,91048,1.29654,1.2968094090306201,-1.0849999999997162,STOP,2025-03-20 18:30:00,2025-03-20 18:35:00,2025-03-20 18:50:00,4
91090,91094,1.29545,1.2949318190262107,1.2221243111059155,STOP,2025-03-20 22:20:00,2025-03-20 22:25:00,2025-03-20 22:40:00,4
91169,91170,1.29336,1.2939362247247503,-1.0850000000000564,STOP,2025-03-21 04:55:00,2025-03-21 05:00:00,2025-03-21 05:00:00,1
91354,91361,1.2928,1.292388695957082,0.7810900118285556,STOP,2025-03-23 20:20:00,2025-03-23 20:25:00,2025-03-23 20:55:00,7
91471,91479,1.2962,1.295055293868312,1.3471144567358626,STOP,2025-03-24 06:05:00,2025-03-24 06:10:00,2025-03-24 06:45:00,8
91628,91634,1.29193,1.291771459508603,0.5542447370520964,STOP,2025-03-24 19:10:00,2025-03-24 19:15:00,2025-03-24 19:40:00,6
91699,91710,1.29198,1.2916352518123304,0.9641532151766792,STOP,2025-03-25 01:05:00,2025-03-25 01:10:00,2025-03-25 02:00:00,11
91769,91771,1.29431,1.2950065454308488,-1.0850000000001518,STOP,2025-03-25 06:55:00,2025-03-25 07:00:00,2025-03-25 07:05:00,2
91842,91852,1.2955,1.2946848322589513,1.3128839452246384,STOP,2025-03-25 13:00:00,2025-03-25 13:05:00,2025-03-25 13:50:00,10
91878,91889,1.29426,1.2946636902724304,-1.0850000000002247,STOP,2025-03-25 16:00:00,2025-03-25 16:05:00,2025-03-25 16:55:00,11
91900,91905,1.29435,1.2942110793220698,0.4608408610983708,STOP,2025-03-25 17:50:00,2025-03-25 17:55:00,2025-03-25 18:15:00,5
91954,91967,1.29399,1.2933264691847361,1.756549102568335,STOP,2025-03-25 22:20:00,2025-03-25 22:25:00,2025-03-25 23:25:00,13
92057,92061,1.28973,1.2890672918453647,0.798726587810971,STOP,2025-03-26 06:55:00,2025-03-26 07:00:00,2025-03-26 07:15:00,4
92098,92101,1.28885,1.2898165974197102,-1.0849999999999527,STOP,2025-03-26 10:20:00,2025-03-26 10:25:00,2025-03-26 10:35:00,3
92142,92152,1.2883,1.288866483301332,-1.085000000000033,STOP,2025-03-26 14:00:00,2025-03-26 14:05:00,2025-03-26 14:50:00,10
92165,92173,1.28941,1.287486600029651,4.689771298232036,STOP,2025-03-26 15:55:00,2025-03-26 16:00:00,2025-03-26 16:35:00,8
92242,92250,1.29095,1.2914020607912244,-1.0849999999999775,STOP,2025-03-26 22:20:00,2025-03-26 22:25:00,2025-03-26 23:00:00,8
92264,92266,1.2919,1.2923195024618201,-1.0849999999997568,STOP,2025-03-27 00:10:00,2025-03-27 00:15:00,2025-03-27 00:20:00,2
92415,92457,1.29529,1.2944084419437385,0.986652415351287,STOP,2025-03-27 12:45:00,2025-03-27 12:50:00,2025-03-27 16:15:00,42
92539,92550,1.29444,1.294255740889885,0.45639446807024225,STOP,2025-03-27 23:05:00,2025-03-27 23:10:00,2025-03-28 00:00:00,11
92552,92571,1.294,1.294335730974386,-1.0849999999998723,STOP,2025-03-28 00:10:00,2025-03-28 00:15:00,2025-03-28 01:45:00,19
92680,92682,1.29371,1.2946846736778033,-1.08500000000006,STOP,2025-03-28 10:50:00,2025-03-28 10:55:00,2025-03-28 11:00:00,2
92694,92753,1.29395,1.29307997319624,1.0195540658789404,STOP,2025-03-28 12:00:00,2025-03-28 12:05:00,2025-03-30 17:55:00,59
92790,92794,1.29578,1.2963070996111123,-1.0849999999997975,STOP,2025-03-30 22:00:00,2025-03-30 22:05:00,2025-03-30 22:20:00,4
92806,92839,1.29576,1.295171513585835,1.0605620658744879,STOP,2025-03-30 23:20:00,2025-03-30 23:25:00,2025-03-31 02:05:00,33
92957,92966,1.28918,1.2904836067101948,-1.0849999999999698,STOP,2025-03-31 11:55:00,2025-03-31 12:00:00,2025-03-31 12:40:00,9
93046,93054,1.29175,1.29204535785253,-1.0850000000002782,STOP,2025-03-31 19:20:00,2025-03-31 19:25:00,2025-03-31 20:00:00,8
93221,93223,1.28858,1.2894038211964638,-1.085000000000059,STOP,2025-04-01 09:55:00,2025-04-01 10:00:00,2025-04-01 10:05:00,2
93306,93308,1.29241,1.292085942801341,0.48922502586662847,STOP,2025-04-01 17:00:00,2025-04-01 17:05:00,2025-04-01 17:10:00,2
93386,93403,1.29216,1.2915085214207502,1.5697988743385156,STOP,2025-04-01 23:40:00,2025-04-01 23:45:00,2025-04-02 01:05:00,17
93559,93564,1.29709,1.297709604609524,-1.0849999999999687,STOP,2025-04-02 14:05:00,2025-04-02 14:10:00,2025-04-02 14:30:00,5
93583,93584,1.29771,1.2982153625252475,-1.0850000000000557,STOP,2025-04-02 16:05:00,2025-04-02 16:10:00,2025-04-02 16:10:00,1
93781,93783,1.3152,1.3168308995793974,-1.0850000000000597,STOP,2025-04-03 08:35:00,2025-04-03 08:40:00,2025-04-03 08:45:00,2
93812,93820,1.31422,1.3116124073702977,1.4107049089661914,STOP,2025-04-03 11:10:00,2025-04-03 11:15:00,2025-04-03 11:50:00,8
93834,93847,1.3104,1.3094354189661146,0.6652677215597949,STOP,2025-04-03 13:00:00,2025-04-03 13:05:00,2025-04-03 14:05:00,13
94084,94091,1.29808,1.2952245511401,1.152402116147457,STOP,2025-04-04 09:50:00,2025-04-04 09:55:00,2025-04-04 10:25:00,7
94145,94155,1.28817,1.2898375561146014,-1.085000000000034,STOP,2025-04-04 14:55:00,2025-04-04 15:00:00,2025-04-04 15:45:00,10
94161,94164,1.28724,1.2863885757011297,0.5866279949482888,STOP,2025-04-04 16:15:00,2025-04-04 16:20:00,2025-04-04 16:30:00,3
94336,94342,1.28257,1.2814803814921827,0.5818962038945631,STOP,2025-04-07 06:55:00,2025-04-07 07:00:00,2025-04-07 07:25:00,6
94432,94449,1.27471,1.2723078068430316,1.6985410820921778,STOP,2025-04-07 14:55:00,2025-04-07 15:00:00,2025-04-07 16:20:00,17
94554,94559,1.27759,1.277201875956226,0.5079667897975693,STOP,2025-04-08 01:05:00,2025-04-08 01:10:00,2025-04-08 01:30:00,5
94601,94608,1.27415,1.2732886077441519,0.5160970875338243,STOP,2025-04-08 05:00:00,2025-04-08 05:05:00,2025-04-08 05:35:00,7
94807,94827,1.28258,1.2837686120873328,-1.0850000000000597,STOP,2025-04-08 22:30:00,2025-04-08 22:35:00,2025-04-09 00:10:00,20
94901,94905,1.28124,1.2827985012791066,-1.0850000000000264,STOP,2025-04-09 06:20:00,2025-04-09 06:25:00,2025-04-09 06:40:00,4
95054,95064,1.28151,1.282697421090328,-1.0850000000000595,STOP,2025-04-09 19:10:00,2025-04-09 19:15:00,2025-04-09 20:00:00,10
95084,95099,1.28308,1.2840236884968572,-1.0849999999999622,STOP,2025-04-09 21:40:00,2025-04-09 21:45:00,2025-04-09 22:55:00,15
95213,95214,1.29233,1.2937738342259042,-1.084999999999989,STOP,2025-04-10 08:25:00,2025-04-10 08:30:00,2025-04-10 08:30:00,1
95293,95298,1.29671,1.2952788979809955,0.8663617081990274,STOP,2025-04-10 15:05:00,2025-04-10 15:10:00,2025-04-10 15:30:00,5
95403,95421,1.30163,1.3002713522976708,1.0041589386455463,STOP,2025-04-11 00:15:00,2025-04-11 00:20:00,2025-04-11 01:45:00,18
95478,95498,1.30765,1.3100408197759286,-1.084999999999978,STOP,2025-04-11 06:30:00,2025-04-11 06:35:00,2025-04-11 08:10:00,20
95515,95520,1.30809,1.310486796775649,-1.0850000000000326,STOP,2025-04-11 09:35:00,2025-04-11 09:40:00,2025-04-11 10:00:00,5
95548,95552,1.30361,1.3053626824450908,-1.084999999999976,STOP,2025-04-11 12:20:00,2025-04-11 12:25:00,2025-04-11 12:40:00,4
95616,95619,1.30753,1.3068599639478782,0.552515706115648,STOP,2025-04-13 18:00:00,2025-04-13 18:05:00,2025-04-13 18:15:00,3
95683,95687,1.30969,1.310664924618137,-1.085000000000055,STOP,2025-04-13 23:35:00,2025-04-13 23:40:00,2025-04-13 23:55:00,4
95701,95704,1.31002,1.3108304297195885,-1.0849999999999163,STOP,2025-04-14 01:05:00,2025-04-14 01:10:00,2025-04-14 01:20:00,3
95830,95839,1.31731,1.318547403310348,-1.0849999999999145,STOP,2025-04-14 11:50:00,2025-04-14 11:55:00,2025-04-14 12:35:00,9
95843,95844,1.31669,1.3178947972814972,-1.085000000000085,STOP,2025-04-14 12:55:00,2025-04-14 13:00:00,2025-04-14 13:00:00,1
95880,95904,1.31842,1.3192379179725713,-1.0850000000001037,STOP,2025-04-14 16:00:00,2025-04-14 16:05:00,2025-04-14 18:00:00,24
96116,96127,1.32256,1.321180399242012,0.9122632158828973,STOP,2025-04-15 11:40:00,2025-04-15 11:45:00,2025-04-15 12:35:00,11
96146,96155,1.32094,1.3217357052522798,-1.0850000000000781,STOP,2025-04-15 14:10:00,2025-04-15 14:15:00,2025-04-15 14:55:00,9
96180,96182,1.32326,1.3220960856567483,1.9203131302414067,STOP,2025-04-15 17:00:00,2025-04-15 17:05:00,2025-04-15 17:10:00,2
96205,96211,1.32274,1.3232791850530743,-1.0850000000000708,STOP,2025-04-15 19:05:00,2025-04-15 19:10:00,2025-04-15 19:35:00,6
96332,96334,1.32628,1.327427203198643,-1.0850000000000926,STOP,2025-04-16 05:40:00,2025-04-16 05:45:00,2025-04-16 05:50:00,2
96385,96404,1.32489,1.323321641956127,1.1490211801887493,STOP,2025-04-16 10:05:00,2025-04-16 10:10:00,2025-04-16 11:40:00,19
96457,96463,1.32327,1.3241564175441305,-1.0849999999999218,STOP,2025-04-16 16:05:00,2025-04-16 16:10:00,2025-04-16 16:35:00,6
96503,96505,1.32333,1.3219151111821712,2.369728012823332,STOP,2025-04-16 19:55:00,2025-04-16 20:00:00,2025-04-16 20:05:00,2
96625,96636,1.32384,1.322816721673854,1.1219991916825887,STOP,2025-04-17 06:05:00,2025-04-17 06:10:00,2025-04-17 07:00:00,11
96710,96720,1.32505,1.3260359880131614,-1.0850000000001034,STOP,2025-04-17 13:10:00,2025-04-17 13:15:00,2025-04-17 14:00:00,10
96756,96759,1.32686,1.3252839881445462,3.11729971555491,STOP,2025-04-17 17:00:00,2025-04-17 17:05:00,2025-04-17 17:15:00,3
96811,96817,1.32765,1.3272464936724495,0.6191561171057812,STOP,2025-04-17 21:35:00,2025-04-17 21:40:00,2025-04-17 22:05:00,6
96825,96828,1.32693,1.3274532594478743,-1.0850000000001914,STOP,2025-04-17 22:45:00,2025-04-17 22:50:00,2025-04-17 23:00:00,3
97154,97164,1.33817,1.3389804369231149,-1.0850000000001327,STOP,2025-04-21 02:10:00,2025-04-21 02:15:00,2025-04-21 03:00:00,10
97197,97210,1.34037,1.3393337090885666,1.0073997880077343,STOP,2025-04-21 05:45:00,2025-04-21 05:50:00,2025-04-21 06:50:00,13
97332,97335,1.33825,1.337598084984609,1.2258993625042753,STOP,2025-04-21 17:00:00,2025-04-21 17:05:00,2025-04-21 17:15:00,3
97365,97376,1.33781,1.3366919146859708,2.2055712235813028,STOP,2025-04-21 19:45:00,2025-04-21 19:50:00,2025-04-21 20:40:00,11
97429,97431,1.33993,1.3405257268355968,-1.085000000000037,STOP,2025-04-22 01:05:00,2025-04-22 01:10:00,2025-04-22 01:15:00,2
97486,97490,1.33645,1.3374876077647575,-1.0850000000000386,STOP,2025-04-22 05:50:00,2025-04-22 05:55:00,2025-04-22 06:10:00,4
97513,97535,1.33671,1.3377185322118004,-1.084999999999996,STOP,2025-04-22 08:05:00,2025-04-22 08:10:00,2025-04-22 09:55:00,22
97559,97566,1.33745,1.3360878754979815,1.5680976124634776,STOP,2025-04-22 11:55:00,2025-04-22 12:00:00,2025-04-22 12:30:00,7
97592,97633,1.33361,1.326991674270744,8.058523309525407,STOP,2025-04-22 14:40:00,2025-04-22 14:45:00,2025-04-22 18:05:00,41
97686,97688,1.32982,1.3307691767638157,-1.0850000000000832,STOP,2025-04-22 22:30:00,2025-04-22 22:35:00,2025-04-22 22:40:00,2
97777,97783,1.33173,1.3302483054564769,1.3990875843454933,STOP,2025-04-23 06:05:00,2025-04-23 06:10:00,2025-04-23 06:35:00,6
97876,97906,1.32629,1.3253287129809985,0.9184714044052014,STOP,2025-04-23 14:20:00,2025-04-23 14:25:00,2025-04-23 16:50:00,30
97943,97949,1.32653,1.3270967078230798,-1.0849999999999385,STOP,2025-04-23 19:55:00,2025-04-23 20:00:00,2025-04-23 20:25:00,6
97983,97991,1.3276,1.3270814736109127,0.809744095962804,STOP,2025-04-23 23:15:00,2025-04-23 23:20:00,2025-04-23 23:55:00,8
98075,98077,1.33006,1.3309055712787206,-1.0849999999998996,STOP,2025-04-24 06:55:00,2025-04-24 07:00:00,2025-04-24 07:05:00,2
98164,98169,1.33177,1.3324878778085054,-1.084999999999853,STOP,2025-04-24 14:20:00,2025-04-24 14:25:00,2025-04-24 14:45:00,5
98197,98208,1.33401,1.3333883706707583,0.8864615401910917,STOP,2025-04-24 17:05:00,2025-04-24 17:10:00,2025-04-24 18:00:00,11
98222,98228,1.33348,1.33266244105869,1.6317159667502836,STOP,2025-04-24 19:10:00,2025-04-24 19:15:00,2025-04-24 19:40:00,6
98274,98281,1.32995,1.3283900718397548,2.3398581770139777,STOP,2025-04-24 23:30:00,2025-04-24 23:35:00,2025-04-25 00:05:00,7
98301,98304,1.32763,1.3282890374714351,-1.0850000000000586,STOP,2025-04-25 01:45:00,2025-04-25 01:50:00,2025-04-25 02:00:00,3
98355,98358,1.32969,1.3303975731644477,-1.0849999999999942,STOP,2025-04-25 06:15:00,2025-04-25 06:20:00,2025-04-25 06:30:00,3
98375,98378,1.33073,1.3314941025383713,-1.0849999999999986,STOP,2025-04-25 07:55:00,2025-04-25 08:00:00,2025-04-25 08:10:00,3
98393,98400,1.33177,1.3309438672377383,1.015616790731582,STOP,2025-04-25 09:25:00,2025-04-25 09:30:00,2025-04-25 10:00:00,7
98435,98446,1.33197,1.3327196309541205,-1.085000000000134,STOP,2025-04-25 12:55:00,2025-04-25 13:00:00,2025-04-25 13:50:00,11
98471,98479,1.33194,1.3313462255385118,1.0449690380407364,STOP,2025-04-25 15:55:00,2025-04-25 16:00:00,2025-04-25 16:35:00,8
98537,98547,1.32942,1.3283774150054366,1.4046801223979735,STOP,2025-04-27 21:25:00,2025-04-27 21:30:00,2025-04-27 22:15:00,10
98772,98774,1.34448,1.34388255970363,1.0203204394050194,STOP,2025-04-28 17:00:00,2025-04-28 17:05:00,2025-04-28 17:10:00,2
98798,98820,1.34327,1.3428242891117226,0.7290137153391839,STOP,2025-04-28 19:10:00,2025-04-28 19:15:00,2025-04-28 21:00:00,22
98829,98833,1.34202,1.3425225372333414,-1.0850000000000426,STOP,2025-04-28 21:45:00,2025-04-28 21:50:00,2025-04-28 22:05:00,4
98865,98868,1.34016,1.3398449070707221,0.47436453755695235,STOP,2025-04-29 00:45:00,2025-04-29 00:50:00,2025-04-29 01:00:00,3
98924,98926,1.34056,1.339998936786973,0.6795331131859861,STOP,2025-04-29 05:40:00,2025-04-29 05:45:00,2025-04-29 05:50:00,2
99023,99036,1.33984,1.3404953627296852,-1.0849999999999884,STOP,2025-04-29 13:55:00,2025-04-29 14:00:00,2025-04-29 15:00:00,13
99060,99065,1.34101,1.3403475480029474,1.121577512152963,STOP,2025-04-29 17:00:00,2025-04-29 17:05:00,2025-04-29 17:25:00,5
99104,99107,1.34063,1.3402754931167207,0.7731082863473998,STOP,2025-04-29 20:40:00,2025-04-29 20:45:00,2025-04-29 20:55:00,3
99139,99150,1.33878,1.339285992761367,-1.0849999999997928,STOP,2025-04-29 23:35:00,2025-04-29 23:40:00,2025-04-30 00:30:00,11
99213,99230,1.33649,1.3360007722247251,0.5882979571398421,STOP,2025-04-30 05:45:00,2025-04-30 05:50:00,2025-04-30 07:10:00,17
99240,99243,1.33545,1.3361500975162732,-1.0849999999999065,STOP,2025-04-30 08:00:00,2025-04-30 08:05:00,2025-04-30 08:15:00,3
99311,99313,1.33409,1.3350334734543046,-1.0849999999998923,STOP,2025-04-30 13:55:00,2025-04-30 14:00:00,2025-04-30 14:05:00,2
99335,99341,1.33291,1.3323495805055288,0.6638852114375663,STOP,2025-04-30 15:55:00,2025-04-30 16:00:00,2025-04-30 16:25:00,6
99421,99429,1.33035,1.3297045787792428,1.2620003909106776,STOP,2025-04-30 23:05:00,2025-04-30 23:10:00,2025-04-30 23:45:00,8
99443,99445,1.32941,1.3291387267452193,0.4213721504956515,STOP,2025-05-01 00:55:00,2025-05-01 01:00:00,2025-05-01 01:05:00,2
99525,99533,1.3329,1.332315800550841,0.6676582926903746,STOP,2025-05-01 07:45:00,2025-05-01 07:50:00,2025-05-01 08:25:00,8
99570,99575,1.32842,1.3270530281085962,1.0558258407994054,STOP,2025-05-01 11:30:00,2025-05-01 11:35:00,2025-05-01 11:55:00,5
99594,99607,1.32693,1.3277658099771705,-1.0850000000000226,STOP,2025-05-01 13:30:00,2025-05-01 13:35:00,2025-05-01 14:35:00,13
99672,99678,1.32803,1.3278188211155044,0.40874041444203624,STOP,2025-05-01 20:10:00,2025-05-01 20:15:00,2025-05-01 20:40:00,6
99854,99862,1.33012,1.328604402047891,0.988841474609665,STOP,2025-05-02 11:20:00,2025-05-02 11:25:00,2025-05-02 12:00:00,8
99889,99902,1.32731,1.328266345430931,-1.0849999999999642,STOP,2025-05-02 14:15:00,2025-05-02 14:20:00,2025-05-02 15:20:00,13
99912,99920,1.32747,1.3265502030788232,1.540488319760019,STOP,2025-05-02 16:10:00,2025-05-02 16:15:00,2025-05-02 16:50:00,8
99935,99937,1.32619,1.3265888443548144,-1.0849999999997912,STOP,2025-05-04 18:05:00,2025-05-04 18:10:00,2025-05-04 18:15:00,2
100120,100127,1.33228,1.3313925358994207,0.9604099367343069,STOP,2025-05-05 09:30:00,2025-05-05 09:35:00,2025-05-05 10:05:00,7
100203,100207,1.32912,1.3296007384030968,-1.0850000000002302,STOP,2025-05-05 16:25:00,2025-05-05 16:30:00,2025-05-05 16:45:00,4
100247,100250,1.32889,1.3277510863128288,2.996553653189206,STOP,2025-05-05 20:05:00,2025-05-05 20:10:00,2025-05-05 20:20:00,3
100310,100317,1.3297,1.328948175443829,1.3713615780257404,STOP,2025-05-06 01:20:00,2025-05-06 01:25:00,2025-05-06 01:55:00,7
100439,100443,1.33554,1.336602883228504,-1.084999999999939,STOP,2025-05-06 12:05:00,2025-05-06 12:10:00,2025-05-06 12:25:00,4
100491,100500,1.33705,1.3363659626916893,1.018363826078471,STOP,2025-05-06 16:25:00,2025-05-06 16:30:00,2025-05-06 17:10:00,9
100538,100541,1.33373,1.3346811567632906,-1.0849999999999775,STOP,2025-05-06 20:20:00,2025-05-06 20:25:00,2025-05-06 20:35:00,3
100774,100832,1.32871,1.3302812706725233,-1.084999999999942,STOP,2025-05-07 16:00:00,2025-05-07 16:05:00,2025-05-07 20:50:00,58
100871,100886,1.33433,1.3306633854714758,4.592598691861446,STOP,2025-05-08 00:05:00,2025-05-08 00:10:00,2025-05-08 01:20:00,15
100924,100946,1.32707,1.3281643269246752,-1.0850000000000966,STOP,2025-05-08 04:30:00,2025-05-08 04:35:00,2025-05-08 06:20:00,22
100953,100954,1.32629,1.327449346737926,-1.0849999999999274,STOP,2025-05-08 06:55:00,2025-05-08 07:00:00,2025-05-08 07:00:00,1
100995,101004,1.33238,1.331158920599899,0.8865468399209776,STOP,2025-05-08 10:25:00,2025-05-08 10:30:00,2025-05-08 11:10:00,9
101099,101105,1.32448,1.3240034717750007,0.9564256619523761,STOP,2025-05-08 19:05:00,2025-05-08 19:10:00,2025-05-08 19:35:00,6
101157,101168,1.32323,1.3238825555592304,-1.0850000000001117,STOP,2025-05-08 23:55:00,2025-05-09 00:00:00,2025-05-09 00:50:00,11
101174,101178,1.32275,1.323345142817811,-1.0850000000001132,STOP,2025-05-09 01:20:00,2025-05-09 01:25:00,2025-05-09 01:40:00,4
101355,101361,1.33035,1.3299159349285288,0.9078824738991549,STOP,2025-05-09 16:25:00,2025-05-09 16:30:00,2025-05-09 16:55:00,6
101401,101407,1.32819,1.3289981832147908,-1.085000000000026,STOP,2025-05-11 20:15:00,2025-05-11 20:20:00,2025-05-11 20:45:00,6
101437,101443,1.32799,1.3286498803718503,-1.085000000000064,STOP,2025-05-11 23:15:00,2025-05-11 23:20:00,2025-05-11 23:45:00,6
101460,101469,1.32829,1.3279404270933457,0.5943240216993486,STOP,2025-05-12 01:10:00,2025-05-12 01:15:00,2025-05-12 01:55:00,9
101519,101531,1.31838,1.3148070982735982,2.69698631709959,STOP,2025-05-12 06:05:00,2025-05-12 06:10:00,2025-05-12 07:05:00,12
101588,101610,1.31955,1.3168511341145157,2.4586610561314792,STOP,2025-05-12 11:50:00,2025-05-12 11:55:00,2025-05-12 13:40:00,22
101617,101622,1.31645,1.3171917239290145,-1.085000000000013,STOP,2025-05-12 14:15:00,2025-05-12 14:20:00,2025-05-12 14:40:00,5
101650,101652,1.31837,1.3170261258013733,2.1038511517526524,STOP,2025-05-12 17:00:00,2025-05-12 17:05:00,2025-05-12 17:10:00,2
101809,101811,1.32059,1.3213524063088256,-1.0849999999999311,STOP,2025-05-13 06:15:00,2025-05-13 06:20:00,2025-05-13 06:25:00,2
102032,102048,1.33039,1.3296722039986457,1.268457477358564,STOP,2025-05-14 00:50:00,2025-05-14 00:55:00,2025-05-14 02:10:00,16
102097,102122,1.33398,1.3325778298791133,1.1433471276723899,STOP,2025-05-14 06:15:00,2025-05-14 06:20:00,2025-05-14 08:20:00,25
102174,102191,1.32816,1.3273365035906113,0.6013934647388851,STOP,2025-05-14 12:40:00,2025-05-14 12:45:00,2025-05-14 14:05:00,17
102202,102221,1.32557,1.326420565672856,-1.0849999999999786,STOP,2025-05-14 15:00:00,2025-05-14 15:05:00,2025-05-14 16:35:00,19
102228,102230,1.32651,1.3257593724069092,1.2898867257408597,STOP,2025-05-14 17:10:00,2025-05-14 17:15:00,2025-05-14 17:20:00,2
102262,102267,1.32622,1.3266172850609859,-1.0849999999999786,STOP,2025-05-14 20:00:00,2025-05-14 20:05:00,2025-05-14 20:25:00,5
102395,102401,1.32863,1.3278286732298,0.8736199211118694,STOP,2025-05-15 07:05:00,2025-05-15 07:10:00,2025-05-15 07:35:00,6
102464,102466,1.32851,1.3293527484593297,-1.0849999999999533,STOP,2025-05-15 12:50:00,2025-05-15 12:55:00,2025-05-15 13:00:00,2
102513,102515,1.33125,1.329968945182365,2.9046449060697825,STOP,2025-05-15 16:55:00,2025-05-15 17:00:00,2025-05-15 17:05:00,2
102548,102550,1.33055,1.3309214811786212,-1.0849999999997828,STOP,2025-05-15 19:50:00,2025-05-15 19:55:00,2025-05-15 20:00:00,2
102692,102704,1.32858,1.3278725942267013,0.8803859208050967,STOP,2025-05-16 07:50:00,2025-05-16 07:55:00,2025-05-16 08:50:00,12
102743,102750,1.32536,1.3264081761096822,-1.085000000000091,STOP,2025-05-16 12:05:00,2025-05-16 12:10:00,2025-05-16 12:40:00,7
102854,102911,1.32997,1.3306513411056817,-1.0849999999999858,STOP,2025-05-18 21:20:00,2025-05-18 21:25:00,2025-05-19 02:05:00,57
102994,103014,1.33674,1.3363294253281808,0.3829313335828814,STOP,2025-05-19 09:00:00,2025-05-19 09:05:00,2025-05-19 10:40:00,20
103028,103035,1.33576,1.335271413486629,0.47767856202397324,STOP,2025-05-19 11:50:00,2025-05-19 11:55:00,2025-05-19 12:25:00,7
103056,103060,1.33455,1.335139143417235,-1.0850000000000224,STOP,2025-05-19 14:10:00,2025-05-19 14:15:00,2025-05-19 14:30:00,4
103090,103093,1.33598,1.335741132036966,0.5064066801882349,STOP,2025-05-19 17:00:00,2025-05-19 17:05:00,2025-05-19 17:15:00,3
103126,103134,1.33555,1.33490094660678,1.6416650491724443,STOP,2025-05-19 20:00:00,2025-05-19 20:05:00,2025-05-19 20:40:00,8
103161,103163,1.33539,1.3360640759563756,-1.084999999999863,STOP,2025-05-19 22:55:00,2025-05-19 23:00:00,2025-05-19 23:05:00,2
103230,103254,1.33766,1.3357850994877762,2.077835158590342,STOP,2025-05-20 04:40:00,2025-05-20 04:45:00,2025-05-20 06:40:00,24
103271,103276,1.3354,1.3341573007155447,1.6582163497776565,STOP,2025-05-20 08:05:00,2025-05-20 08:10:00,2025-05-20 08:30:00,5
103323,103329,1.33628,1.3370611139235984,-1.0850000000000588,STOP,2025-05-20 12:25:00,2025-05-20 12:30:00,2025-05-20 12:55:00,6
103378,103380,1.33906,1.3381616399930376,1.4414413153048213,STOP,2025-05-20 17:00:00,2025-05-20 17:05:00,2025-05-20 17:10:00,2
103519,103535,1.34003,1.3411509697049055,-1.084999999999959,STOP,2025-05-21 04:45:00,2025-05-21 04:50:00,2025-05-21 06:05:00,16
103624,103633,1.34391,1.3433793292152354,0.5005451329405333,STOP,2025-05-21 13:30:00,2025-05-21 13:35:00,2025-05-21 14:15:00,9
103640,103654,1.34278,1.3419494808198145,0.9551090619826046,STOP,2025-05-21 14:50:00,2025-05-21 14:55:00,2025-05-21 16:00:00,14
103668,103674,1.343,1.341558927334083,3.275034240192684,STOP,2025-05-21 17:10:00,2025-05-21 17:15:00,2025-05-21 17:40:00,6
103744,103789,1.34288,1.341781604610311,1.5573299367585738,STOP,2025-05-21 23:30:00,2025-05-21 23:35:00,2025-05-22 03:15:00,45
103905,103915,1.34184,1.3409742414375896,0.8866763332539199,STOP,2025-05-22 12:55:00,2025-05-22 13:00:00,2025-05-22 13:45:00,10
103941,103955,1.3419,1.3414544992749473,0.6841772705705332,STOP,2025-05-22 15:55:00,2025-05-22 16:00:00,2025-05-22 17:05:00,14
103989,103992,1.34203,1.3423594328794963,-1.0850000000002717,STOP,2025-05-22 19:55:00,2025-05-22 20:00:00,2025-05-22 20:10:00,3
104242,104249,1.35323,1.3525602384799622,1.0109650169818494,STOP,2025-05-25 17:00:00,2025-05-25 17:05:00,2025-05-25 17:35:00,7
104418,104422,1.35553,1.3560989395184098,-1.0849999999998774,STOP,2025-05-26 07:40:00,2025-05-26 07:45:00,2025-05-26 08:00:00,4
104524,104528,1.35613,1.3563194913294807,-1.084999999999973,STOP,2025-05-26 16:30:00,2025-05-26 16:35:00,2025-05-26 16:50:00,4
104620,104629,1.35651,1.3546925428078276,3.5518099969733856,STOP,2025-05-27 00:30:00,2025-05-27 00:35:00,2025-05-27 01:15:00,9
104689,104698,1.3536,1.354457962607857,-1.0850000000000282,STOP,2025-05-27 06:15:00,2025-05-27 06:20:00,2025-05-27 07:00:00,9
104727,104733,1.35529,1.354540915493109,0.885249520066527,STOP,2025-05-27 09:25:00,2025-05-27 09:30:00,2025-05-27 09:55:00,6
104804,104812,1.35078,1.350521286061626,0.5546532384785292,STOP,2025-05-27 15:50:00,2025-05-27 15:55:00,2025-05-27 16:30:00,8
104845,104849,1.35114,1.3514160711094516,-1.0849999999999724,STOP,2025-05-27 19:15:00,2025-05-27 19:20:00,2025-05-27 19:35:00,4
104907,104919,1.34754,1.346673037923147,1.1937200546690887,STOP,2025-05-28 00:25:00,2025-05-28 00:30:00,2025-05-28 01:25:00,12
104980,104986,1.35052,1.3497788292905097,0.8921164386326318,STOP,2025-05-28 06:30:00,2025-05-28 06:35:00,2025-05-28 07:00:00,6
105106,105112,1.34748,1.3465215494023055,2.0576605942849397,STOP,2025-05-28 17:00:00,2025-05-28 17:05:00,2025-05-28 17:30:00,6
105178,105182,1.34308,1.3439913595414876,-1.0850000000001212,STOP,2025-05-28 23:00:00,2025-05-28 23:05:00,2025-05-28 23:20:00,4
105243,105248,1.34572,1.3466214056748496,-1.084999999999979,STOP,2025-05-29 04:25:00,2025-05-29 04:30:00,2025-05-29 04:50:00,5
105275,105286,1.34699,1.3463997901506362,0.6501683915875199,STOP,2025-05-29 07:05:00,2025-05-29 07:10:00,2025-05-29 08:00:00,11
105473,105491,1.34702,1.3476013049869981,-1.0850000000001485,STOP,2025-05-29 23:40:00,2025-05-29 23:45:00,2025-05-30 01:10:00,18
105570,105573,1.34706,1.3477930892724548,-1.0850000000000584,STOP,2025-05-30 07:45:00,2025-05-30 07:50:00,2025-05-30 08:00:00,3
105665,105668,1.34662,1.3471697097177677,-1.084999999999852,STOP,2025-05-30 15:40:00,2025-05-30 15:45:00,2025-05-30 15:55:00,3
105677,105681,1.34596,1.345591135210119,0.6969222198257948,STOP,2025-05-30 16:40:00,2025-05-30 16:45:00,2025-06-01 17:00:00,4
105750,105755,1.34881,1.3481665909983964,0.9745734544246187,STOP,2025-06-01 22:50:00,2025-06-01 22:55:00,2025-06-01 23:15:00,5
105875,105881,1.35298,1.3524733698922489,0.5015465205650662,STOP,2025-06-02 09:15:00,2025-06-02 09:20:00,2025-06-02 09:45:00,6
105902,105919,1.35465,1.3523765986151963,2.336601343254212,STOP,2025-06-02 11:30:00,2025-06-02 11:35:00,2025-06-02 12:55:00,17
105967,105971,1.35466,1.3538595991057745,1.8723910539530937,STOP,2025-06-02 16:55:00,2025-06-02 17:00:00,2025-06-02 17:15:00,4
106069,106074,1.35169,1.3521899120982404,-1.0850000000000835,STOP,2025-06-03 01:25:00,2025-06-03 01:30:00,2025-06-03 01:50:00,5
106135,106143,1.35061,1.3499124266730547,0.8329096416004336,STOP,2025-06-03 06:55:00,2025-06-03 07:00:00,2025-06-03 07:35:00,8
106203,106207,1.35117,1.3519675575698793,-1.0850000000000752,STOP,2025-06-03 12:35:00,2025-06-03 12:40:00,2025-06-03 12:55:00,4
106240,106260,1.35188,1.351193623039492,1.54146911356462,STOP,2025-06-03 15:40:00,2025-06-03 15:45:00,2025-06-03 17:20:00,20
106334,106341,1.35191,1.352446084615507,-1.0850000000001883,STOP,2025-06-03 23:30:00,2025-06-03 23:35:00,2025-06-04 00:05:00,7
106350,106359,1.35123,1.3503923785456056,1.5610310078427179,STOP,2025-06-04 00:50:00,2025-06-04 00:55:00,2025-06-04 01:35:00,9
106520,106533,1.3557,1.3548229309842845,1.6109136332324205,STOP,2025-06-04 15:00:00,2025-06-04 15:05:00,2025-06-04 16:05:00,13
106552,106556,1.35536,1.3547397398005474,1.6927042190416484,STOP,2025-06-04 17:40:00,2025-06-04 17:45:00,2025-06-04 18:00:00,4
106580,106581,1.35482,1.3551665900075307,-1.0850000000003146,STOP,2025-06-04 20:00:00,2025-06-04 20:05:00,2025-06-04 20:05:00,1
106722,106727,1.35666,1.35732142300319,-1.0849999999999773,STOP,2025-06-05 07:50:00,2025-06-05 07:55:00,2025-06-05 08:15:00,5
106797,106817,1.35779,1.3570364174179286,0.891546172606715,STOP,2025-06-05 14:05:00,2025-06-05 14:10:00,2025-06-05 15:45:00,20
106832,106837,1.35785,1.3570656036540099,1.4526467507061218,STOP,2025-06-05 17:00:00,2025-06-05 17:05:00,2025-06-05 17:25:00,5
106930,106939,1.35705,1.3563909403647667,1.7714452340565832,STOP,2025-06-06 01:10:00,2025-06-06 01:15:00,2025-06-06 01:55:00,9
107005,107006,1.35432,1.3548832292365915,-1.0850000000001154,STOP,2025-06-06 07:25:00,2025-06-06 07:30:00,2025-06-06 07:30:00,1
107105,107107,1.35285,1.3533376859285688,-1.0850000000001583,STOP,2025-06-06 15:45:00,2025-06-06 15:50:00,2025-06-06 15:55:00,2
107223,107225,1.35511,1.3554678355438783,-1.084999999999749,STOP,2025-06-09 01:35:00,2025-06-09 01:40:00,2025-06-09 01:45:00,2
107390,107403,1.35596,1.3550344251376663,2.1502907234420774,STOP,2025-06-09 15:30:00,2025-06-09 15:35:00,2025-06-09 16:35:00,13
107621,107631,1.35185,1.3511781071026374,0.6088796202819383,STOP,2025-06-10 10:45:00,2025-06-10 10:50:00,2025-06-10 11:35:00,10
107637,107654,1.35043,1.3499489594056222,0.5398677555372129,STOP,2025-06-10 12:05:00,2025-06-10 12:10:00,2025-06-10 13:30:00,17
107664,107675,1.34938,1.3499419052196036,-1.0850000000000624,STOP,2025-06-10 14:20:00,2025-06-10 14:25:00,2025-06-10 15:15:00,11
107688,107697,1.34991,1.3492684670216826,1.2280854733749569,STOP,2025-06-10 16:20:00,2025-06-10 16:25:00,2025-06-10 17:05:00,9
107864,107881,1.34931,1.3500119021935186,-1.0849999999999609,STOP,2025-06-11 07:00:00,2025-06-11 07:05:00,2025-06-11 08:25:00,17
107957,107967,1.35489,1.3541972529514066,0.8837991188278133,STOP,2025-06-11 14:45:00,2025-06-11 14:50:00,2025-06-11 15:35:00,10
107984,107991,1.35517,1.354284608056877,1.735942376095294,STOP,2025-06-11 17:00:00,2025-06-11 17:05:00,2025-06-11 17:35:00,7
108200,108256,1.35919,1.360278656854918,-1.0849999999999298,STOP,2025-06-12 11:00:00,2025-06-12 11:05:00,2025-06-12 15:40:00,56
108340,108352,1.35538,1.3546958449370186,0.5277298778305907,STOP,2025-06-12 22:40:00,2025-06-12 22:45:00,2025-06-12 23:40:00,12
108359,108380,1.35364,1.3546051091027789,-1.084999999999965,STOP,2025-06-13 00:15:00,2025-06-13 00:20:00,2025-06-13 02:00:00,21
108418,108436,1.35514,1.3537139623016745,1.2097544710698434,STOP,2025-06-13 05:10:00,2025-06-13 05:15:00,2025-06-13 06:40:00,18
108512,108522,1.35898,1.3577565951829313,1.476594436752967,STOP,2025-06-13 13:00:00,2025-06-13 13:05:00,2025-06-13 13:50:00,10
108634,108644,1.35414,1.3537899259537998,0.4745415512615518,STOP,2025-06-15 23:10:00,2025-06-15 23:15:00,2025-06-16 00:00:00,10
108824,108836,1.35944,1.3576984835297292,3.0949120937080994,STOP,2025-06-16 15:00:00,2025-06-16 15:05:00,2025-06-16 16:00:00,12
108953,108957,1.35686,1.3566070447920489,0.3883201301475757,STOP,2025-06-17 01:45:00,2025-06-17 01:50:00,2025-06-17 02:05:00,4
109081,109093,1.34966,1.3466222114634583,2.7981157990249064,STOP,2025-06-17 12:25:00,2025-06-17 12:30:00,2025-06-17 13:25:00,12
109111,109128,1.34286,1.3420078255532095,0.6088093313073654,STOP,2025-06-17 14:55:00,2025-06-17 15:00:00,2025-06-17 16:20:00,17
109136,109140,1.34394,1.3427190134738904,1.2279877352640218,STOP,2025-06-17 17:00:00,2025-06-17 17:05:00,2025-06-17 17:20:00,4
109298,109305,1.34558,1.344498229030774,1.2714426661865064,STOP,2025-06-18 06:30:00,2025-06-18 06:35:00,2025-06-18 07:05:00,7
109427,109431,1.34317,1.3415336900572017,1.7080535672423345,STOP,2025-06-18 17:15:00,2025-06-18 17:20:00,2025-06-18 17:35:00,4
109466,109475,1.34104,1.34068038338549,0.4909679178482583,STOP,2025-06-18 20:30:00,2025-06-18 20:35:00,2025-06-18 21:15:00,9
109555,109557,1.34026,1.341079332716646,-1.0849999999999564,STOP,2025-06-19 03:55:00,2025-06-19 04:00:00,2025-06-19 04:05:00,2
109637,109641,1.34214,1.3430445206204984,-1.0849999999999116,STOP,2025-06-19 10:45:00,2025-06-19 10:50:00,2025-06-19 11:05:00,4
109711,109713,1.3463,1.3449888131017849,3.3365631100574715,STOP,2025-06-19 16:55:00,2025-06-19 17:00:00,2025-06-19 17:05:00,2
109959,109988,1.34669,1.3448596928101724,2.2918259172614848,STOP,2025-06-20 13:35:00,2025-06-20 13:40:00,2025-06-20 16:00:00,29
110038,110054,1.34197,1.3407993897118675,1.3634968353785402,STOP,2025-06-22 20:10:00,2025-06-22 20:15:00,2025-06-22 21:30:00,16
110074,110087,1.34227,1.3418270640682013,0.4793084202458963,STOP,2025-06-22 23:10:00,2025-06-22 23:15:00,2025-06-23 00:15:00,13
110137,110138,1.34343,1.3443100167313287,-1.0850000000000033,STOP,2025-06-23 04:25:00,2025-06-23 04:30:00,2025-06-23 04:30:00,1
110166,110170,1.33787,1.338879435293867,-1.0849999999999944,STOP,2025-06-23 06:50:00,2025-06-23 06:55:00,2025-06-23 07:10:00,4
110229,110237,1.34879,1.349912488515546,-1.084999999999961,STOP,2025-06-23 12:05:00,2025-06-23 12:10:00,2025-06-23 12:45:00,8
110287,110295,1.35279,1.3521404866736595,1.076834793111431,STOP,2025-06-23 16:55:00,2025-06-23 17:00:00,2025-06-23 17:35:00,8
110347,110354,1.3541,1.354861831832322,-1.0850000000000668,STOP,2025-06-23 21:55:00,2025-06-23 22:00:00,2025-06-23 22:30:00,7
110517,110521,1.36118,1.3621150054406075,-1.0850000000000366,STOP,2025-06-24 12:05:00,2025-06-24 12:10:00,2025-06-24 12:25:00,4
110544,110564,1.3629,1.3622453702911341,0.9605193367474638,STOP,2025-06-24 14:20:00,2025-06-24 14:25:00,2025-06-24 16:00:00,20
110720,110746,1.36092,1.3617101608294153,-1.0850000000000746,STOP,2025-06-25 05:05:00,2025-06-25 05:10:00,2025-06-25 07:15:00,26
110755,110766,1.36025,1.359772377557962,0.6161635321319717,STOP,2025-06-25 08:00:00,2025-06-25 08:05:00,2025-06-25 08:55:00,11
110959,110961,1.36979,1.3703569450496706,-1.0850000000000404,STOP,2025-06-26 01:00:00,2025-06-26 01:05:00,2025-06-26 01:10:00,2
111009,111039,1.37454,1.3705538325654214,4.077130557975318,STOP,2025-06-26 05:10:00,2025-06-26 05:15:00,2025-06-26 07:40:00,30
111119,111131,1.37536,1.3734247309896177,2.610991213725478,STOP,2025-06-26 14:20:00,2025-06-26 14:25:00,2025-06-26 15:20:00,12
111233,111247,1.37383,1.37246765044602,2.515104242258297,STOP,2025-06-26 23:50:00,2025-06-26 23:55:00,2025-06-27 01:00:00,14
111310,111316,1.37344,1.3725355999264468,1.0191136020564788,STOP,2025-06-27 06:15:00,2025-06-27 06:20:00,2025-06-27 06:45:00,6
111359,111374,1.37084,1.3719302779396398,-1.0850000000000786,STOP,2025-06-27 10:20:00,2025-06-27 10:25:00,2025-06-27 11:35:00,15
111388,111403,1.37064,1.3693897264229502,1.330970444011758,STOP,2025-06-27 12:45:00,2025-06-27 12:50:00,2025-06-27 14:00:00,15
111439,111441,1.37177,1.37092381965928,1.0071761850616239,STOP,2025-06-29 17:00:00,2025-06-29 17:05:00,2025-06-29 17:10:00,2
111511,111530,1.37159,1.372191849754876,-1.0849999999999225,STOP,2025-06-29 23:00:00,2025-06-29 23:05:00,2025-06-30 00:35:00,19
111674,111678,1.37009,1.3710553916649295,-1.0849999999999795,STOP,2025-06-30 12:35:00,2025-06-30 12:40:00,2025-06-30 12:55:00,4
111727,111732,1.37374,1.3722391833095766,2.627822153510783,STOP,2025-06-30 17:00:00,2025-06-30 17:05:00,2025-06-30 17:25:00,5
111756,111763,1.37307,1.3734786191416894,-1.0850000000001305,STOP,2025-06-30 19:25:00,2025-06-30 19:30:00,2025-06-30 20:00:00,7
112096,112117,1.37435,1.3736402795481446,1.5165521053092699,STOP,2025-07-01 23:45:00,2025-07-01 23:50:00,2025-07-02 01:30:00,21
112283,112305,1.36321,1.3638486176116864,-1.0849999999999682,STOP,2025-07-02 15:20:00,2025-07-02 15:25:00,2025-07-02 17:10:00,22
112344,112351,1.36468,1.3652281138042444,-1.0849999999999371,STOP,2025-07-02 20:25:00,2025-07-02 20:30:00,2025-07-02 21:00:00,7
112364,112369,1.36411,1.3632487271767906,1.424160983704707,STOP,2025-07-02 22:05:00,2025-07-02 22:10:00,2025-07-02 22:30:00,5
112486,112490,1.36544,1.3594711555207277,7.885424022264724,STOP,2025-07-03 08:15:00,2025-07-03 08:20:00,2025-07-03 08:35:00,4
112535,112590,1.3643,1.3654064131213335,-1.084999999999906,STOP,2025-07-03 12:20:00,2025-07-03 12:25:00,2025-07-03 16:55:00,55
112699,112702,1.36675,1.367266844111377,-1.085000000000141,STOP,2025-07-04 02:00:00,2025-07-04 02:05:00,2025-07-04 02:15:00,3
112736,112759,1.36571,1.3649933715030396,0.8900592079213238,STOP,2025-07-04 05:05:00,2025-07-04 05:10:00,2025-07-04 07:00:00,23
112769,112783,1.3643,1.3638070551111785,0.7899365872984977,STOP,2025-07-04 07:50:00,2025-07-04 07:55:00,2025-07-04 09:00:00,14
112909,112915,1.36498,1.3653670180936464,-1.0850000000000002,STOP,2025-07-06 19:30:00,2025-07-06 19:35:00,2025-07-06 20:00:00,6
112970,112974,1.36233,1.3618898961190555,0.89585537914128,STOP,2025-07-07 00:35:00,2025-07-07 00:40:00,2025-07-07 00:55:00,4
113134,113139,1.35937,1.3604501420152286,-1.0850000000000968,STOP,2025-07-07 14:15:00,2025-07-07 14:20:00,2025-07-07 14:40:00,5
113156,113167,1.36061,1.360171923452272,0.5606774683808462,STOP,2025-07-07 16:05:00,2025-07-07 16:10:00,2025-07-07 17:00:00,11
113241,113244,1.36301,1.3635828882427463,-1.0850000000000424,STOP,2025-07-07 23:10:00,2025-07-07 23:15:00,2025-07-07 23:25:00,3
113302,113307,1.36306,1.3620006878207755,1.403206025153709,STOP,2025-07-08 04:15:00,2025-07-08 04:20:00,2025-07-08 04:40:00,5
113319,113330,1.36062,1.35867297230383,2.599175767705479,STOP,2025-07-08 05:40:00,2025-07-08 05:45:00,2025-07-08 06:35:00,11
113346,113352,1.3574,1.3580875649304178,-1.0849999999998834,STOP,2025-07-08 07:55:00,2025-07-08 08:00:00,2025-07-08 08:25:00,6
113438,113445,1.35874,1.3593639194988882,-1.0850000000000786,STOP,2025-07-08 15:35:00,2025-07-08 15:40:00,2025-07-08 16:10:00,7
113455,113457,1.35973,1.3582248359539288,1.873592194181052,STOP,2025-07-08 17:00:00,2025-07-08 17:05:00,2025-07-08 17:10:00,2
113483,113491,1.35917,1.3586170028578344,1.2326597779840864,STOP,2025-07-08 19:20:00,2025-07-08 19:25:00,2025-07-08 20:00:00,8
113618,113636,1.35857,1.3579948778673698,0.6484665526226628,STOP,2025-07-09 06:35:00,2025-07-09 06:40:00,2025-07-09 08:05:00,18
113688,113697,1.35802,1.3587617506981298,-1.085000000000034,STOP,2025-07-09 12:25:00,2025-07-09 12:30:00,2025-07-09 13:10:00,9
113735,113750,1.35855,1.3582031380418653,0.5653425310771832,STOP,2025-07-09 16:20:00,2025-07-09 16:25:00,2025-07-09 17:35:00,15
113769,113771,1.35887,1.3591696933206379,-1.0849999999998448,STOP,2025-07-09 19:10:00,2025-07-09 19:15:00,2025-07-09 19:20:00,2
113827,113839,1.36031,1.360670732882245,-1.085000000000177,STOP,2025-07-10 00:00:00,2025-07-10 00:05:00,2025-07-10 01:00:00,12
113904,113908,1.36078,1.360374643170142,0.7218050672364991,STOP,2025-07-10 06:25:00,2025-07-10 06:30:00,2025-07-10 06:45:00,4
114031,114033,1.35796,1.3575233058242664,0.606682077807171,STOP,2025-07-10 17:00:00,2025-07-10 17:05:00,2025-07-10 17:10:00,2
114100,114107,1.35562,1.3562718878770146,-1.0850000000000148,STOP,2025-07-10 22:45:00,2025-07-10 22:50:00,2025-07-10 23:20:00,7
114119,114122,1.35556,1.3551536122236705,0.7339311097307799,STOP,2025-07-11 00:20:00,2025-07-11 00:25:00,2025-07-11 00:35:00,3
114139,114151,1.35451,1.3537964800906592,0.9654857432259096,STOP,2025-07-11 02:00:00,2025-07-11 02:05:00,2025-07-11 03:00:00,12
114164,114167,1.35348,1.3543010018982584,-1.084999999999967,STOP,2025-07-11 04:05:00,2025-07-11 04:10:00,2025-07-11 04:20:00,3
114196,114200,1.35366,1.3533097759723862,0.42644303408731904,STOP,2025-07-11 06:45:00,2025-07-11 06:50:00,2025-07-11 07:05:00,4
114294,114298,1.35096,1.3506344121149425,0.44052017147309414,STOP,2025-07-11 14:55:00,2025-07-11 15:00:00,2025-07-11 15:15:00,4
114415,114432,1.34736,1.3457557105097777,3.013326463370421,STOP,2025-07-14 01:00:00,2025-07-14 01:05:00,2025-07-14 02:25:00,17
114461,114464,1.34795,1.3475066269775875,0.556948759786714,STOP,2025-07-14 04:50:00,2025-07-14 04:55:00,2025-07-14 05:05:00,3
114493,114499,1.34803,1.348708840010709,-1.0849999999999071,STOP,2025-07-14 07:30:00,2025-07-14 07:35:00,2025-07-14 08:00:00,6
114563,114635,1.34289,1.34224,0.7219523441019247,TIME,2025-07-14 13:20:00,2025-07-14 13:25:00,2025-07-14 19:20:00,72
114687,114703,1.34293,1.3433523522201418,-1.0850000000001547,STOP,2025-07-14 23:40:00,2025-07-14 23:45:00,2025-07-15 01:00:00,16
114778,114789,1.34484,1.344370762668796,0.6447014145670575,STOP,2025-07-15 07:15:00,2025-07-15 07:20:00,2025-07-15 08:10:00,11
114848,114868,1.33808,1.3390037085165039,-1.0849999999999858,STOP,2025-07-15 13:05:00,2025-07-15 13:10:00,2025-07-15 14:45:00,20
114873,114896,1.33851,1.3379798346900913,0.8532487192911131,STOP,2025-07-15 15:10:00,2025-07-15 15:15:00,2025-07-15 17:05:00,23
115147,115219,1.34155,1.34062,0.5284710672575813,TIME,2025-07-16 14:00:00,2025-07-16 14:05:00,2025-07-16 20:00:00,72
115336,115338,1.33939,1.340173831640273,-1.0849999999998896,STOP,2025-07-17 05:45:00,2025-07-17 05:50:00,2025-07-17 05:55:00,2
115418,115424,1.34071,1.3402042135616308,0.5915234615250934,STOP,2025-07-17 12:35:00,2025-07-17 12:40:00,2025-07-17 13:05:00,6
115465,115474,1.34155,1.3413539775336798,0.457728593280274,STOP,2025-07-17 16:30:00,2025-07-17 16:35:00,2025-07-17 17:15:00,9
115628,115630,1.34375,1.3442040498786088,-1.0849999999998807,STOP,2025-07-18 06:05:00,2025-07-18 06:10:00,2025-07-18 06:15:00,2
115756,115759,1.34098,1.341383044287203,-1.0849999999997284,STOP,2025-07-18 16:45:00,2025-07-18 16:50:00,2025-07-20 17:05:00,3
115801,115807,1.34105,1.3405356703578482,0.874422076426336,STOP,2025-07-20 20:35:00,2025-07-20 20:40:00,2025-07-20 21:05:00,6
115827,115829,1.34082,1.3413142339007351,-1.0850000000001288,STOP,2025-07-20 22:45:00,2025-07-20 22:50:00,2025-07-20 22:55:00,2
116046,116048,1.34957,1.348490803800762,1.8916872697602363,STOP,2025-07-21 17:00:00,2025-07-21 17:05:00,2025-07-21 17:10:00,2
116072,116087,1.34872,1.3482354650308588,1.1663264142621788,STOP,2025-07-21 19:10:00,2025-07-21 19:15:00,2025-07-21 20:25:00,15
116130,116134,1.34755,1.3479349967126562,-1.085000000000281,STOP,2025-07-22 00:00:00,2025-07-22 00:05:00,2025-07-22 00:20:00,4
116144,116153,1.34748,1.3471989112179863,0.6545210395718143,STOP,2025-07-22 01:10:00,2025-07-22 01:15:00,2025-07-22 01:55:00,9
116208,116214,1.34865,1.3480474094277477,0.9228536067926147,STOP,2025-07-22 06:30:00,2025-07-22 06:35:00,2025-07-22 07:00:00,6
116291,116314,1.35239,1.3531379160064514,-1.0850000000000997,STOP,2025-07-22 13:25:00,2025-07-22 13:30:00,2025-07-22 15:20:00,23
116334,116339,1.35377,1.3526533043343778,2.0388001738968713,STOP,2025-07-22 17:00:00,2025-07-22 17:05:00,2025-07-22 17:25:00,5
116362,116370,1.35253,1.3521906027585053,0.5963364714683833,STOP,2025-07-22 19:20:00,2025-07-22 19:25:00,2025-07-22 20:00:00,8
116422,116424,1.35233,1.352825419565761,-1.085000000000151,STOP,2025-07-23 00:20:00,2025-07-23 00:25:00,2025-07-23 00:30:00,2
116437,116441,1.35262,1.3521962437686155,0.8360261980758776,STOP,2025-07-23 01:35:00,2025-07-23 01:40:00,2025-07-23 01:55:00,4
116476,116478,1.35372,1.3543569113756486,-1.084999999999845,STOP,2025-07-23 04:50:00,2025-07-23 04:55:00,2025-07-23 05:00:00,2
116654,116660,1.35817,1.3575781994618628,1.837370829736427,STOP,2025-07-23 19:40:00,2025-07-23 19:45:00,2025-07-23 20:10:00,6
116689,116694,1.35767,1.3581758996447149,-1.0849999999999629,STOP,2025-07-23 22:35:00,2025-07-23 22:40:00,2025-07-23 23:00:00,5
116720,116723,1.35768,1.3580222313849657,-1.0850000000003022,STOP,2025-07-24 01:10:00,2025-07-24 01:15:00,2025-07-24 01:25:00,3
116784,116797,1.35386,1.3544370787294104,-1.0850000000001374,STOP,2025-07-24 06:30:00,2025-07-24 06:35:00,2025-07-24 07:35:00,13
116852,116860,1.35176,1.3511908420074836,0.4471902830083753,STOP,2025-07-24 12:10:00,2025-07-24 12:15:00,2025-07-24 12:50:00,8
116876,116899,1.35167,1.350956710792729,0.9859577731475178,STOP,2025-07-24 14:10:00,2025-07-24 14:15:00,2025-07-24 16:05:00,23
116976,116986,1.34956,1.349106302372562,0.8617035677972843,STOP,2025-07-24 22:30:00,2025-07-24 22:35:00,2025-07-24 23:20:00,10
117001,117004,1.34882,1.3492131248146289,-1.0849999999997322,STOP,2025-07-25 00:35:00,2025-07-25 00:40:00,2025-07-25 00:50:00,3
117055,117083,1.34582,1.3443501113421854,1.7794946714045021,STOP,2025-07-25 05:05:00,2025-07-25 05:10:00,2025-07-25 07:25:00,28
117289,117299,1.34348,1.3429881013871428,1.0355136689084514,STOP,2025-07-28 00:35:00,2025-07-28 00:40:00,2025-07-28 01:25:00,10
117349,117357,1.34129,1.3420868506561956,-1.0849999999999607,STOP,2025-07-28 05:35:00,2025-07-28 05:40:00,2025-07-28 06:15:00,8
117397,117419,1.34209,1.3406644064023303,1.4116242675869177,STOP,2025-07-28 09:35:00,2025-07-28 09:40:00,2025-07-28 11:25:00,22
117485,117487,1.33586,1.3353643184856914,1.3926384875873612,STOP,2025-07-28 16:55:00,2025-07-28 17:00:00,2025-07-28 17:05:00,2
117514,117521,1.33569,1.3360073532016148,-1.0849999999997806,STOP,2025-07-28 19:20:00,2025-07-28 19:25:00,2025-07-28 19:55:00,7
117561,117571,1.33514,1.3343008593192482,1.7594152441682518,STOP,2025-07-28 23:15:00,2025-07-28 23:20:00,2025-07-29 00:05:00,10
117654,117663,1.33461,1.3336364614601537,1.1654456728773208,STOP,2025-07-29 07:00:00,2025-07-29 07:05:00,2025-07-29 07:45:00,9
117768,117773,1.3354,1.3351373028948241,0.48214455593871147,STOP,2025-07-29 16:30:00,2025-07-29 16:35:00,2025-07-29 16:55:00,5
117806,117810,1.335,1.3353700960744699,-1.0850000000002238,STOP,2025-07-29 19:40:00,2025-07-29 19:45:00,2025-07-29 20:00:00,4
117842,117843,1.33554,1.3359997928518248,-1.0849999999999878,STOP,2025-07-29 22:40:00,2025-07-29 22:45:00,2025-07-29 22:45:00,1
117858,117874,1.33539,1.335064776036858,0.5835011636884678,STOP,2025-07-30 00:00:00,2025-07-30 00:05:00,2025-07-30 01:20:00,16
117998,118018,1.32783,1.3287314498278675,-1.0850000000000823,STOP,2025-07-30 11:40:00,2025-07-30 11:45:00,2025-07-30 13:20:00,20
118061,118063,1.32393,1.3230799118787298,0.8236220720580085,STOP,2025-07-30 16:55:00,2025-07-30 17:00:00,2025-07-30 17:05:00,2
118101,118115,1.32489,1.3253754940381577,-1.085000000000084,STOP,2025-07-30 20:15:00,2025-07-30 20:20:00,2025-07-30 21:25:00,14
118169,118173,1.32642,1.3269426422570092,-1.0850000000001456,STOP,2025-07-31 01:55:00,2025-07-31 02:00:00,2025-07-31 02:15:00,4
118214,118226,1.32319,1.3214549910912472,2.053133811842693,STOP,2025-07-31 05:40:00,2025-07-31 05:45:00,2025-07-31 06:40:00,12
118303,118309,1.3219,1.3213775910006826,0.4755912288681933,STOP,2025-07-31 13:05:00,2025-07-31 13:10:00,2025-07-31 13:35:00,6
118336,118339,1.32144,1.3209010635354648,0.7725720401923086,STOP,2025-07-31 15:50:00,2025-07-31 15:55:00,2025-07-31 16:05:00,3
118350,118354,1.32113,1.320790193295405,0.38137408640633946,STOP,2025-07-31 17:00:00,2025-07-31 17:05:00,2025-07-31 17:20:00,4
118377,118382,1.3203,1.3208524718598145,-1.0850000000001099,STOP,2025-07-31 19:15:00,2025-07-31 19:20:00,2025-07-31 19:40:00,5
118527,118536,1.31594,1.3146654769806883,1.586511865743454,STOP,2025-08-01 07:45:00,2025-08-01 07:50:00,2025-08-01 08:30:00,9
118649,118651,1.32898,1.3285011125975692,0.4509378767881849,STOP,2025-08-03 17:55:00,2025-08-03 18:00:00,2025-08-03 18:05:00,2
118676,118684,1.32745,1.3263747007593125,1.3374297962448813,STOP,2025-08-03 20:10:00,2025-08-03 20:15:00,2025-08-03 20:50:00,8
118733,118745,1.32787,1.3274700661803394,0.6679629318831325,STOP,2025-08-04 00:55:00,2025-08-04 01:00:00,2025-08-04 01:55:00,12
118796,118799,1.32843,1.3276169247554237,0.8613837296075603,STOP,2025-08-04 06:10:00,2025-08-04 06:15:00,2025-08-04 06:25:00,3
118818,118821,1.3287,1.3296756239239305,-1.0850000000000366,STOP,2025-08-04 08:00:00,2025-08-04 08:05:00,2025-08-04 08:15:00,3
118885,118917,1.32783,1.3286491625390142,-1.084999999999871,STOP,2025-08-04 13:35:00,2025-08-04 13:40:00,2025-08-04 16:15:00,32
118965,118977,1.32952,1.3291631484782223,0.7582162562929192,STOP,2025-08-04 20:15:00,2025-08-04 20:20:00,2025-08-04 21:15:00,12
119002,119019,1.32798,1.32848601628591,-1.085000000000195,STOP,2025-08-04 23:20:00,2025-08-04 23:25:00,2025-08-05 00:45:00,17
119028,119037,1.32758,1.3280045883929947,-1.0850000000000084,STOP,2025-08-05 01:30:00,2025-08-05 01:35:00,2025-08-05 02:15:00,9
119128,119130,1.32773,1.3287732005162962,-1.0849999999999453,STOP,2025-08-05 09:50:00,2025-08-05 09:55:00,2025-08-05 10:00:00,2
119175,119189,1.33034,1.3296157520109362,0.8888161894236741,STOP,2025-08-05 13:45:00,2025-08-05 13:50:00,2025-08-05 14:55:00,14
119215,119217,1.32968,1.3293947641678723,0.4838616370063619,STOP,2025-08-05 17:05:00,2025-08-05 17:10:00,2025-08-05 17:15:00,2
119538,119543,1.33535,1.3350746471573802,0.6532829349958597,STOP,2025-08-06 20:00:00,2025-08-06 20:05:00,2025-08-06 20:25:00,5
119577,119580,1.33494,1.335327978214867,-1.0850000000001725,STOP,2025-08-06 23:15:00,2025-08-06 23:20:00,2025-08-06 23:30:00,3
119707,119720,1.34127,1.3401239137305425,0.8240843352489874,STOP,2025-08-07 10:05:00,2025-08-07 10:10:00,2025-08-07 11:10:00,13
119790,119800,1.34451,1.3439062312374728,0.7658179480354966,STOP,2025-08-07 17:00:00,2025-08-07 17:05:00,2025-08-07 17:50:00,10
119831,119838,1.34452,1.3449378842258244,-1.0849999999998197,STOP,2025-08-07 20:25:00,2025-08-07 20:30:00,2025-08-07 21:00:00,7
119863,119893,1.34382,1.342855079705508,2.294498145146275,STOP,2025-08-07 23:05:00,2025-08-07 23:10:00,2025-08-08 01:35:00,30
120020,120033,1.34411,1.3449596343616261,-1.0849999999999393,STOP,2025-08-08 12:10:00,2025-08-08 12:15:00,2025-08-08 13:15:00,13
120049,120053,1.34474,1.3452795835065436,-1.0849999999999482,STOP,2025-08-08 14:35:00,2025-08-08 14:40:00,2025-08-08 14:55:00,4
120078,120083,1.34587,1.3429444735124196,5.043316450135478,STOP,2025-08-10 17:00:00,2025-08-10 17:05:00,2025-08-10 17:25:00,5
120232,120237,1.34498,1.3456277678038955,-1.0849999999999675,STOP,2025-08-11 05:50:00,2025-08-11 05:55:00,2025-08-11 06:15:00,5
120245,120249,1.34466,1.3442265843376702,0.5910821019439649,STOP,2025-08-11 06:55:00,2025-08-11 07:00:00,2025-08-11 07:15:00,4
120282,120293,1.34141,1.3407241317380123,0.853955153012645,STOP,2025-08-11 10:00:00,2025-08-11 10:05:00,2025-08-11 10:55:00,11
120347,120358,1.3428,1.3432615791605396,-1.0849999999999507,STOP,2025-08-11 15:25:00,2025-08-11 15:30:00,2025-08-11 16:20:00,11
120404,120406,1.34317,1.34302842339408,0.3844118657506921,STOP,2025-08-11 20:10:00,2025-08-11 20:15:00,2025-08-11 20:20:00,2
120448,120456,1.34334,1.3429759392658869,0.9097651148367399,STOP,2025-08-11 23:50:00,2025-08-11 23:55:00,2025-08-12 00:30:00,8
120519,120525,1.34554,1.3462212623138927,-1.0849999999998825,STOP,2025-08-12 05:45:00,2025-08-12 05:50:00,2025-08-12 06:15:00,6
120538,120546,1.34529,1.3458964485673042,-1.084999999999843,STOP,2025-08-12 07:20:00,2025-08-12 07:25:00,2025-08-12 08:00:00,8
120691,120702,1.34998,1.3503489054819409,-1.0850000000000162,STOP,2025-08-12 20:05:00,2025-08-12 20:10:00,2025-08-12 21:00:00,11
120739,120752,1.35021,1.3505432409139229,-1.0850000000002844,STOP,2025-08-13 00:05:00,2025-08-13 00:10:00,2025-08-13 01:10:00,13
120756,120760,1.35007,1.3503404947651665,-1.085000000000306,STOP,2025-08-13 01:30:00,2025-08-13 01:35:00,2025-08-13 01:50:00,4
120817,120830,1.35678,1.3574160133421522,-1.0849999999999569,STOP,2025-08-13 06:35:00,2025-08-13 06:40:00,2025-08-13 07:40:00,13
120909,120922,1.35671,1.3572058908163713,-1.085000000000155,STOP,2025-08-13 14:15:00,2025-08-13 14:20:00,2025-08-13 15:20:00,13
120942,120946,1.35835,1.3567855999814242,4.141526962839533,STOP,2025-08-13 17:00:00,2025-08-13 17:05:00,2025-08-13 17:20:00,4
121042,121045,1.35745,1.3571401591952739,0.9335797911277417,STOP,2025-08-14 01:20:00,2025-08-14 01:25:00,2025-08-14 01:35:00,3
121121,121126,1.35745,1.3581261662003927,-1.0850000000001199,STOP,2025-08-14 07:55:00,2025-08-14 08:00:00,2025-08-14 08:20:00,5
121220,121230,1.35345,1.3529087237931035,1.22049259937404,STOP,2025-08-14 16:10:00,2025-08-14 16:15:00,2025-08-14 17:00:00,10
121318,121337,1.35466,1.3549604915838016,-1.085000000000298,STOP,2025-08-15 00:20:00,2025-08-15 00:25:00,2025-08-15 01:55:00,19
121372,121377,1.35479,1.3552704563526854,-1.0850000000002258,STOP,2025-08-15 04:50:00,2025-08-15 04:55:00,2025-08-15 05:15:00,5
121445,121451,1.35597,1.356863226980204,-1.0850000000000193,STOP,2025-08-15 10:55:00,2025-08-15 11:00:00,2025-08-15 11:25:00,6
121459,121502,1.35583,1.3552320082727336,0.7121419989444018,STOP,2025-08-15 12:05:00,2025-08-15 12:10:00,2025-08-15 15:40:00,43
121517,121523,1.35592,1.355109087796319,2.163751589830013,STOP,2025-08-15 16:55:00,2025-08-17 17:00:00,2025-08-17 17:25:00,6
121586,121590,1.35497,1.3553520907962973,-1.085000000000118,STOP,2025-08-17 22:40:00,2025-08-17 22:45:00,2025-08-17 23:00:00,4
121754,121769,1.35136,1.3509688915657063,0.5279245543182856,STOP,2025-08-18 12:40:00,2025-08-18 12:45:00,2025-08-18 13:55:00,15
121773,121788,1.35069,1.3511475148772447,-1.0849999999999758,STOP,2025-08-18 14:15:00,2025-08-18 14:20:00,2025-08-18 15:30:00,15
121796,121807,1.35048,1.3500074021809108,1.2201037155165884,STOP,2025-08-18 16:10:00,2025-08-18 16:15:00,2025-08-18 17:05:00,11
121911,121920,1.3501,1.3505133863245478,-1.08499999999993,STOP,2025-08-19 01:45:00,2025-08-19 01:50:00,2025-08-19 02:30:00,9
121959,121961,1.35123,1.351788261905014,-1.0850000000000022,STOP,2025-08-19 05:45:00,2025-08-19 05:50:00,2025-08-19 05:55:00,2
122058,122068,1.3485,1.347985750772008,0.8714960888998756,STOP,2025-08-19 14:00:00,2025-08-19 14:05:00,2025-08-19 14:50:00,10
122094,122097,1.34958,1.3487377202577826,2.311331024127652,STOP,2025-08-19 17:00:00,2025-08-19 17:05:00,2025-08-19 17:15:00,3
122254,122264,1.34956,1.3492053197508014,0.4414521875931094,STOP,2025-08-20 06:20:00,2025-08-20 06:25:00,2025-08-20 07:10:00,10
122317,122323,1.34645,1.3452344646810503,1.2914544542281987,STOP,2025-08-20 11:35:00,2025-08-20 11:40:00,2025-08-20 12:05:00,6
122349,122372,1.34561,1.3451849490189811,0.5830921941165308,STOP,2025-08-20 14:15:00,2025-08-20 14:20:00,2025-08-20 16:10:00,23
122458,122466,1.34507,1.3454786542320067,-1.0849999999999012,STOP,2025-08-20 23:20:00,2025-08-20 23:25:00,2025-08-21 00:00:00,8
122478,122481,1.34522,1.3449972699814632,0.7248431280624913,STOP,2025-08-21 01:00:00,2025-08-21 01:05:00,2025-08-21 01:15:00,3
122598,122603,1.3423,1.3432598650365297,-1.0849999999998918,STOP,2025-08-21 11:00:00,2025-08-21 11:05:00,2025-08-21 11:25:00,5
122647,122663,1.3418,1.3413992923009488,0.7788797297574428,STOP,2025-08-21 15:05:00,2025-08-21 15:10:00,2025-08-21 16:25:00,16
122669,122671,1.34133,1.3409124278381823,1.2934830891620148,STOP,2025-08-21 16:55:00,2025-08-21 17:00:00,2025-08-21 17:05:00,2
122908,122911,1.35226,1.3533162174911395,-1.0849999999999573,STOP,2025-08-22 12:50:00,2025-08-22 12:55:00,2025-08-22 13:05:00,3
122926,122939,1.35309,1.352521408187354,0.6864654898206016,STOP,2025-08-22 14:20:00,2025-08-22 14:25:00,2025-08-22 15:25:00,13
122958,122960,1.3525,1.351855071175108,1.1013708990001976,STOP,2025-08-24 17:00:00,2025-08-24 17:05:00,2025-08-24 17:10:00,2
123056,123066,1.35085,1.3511545166582897,-1.0850000000003062,STOP,2025-08-25 01:10:00,2025-08-25 01:15:00,2025-08-25 02:00:00,10
123103,123110,1.35014,1.3498199788523977,0.552181522333305,STOP,2025-08-25 05:05:00,2025-08-25 05:10:00,2025-08-25 05:40:00,7
123272,123282,1.34533,1.3456954293410637,-1.0850000000000366,STOP,2025-08-25 19:10:00,2025-08-25 19:15:00,2025-08-25 20:00:00,10
123314,123324,1.34641,1.3455351523854204,1.1678514136065197,STOP,2025-08-25 22:40:00,2025-08-25 22:45:00,2025-08-25 23:30:00,10
123485,123504,1.34781,1.3472453798387192,0.7304130718672139,STOP,2025-08-26 12:55:00,2025-08-26 13:00:00,2025-08-26 14:30:00,19
123521,123530,1.34789,1.3474958593876714,0.8964533396366754,STOP,2025-08-26 15:55:00,2025-08-26 16:00:00,2025-08-26 16:40:00,9
123535,123541,1.34909,1.3477080570095032,2.8049143866656268,STOP,2025-08-26 17:05:00,2025-08-26 17:10:00,2025-08-26 17:35:00,6
123567,123581,1.34765,1.3471450881308191,1.654603913229837,STOP,2025-08-26 19:45:00,2025-08-26 19:50:00,2025-08-26 20:55:00,14
123611,123619,1.34599,1.3455815023915307,1.0107932233079178,STOP,2025-08-26 23:25:00,2025-08-26 23:30:00,2025-08-27 00:05:00,8
123690,123703,1.34374,1.3424988865222305,1.9682103025816668,STOP,2025-08-27 06:00:00,2025-08-27 06:05:00,2025-08-27 07:05:00,13
123787,123791,1.34927,1.34992957777265,-1.0849999999999678,STOP,2025-08-27 14:05:00,2025-08-27 14:10:00,2025-08-27 14:25:00,4
123822,123824,1.34993,1.3489526528265863,1.94001561724244,STOP,2025-08-27 17:00:00,2025-08-27 17:05:00,2025-08-27 17:10:00,2
123902,123923,1.35096,1.3504210149663431,1.319276858774057,STOP,2025-08-27 23:40:00,2025-08-27 23:45:00,2025-08-28 01:25:00,21
123998,124009,1.3515,1.3503127475928123,2.0141709997903616,STOP,2025-08-28 07:40:00,2025-08-28 07:45:00,2025-08-28 08:35:00,11
124074,124108,1.35166,1.3509114616935132,1.1544210581900274,STOP,2025-08-28 14:00:00,2025-08-28 14:05:00,2025-08-28 16:50:00,34
124184,124203,1.34974,1.3501997271543174,-1.0849999999998683,STOP,2025-08-28 23:10:00,2025-08-28 23:15:00,2025-08-29 00:45:00,19
124213,124217,1.34957,1.3498858211797675,-1.0849999999998803,STOP,2025-08-29 01:35:00,2025-08-29 01:40:00,2025-08-29 01:55:00,4
124291,124293,1.34488,1.3454912282442328,-1.0849999999998765,STOP,2025-08-29 08:05:00,2025-08-29 08:10:00,2025-08-29 08:15:00,2
124344,124374,1.35034,1.3511738277825875,-1.0850000000001274,STOP,2025-08-29 12:30:00,2025-08-29 12:35:00,2025-08-29 15:00:00,30
124392,124397,1.35077,1.3504817577959938,0.542015657243515,STOP,2025-08-29 16:30:00,2025-08-29 16:35:00,2025-08-29 16:55:00,5
124431,124434,1.35014,1.3504868460411186,-1.0850000000002236,STOP,2025-08-31 19:45:00,2025-08-31 19:50:00,2025-08-31 20:00:00,3
124545,124551,1.35266,1.353287113289619,-1.0849999999999995,STOP,2025-09-01 05:15:00,2025-09-01 05:20:00,2025-09-01 05:45:00,6
124683,124686,1.35475,1.3543172472058596,2.318320668178836,STOP,2025-09-01 16:45:00,2025-09-01 16:50:00,2025-09-01 17:00:00,3
124722,124724,1.3544,1.354075698181666,1.149694107878792,STOP,2025-09-01 20:00:00,2025-09-01 20:05:00,2025-09-01 20:10:00,2
124770,124775,1.35239,1.352766975195583,-1.0850000000000355,STOP,2025-09-02 00:00:00,2025-09-02 00:05:00,2025-09-02 00:25:00,5
124833,124857,1.33928,1.3377624995324173,0.7712373696967441,STOP,2025-09-02 05:15:00,2025-09-02 05:20:00,2025-09-02 07:15:00,24
124869,124876,1.33635,1.3348986527115445,0.8963865955385125,STOP,2025-09-02 08:15:00,2025-09-02 08:20:00,2025-09-02 08:50:00,7
124939,124949,1.33821,1.3377739807190523,0.5512732590357622,STOP,2025-09-02 14:05:00,2025-09-02 14:10:00,2025-09-02 14:55:00,10
124974,124978,1.33953,1.3387932422549338,1.707287294854742,STOP,2025-09-02 17:00:00,2025-09-02 17:05:00,2025-09-02 17:20:00,4
124996,125003,1.33887,1.3386668165813944,0.6090624768855439,STOP,2025-09-02 18:50:00,2025-09-02 18:55:00,2025-09-02 19:25:00,7
125009,125013,1.33819,1.3377450488485447,1.462569002763542,STOP,2025-09-02 19:55:00,2025-09-02 20:00:00,2025-09-02 20:15:00,4
125057,125060,1.33618,1.3365665329879175,-1.0849999999999849,STOP,2025-09-02 23:55:00,2025-09-03 00:00:00,2025-09-03 00:10:00,3
125138,125152,1.3398,1.3407073809281513,-1.084999999999999,STOP,2025-09-03 06:40:00,2025-09-03 06:45:00,2025-09-03 07:50:00,14
125223,125239,1.3445,1.3440982354341027,0.522145900227875,STOP,2025-09-03 13:45:00,2025-09-03 13:50:00,2025-09-03 15:05:00,16
125262,125266,1.34477,1.3443525725977614,0.7644674884213488,STOP,2025-09-03 17:00:00,2025-09-03 17:05:00,2025-09-03 17:20:00,4
125293,125298,1.3439,1.3441857147796026,-1.0850000000003825,STOP,2025-09-03 19:35:00,2025-09-03 19:40:00,2025-09-03 20:00:00,5
125358,125364,1.34254,1.3428806249018197,-1.085000000000325,STOP,2025-09-04 01:00:00,2025-09-04 01:05:00,2025-09-04 01:30:00,6
125410,125420,1.34394,1.344809193153261,-1.0850000000000386,STOP,2025-09-04 05:20:00,2025-09-04 05:25:00,2025-09-04 06:10:00,10
125434,125440,1.34373,1.343293657263821,0.5417603883511529,STOP,2025-09-04 07:20:00,2025-09-04 07:25:00,2025-09-04 07:50:00,6
125492,125529,1.34249,1.3432868234735709,-1.0849999999999183,STOP,2025-09-04 12:10:00,2025-09-04 12:15:00,2025-09-04 15:15:00,37
125761,125765,1.35058,1.3520913658475697,-1.0849999999999727,STOP,2025-09-05 10:35:00,2025-09-05 10:40:00,2025-09-05 10:55:00,4
125785,125797,1.35294,1.352265057023423,0.5816516367590417,STOP,2025-09-05 12:35:00,2025-09-05 12:40:00,2025-09-05 13:35:00,12
125839,125843,1.35073,1.350364502502314,0.5941831040862764,STOP,2025-09-07 17:05:00,2025-09-07 17:10:00,2025-09-07 17:25:00,4
125874,125882,1.34861,1.3491699632230023,-1.0850000000000444,STOP,2025-09-07 20:00:00,2025-09-07 20:05:00,2025-09-07 20:40:00,8
125918,125925,1.34988,1.3489544033073033,2.178256388563121,STOP,2025-09-07 23:40:00,2025-09-07 23:45:00,2025-09-08 00:15:00,7
126072,126090,1.35361,1.3530300053396465,0.8023267483564241,STOP,2025-09-08 12:30:00,2025-09-08 12:35:00,2025-09-08 14:00:00,18
126118,126126,1.35473,1.3545138195161628,0.48514596398581183,STOP,2025-09-08 16:20:00,2025-09-08 16:25:00,2025-09-08 17:00:00,8
126374,126395,1.35317,1.3521577946498602,1.2818143630311147,STOP,2025-09-09 13:40:00,2025-09-09 13:45:00,2025-09-09 15:25:00,21
126414,126417,1.35306,1.3520715914410484,2.0078715633053563,STOP,2025-09-09 17:00:00,2025-09-09 17:05:00,2025-09-09 17:15:00,3
126441,126447,1.35249,1.352113423967087,0.9860662134781495,STOP,2025-09-09 19:15:00,2025-09-09 19:20:00,2025-09-09 19:45:00,6
126519,126521,1.35369,1.353431837116712,0.7752254840480524,STOP,2025-09-10 01:45:00,2025-09-10 01:50:00,2025-09-10 01:55:00,2
126575,126578,1.35326,1.3538587204043169,-1.0849999999998288,STOP,2025-09-10 06:25:00,2025-09-10 06:30:00,2025-09-10 06:40:00,3
126589,126594,1.35303,1.3536101187560592,-1.0850000000000986,STOP,2025-09-10 07:35:00,2025-09-10 07:40:00,2025-09-10 08:00:00,5
126628,126655,1.35489,1.3538762118920156,0.9698594936475204,STOP,2025-09-10 10:50:00,2025-09-10 10:55:00,2025-09-10 13:05:00,27
126680,126687,1.3531,1.3524806680593542,1.3363798554360915,STOP,2025-09-10 15:10:00,2025-09-10 15:15:00,2025-09-10 15:45:00,7
126737,126743,1.35335,1.3528465550257713,1.5284036082076136,STOP,2025-09-10 19:55:00,2025-09-10 20:00:00,2025-09-10 20:25:00,6
126765,126767,1.3527,1.352489965611889,0.49730441944915554,STOP,2025-09-10 22:15:00,2025-09-10 22:20:00,2025-09-10 22:25:00,2
126846,126855,1.35093,1.3500740235012314,1.1948821793826097,STOP,2025-09-11 05:00:00,2025-09-11 05:05:00,2025-09-11 05:45:00,9
126881,126883,1.35076,1.3515262480272856,-1.0849999999999442,STOP,2025-09-11 07:55:00,2025-09-11 08:00:00,2025-09-11 08:05:00,2
126949,126952,1.35753,1.357168420162651,0.49788341014340537,STOP,2025-09-11 13:35:00,2025-09-11 13:40:00,2025-09-11 13:50:00,3
127023,127035,1.3575,1.3571449208039494,1.108228812891911,STOP,2025-09-11 19:45:00,2025-09-11 19:50:00,2025-09-11 20:45:00,12
127065,127095,1.35556,1.3559389746214152,-1.0849999999997542,STOP,2025-09-11 23:15:00,2025-09-11 23:20:00,2025-09-12 01:45:00,30
127167,127173,1.35488,1.3543459835013614,0.7225333504289482,STOP,2025-09-12 07:45:00,2025-09-12 07:50:00,2025-09-12 08:15:00,6
127260,127269,1.35631,1.3560416305134761,0.5709433271572818,STOP,2025-09-12 15:30:00,2025-09-12 15:35:00,2025-09-12 16:15:00,9
127272,127283,1.35577,1.354343754948981,3.6846425860996725,STOP,2025-09-12 16:30:00,2025-09-12 16:35:00,2025-09-14 17:30:00,11
127302,127319,1.35557,1.3550896267340589,1.048030618414851,STOP,2025-09-14 19:05:00,2025-09-14 19:10:00,2025-09-14 20:30:00,17
127376,127386,1.35641,1.3566948968108081,-1.0850000000002538,STOP,2025-09-15 01:15:00,2025-09-15 01:20:00,2025-09-15 02:05:00,10
127470,127480,1.36084,1.359913197193314,1.2272729932325652,STOP,2025-09-15 09:05:00,2025-09-15 09:10:00,2025-09-15 09:55:00,10
127559,127565,1.36051,1.3599912394732268,1.2506487139916358,STOP,2025-09-15 16:30:00,2025-09-15 16:35:00,2025-09-15 17:00:00,6
127600,127601,1.36017,1.3603835630280583,-1.0849999999999884,STOP,2025-09-15 19:55:00,2025-09-15 20:00:00,2025-09-15 20:00:00,1
127827,127843,1.36568,1.3653091211410908,0.6123860425205375,STOP,2025-09-16 14:50:00,2025-09-16 14:55:00,2025-09-16 16:10:00,16
127895,127902,1.36519,1.3646676951108536,1.2812008653350857,STOP,2025-09-16 20:30:00,2025-09-16 20:35:00,2025-09-16 21:05:00,7
128011,128015,1.36417,1.364880813564549,-1.0849999999999336,STOP,2025-09-17 06:10:00,2025-09-17 06:15:00,2025-09-17 06:30:00,4
128162,128166,1.36252,1.3631708151018305,-1.0849999999999584,STOP,2025-09-17 18:45:00,2025-09-17 18:50:00,2025-09-17 19:05:00,4
128177,128194,1.36272,1.3617293149402083,1.902458698470728,STOP,2025-09-17 20:00:00,2025-09-17 20:05:00,2025-09-17 21:25:00,17
128221,128232,1.36221,1.3611287380746386,2.3555951349590223,STOP,2025-09-17 23:40:00,2025-09-17 23:45:00,2025-09-18 00:35:00,11
128246,128248,1.35984,1.3594509842248554,0.6797879762324494,STOP,2025-09-18 01:45:00,2025-09-18 01:50:00,2025-09-18 01:55:00,2
128327,128342,1.3605,1.3546313101316474,5.783107936298666,STOP,2025-09-18 08:30:00,2025-09-18 08:35:00,2025-09-18 09:45:00,15
128466,128471,1.35483,1.3543919288410498,1.1431681662087858,STOP,2025-09-18 20:05:00,2025-09-18 20:10:00,2025-09-18 20:30:00,5
128535,128544,1.35418,1.3504069682109798,6.770925135488911,STOP,2025-09-19 01:50:00,2025-09-19 01:55:00,2025-09-19 02:35:00,9
128596,128602,1.34971,1.3493168941537506,0.41891492442318473,STOP,2025-09-19 06:55:00,2025-09-19 07:00:00,2025-09-19 07:25:00,6
128642,128653,1.34847,1.3478198693753596,0.6315228032882648,STOP,2025-09-19 10:45:00,2025-09-19 10:50:00,2025-09-19 11:40:00,11
128865,128871,1.3492,1.349876546107978,-1.0849999999998645,STOP,2025-09-22 05:20:00,2025-09-22 05:25:00,2025-09-22 05:50:00,6
128893,128904,1.34938,1.3499512840413568,-1.0849999999998694,STOP,2025-09-22 07:40:00,2025-09-22 07:45:00,2025-09-22 08:35:00,11
129002,129006,1.35144,1.3507720021137113,2.5837720122264476,STOP,2025-09-22 16:45:00,2025-09-22 16:50:00,2025-09-22 17:05:00,4
129041,129047,1.35121,1.351435752624297,-1.0850000000004167,STOP,2025-09-22 20:00:00,2025-09-22 20:05:00,2025-09-22 20:30:00,6
129169,129172,1.35012,1.3509347256247393,-1.0850000000000648,STOP,2025-09-23 06:40:00,2025-09-23 06:45:00,2025-09-23 06:55:00,3
129227,129236,1.35106,1.3519592155185962,-1.0849999999999789,STOP,2025-09-23 11:30:00,2025-09-23 11:35:00,2025-09-23 12:15:00,9
129256,129278,1.35171,1.3524370777104697,-1.0849999999999809,STOP,2025-09-23 13:55:00,2025-09-23 14:00:00,2025-09-23 15:45:00,22
129293,129298,1.35293,1.3520135164837361,1.994840393208472,STOP,2025-09-23 17:00:00,2025-09-23 17:05:00,2025-09-23 17:25:00,5
129330,129338,1.3521,1.3516642414711981,1.2368721448994318,STOP,2025-09-23 20:05:00,2025-09-23 20:10:00,2025-09-23 20:45:00,8
129395,129397,1.35067,1.350987295788965,-1.0850000000001983,STOP,2025-09-24 01:30:00,2025-09-24 01:35:00,2025-09-24 01:40:00,2
129445,129447,1.34748,1.348118450584503,-1.0849999999999522,STOP,2025-09-24 05:40:00,2025-09-24 05:45:00,2025-09-24 05:50:00,2
129527,129534,1.34418,1.344990768795776,-1.0849999999999387,STOP,2025-09-24 12:30:00,2025-09-24 12:35:00,2025-09-24 13:05:00,7
129546,129551,1.3446,1.3452663270022645,-1.0849999999998658,STOP,2025-09-24 14:05:00,2025-09-24 14:10:00,2025-09-24 14:30:00,5
129560,129592,1.34451,1.3450203274603862,-1.0849999999998148,STOP,2025-09-24 15:15:00,2025-09-24 15:20:00,2025-09-24 17:55:00,32
129616,129618,1.34498,1.3452484979464043,-1.0850000000002074,STOP,2025-09-24 19:55:00,2025-09-24 20:00:00,2025-09-24 20:05:00,2
129679,129683,1.34582,1.3456217528855627,0.626419865432044,STOP,2025-09-25 01:10:00,2025-09-25 01:15:00,2025-09-25 01:30:00,4
129748,129752,1.34466,1.3434568071608266,2.0437170670215288,STOP,2025-09-25 06:55:00,2025-09-25 07:00:00,2025-09-25 07:15:00,4
129834,129843,1.33265,1.3334142513327398,-1.0850000000000017,STOP,2025-09-25 14:05:00,2025-09-25 14:10:00,2025-09-25 14:50:00,9
130152,130158,1.3403,1.338080012970235,6.236171099232078,STOP,2025-09-26 16:35:00,2025-09-26 16:40:00,2025-09-28 17:05:00,6
130241,130245,1.3429,1.3432702270801002,-1.0850000000002855,STOP,2025-09-29 00:00:00,2025-09-29 00:05:00,2025-09-29 00:20:00,4
130312,130328,1.34316,1.3428152701071072,0.47779674983289194,STOP,2025-09-29 05:55:00,2025-09-29 06:00:00,2025-09-29 07:15:00,16
130433,130444,1.34343,1.343164300536659,0.6808442580146676,STOP,2025-09-29 16:00:00,2025-09-29 16:05:00,2025-09-29 16:55:00,11
130534,130537,1.34293,1.3433406597127002,-1.0849999999999536,STOP,2025-09-30 00:25:00,2025-09-30 00:30:00,2025-09-30 00:40:00,3
130606,130617,1.34398,1.342910158627857,1.4911440982160338,STOP,2025-09-30 06:25:00,2025-09-30 06:30:00,2025-09-30 07:20:00,11
130669,130679,1.34402,1.3450089153541165,-1.0850000000000979,STOP,2025-09-30 11:40:00,2025-09-30 11:45:00,2025-09-30 12:30:00,10
130695,130704,1.34517,1.3444989332358324,0.8518184296036083,STOP,2025-09-30 13:50:00,2025-09-30 13:55:00,2025-09-30 14:35:00,9
130722,130745,1.34425,1.3448119846319153,-1.0850000000001587,STOP,2025-09-30 16:05:00,2025-09-30 16:10:00,2025-09-30 18:00:00,23
130799,130804,1.34367,1.3441011756024526,-1.0850000000000044,STOP,2025-09-30 22:30:00,2025-09-30 22:35:00,2025-09-30 22:55:00,5
130887,130898,1.34653,1.3473671955943514,-1.0849999999999198,STOP,2025-10-01 05:50:00,2025-10-01 05:55:00,2025-10-01 06:45:00,11
130914,130916,1.34702,1.3477430845808167,-1.0849999999999447,STOP,2025-10-01 08:05:00,2025-10-01 08:10:00,2025-10-01 08:15:00,2
130939,130943,1.34979,1.3511316711685377,-1.0849999999999684,STOP,2025-10-01 10:10:00,2025-10-01 10:15:00,2025-10-01 10:30:00,4
131021,131027,1.34872,1.347198084675037,3.606768048956497,STOP,2025-10-01 17:00:00,2025-10-01 17:05:00,2025-10-01 17:30:00,6
131056,131060,1.34787,1.347244783303066,2.2392147564108664,STOP,2025-10-01 19:55:00,2025-10-01 20:00:00,2025-10-01 20:15:00,4
131093,131112,1.34793,1.3475594698701834,0.8840148934453227,STOP,2025-10-01 23:00:00,2025-10-01 23:05:00,2025-10-02 00:35:00,19
131211,131219,1.34683,1.3460127877579924,1.1020819825178187,STOP,2025-10-02 08:50:00,2025-10-02 08:55:00,2025-10-02 09:30:00,8
131294,131298,1.34443,1.3448056942445312,-1.0849999999998097,STOP,2025-10-02 15:45:00,2025-10-02 15:50:00,2025-10-02 16:05:00,4
131306,131310,1.3441,1.3429477437067128,3.03278288082648,STOP,2025-10-02 16:45:00,2025-10-02 16:50:00,2025-10-02 17:05:00,4
131345,131348,1.34404,1.3443928917309351,-1.0850000000002553,STOP,2025-10-02 20:00:00,2025-10-02 20:05:00,2025-10-02 20:15:00,3
131403,131408,1.3437,1.3435129022844432,0.44677257722226066,STOP,2025-10-03 00:50:00,2025-10-03 00:55:00,2025-10-03 01:15:00,5
131559,131568,1.34677,1.3473901876730736,-1.0849999999999616,STOP,2025-10-03 13:50:00,2025-10-03 13:55:00,2025-10-03 14:35:00,9
131596,131599,1.34441,1.3440417088695218,0.7170786059895964,STOP,2025-10-03 16:55:00,2025-10-05 17:00:00,2025-10-05 17:10:00,3
131627,131634,1.343,1.3437310984800541,-1.0850000000001137,STOP,2025-10-05 19:30:00,2025-10-05 19:35:00,2025-10-05 20:05:00,7
131679,131685,1.34532,1.3449756366069145,0.7626060617650965,STOP,2025-10-05 23:50:00,2025-10-05 23:55:00,2025-10-06 00:20:00,6
131764,131771,1.34228,1.3430981904430863,-1.0850000000000457,STOP,2025-10-06 06:55:00,2025-10-06 07:00:00,2025-10-06 07:30:00,7
131921,131924,1.348,1.3483087235461775,-1.0850000000000193,STOP,2025-10-06 20:00:00,2025-10-06 20:05:00,2025-10-06 20:15:00,3
131977,131981,1.3474,1.34703600649727,1.0625687322174793,STOP,2025-10-07 00:40:00,2025-10-07 00:45:00,2025-10-07 01:00:00,4
132051,132064,1.3435,1.3398705947436746,6.7036593135252955,STOP,2025-10-07 06:50:00,2025-10-07 06:55:00,2025-10-07 07:55:00,13
132136,132159,1.3441,1.3420150863062166,2.7985350680217342,STOP,2025-10-07 13:55:00,2025-10-07 14:00:00,2025-10-07 15:50:00,23
132197,132216,1.3424,1.3415398643294791,2.6589545136041037,STOP,2025-10-07 19:00:00,2025-10-07 19:05:00,2025-10-07 20:35:00,19
132246,132255,1.33921,1.33971400310993,-1.0850000000000548,STOP,2025-10-07 23:05:00,2025-10-07 23:10:00,2025-10-07 23:50:00,9
132265,132278,1.33907,1.3386876271764823,0.9293791977617798,STOP,2025-10-08 00:40:00,2025-10-08 00:45:00,2025-10-08 01:45:00,13
132315,132326,1.34133,1.3407933816880173,0.6854352371816945,STOP,2025-10-08 04:50:00,2025-10-08 04:55:00,2025-10-08 05:45:00,11
132489,132497,1.34006,1.3404160377080985,-1.0849999999999946,STOP,2025-10-08 19:20:00,2025-10-08 19:25:00,2025-10-08 20:00:00,8
132551,132555,1.34103,1.3413477463987586,-1.085000000000046,STOP,2025-10-09 00:30:00,2025-10-09 00:35:00,2025-10-09 00:50:00,4
132627,132631,1.3376,1.3367056932830312,1.0017694050069907,STOP,2025-10-09 06:50:00,2025-10-09 06:55:00,2025-10-09 07:10:00,4
132749,132752,1.3302,1.3289733506259205,1.9271020315650853,STOP,2025-10-09 17:00:00,2025-10-09 17:05:00,2025-10-09 17:15:00,3
132773,132780,1.32965,1.3300409241783984,-1.0849999999999538,STOP,2025-10-09 19:00:00,2025-10-09 19:05:00,2025-10-09 19:35:00,7
132835,132846,1.33068,1.3310738417677308,-1.085000000000256,STOP,2025-10-10 00:10:00,2025-10-10 00:15:00,2025-10-10 01:05:00,11
132896,132917,1.32943,1.32659006545477,3.2865877042581824,STOP,2025-10-10 05:15:00,2025-10-10 05:20:00,2025-10-10 07:00:00,21
132941,132944,1.32699,1.3278266775329448,-1.0850000000000761,STOP,2025-10-10 09:00:00,2025-10-10 09:05:00,2025-10-10 09:15:00,3
133031,133035,1.33453,1.335136942648403,-1.085000000000052,STOP,2025-10-10 16:30:00,2025-10-10 16:35:00,2025-10-10 16:50:00,4
133072,133074,1.33357,1.334315406092457,-1.0849999999999482,STOP,2025-10-12 19:55:00,2025-10-12 20:00:00,2025-10-12 20:05:00,2
133114,133120,1.33494,1.3353861710104598,-1.084999999999876,STOP,2025-10-12 23:25:00,2025-10-12 23:30:00,2025-10-12 23:55:00,6
133172,133178,1.33285,1.3320845570579167,0.8607198081739161,STOP,2025-10-13 04:15:00,2025-10-13 04:20:00,2025-10-13 04:45:00,6
133197,133199,1.3329,1.3336033303485855,-1.0849999999999103,STOP,2025-10-13 06:20:00,2025-10-13 06:25:00,2025-10-13 06:30:00,2
133227,133229,1.33269,1.3335271082192048,-1.08500000000004,STOP,2025-10-13 08:50:00,2025-10-13 08:55:00,2025-10-13 09:00:00,2
133243,133256,1.33242,1.3332680948851285,-1.0849999999999334,STOP,2025-10-13 10:10:00,2025-10-13 10:15:00,2025-10-13 11:15:00,13
133312,133327,1.3331,1.3334906577732824,-1.0850000000001374,STOP,2025-10-13 15:55:00,2025-10-13 16:00:00,2025-10-13 17:10:00,15
133349,133356,1.33288,1.3332262902418015,-1.0849999999999957,STOP,2025-10-13 19:00:00,2025-10-13 19:05:00,2025-10-13 19:35:00,7
133425,133429,1.33444,1.334872607348082,-1.0849999999997517,STOP,2025-10-14 01:20:00,2025-10-14 01:25:00,2025-10-14 01:40:00,4
133478,133491,1.32734,1.3265062490965094,0.853818515423155,STOP,2025-10-14 05:45:00,2025-10-14 05:50:00,2025-10-14 06:50:00,13
133505,133508,1.32619,1.32702077205097,-1.0850000000001327,STOP,2025-10-14 08:00:00,2025-10-14 08:05:00,2025-10-14 08:15:00,3
133702,133712,1.33488,1.3352514075316604,-1.0849999999997157,STOP,2025-10-15 00:25:00,2025-10-15 00:30:00,2025-10-15 01:15:00,10
133755,133763,1.33454,1.3354213096109377,-1.0849999999999873,STOP,2025-10-15 04:50:00,2025-10-15 04:55:00,2025-10-15 05:30:00,8
133790,133806,1.33522,1.3345015452573454,0.8902799487983746,STOP,2025-10-15 07:45:00,2025-10-15 07:50:00,2025-10-15 09:05:00,16
133853,133865,1.33844,1.3377045512860346,0.7514515904550011,STOP,2025-10-15 13:00:00,2025-10-15 13:05:00,2025-10-15 14:00:00,12
133937,133939,1.34011,1.3404433414541557,-1.0850000000000513,STOP,2025-10-15 20:00:00,2025-10-15 20:05:00,2025-10-15 20:10:00,2
133969,133997,1.34293,1.3415502642404562,2.3961159695544696,STOP,2025-10-15 22:40:00,2025-10-15 22:45:00,2025-10-16 01:00:00,28
134064,134076,1.34336,1.3425905778383982,0.9423624942593178,STOP,2025-10-16 06:35:00,2025-10-16 06:40:00,2025-10-16 07:35:00,12
134124,134142,1.34246,1.3434120337783484,-1.0850000000001134,STOP,2025-10-16 11:35:00,2025-10-16 11:40:00,2025-10-16 13:05:00,18
134156,134164,1.34283,1.3436944204446564,-1.0849999999999218,STOP,2025-10-16 14:15:00,2025-10-16 14:20:00,2025-10-16 14:55:00,8
134189,134196,1.34441,1.3430516798582501,2.503402789695218,STOP,2025-10-16 17:00:00,2025-10-16 17:05:00,2025-10-16 17:35:00,7
134371,134382,1.34307,1.341315666539032,1.993420629109218,STOP,2025-10-17 08:10:00,2025-10-17 08:15:00,2025-10-17 09:05:00,11
134392,134407,1.34038,1.3396161995595188,0.8179951879687963,STOP,2025-10-17 09:55:00,2025-10-17 10:00:00,2025-10-17 11:10:00,15
134429,134433,1.34132,1.342160051613597,-1.0850000000000437,STOP,2025-10-17 13:00:00,2025-10-17 13:05:00,2025-10-17 13:20:00,4
134472,134473,1.34232,1.3428655061742267,-1.0850000000001931,STOP,2025-10-17 16:35:00,2025-10-17 16:40:00,2025-10-17 16:40:00,1
134515,134517,1.34234,1.3427468020664695,-1.0850000000001607,STOP,2025-10-19 20:10:00,2025-10-19 20:15:00,2025-10-19 20:20:00,2
134572,134579,1.34362,1.3439633120913648,-1.0849999999997815,STOP,2025-10-20 00:55:00,2025-10-20 01:00:00,2025-10-20 01:30:00,7
134651,134656,1.34016,1.340858783465131,-1.0850000000000177,STOP,2025-10-20 07:30:00,2025-10-20 07:35:00,2025-10-20 07:55:00,5
134720,134733,1.34093,1.3403122248234822,1.0137636783929145,STOP,2025-10-20 13:15:00,2025-10-20 13:20:00,2025-10-20 14:20:00,13
134764,134767,1.3406,1.3404480270224717,0.4148080588409742,STOP,2025-10-20 16:55:00,2025-10-20 17:00:00,2025-10-20 17:10:00,3
134850,134857,1.339,1.3393251075984727,-1.0849999999997615,STOP,2025-10-21 00:05:00,2025-10-21 00:10:00,2025-10-21 00:40:00,7
134906,134915,1.33784,1.3387144566642821,-1.0849999999999196,STOP,2025-10-21 04:45:00,2025-10-21 04:50:00,2025-10-21 05:30:00,9
134924,134931,1.33697,1.3378484370046417,-1.0850000000000362,STOP,2025-10-21 06:15:00,2025-10-21 06:20:00,2025-10-21 06:50:00,7
135000,135052,1.33763,1.3367830485235113,0.8044639266371235,STOP,2025-10-21 12:35:00,2025-10-21 12:40:00,2025-10-21 16:55:00,52
135053,135055,1.33831,1.3364582872106976,3.986734718735682,STOP,2025-10-21 17:00:00,2025-10-21 17:05:00,2025-10-21 17:10:00,2
135187,135198,1.33154,1.3326194474505852,-1.0850000000000295,STOP,2025-10-22 04:10:00,2025-10-22 04:15:00,2025-10-22 05:05:00,11
135213,135229,1.33132,1.3320242218553078,-1.084999999999854,STOP,2025-10-22 06:20:00,2025-10-22 06:25:00,2025-10-22 07:40:00,16
135297,135319,1.33631,1.3356770248588652,0.7241820564767776,STOP,2025-10-22 13:20:00,2025-10-22 13:25:00,2025-10-22 15:10:00,22
135341,135345,1.33571,1.3353923606986144,0.65690795008846,STOP,2025-10-22 17:00:00,2025-10-22 17:05:00,2025-10-22 17:20:00,4
135423,135434,1.33335,1.3336327010596682,-1.0849999999998639,STOP,2025-10-22 23:50:00,2025-10-22 23:55:00,2025-10-23 00:45:00,11
135497,135513,1.3348,1.3338184038477003,1.9407745240099974,STOP,2025-10-23 06:00:00,2025-10-23 06:05:00,2025-10-23 07:20:00,16
135524,135526,1.33277,1.3333484868736736,-1.0849999999999833,STOP,2025-10-23 08:15:00,2025-10-23 08:20:00,2025-10-23 08:25:00,2
135578,135601,1.33155,1.33221758162234,-1.0849999999999453,STOP,2025-10-23 12:45:00,2025-10-23 12:50:00,2025-10-23 14:40:00,23
135617,135627,1.33223,1.3325524369712651,-1.0849999999999798,STOP,2025-10-23 16:00:00,2025-10-23 16:05:00,2025-10-23 16:50:00,10
135629,135632,1.33312,1.3321721169619543,2.3795016208817876,STOP,2025-10-23 17:00:00,2025-10-23 17:05:00,2025-10-23 17:15:00,3
135789,135799,1.33173,1.331409446298022,0.4335166279878197,STOP,2025-10-24 06:20:00,2025-10-24 06:25:00,2025-10-24 07:10:00,10
135830,135846,1.33337,1.3302858221073837,2.2034619477767405,STOP,2025-10-24 09:45:00,2025-10-24 09:50:00,2025-10-24 11:05:00,16
135854,135871,1.32925,1.3303597816941386,-1.0849999999999442,STOP,2025-10-24 11:45:00,2025-10-24 11:50:00,2025-10-24 13:10:00,17
135956,135964,1.33203,1.3324957437190874,-1.0850000000000726,STOP,2025-10-26 19:10:00,2025-10-26 19:10:00,2025-10-26 19:30:00,8
136011,136017,1.33222,1.3316698291541513,1.735612376369341,STOP,2025-10-26 22:55:00,2025-10-26 23:00:00,2025-10-26 23:25:00,6
136101,136106,1.33416,1.3347496551671267,-1.0849999999999216,STOP,2025-10-27 06:25:00,2025-10-27 06:30:00,2025-10-27 06:50:00,5
136126,136130,1.33392,1.3334543301865314,0.648365064820227,STOP,2025-10-27 08:30:00,2025-10-27 08:35:00,2025-10-27 08:50:00,4
136184,136188,1.33278,1.3332162972915558,-1.084999999999902,STOP,2025-10-27 13:20:00,2025-10-27 13:25:00,2025-10-27 13:40:00,4
136287,136297,1.33494,1.335349163029221,-1.0849999999999629,STOP,2025-10-27 21:55:00,2025-10-27 22:00:00,2025-10-27 22:45:00,10
136388,136394,1.33138,1.3308339252220631,0.5966503743168443,STOP,2025-10-28 06:20:00,2025-10-28 06:25:00,2025-10-28 06:50:00,6
136403,136412,1.32955,1.3269801440749491,2.964499308347153,STOP,2025-10-28 07:35:00,2025-10-28 07:40:00,2025-10-28 08:20:00,9
136469,136479,1.32748,1.328099595617073,-1.085000000000131,STOP,2025-10-28 13:05:00,2025-10-28 13:10:00,2025-10-28 13:55:00,10
136503,136507,1.32736,1.3270998272744428,0.5086000270941591,STOP,2025-10-28 15:55:00,2025-10-28 16:00:00,2025-10-28 16:15:00,4
136568,136590,1.32628,1.325344801071502,1.764100754698269,STOP,2025-10-28 21:20:00,2025-10-28 21:25:00,2025-10-28 23:10:00,22
136598,136604,1.32505,1.3240563793844091,2.9257740720792778,STOP,2025-10-28 23:50:00,2025-10-28 23:55:00,2025-10-29 00:20:00,6
136688,136691,1.32111,1.3207694523795432,0.44458081504440367,STOP,2025-10-29 07:20:00,2025-10-29 07:25:00,2025-10-29 07:35:00,3
136814,136832,1.31932,1.3199124245897509,-1.085000000000064,STOP,2025-10-29 17:50:00,2025-10-29 17:55:00,2025-10-29 19:20:00,18
136867,136877,1.32002,1.3205304042003467,-1.085000000000199,STOP,2025-10-29 22:15:00,2025-10-29 22:20:00,2025-10-29 23:05:00,10
136905,136909,1.32063,1.3201631408184458,0.7814406017971679,STOP,2025-10-30 01:25:00,2025-10-30 01:30:00,2025-10-30 01:45:00,4
136956,136966,1.31794,1.318724579950597,-1.0850000000000162,STOP,2025-10-30 05:40:00,2025-10-30 05:45:00,2025-10-30 06:30:00,10
137055,137063,1.31476,1.314381724442666,0.5398972641847177,STOP,2025-10-30 13:55:00,2025-10-30 14:00:00,2025-10-30 14:35:00,8
137178,137181,1.31532,1.314909749478382,1.3506960100304048,STOP,2025-10-31 00:10:00,2025-10-31 00:15:00,2025-10-31 00:25:00,3
137229,137235,1.31363,1.314296660086005,-1.0849999999998714,STOP,2025-10-31 04:25:00,2025-10-31 04:30:00,2025-10-31 04:55:00,6
137280,137282,1.31009,1.3109926170341148,-1.0850000000000006,STOP,2025-10-31 08:40:00,2025-10-31 08:45:00,2025-10-31 08:50:00,2
137323,137326,1.31244,1.3132111583459762,-1.0849999999999043,STOP,2025-10-31 12:15:00,2025-10-31 12:20:00,2025-10-31 12:30:00,3
137355,137357,1.31365,1.3141371909051762,-1.0850000000000555,STOP,2025-10-31 14:55:00,2025-10-31 15:00:00,2025-10-31 15:05:00,2
137532,137538,1.31251,1.3131016456083549,-1.0849999999998505,STOP,2025-11-03 06:40:00,2025-11-03 06:45:00,2025-11-03 07:10:00,6
137606,137618,1.31436,1.3139406167600163,0.5258603021469943,STOP,2025-11-03 12:50:00,2025-11-03 12:55:00,2025-11-03 13:50:00,12
137656,137660,1.31473,1.3136819497153278,2.2281141888773077,STOP,2025-11-03 17:00:00,2025-11-03 17:05:00,2025-11-03 17:20:00,4
137680,137686,1.31285,1.3121607090591885,1.7558198958175417,STOP,2025-11-03 19:00:00,2025-11-03 19:05:00,2025-11-03 19:30:00,6
137713,137716,1.31191,1.3123959459684036,-1.08500000000011,STOP,2025-11-03 21:45:00,2025-11-03 21:50:00,2025-11-03 22:00:00,3
137739,137756,1.31237,1.3121143443253753,0.5500537831619121,STOP,2025-11-03 23:55:00,2025-11-04 00:00:00,2025-11-04 01:20:00,17
137822,137830,1.30622,1.3058254472940052,0.43804340084614674,STOP,2025-11-04 06:50:00,2025-11-04 06:55:00,2025-11-04 07:30:00,8
137885,137904,1.30376,1.302084387363183,1.8676514304802332,STOP,2025-11-04 12:05:00,2025-11-04 12:10:00,2025-11-04 13:40:00,19
137937,137938,1.30163,1.3020696534932115,-1.0850000000001847,STOP,2025-11-04 16:25:00,2025-11-04 16:30:00,2025-11-04 16:30:00,1
138039,138040,1.30222,1.3025607912384087,-1.084999999999972,STOP,2025-11-05 00:55:00,2025-11-05 01:00:00,2025-11-05 01:00:00,1
138097,138103,1.30259,1.3016281452144907,1.374959923388052,STOP,2025-11-05 05:45:00,2025-11-05 05:50:00,2025-11-05 06:15:00,6
138127,138129,1.30347,1.304167838198829,-1.0849999999998414,STOP,2025-11-05 08:15:00,2025-11-05 08:20:00,2025-11-05 08:25:00,2
138181,138195,1.30386,1.3044881526578853,-1.084999999999941,STOP,2025-11-05 12:45:00,2025-11-05 12:50:00,2025-11-05 13:55:00,14
138232,138237,1.30504,1.3047499570373688,0.8010971131751927,STOP,2025-11-05 17:00:00,2025-11-05 17:05:00,2025-11-05 17:25:00,5
138287,138298,1.30606,1.3063717342377623,-1.0849999999997073,STOP,2025-11-05 21:35:00,2025-11-05 21:40:00,2025-11-05 22:30:00,11
138310,138314,1.30615,1.3059884229265595,0.5293465884527522,STOP,2025-11-05 23:30:00,2025-11-05 23:35:00,2025-11-05 23:50:00,4
138400,138401,1.3062,1.3071837779866078,-1.0849999999999769,STOP,2025-11-06 07:00:00,2025-11-06 07:05:00,2025-11-06 07:05:00,1
138491,138521,1.31353,1.3125120176021712,1.5861356638788728,STOP,2025-11-06 14:35:00,2025-11-06 14:40:00,2025-11-06 17:05:00,30
138547,138560,1.31364,1.3129122133564795,1.6616271296281693,STOP,2025-11-06 19:15:00,2025-11-06 19:20:00,2025-11-06 20:20:00,13
138751,138756,1.31577,1.316569817928918,-1.085000000000059,STOP,2025-11-07 12:15:00,2025-11-07 12:20:00,2025-11-07 12:40:00,5
138778,138782,1.31636,1.3159673322529453,0.569305077522984,STOP,2025-11-07 14:30:00,2025-11-07 14:35:00,2025-11-07 14:50:00,4
138802,138806,1.31585,1.3155345732836476,0.6710194311626014,STOP,2025-11-07 16:30:00,2025-11-07 16:35:00,2025-11-07 16:50:00,4
138828,138832,1.31436,1.3149113495262015,-1.0849999999998694,STOP,2025-11-09 18:40:00,2025-11-09 18:45:00,2025-11-09 19:00:00,4
138871,138880,1.31461,1.315022623216994,-1.0850000000001199,STOP,2025-11-09 22:15:00,2025-11-09 22:20:00,2025-11-09 23:00:00,9
138957,138968,1.31678,1.315583217576523,1.8153387571534447,STOP,2025-11-10 05:25:00,2025-11-10 05:30:00,2025-11-10 06:20:00,11
139126,139134,1.31711,1.3161002694245338,3.049920684431391,STOP,2025-11-10 19:30:00,2025-11-10 19:35:00,2025-11-10 20:10:00,8
139369,139382,1.31636,1.3151649472675246,3.022163809630939,STOP,2025-11-11 15:45:00,2025-11-11 15:50:00,2025-11-11 16:50:00,13
139415,139420,1.31462,1.3142481538471966,1.178231441105662,STOP,2025-11-11 19:35:00,2025-11-11 19:40:00,2025-11-11 20:00:00,5
139444,139448,1.31375,1.3141079118006822,-1.0850000000001607,STOP,2025-11-11 22:00:00,2025-11-11 22:05:00,2025-11-11 22:20:00,4
139457,139461,1.31364,1.313152688953124,1.4813205835998517,STOP,2025-11-11 23:05:00,2025-11-11 23:10:00,2025-11-11 23:25:00,4
139571,139580,1.31008,1.3090543381662896,1.0487822914630716,STOP,2025-11-12 08:35:00,2025-11-12 08:40:00,2025-11-12 09:20:00,9
139636,139643,1.31373,1.3134413822790794,0.5181440597984626,STOP,2025-11-12 14:00:00,2025-11-12 14:05:00,2025-11-12 14:35:00,7
139661,139671,1.31263,1.3130709648535681,-1.0849999999998932,STOP,2025-11-12 16:05:00,2025-11-12 16:10:00,2025-11-12 16:55:00,10
139692,139697,1.31273,1.3124060845877763,0.8896139054622436,STOP,2025-11-12 18:40:00,2025-11-12 18:45:00,2025-11-12 19:05:00,5
139837,139842,1.3145,1.315271649724078,-1.0850000000000115,STOP,2025-11-13 06:45:00,2025-11-13 06:50:00,2025-11-13 07:10:00,5
139918,139923,1.32033,1.3195948117174614,0.8518308109278123,STOP,2025-11-13 13:30:00,2025-11-13 13:35:00,2025-11-13 13:55:00,5
139935,139962,1.31903,1.3196675486483012,-1.0849999999998547,STOP,2025-11-13 14:55:00,2025-11-13 15:00:00,2025-11-13 17:10:00,27
139992,139996,1.31403,1.3149668611694292,-1.085000000000109,STOP,2025-11-13 19:40:00,2025-11-13 19:45:00,2025-11-13 20:00:00,4
140101,140120,1.31505,1.313247730646256,0.9781937543875794,STOP,2025-11-14 04:45:00,2025-11-14 04:50:00,2025-11-14 06:20:00,19
140152,140156,1.31575,1.316906470580447,-1.085000000000042,STOP,2025-11-14 09:00:00,2025-11-14 09:05:00,2025-11-14 09:20:00,4
140270,140286,1.31566,1.316271223370198,-1.0850000000000095,STOP,2025-11-16 18:50:00,2025-11-16 18:55:00,2025-11-16 20:10:00,16
140308,140317,1.3148,1.3144019232501027,0.8488106622335679,STOP,2025-11-16 22:00:00,2025-11-16 22:05:00,2025-11-16 22:45:00,9
140341,140346,1.31472,1.3137995337714081,2.902480470093391,STOP,2025-11-17 00:45:00,2025-11-17 00:50:00,2025-11-17 01:10:00,5
140402,140405,1.31542,1.3161760930955395,-1.0849999999999347,STOP,2025-11-17 05:50:00,2025-11-17 05:55:00,2025-11-17 06:05:00,3
140485,140502,1.31691,1.316144073651282,0.9555638502306893,STOP,2025-11-17 12:45:00,2025-11-17 12:50:00,2025-11-17 14:10:00,17
140536,140541,1.3166,1.3151163920210691,3.544397008225952,STOP,2025-11-17 17:00:00,2025-11-17 17:05:00,2025-11-17 17:25:00,5
140560,140577,1.31476,1.3151146720722136,-1.085000000000195,STOP,2025-11-17 19:00:00,2025-11-17 19:05:00,2025-11-17 20:25:00,17
140684,140716,1.31466,1.3154440891016639,-1.084999999999932,STOP,2025-11-18 05:20:00,2025-11-18 05:25:00,2025-11-18 08:00:00,32
140806,140813,1.31505,1.3147579297004164,0.6617358710641229,STOP,2025-11-18 15:30:00,2025-11-18 15:35:00,2025-11-18 16:05:00,7
140823,140827,1.31486,1.3144214659447342,1.1381036048409634,STOP,2025-11-18 16:55:00,2025-11-18 17:00:00,2025-11-18 17:15:00,4
140899,140906,1.31353,1.313886648359474,-1.0849999999997058,STOP,2025-11-18 23:15:00,2025-11-18 23:20:00,2025-11-18 23:50:00,7
141059,141063,1.30593,1.3068051974741606,-1.0850000000000692,STOP,2025-11-19 12:35:00,2025-11-19 12:40:00,2025-11-19 12:55:00,4
141076,141088,1.30604,1.3048510278446313,1.4408180064820684,STOP,2025-11-19 14:00:00,2025-11-19 14:05:00,2025-11-19 15:00:00,12
141179,141182,1.3046,1.3042829996970664,0.6213781161695691,STOP,2025-11-19 22:35:00,2025-11-19 22:40:00,2025-11-19 22:50:00,3
141267,141274,1.30731,1.3068883782755272,0.6325923248645627,STOP,2025-11-20 05:55:00,2025-11-20 06:00:00,2025-11-20 06:30:00,7
141336,141349,1.30785,1.3071270453359813,0.5572656937320589,STOP,2025-11-20 11:40:00,2025-11-20 11:45:00,2025-11-20 12:45:00,13
141380,141386,1.30793,1.3075466830055897,0.5431223291842852,STOP,2025-11-20 15:20:00,2025-11-20 15:25:00,2025-11-20 15:50:00,6
141452,141467,1.30794,1.3084243153875457,-1.0850000000001039,STOP,2025-11-20 21:20:00,2025-11-20 21:25:00,2025-11-20 22:35:00,15
141565,141573,1.30507,1.3045061344089475,0.5526453230294207,STOP,2025-11-21 06:45:00,2025-11-21 06:50:00,2025-11-21 07:25:00,8
141592,141601,1.30776,1.308866798395322,-1.0849999999999262,STOP,2025-11-21 09:00:00,2025-11-21 09:05:00,2025-11-21 09:45:00,9
141616,141621,1.30764,1.3087952360647002,-1.084999999999992,STOP,2025-11-21 11:00:00,2025-11-21 11:05:00,2025-11-21 11:25:00,5
141668,141676,1.31007,1.3105876670897079,-1.0849999999999154,STOP,2025-11-21 15:20:00,2025-11-21 15:25:00,2025-11-21 16:00:00,8
141687,141700,1.31094,1.3097949583089528,2.040607774366563,STOP,2025-11-21 16:55:00,2025-11-23 17:00:00,2025-11-23 18:00:00,13
141916,141924,1.30911,1.3099524335641421,-1.0849999999999322,STOP,2025-11-24 12:00:00,2025-11-24 12:05:00,2025-11-24 12:40:00,8
141970,141978,1.31071,1.3104231233902233,0.767922148258591,STOP,2025-11-24 16:30:00,2025-11-24 16:35:00,2025-11-24 17:10:00,8
142031,142035,1.31065,1.3110298228792567,-1.0850000000000788,STOP,2025-11-24 21:35:00,2025-11-24 21:40:00,2025-11-24 21:55:00,4
142066,142069,1.30965,1.3099250665638398,-1.0850000000003244,STOP,2025-11-25 00:30:00,2025-11-25 00:35:00,2025-11-25 00:45:00,3
142127,142140,1.31263,1.311828900302964,0.9840939894065772,STOP,2025-11-25 05:35:00,2025-11-25 05:40:00,2025-11-25 06:40:00,13
142203,142204,1.31723,1.3180424124920074,-1.0850000000000108,STOP,2025-11-25 11:55:00,2025-11-25 12:00:00,2025-11-25 12:00:00,1
142237,142239,1.32011,1.320761422922085,-1.0850000000000921,STOP,2025-11-25 14:45:00,2025-11-25 14:50:00,2025-11-25 14:55:00,2
142272,142288,1.31694,1.3160490559213611,1.1681360261991458,STOP,2025-11-25 17:40:00,2025-11-25 17:45:00,2025-11-25 19:00:00,16
142409,142416,1.31683,1.316413337982583,0.4542860734414525,STOP,2025-11-26 05:05:00,2025-11-26 05:10:00,2025-11-26 05:40:00,7
142495,142506,1.322,1.3231416921565253,-1.0849999999999973,STOP,2025-11-26 12:15:00,2025-11-26 12:20:00,2025-11-26 13:10:00,11
142840,142843,1.32457,1.3232682089243812,4.61311158511405,STOP,2025-11-27 17:00:00,2025-11-27 17:05:00,2025-11-27 17:15:00,3
142931,142941,1.32337,1.322909737399537,0.7698490070855386,STOP,2025-11-28 00:35:00,2025-11-28 00:40:00,2025-11-28 01:25:00,10
142959,142966,1.32134,1.3209924652364415,0.5694308087313277,STOP,2025-11-28 02:55:00,2025-11-28 03:00:00,2025-11-28 03:30:00,7
143007,143013,1.32023,1.321122315374903,-1.0850000000000024,STOP,2025-11-28 06:55:00,2025-11-28 07:00:00,2025-11-28 07:25:00,6
143088,143093,1.32325,1.3238447413925256,-1.0849999999999635,STOP,2025-11-28 13:40:00,2025-11-28 13:45:00,2025-11-28 14:05:00,5
143115,143119,1.32431,1.3240320145919893,0.8294693878287651,STOP,2025-11-28 15:55:00,2025-11-28 16:00:00,2025-11-28 16:15:00,4
143212,143225,1.32269,1.3218398976683416,1.9496403113413523,STOP,2025-12-01 00:00:00,2025-12-01 00:05:00,2025-12-01 01:05:00,13
143280,143282,1.32201,1.3228564401603347,-1.0849999999999593,STOP,2025-12-01 05:40:00,2025-12-01 05:45:00,2025-12-01 05:50:00,2
143371,143385,1.32202,1.3211514734295597,1.103333723237434,STOP,2025-12-01 13:15:00,2025-12-01 13:20:00,2025-12-01 14:25:00,14
143439,143440,1.32094,1.3211617273161478,-1.0849999999996265,STOP,2025-12-01 18:55:00,2025-12-01 19:00:00,2025-12-01 19:00:00,1
143499,143507,1.32163,1.3213013161988376,1.2943445739740953,STOP,2025-12-01 23:55:00,2025-12-02 00:00:00,2025-12-02 00:35:00,8
143514,143521,1.321,1.321271296167961,-1.084999999999756,STOP,2025-12-02 01:10:00,2025-12-02 01:15:00,2025-12-02 01:45:00,7
143557,143558,1.3206,1.3212810687381507,-1.0850000000000537,STOP,2025-12-02 04:45:00,2025-12-02 04:50:00,2025-12-02 04:50:00,1
143601,143608,1.32001,1.3206951558112923,-1.0850000000001236,STOP,2025-12-02 08:25:00,2025-12-02 08:30:00,2025-12-02 09:00:00,7
143704,143707,1.32138,1.3205088225203154,2.169191804917183,STOP,2025-12-02 17:00:00,2025-12-02 17:05:00,2025-12-02 17:15:00,3
143776,143783,1.3228,1.3230508281447622,-1.084999999999661,STOP,2025-12-02 23:00:00,2025-12-02 23:05:00,2025-12-02 23:35:00,7
143979,143986,1.33481,1.3352372375436667,-1.0849999999999733,STOP,2025-12-03 15:55:00,2025-12-03 16:00:00,2025-12-03 16:30:00,7
144009,144023,1.335,1.3341186725706526,3.6750026131171256,STOP,2025-12-03 18:25:00,2025-12-03 18:30:00,2025-12-03 19:35:00,14
144055,144060,1.33319,1.3329451422813252,0.6091761146287116,STOP,2025-12-03 22:15:00,2025-12-03 22:20:00,2025-12-03 22:40:00,5
144146,144147,1.33384,1.334542192405949,-1.085000000000101,STOP,2025-12-04 05:50:00,2025-12-04 05:55:00,2025-12-04 05:55:00,1
144166,144181,1.33488,1.3339079756664771,1.225264111141972,STOP,2025-12-04 07:30:00,2025-12-04 07:35:00,2025-12-04 08:45:00,15
144247,144251,1.33387,1.3344296919063543,-1.0850000000001512,STOP,2025-12-04 14:15:00,2025-12-04 14:20:00,2025-12-04 14:35:00,4
144259,144269,1.33359,1.3330180859364547,1.1067600788731429,STOP,2025-12-04 15:15:00,2025-12-04 15:20:00,2025-12-04 16:05:00,10
144271,144281,1.33254,1.3322731120912432,0.5152461546091327,STOP,2025-12-04 16:15:00,2025-12-04 16:20:00,2025-12-04 17:05:00,10
144301,144304,1.33223,1.3324788285000229,-1.084999999999731,STOP,2025-12-04 18:45:00,2025-12-04 18:50:00,2025-12-04 19:00:00,3
144345,144352,1.33271,1.332970197526099,-1.08500000000017,STOP,2025-12-04 22:25:00,2025-12-04 22:30:00,2025-12-04 23:00:00,7
144545,144556,1.33293,1.3334281953683629,-1.0849999999999727,STOP,2025-12-05 15:05:00,2025-12-05 15:10:00,2025-12-05 16:00:00,11
144655,144664,1.33378,1.3340642326655388,-1.0849999999996673,STOP,2025-12-08 00:15:00,2025-12-08 00:20:00,2025-12-08 01:00:00,9
144849,144851,1.33205,1.33243559320006,-1.0850000000001583,STOP,2025-12-08 16:25:00,2025-12-08 16:30:00,2025-12-08 16:35:00,2
145041,145053,1.33158,1.330696902235122,1.2300960082344186,STOP,2025-12-09 08:25:00,2025-12-09 08:30:00,2025-12-09 09:25:00,12
145143,145145,1.33002,1.329388270870051,1.4382032253980028,STOP,2025-12-09 16:55:00,2025-12-09 17:00:00,2025-12-09 17:05:00,2
145327,145329,1.33058,1.3311884021846252,-1.0850000000001068,STOP,2025-12-10 08:15:00,2025-12-10 08:20:00,2025-12-10 08:25:00,2
145391,145396,1.33369,1.3342888477090906,-1.0850000000001296,STOP,2025-12-10 13:35:00,2025-12-10 13:40:00,2025-12-10 14:00:00,5
145432,145438,1.33872,1.3377737934664649,0.8877690420577773,STOP,2025-12-10 17:00:00,2025-12-10 17:05:00,2025-12-10 17:30:00,6
145482,145492,1.33788,1.3372336620318674,1.1750357504801558,STOP,2025-12-10 21:10:00,2025-12-10 21:15:00,2025-12-10 22:00:00,10
145526,145534,1.33633,1.3361561634416796,0.4194736349134787,STOP,2025-12-11 00:50:00,2025-12-11 00:55:00,2025-12-11 01:30:00,8
145654,145657,1.34178,1.3426761978732848,-1.0850000000001194,STOP,2025-12-11 11:30:00,2025-12-11 11:35:00,2025-12-11 11:45:00,3
145684,145699,1.34105,1.3387143411040612,3.5123635046655677,STOP,2025-12-11 14:00:00,2025-12-11 14:05:00,2025-12-11 15:15:00,15
145719,145721,1.33901,1.3387641047746262,0.5233117540051394,STOP,2025-12-11 16:55:00,2025-12-11 17:00:00,2025-12-11 17:05:00,2
145756,145759,1.3392,1.3395277275403878,-1.084999999999781,STOP,2025-12-11 20:00:00,2025-12-11 20:05:00,2025-12-11 20:15:00,3
145781,145790,1.33901,1.3393188102161115,-1.0849999999997846,STOP,2025-12-11 22:05:00,2025-12-11 22:10:00,2025-12-11 22:50:00,9
145803,145807,1.33891,1.3391526095744306,-1.0850000000000752,STOP,2025-12-11 23:55:00,2025-12-12 00:00:00,2025-12-12 00:15:00,4
145969,145978,1.33671,1.3358997907823067,1.3298510014101252,STOP,2025-12-12 13:45:00,2025-12-12 13:50:00,2025-12-12 14:30:00,9
146033,146039,1.33623,1.335830511508525,0.7942027608442382,STOP,2025-12-14 19:05:00,2025-12-14 19:10:00,2025-12-14 19:35:00,6
146070,146085,1.33634,1.3357487438921432,1.1694831167882342,STOP,2025-12-14 22:10:00,2025-12-14 22:15:00,2025-12-14 23:25:00,15
146157,146166,1.33787,1.3384670571580173,-1.0849999999998632,STOP,2025-12-15 05:25:00,2025-12-15 05:30:00,2025-12-15 06:10:00,9
146192,146194,1.33861,1.339103537187138,-1.0849999999998288,STOP,2025-12-15 08:20:00,2025-12-15 08:25:00,2025-12-15 08:30:00,2
146242,146256,1.33716,1.3362851745459055,1.1600764203202822,STOP,2025-12-15 12:30:00,2025-12-15 12:35:00,2025-12-15 13:40:00,14
146296,146302,1.33743,1.3371534339833882,0.49681456390424744,STOP,2025-12-15 17:00:00,2025-12-15 17:05:00,2025-12-15 17:30:00,6
146326,146332,1.33759,1.3371136812911686,1.1518228347236734,STOP,2025-12-15 19:30:00,2025-12-15 19:35:00,2025-12-15 20:00:00,6
146360,146394,1.33669,1.336184568550887,1.1354441689926076,STOP,2025-12-15 22:20:00,2025-12-15 22:25:00,2025-12-16 01:10:00,34
146536,146543,1.34199,1.341463308524808,0.5120999517967703,STOP,2025-12-16 13:00:00,2025-12-16 13:05:00,2025-12-16 13:35:00,7
146584,146588,1.34306,1.342209017210849,1.373215065157846,STOP,2025-12-16 17:00:00,2025-12-16 17:05:00,2025-12-16 17:20:00,4
146609,146637,1.34228,1.3411696455885753,3.555560425051491,STOP,2025-12-16 19:05:00,2025-12-16 19:10:00,2025-12-16 21:25:00,28
146656,146663,1.34061,1.3396067920463726,2.7160769740274757,STOP,2025-12-16 23:00:00,2025-12-16 23:05:00,2025-12-16 23:35:00,7
146690,146694,1.33795,1.334783226352987,6.173619200706772,STOP,2025-12-17 01:50:00,2025-12-17 01:55:00,2025-12-17 02:10:00,4
146747,146753,1.33244,1.3330772198445038,-1.08499999999984,STOP,2025-12-17 06:35:00,2025-12-17 06:40:00,2025-12-17 07:05:00,6
146864,146873,1.33754,1.3366870192324858,1.8096902862192985,STOP,2025-12-17 16:20:00,2025-12-17 16:25:00,2025-12-17 17:05:00,9
146897,146907,1.3373,1.3376539823026417,-1.0849999999997773,STOP,2025-12-17 19:05:00,2025-12-17 19:10:00,2025-12-17 19:55:00,10
147097,147107,1.33868,1.3379177299022114,0.5772579761914237,STOP,2025-12-18 11:45:00,2025-12-18 11:50:00,2025-12-18 12:35:00,10
147160,147161,1.33844,1.3388799833527867,-1.0849999999997615,STOP,2025-12-18 17:00:00,2025-12-18 17:05:00,2025-12-18 17:05:00,1
147186,147194,1.33808,1.3384431356924362,-1.0849999999997424,STOP,2025-12-18 19:10:00,2025-12-18 19:15:00,2025-12-18 19:50:00,8
147342,147344,1.33678,1.3363783716658137,0.6116753464665595,STOP,2025-12-19 08:10:00,2025-12-19 08:15:00,2025-12-19 08:20:00,2
147469,147472,1.33776,1.3383205259198365,-1.0849999999999183,STOP,2025-12-21 18:50:00,2025-12-21 18:55:00,2025-12-21 19:05:00,3
147504,147520,1.33922,1.3397008312820688,-1.0850000000001931,STOP,2025-12-21 21:45:00,2025-12-21 21:50:00,2025-12-21 23:05:00,16
147546,147551,1.33965,1.3394333759248198,0.562397938049629,STOP,2025-12-22 01:15:00,2025-12-22 01:20:00,2025-12-22 01:40:00,5
147692,147747,1.34592,1.3466329036906273,-1.0850000000000224,STOP,2025-12-22 13:25:00,2025-12-22 13:30:00,2025-12-22 18:00:00,55
147833,147839,1.34874,1.3484937071215786,0.5988216280153617,STOP,2025-12-23 01:10:00,2025-12-23 01:15:00,2025-12-23 01:40:00,6
147914,147919,1.35021,1.3508281016609631,-1.0850000000001645,STOP,2025-12-23 07:55:00,2025-12-23 08:00:00,2025-12-23 08:20:00,5
147965,147984,1.34776,1.3484918608844934,-1.0850000000000246,STOP,2025-12-23 12:10:00,2025-12-23 12:15:00,2025-12-23 13:45:00,19
148051,148058,1.35093,1.3513927821527434,-1.0849999999998532,STOP,2025-12-23 19:20:00,2025-12-23 19:25:00,2025-12-23 19:55:00,7
148262,148270,1.34975,1.3503179298350456,-1.0850000000000877,STOP,2025-12-24 12:55:00,2025-12-24 13:00:00,2025-12-24 13:35:00,8
148410,148413,1.35119,1.3503921918005115,1.2058629653755195,STOP,2025-12-25 18:00:00,2025-12-25 18:05:00,2025-12-25 18:15:00,3
148462,148470,1.35113,1.350760694976537,0.8221949367247824,STOP,2025-12-25 22:20:00,2025-12-25 22:25:00,2025-12-25 23:00:00,8
148536,148545,1.34859,1.3491432918314714,-1.0849999999998143,STOP,2025-12-26 04:30:00,2025-12-26 04:35:00,2025-12-26 05:15:00,9
148652,148654,1.34919,1.3497364001182661,-1.0850000000001316,STOP,2025-12-26 14:10:00,2025-12-26 14:15:00,2025-12-26 14:20:00,2
148680,148682,1.34993,1.3497020165672444,0.38310416685069787,STOP,2025-12-26 16:30:00,2025-12-26 16:35:00,2025-12-26 16:40:00,2
148736,148760,1.35054,1.3500402592572884,0.926234809312158,STOP,2025-12-28 21:10:00,2025-12-28 21:15:00,2025-12-28 23:10:00,24
148771,148780,1.3489,1.3493052643489807,-1.0850000000002507,STOP,2025-12-29 00:05:00,2025-12-29 00:10:00,2025-12-29 00:50:00,9
148844,148848,1.34909,1.349967961242116,-1.0850000000001059,STOP,2025-12-29 06:10:00,2025-12-29 06:15:00,2025-12-29 06:30:00,4
149004,149012,1.35068,1.3499920613943945,2.062983854316098,STOP,2025-12-29 19:30:00,2025-12-29 19:35:00,2025-12-29 20:10:00,8
149035,149039,1.3501,1.3504854958297692,-1.0849999999999362,STOP,2025-12-29 22:05:00,2025-12-29 22:10:00,2025-12-29 22:25:00,4
149209,149263,1.34675,1.3460754667314154,0.768125211227098,STOP,2025-12-30 12:35:00,2025-12-30 12:40:00,2025-12-30 17:05:00,54
149293,149296,1.34621,1.3460493920662762,0.510474648066865,STOP,2025-12-30 19:35:00,2025-12-30 19:40:00,2025-12-30 19:50:00,3
149341,149351,1.34599,1.3462592216706724,-1.0849999999999582,STOP,2025-12-30 23:35:00,2025-12-30 23:40:00,2025-12-31 00:25:00,10
149463,149472,1.34374,1.3412868907339381,2.9913518094534877,STOP,2025-12-31 09:45:00,2025-12-31 09:50:00,2025-12-31 10:30:00,9
149617,149620,1.34853,1.348815531403251,-1.0849999999999909,STOP,2026-01-01 22:35:00,2026-01-01 22:40:00,2026-01-01 22:50:00,3
149643,149648,1.34755,1.3467073365662672,3.139119481671732,STOP,2026-01-02 00:45:00,2026-01-02 00:50:00,2026-01-02 01:10:00,5
149696,149709,1.3451,1.3444672234780544,0.8170449820787202,STOP,2026-01-02 05:10:00,2026-01-02 05:15:00,2026-01-02 06:15:00,13
149774,149780,1.34828,1.3475314036797912,0.8278905427148682,STOP,2026-01-02 11:40:00,2026-01-02 11:45:00,2026-01-02 12:10:00,6
149887,149896,1.34361,1.3430076394641006,0.8745126914588551,STOP,2026-01-04 21:05:00,2026-01-04 21:10:00,2026-01-04 21:50:00,9
149935,149937,1.34226,1.3427082323474755,-1.0850000000002424,STOP,2026-01-05 01:05:00,2026-01-05 01:10:00,2026-01-05 01:15:00,2
150016,150026,1.34564,1.3429798369016919,3.2506808074794606,STOP,2026-01-05 07:50:00,2026-01-05 07:55:00,2026-01-05 08:40:00,10
150083,150089,1.35307,1.3537630639059017,-1.085000000000142,STOP,2026-01-05 13:25:00,2026-01-05 13:30:00,2026-01-05 13:55:00,6
150126,150129,1.35428,1.3539306891611824,0.8991242086911178,STOP,2026-01-05 17:00:00,2026-01-05 17:05:00,2026-01-05 17:15:00,3
150155,150161,1.35312,1.3534184483272373,-1.0849999999998399,STOP,2026-01-05 19:25:00,2026-01-05 19:30:00,2026-01-05 19:55:00,6
150283,150301,1.35269,1.352226282946504,0.5499901413774726,STOP,2026-01-06 06:05:00,2026-01-06 06:10:00,2026-01-06 07:35:00,18
150302,150307,1.35161,1.3510321984615294,0.8245682456480151,STOP,2026-01-06 07:40:00,2026-01-06 07:45:00,2026-01-06 08:05:00,5
150373,150382,1.35021,1.3495646984653153,0.9249463805723073,STOP,2026-01-06 13:35:00,2026-01-06 13:40:00,2026-01-06 14:20:00,9
150418,150428,1.34984,1.3502149457079438,-1.085000000000152,STOP,2026-01-06 17:20:00,2026-01-06 17:25:00,2026-01-06 18:10:00,10
150438,150441,1.34995,1.3502273157505345,-1.0849999999996696,STOP,2026-01-06 19:00:00,2026-01-06 19:05:00,2026-01-06 19:15:00,3
150584,150588,1.3495,1.349065196403309,0.6680756079011158,STOP,2026-01-07 07:10:00,2026-01-07 07:15:00,2026-01-07 07:30:00,4
150667,150700,1.34647,1.345953799896202,0.8448852812092181,STOP,2026-01-07 14:05:00,2026-01-07 14:10:00,2026-01-07 16:50:00,33
150701,150705,1.34615,1.3457490472716827,1.2388024646715607,STOP,2026-01-07 16:55:00,2026-01-07 17:00:00,2026-01-07 17:15:00,4
150780,150790,1.34595,1.345499788315769,1.34246208563404,STOP,2026-01-07 23:30:00,2026-01-07 23:35:00,2026-01-08 00:20:00,10
150843,150847,1.34342,1.3440563898847893,-1.0850000000000188,STOP,2026-01-08 04:45:00,2026-01-08 04:50:00,2026-01-08 05:05:00,4
150872,150893,1.34423,1.3420000422981158,3.8744728062609575,STOP,2026-01-08 07:10:00,2026-01-08 07:15:00,2026-01-08 08:55:00,21
150952,150958,1.34283,1.3424347483244556,0.6746314021623913,STOP,2026-01-08 13:50:00,2026-01-08 13:55:00,2026-01-08 14:20:00,6
151080,151085,1.34306,1.3428836806324678,0.49634631784402045,STOP,2026-01-09 00:30:00,2026-01-09 00:35:00,2026-01-09 00:55:00,5
151130,151167,1.34096,1.341545624352303,-1.0849999999998148,STOP,2026-01-09 04:40:00,2026-01-09 04:45:00,2026-01-09 07:45:00,37
151273,151277,1.3402,1.3399753769635396,0.5116023615193404,STOP,2026-01-09 16:35:00,2026-01-09 16:40:00,2026-01-09 16:55:00,4
151289,151298,1.33986,1.3395390284770659,0.6681881285802631,STOP,2026-01-11 17:55:00,2026-01-11 18:00:00,2026-01-11 18:40:00,9
151349,151364,1.34209,1.3425737173834205,-1.0849999999998112,STOP,2026-01-11 22:55:00,2026-01-11 23:00:00,2026-01-12 00:10:00,15
151420,151429,1.34515,1.3459248588493402,-1.0850000000000157,STOP,2026-01-12 04:50:00,2026-01-12 04:55:00,2026-01-12 05:35:00,9
151444,151447,1.3456,1.3463248135305201,-1.0850000000000204,STOP,2026-01-12 06:50:00,2026-01-12 06:55:00,2026-01-12 07:05:00,3
151472,151489,1.34715,1.347946426227724,-1.0850000000001159,STOP,2026-01-12 09:10:00,2026-01-12 09:15:00,2026-01-12 10:35:00,17
151496,151511,1.3468,1.3460054045140992,1.0253587572078895,STOP,2026-01-12 11:10:00,2026-01-12 11:15:00,2026-01-12 12:25:00,15
151565,151567,1.34706,1.3459014956997526,3.2866055222464987,STOP,2026-01-12 16:55:00,2026-01-12 17:00:00,2026-01-12 17:05:00,2
151636,151642,1.3471,1.3474722793077436,-1.084999999999899,STOP,2026-01-12 22:50:00,2026-01-12 22:55:00,2026-01-12 23:20:00,6
151663,151667,1.34693,1.3465685208470508,0.8818166544003723,STOP,2026-01-13 01:05:00,2026-01-13 01:10:00,2026-01-13 01:25:00,4
151782,151854,1.34349,1.34204,1.2667066303147436,TIME,2026-01-13 11:00:00,2026-01-13 11:05:00,2026-01-13 17:00:00,72
151949,151952,1.34359,1.3438641878736535,-1.0850000000001736,STOP,2026-01-14 00:55:00,2026-01-14 01:00:00,2026-01-14 01:10:00,3
152011,152022,1.34502,1.3455914556551072,-1.085000000000166,STOP,2026-01-14 06:05:00,2026-01-14 06:10:00,2026-01-14 07:00:00,11
152035,152042,1.34412,1.3447800639840501,-1.085000000000134,STOP,2026-01-14 08:05:00,2026-01-14 08:10:00,2026-01-14 08:40:00,7
152079,152100,1.34443,1.3431195621260532,1.7503101749411443,STOP,2026-01-14 11:45:00,2026-01-14 11:50:00,2026-01-14 13:30:00,21
152394,152415,1.33873,1.3377940902057897,1.626663528774376,STOP,2026-01-15 14:00:00,2026-01-15 14:05:00,2026-01-15 15:45:00,21
152430,152433,1.33825,1.3378367760590466,0.8786182499377132,STOP,2026-01-15 17:00:00,2026-01-15 17:05:00,2026-01-15 17:15:00,3
152516,152537,1.33864,1.337901203449259,2.7589051937597704,STOP,2026-01-16 00:10:00,2026-01-16 00:15:00,2026-01-16 01:55:00,21
152637,152643,1.33942,1.3375705153472381,2.428512631541653,STOP,2026-01-16 10:15:00,2026-01-16 10:20:00,2026-01-16 10:45:00,6
152670,152675,1.33745,1.3381594093585376,-1.0849999999998754,STOP,2026-01-16 13:00:00,2026-01-16 13:05:00,2026-01-16 13:25:00,5
152765,152771,1.33924,1.3386213659715402,0.7222808169425905,STOP,2026-01-18 20:55:00,2026-01-18 21:00:00,2026-01-18 21:25:00,6
152877,152889,1.34045,1.3410181086684307,-1.084999999999854,STOP,2026-01-19 06:15:00,2026-01-19 06:20:00,2026-01-19 07:15:00,12
152999,153000,1.34231,1.3424854734077962,-1.0849999999997084,STOP,2026-01-19 16:25:00,2026-01-19 16:30:00,2026-01-19 16:30:00,1
153152,153156,1.34691,1.3479137410668285,-1.0850000000000068,STOP,2026-01-20 05:10:00,2026-01-20 05:15:00,2026-01-20 05:30:00,4
153294,153300,1.34486,1.3440972854677264,1.4297401197129915,STOP,2026-01-20 17:00:00,2026-01-20 17:05:00,2026-01-20 17:30:00,6
153318,153329,1.34362,1.3440739007042568,-1.0849999999998439,STOP,2026-01-20 19:00:00,2026-01-20 19:05:00,2026-01-20 19:55:00,11
153529,153557,1.34233,1.341696538104875,0.5085738632754693,STOP,2026-01-21 12:35:00,2026-01-21 12:40:00,2026-01-21 14:55:00,28
153584,153604,1.34306,1.3422231521864043,1.142971494238916,STOP,2026-01-21 17:10:00,2026-01-21 17:15:00,2026-01-21 18:50:00,20
153634,153652,1.34258,1.3430578595336706,-1.084999999999926,STOP,2026-01-21 21:20:00,2026-01-21 21:25:00,2026-01-21 22:50:00,18
153666,153672,1.34299,1.3428050759565069,0.44284823569579285,STOP,2026-01-22 00:00:00,2026-01-22 00:05:00,2026-01-22 00:30:00,6
153740,153743,1.34251,1.3418387290454747,0.650929140923128,STOP,2026-01-22 06:10:00,2026-01-22 06:15:00,2026-01-22 06:25:00,3
153837,153849,1.34923,1.3498161676919769,-1.0850000000000226,STOP,2026-01-22 14:15:00,2026-01-22 14:20:00,2026-01-22 15:15:00,12
153870,153872,1.34963,1.3493518721989899,0.3662570114755075,STOP,2026-01-22 17:00:00,2026-01-22 17:05:00,2026-01-22 17:10:00,2
153933,153951,1.34908,1.3494740153903975,-1.0849999999997857,STOP,2026-01-22 22:15:00,2026-01-22 22:20:00,2026-01-22 23:45:00,18
154060,154072,1.35252,1.353249622859674,-1.0849999999999431,STOP,2026-01-23 08:50:00,2026-01-23 08:55:00,2026-01-23 09:50:00,12
154338,154347,1.36467,1.3653640644262417,-1.0849999999998432,STOP,2026-01-26 08:00:00,2026-01-26 08:05:00,2026-01-26 08:45:00,9
154410,154418,1.36848,1.3679523160079634,0.6355020056123492,STOP,2026-01-26 14:00:00,2026-01-26 14:05:00,2026-01-26 14:40:00,8
154441,154448,1.36759,1.3673207974395907,0.48778682305093474,STOP,2026-01-26 16:35:00,2026-01-26 16:40:00,2026-01-26 17:10:00,7
154736,154752,1.38446,1.3828688021698403,0.8466461613893865,STOP,2026-01-27 17:10:00,2026-01-27 17:15:00,2026-01-27 18:30:00,16
154774,154778,1.3811,1.3805955811753516,0.4887241569381015,STOP,2026-01-27 20:20:00,2026-01-27 20:25:00,2026-01-27 20:40:00,4
154802,154820,1.37994,1.3793022435053488,0.9141028364633623,STOP,2026-01-27 22:40:00,2026-01-27 22:45:00,2026-01-28 00:10:00,18
154863,154887,1.37868,1.3797577587479877,-1.0849999999999054,STOP,2026-01-28 03:45:00,2026-01-28 03:50:00,2026-01-28 05:45:00,24
154893,154899,1.37715,1.3781261214195375,-1.084999999999925,STOP,2026-01-28 06:15:00,2026-01-28 06:20:00,2026-01-28 06:45:00,6
154918,154920,1.37702,1.378027501595644,-1.085000000000089,STOP,2026-01-28 08:20:00,2026-01-28 08:25:00,2026-01-28 08:30:00,2
154981,154986,1.377,1.378030855776022,-1.0849999999999298,STOP,2026-01-28 13:35:00,2026-01-28 13:40:00,2026-01-28 14:00:00,5
155022,155027,1.38087,1.3799374473340245,1.0198883844465136,STOP,2026-01-28 17:00:00,2026-01-28 17:05:00,2026-01-28 17:25:00,5
155058,155064,1.38123,1.38065728702393,0.5646192776883772,STOP,2026-01-28 20:00:00,2026-01-28 20:05:00,2026-01-28 20:30:00,6
155070,155075,1.37986,1.38065195328943,-1.0850000000000422,STOP,2026-01-28 21:00:00,2026-01-28 21:05:00,2026-01-28 21:25:00,5
155266,155270,1.37915,1.3803765955231906,-1.0849999999999234,STOP,2026-01-29 13:20:00,2026-01-29 13:25:00,2026-01-29 13:40:00,4
155310,155316,1.38168,1.380431540593131,1.5286162116672457,STOP,2026-01-29 17:00:00,2026-01-29 17:05:00,2026-01-29 17:30:00,6
155332,155335,1.3807,1.3811942716721315,-1.0850000000000926,STOP,2026-01-29 18:50:00,2026-01-29 18:55:00,2026-01-29 19:05:00,3
155402,155405,1.37474,1.3755053851580774,-1.0850000000001254,STOP,2026-01-30 00:40:00,2026-01-30 00:45:00,2026-01-30 00:55:00,3
155552,155558,1.36983,1.3690299032016293,0.559273497363957,STOP,2026-01-30 13:10:00,2026-01-30 13:15:00,2026-01-30 13:40:00,6
155598,155601,1.37103,1.3682795575883584,3.5184614316437535,STOP,2026-02-01 17:00:00,2026-02-01 17:05:00,2026-02-01 17:15:00,3
155611,155615,1.3671,1.366774811894388,0.34765786138770677,STOP,2026-02-01 18:05:00,2026-02-01 18:10:00,2026-02-01 18:25:00,4
155635,155646,1.36851,1.3695704788317868,-1.0850000000000914,STOP,2026-02-01 20:05:00,2026-02-01 20:10:00,2026-02-01 21:00:00,11
155657,155662,1.36828,1.3692210910077969,-1.085000000000062,STOP,2026-02-01 21:55:00,2026-02-01 22:00:00,2026-02-01 22:20:00,5
155687,155693,1.36726,1.3668325885291612,0.5383145719608228,STOP,2026-02-02 00:25:00,2026-02-02 00:30:00,2026-02-02 00:55:00,6
155769,155787,1.36926,1.3660098356913937,3.8243130842839315,STOP,2026-02-02 07:15:00,2026-02-02 07:20:00,2026-02-02 08:45:00,18
155885,155892,1.36674,1.3663858955967318,0.7587467470819028,STOP,2026-02-02 16:55:00,2026-02-02 17:00:00,2026-02-02 17:30:00,7
155939,155947,1.36774,1.3673975105659686,0.6748377162520369,STOP,2026-02-02 21:25:00,2026-02-02 21:30:00,2026-02-02 22:05:00,8
155972,155976,1.36856,1.3690174354762998,-1.0849999999998052,STOP,2026-02-03 00:10:00,2026-02-03 00:15:00,2026-02-03 00:30:00,4
156041,156055,1.36559,1.3663635076879077,-1.0850000000000062,STOP,2026-02-03 05:55:00,2026-02-03 06:00:00,2026-02-03 07:05:00,14
156128,156140,1.36909,1.3677831960070492,1.3456362176785321,STOP,2026-02-03 13:10:00,2026-02-03 13:15:00,2026-02-03 14:10:00,12
156173,156175,1.36987,1.3695958942020208,0.4683159220096081,STOP,2026-02-03 16:55:00,2026-02-03 17:00:00,2026-02-03 17:05:00,2
156231,156248,1.37021,1.3707253822149286,-1.0850000000001905,STOP,2026-02-03 21:45:00,2026-02-03 21:50:00,2026-02-03 23:10:00,17
156413,156435,1.36464,1.3657777262021626,-1.0850000000000861,STOP,2026-02-04 12:55:00,2026-02-04 13:00:00,2026-02-04 14:45:00,22
156445,156469,1.36525,1.3648719868949597,0.46849132568235535,STOP,2026-02-04 15:35:00,2026-02-04 15:40:00,2026-02-04 17:35:00,24
156548,156557,1.36236,1.361858560350579,1.1005002753594282,STOP,2026-02-05 00:10:00,2026-02-05 00:15:00,2026-02-05 00:55:00,9
156657,156664,1.35662,1.3557482845946895,0.4142386845073876,STOP,2026-02-05 09:15:00,2026-02-05 09:20:00,2026-02-05 09:50:00,7
156734,156746,1.35415,1.3529576055054378,1.762808935188048,STOP,2026-02-05 15:40:00,2026-02-05 15:45:00,2026-02-05 16:40:00,12
156765,156778,1.35233,1.3514753501568315,1.3515556718408028,STOP,2026-02-05 18:15:00,2026-02-05 18:20:00,2026-02-05 19:20:00,13
157007,157012,1.36129,1.3619051134548807,-1.0849999999999627,STOP,2026-02-06 14:25:00,2026-02-06 14:30:00,2026-02-06 14:50:00,5
157035,157039,1.3609,1.359702401858308,2.527142251039176,STOP,2026-02-06 16:45:00,2026-02-06 16:50:00,2026-02-08 17:05:00,4
157052,157057,1.35926,1.3598879880452268,-1.085000000000066,STOP,2026-02-08 18:10:00,2026-02-08 18:15:00,2026-02-08 18:35:00,5
157081,157088,1.36008,1.3595539236136345,0.5381819344226944,STOP,2026-02-08 20:35:00,2026-02-08 20:40:00,2026-02-08 21:10:00,7
157109,157111,1.35995,1.3604935023141453,-1.084999999999982,STOP,2026-02-08 22:55:00,2026-02-08 23:00:00,2026-02-08 23:05:00,2
157345,157360,1.36846,1.3674878402767785,1.4825324903434347,STOP,2026-02-09 18:35:00,2026-02-09 18:40:00,2026-02-09 19:50:00,15
157397,157420,1.36857,1.367722805095855,1.5089874978751998,STOP,2026-02-09 22:55:00,2026-02-09 23:00:00,2026-02-10 00:50:00,23
157555,157564,1.36596,1.3649025894795808,0.9294853776689265,STOP,2026-02-10 12:05:00,2026-02-10 12:10:00,2026-02-10 12:50:00,9
157600,157613,1.36475,1.3641373614852088,1.1939543215499955,STOP,2026-02-10 15:50:00,2026-02-10 15:55:00,2026-02-10 16:55:00,13
157626,157630,1.36358,1.3633510806630977,0.5072869769043941,STOP,2026-02-10 18:00:00,2026-02-10 18:05:00,2026-02-10 18:20:00,4
157694,157700,1.36603,1.366462345004826,-1.0849999999998876,STOP,2026-02-10 23:40:00,2026-02-10 23:45:00,2026-02-11 00:10:00,6
157824,157844,1.36428,1.3661306727311051,-1.0849999999999511,STOP,2026-02-11 10:30:00,2026-02-11 10:35:00,2026-02-11 12:10:00,20
157856,157872,1.36461,1.3638865785637937,0.590879018716718,STOP,2026-02-11 13:10:00,2026-02-11 13:15:00,2026-02-11 14:30:00,16
157877,157888,1.36331,1.3628273594095905,0.6330447562609995,STOP,2026-02-11 14:55:00,2026-02-11 15:00:00,2026-02-11 15:50:00,11
157902,157917,1.36296,1.3623225728464277,1.0467695133816903,STOP,2026-02-11 17:00:00,2026-02-11 17:05:00,2026-02-11 18:15:00,15
157926,157931,1.36201,1.3624854169745457,-1.084999999999942,STOP,2026-02-11 19:00:00,2026-02-11 19:05:00,2026-02-11 19:25:00,5
157972,157974,1.36276,1.3632502312581602,-1.0850000000001525,STOP,2026-02-11 22:50:00,2026-02-11 22:55:00,2026-02-11 23:00:00,2
157990,158000,1.36193,1.3624391861860141,-1.084999999999861,STOP,2026-02-12 00:20:00,2026-02-12 00:25:00,2026-02-12 01:10:00,10
158112,158125,1.36562,1.3628342516075878,2.7614081910325545,STOP,2026-02-12 10:30:00,2026-02-12 10:35:00,2026-02-12 11:35:00,13
158143,158164,1.36145,1.362558018816751,-1.0849999999999962,STOP,2026-02-12 13:05:00,2026-02-12 13:10:00,2026-02-12 14:50:00,21
158171,158191,1.36189,1.3606737884702171,2.047684188306861,STOP,2026-02-12 15:25:00,2026-02-12 15:30:00,2026-02-12 17:05:00,20
158255,158273,1.36156,1.3611021082041612,0.8886971374576064,STOP,2026-02-12 22:25:00,2026-02-12 22:30:00,2026-02-12 23:55:00,18
158335,158338,1.362,1.3626700323757666,-1.084999999999835,STOP,2026-02-13 05:05:00,2026-02-13 05:10:00,2026-02-13 05:20:00,3
158347,158361,1.36124,1.3603939877303857,1.2378979313792395,STOP,2026-02-13 06:05:00,2026-02-13 06:10:00,2026-02-13 07:15:00,14
158513,158559,1.36413,1.3637317423716737,0.7890172682546197,STOP,2026-02-15 19:55:00,2026-02-15 20:00:00,2026-02-15 23:45:00,46
158620,158632,1.36433,1.365044135527735,-1.084999999999927,STOP,2026-02-16 04:50:00,2026-02-16 04:55:00,2026-02-16 05:50:00,12
158637,158667,1.36453,1.3632374838987709,2.107351162746574,STOP,2026-02-16 06:15:00,2026-02-16 06:20:00,2026-02-16 08:45:00,30
158754,158763,1.36298,1.362628522882037,2.053527902397144,STOP,2026-02-16 16:00:00,2026-02-16 16:05:00,2026-02-16 16:45:00,9
158798,158803,1.362,1.3617508294877445,0.5899506525128195,STOP,2026-02-16 19:40:00,2026-02-16 19:45:00,2026-02-16 20:05:00,5
158853,158862,1.36067,1.360996528624068,-1.0850000000001039,STOP,2026-02-17 00:15:00,2026-02-17 00:20:00,2026-02-17 01:00:00,9
158874,158881,1.35897,1.3563508342604966,3.9653648102978263,STOP,2026-02-17 02:00:00,2026-02-17 02:05:00,2026-02-17 02:35:00,7
159104,159149,1.35539,1.355833166616097,-1.0850000000001156,STOP,2026-02-17 21:10:00,2026-02-17 21:15:00,2026-02-18 00:55:00,45
159280,159293,1.35369,1.351946159682155,1.8603471989257288,STOP,2026-02-18 11:50:00,2026-02-18 11:55:00,2026-02-18 12:55:00,13
159323,159375,1.34962,1.3491387461164563,0.7089333658333337,STOP,2026-02-18 15:25:00,2026-02-18 15:30:00,2026-02-18 19:45:00,52
159408,159420,1.34924,1.3486249827532217,1.6312533340879782,STOP,2026-02-18 22:30:00,2026-02-18 22:35:00,2026-02-18 23:30:00,12
159501,159506,1.34818,1.3470522808737038,1.4894475002157797,STOP,2026-02-19 06:15:00,2026-02-19 06:20:00,2026-02-19 06:40:00,5
159601,159606,1.3448,1.3455267148223453,-1.0849999999998827,STOP,2026-02-19 14:35:00,2026-02-19 14:40:00,2026-02-19 15:00:00,5
159709,159719,1.34392,1.344344311998936,-1.0850000000000817,STOP,2026-02-19 23:35:00,2026-02-19 23:40:00,2026-02-20 00:25:00,10
159914,159918,1.34861,1.3475594305654646,1.780569429205707,STOP,2026-02-20 16:40:00,2026-02-20 16:45:00,2026-02-22 17:00:00,4
159957,159974,1.35188,1.352694056464142,-1.0850000000000446,STOP,2026-02-22 20:15:00,2026-02-22 20:20:00,2026-02-22 21:40:00,17
160006,160008,1.3513,1.351733432654011,-1.0849999999998385,STOP,2026-02-23 00:20:00,2026-02-23 00:25:00,2026-02-23 00:30:00,2
160053,160058,1.35063,1.351418529097982,-1.0850000000000066,STOP,2026-02-23 04:15:00,2026-02-23 04:20:00,2026-02-23 04:40:00,5
160078,160081,1.35024,1.349016762100066,1.7238625864771573,STOP,2026-02-23 06:20:00,2026-02-23 06:25:00,2026-02-23 06:35:00,3
160150,160165,1.34911,1.3500531040856765,-1.0850000000000146,STOP,2026-02-23 12:20:00,2026-02-23 12:25:00,2026-02-23 13:35:00,15
160242,160248,1.34904,1.3482485046761647,1.7281483310495787,STOP,2026-02-23 20:00:00,2026-02-23 20:05:00,2026-02-23 20:30:00,6
160361,160364,1.34941,1.348833555648053,0.8636826427283817,STOP,2026-02-24 05:55:00,2026-02-24 06:00:00,2026-02-24 06:10:00,3
160382,160385,1.34815,1.3487064032024976,-1.0849999999998863,STOP,2026-02-24 07:40:00,2026-02-24 07:45:00,2026-02-24 07:55:00,3
160437,160450,1.3523,1.351552985129968,0.8075148282475784,STOP,2026-02-24 12:15:00,2026-02-24 12:20:00,2026-02-24 13:20:00,13
160454,160474,1.351,1.3500403623245467,1.5111397167465423,STOP,2026-02-24 13:40:00,2026-02-24 13:45:00,2026-02-24 15:20:00,20
160605,160610,1.35221,1.3518795877312249,0.6078757318928467,STOP,2026-02-25 02:15:00,2026-02-25 02:20:00,2026-02-25 02:40:00,5
160643,160657,1.35107,1.3495997661099004,1.998273760522264,STOP,2026-02-25 05:25:00,2026-02-25 05:30:00,2026-02-25 06:35:00,14
160782,160788,1.3561,1.355422007203067,1.5755864357231375,STOP,2026-02-25 17:00:00,2026-02-25 17:05:00,2026-02-25 17:30:00,6
160949,160952,1.35295,1.3535214957534518,-1.084999999999907,STOP,2026-02-26 06:55:00,2026-02-26 07:00:00,2026-02-26 07:10:00,3
161062,161068,1.34868,1.348408090145346,0.4893406880486813,STOP,2026-02-26 16:20:00,2026-02-26 16:25:00,2026-02-26 16:50:00,6
161167,161172,1.34878,1.3473566505688805,2.9192388484424527,STOP,2026-02-27 01:05:00,2026-02-27 01:10:00,2026-02-27 01:30:00,5
161210,161217,1.34865,1.3481578015396882,0.49676846010256454,STOP,2026-02-27 04:40:00,2026-02-27 04:45:00,2026-02-27 05:15:00,7
161237,161238,1.34666,1.3474821736574898,-1.0849999999999909,STOP,2026-02-27 06:55:00,2026-02-27 07:00:00,2026-02-27 07:00:00,1
161345,161356,1.3478,1.3473985170464093,0.6081318589903294,STOP,2026-02-27 15:55:00,2026-02-27 16:00:00,2026-02-27 16:50:00,11
161376,161378,1.34066,1.3419312595988893,-1.0849999999999689,STOP,2026-03-01 18:30:00,2026-03-01 18:35:00,2026-03-01 18:40:00,2
161433,161447,1.34427,1.3429893845579506,1.7326656867835546,STOP,2026-03-01 23:15:00,2026-03-01 23:20:00,2026-03-02 00:25:00,14
161569,161578,1.33758,1.3366983676594737,0.497153475572981,STOP,2026-03-02 10:35:00,2026-03-02 10:40:00,2026-03-02 11:20:00,9
161605,161609,1.33976,1.3407479840788734,-1.085000000000102,STOP,2026-03-02 13:35:00,2026-03-02 13:40:00,2026-03-02 13:55:00,4
161623,161625,1.34003,1.3393593669435597,0.5733634697051746,STOP,2026-03-02 15:05:00,2026-03-02 15:10:00,2026-03-02 15:15:00,2
161672,161679,1.34017,1.340615330143125,-1.0850000000001307,STOP,2026-03-02 19:10:00,2026-03-02 19:15:00,2026-03-02 19:45:00,7
161711,161714,1.33966,1.340373997982953,-1.0849999999999331,STOP,2026-03-02 22:25:00,2026-03-02 22:30:00,2026-03-02 22:40:00,3
161832,161847,1.33057,1.3294248563456135,0.7184522898107257,STOP,2026-03-03 08:30:00,2026-03-03 08:35:00,2026-03-03 09:45:00,15
161904,161905,1.33362,1.3348092466332582,-1.084999999999953,STOP,2026-03-03 14:30:00,2026-03-03 14:35:00,2026-03-03 14:35:00,1
161958,161968,1.33436,1.333189027465715,1.5234441128113914,STOP,2026-03-03 19:00:00,2026-03-03 19:05:00,2026-03-03 19:50:00,10
162000,162003,1.33239,1.3332600029633053,-1.0850000000000488,STOP,2026-03-03 22:30:00,2026-03-03 22:35:00,2026-03-03 22:45:00,3
162014,162019,1.3322,1.3316035532761739,0.6877582192230484,STOP,2026-03-03 23:40:00,2026-03-03 23:45:00,2026-03-04 00:05:00,5
162030,162032,1.33067,1.3314950790696545,-1.0850000000001083,STOP,2026-03-04 01:00:00,2026-03-04 01:05:00,2026-03-04 01:10:00,2
162154,162157,1.33575,1.3371320536715021,-1.0850000000000715,STOP,2026-03-04 11:20:00,2026-03-04 11:25:00,2026-03-04 11:35:00,3
162166,162196,1.33534,1.3366321562926984,-1.0849999999999724,STOP,2026-03-04 12:20:00,2026-03-04 12:25:00,2026-03-04 14:50:00,30
162236,162249,1.33701,1.337478438265909,-1.0849999999998108,STOP,2026-03-04 18:10:00,2026-03-04 18:15:00,2026-03-04 19:15:00,13
162299,162321,1.33315,1.3312506906970123,2.549552141492519,STOP,2026-03-04 23:25:00,2026-03-04 23:30:00,2026-03-05 01:15:00,22
162373,162378,1.33406,1.3354758634309158,-1.0850000000000453,STOP,2026-03-05 05:35:00,2026-03-05 05:40:00,2026-03-05 06:00:00,5
162592,162601,1.33657,1.336236110543187,0.6490036052262582,STOP,2026-03-05 23:50:00,2026-03-05 23:55:00,2026-03-06 00:35:00,9
162760,162765,1.33801,1.339498888164993,-1.0850000000000513,STOP,2026-03-06 13:50:00,2026-03-06 13:55:00,2026-03-06 14:15:00,5
162778,162786,1.33828,1.3393645415404698,-1.0849999999999456,STOP,2026-03-06 15:20:00,2026-03-06 15:25:00,2026-03-06 16:00:00,8
162798,162813,1.33465,1.3324228747647433,1.1676824046934504,STOP,2026-03-08 16:00:00,2026-03-08 16:05:00,2026-03-08 17:15:00,15
162829,162847,1.33105,1.3294517706738438,1.2876165097852914,STOP,2026-03-08 18:35:00,2026-03-08 18:40:00,2026-03-08 20:05:00,18
162935,162944,1.33114,1.3324974428342964,-1.0849999999999342,STOP,2026-03-09 03:25:00,2026-03-09 03:30:00,2026-03-09 04:10:00,9
163039,163065,1.3387,1.3398819716853603,-1.0849999999999977,STOP,2026-03-09 12:05:00,2026-03-09 12:10:00,2026-03-09 14:15:00,26
163102,163129,1.34302,1.3441083959626485,-1.0849999999999802,STOP,2026-03-09 17:20:00,2026-03-09 17:25:00,2026-03-09 19:35:00,27
163156,163171,1.34249,1.341755396686801,0.8972723003621539,STOP,2026-03-09 21:50:00,2026-03-09 21:55:00,2026-03-09 23:05:00,15
163228,163246,1.34608,1.345314883222306,0.636318067654914,STOP,2026-03-10 03:50:00,2026-03-10 03:55:00,2026-03-10 05:20:00,18
163375,163377,1.34223,1.3413861830208518,0.991706575253243,STOP,2026-03-10 16:05:00,2026-03-10 16:10:00,2026-03-10 16:15:00,2
163474,163485,1.34504,1.3454857511450584,-1.0850000000000695,STOP,2026-03-11 00:20:00,2026-03-11 00:25:00,2026-03-11 01:15:00,11
163548,163559,1.34342,1.3428426268164246,0.45411205094057433,STOP,2026-03-11 06:30:00,2026-03-11 06:35:00,2026-03-11 07:25:00,11
163658,163674,1.3413,1.341025783986048,0.5073298186804797,STOP,2026-03-11 15:40:00,2026-03-11 15:45:00,2026-03-11 17:00:00,16
163726,163733,1.33824,1.3370621256085313,1.7562287449585179,STOP,2026-03-11 21:20:00,2026-03-11 21:25:00,2026-03-11 21:55:00,7
163752,163760,1.33669,1.3372098007948021,-1.0849999999998123,STOP,2026-03-11 23:30:00,2026-03-11 23:35:00,2026-03-12 00:10:00,8
163919,163953,1.33475,1.3340042155681906,0.7336253995788163,STOP,2026-03-12 13:25:00,2026-03-12 13:30:00,2026-03-12 16:15:00,34
164039,164043,1.33385,1.333264784889937,1.200005961638433,STOP,2026-03-12 23:25:00,2026-03-12 23:30:00,2026-03-12 23:45:00,4
164061,164072,1.3326,1.3302012485958976,5.005436153032511,STOP,2026-03-13 01:15:00,2026-03-13 01:20:00,2026-03-13 02:10:00,11
164157,164160,1.32646,1.3276889260956324,-1.0850000000000037,STOP,2026-03-13 09:15:00,2026-03-13 09:20:00,2026-03-13 09:30:00,3
164169,164175,1.32509,1.3239617570926565,0.8445338550334385,STOP,2026-03-13 10:15:00,2026-03-13 10:20:00,2026-03-13 10:45:00,6
164217,164229,1.32355,1.3223538815642486,1.5033245182670614,STOP,2026-03-13 14:15:00,2026-03-13 14:20:00,2026-03-13 15:15:00,12
164290,164298,1.32529,1.325950467486161,-1.0850000000000193,STOP,2026-03-15 20:20:00,2026-03-15 20:25:00,2026-03-15 21:00:00,8
164326,164342,1.32558,1.325252203481461,0.5832147361046839,STOP,2026-03-15 23:20:00,2026-03-15 23:25:00,2026-03-16 00:40:00,16
164510,164519,1.33296,1.332233267108002,0.7915528435181799,STOP,2026-03-16 14:40:00,2026-03-16 14:45:00,2026-03-16 15:25:00,9
164544,164556,1.3316,1.3310629925961435,1.6104151341837911,STOP,2026-03-16 17:30:00,2026-03-16 17:35:00,2026-03-16 18:30:00,12
164789,164793,1.33568,1.33623953245704,-1.0850000000001194,STOP,2026-03-17 13:55:00,2026-03-17 14:00:00,2026-03-17 14:15:00,4
164801,164825,1.33544,1.3359290216856208,-1.0850000000000133,STOP,2026-03-17 14:55:00,2026-03-17 15:00:00,2026-03-17 16:55:00,24
164976,164982,1.33509,1.3357293372777426,-1.0849999999998938,STOP,2026-03-18 05:30:00,2026-03-18 05:35:00,2026-03-18 06:00:00,6
165162,165163,1.32815,1.3288117945994493,-1.0849999999999649,STOP,2026-03-18 21:00:00,2026-03-18 21:05:00,2026-03-18 21:05:00,1
165205,165212,1.32672,1.3271860600793821,-1.0850000000000837,STOP,2026-03-19 00:35:00,2026-03-19 00:40:00,2026-03-19 01:10:00,7
165325,165330,1.33481,1.336625388706181,-1.0850000000000353,STOP,2026-03-19 10:35:00,2026-03-19 10:40:00,2026-03-19 11:00:00,5
165362,165365,1.33959,1.3406198797110849,-1.0850000000000377,STOP,2026-03-19 13:40:00,2026-03-19 13:45:00,2026-03-19 13:55:00,3
165401,165414,1.34339,1.342864259858832,0.5382763162525066,STOP,2026-03-19 16:55:00,2026-03-19 17:00:00,2026-03-19 18:00:00,13
165457,165478,1.34113,1.3405646976735024,0.9529917153008365,STOP,2026-03-19 21:35:00,2026-03-19 21:40:00,2026-03-19 23:20:00,21
165485,165487,1.34034,1.3407047677748183,-1.084999999999869,STOP,2026-03-19 23:55:00,2026-03-20 00:00:00,2026-03-20 00:05:00,2
165531,165536,1.34229,1.3414800814512344,0.9685755059502974,STOP,2026-03-20 03:45:00,2026-03-20 03:50:00,2026-03-20 04:10:00,5
165652,165677,1.33333,1.3345278982724815,-1.085000000000004,STOP,2026-03-20 13:50:00,2026-03-20 13:55:00,2026-03-20 15:55:00,25
165678,165681,1.33275,1.3311098501773153,1.3012699477472507,STOP,2026-03-22 16:00:00,2026-03-22 16:05:00,2026-03-22 16:15:00,3
165740,165749,1.33297,1.3320939223564428,0.8174086909355844,STOP,2026-03-22 21:10:00,2026-03-22 21:15:00,2026-03-22 21:55:00,9
165777,165781,1.33171,1.3309375772426515,1.1846167500720095,STOP,2026-03-23 00:15:00,2026-03-23 00:20:00,2026-03-23 00:35:00,4
165899,165907,1.34274,1.339327721279546,1.352536671894675,STOP,2026-03-23 10:25:00,2026-03-23 10:30:00,2026-03-23 11:05:00,8
165999,166003,1.34259,1.3420547528492197,0.8082416306933393,STOP,2026-03-23 18:45:00,2026-03-23 18:50:00,2026-03-23 19:05:00,4
166159,166170,1.33715,1.3385543018470138,-1.0850000000000457,STOP,2026-03-24 08:05:00,2026-03-24 08:10:00,2026-03-24 09:00:00,11
166206,166209,1.33712,1.3360918769130017,0.7123486903359004,STOP,2026-03-24 12:00:00,2026-03-24 12:05:00,2026-03-24 12:15:00,3
166339,166356,1.3396,1.338527314942293,1.6065027208158025,STOP,2026-03-24 23:05:00,2026-03-24 23:10:00,2026-03-25 00:30:00,17
166451,166459,1.33876,1.3367106405676374,1.673778259595908,STOP,2026-03-25 08:25:00,2026-03-25 08:30:00,2026-03-25 09:05:00,8
166553,166562,1.33696,1.3362109934667783,1.4934865281262628,STOP,2026-03-25 16:55:00,2026-03-25 17:00:00,2026-03-25 17:40:00,9
166608,166619,1.33536,1.3358530402456181,-1.085000000000029,STOP,2026-03-25 21:30:00,2026-03-25 21:35:00,2026-03-25 22:25:00,11
166641,166646,1.33644,1.3362019706745392,0.6419070889351958,STOP,2026-03-26 00:15:00,2026-03-26 00:20:00,2026-03-26 00:40:00,5
166712,166720,1.33494,1.33337853315177,1.8649341868012204,STOP,2026-03-26 06:10:00,2026-03-26 06:15:00,2026-03-26 06:50:00,8
166790,166795,1.33312,1.3323232503241251,0.7077111503598734,STOP,2026-03-26 12:40:00,2026-03-26 12:45:00,2026-03-26 13:05:00,5
166868,166872,1.33328,1.3327946546969627,0.9556668274845552,STOP,2026-03-26 19:10:00,2026-03-26 19:15:00,2026-03-26 19:30:00,4
166903,166909,1.33375,1.3342155744653974,-1.0849999999998503,STOP,2026-03-26 22:05:00,2026-03-26 22:10:00,2026-03-26 22:35:00,6
166932,166934,1.33394,1.3343348364991787,-1.085000000000045,STOP,2026-03-27 00:30:00,2026-03-27 00:35:00,2026-03-27 00:40:00,2
167006,167012,1.32961,1.3281648620498916,2.109643317327897,STOP,2026-03-27 06:40:00,2026-03-27 06:45:00,2026-03-27 07:10:00,6
167112,167114,1.32643,1.3270557482969503,-1.084999999999825,STOP,2026-03-27 15:30:00,2026-03-27 15:35:00,2026-03-27 15:40:00,2
167130,167132,1.3251,1.3242445426640548,1.2070522763184965,STOP,2026-03-29 18:00:00,2026-03-29 18:05:00,2026-03-29 18:10:00,2
167166,167169,1.3246,1.3252570973399949,-1.0850000000000861,STOP,2026-03-29 22:00:00,2026-03-29 22:05:00,2026-03-29 22:15:00,3
167201,167204,1.32687,1.327303538147767,-1.0850000000001934,STOP,2026-03-30 00:55:00,2026-03-30 01:00:00,2026-03-30 01:10:00,3
167273,167276,1.32294,1.3236849467655822,-1.0850000000000293,STOP,2026-03-30 06:55:00,2026-03-30 07:00:00,2026-03-30 07:10:00,3
167339,167347,1.31852,1.3194779433037365,-1.085000000000091,STOP,2026-03-30 12:25:00,2026-03-30 12:30:00,2026-03-30 13:05:00,8
167371,167400,1.3182,1.3178050469349105,0.518823046476531,STOP,2026-03-30 15:05:00,2026-03-30 15:10:00,2026-03-30 17:30:00,29
167417,167420,1.31799,1.3172708467455152,1.7254188339652126,STOP,2026-03-30 18:55:00,2026-03-30 19:00:00,2026-03-30 19:10:00,3
167432,167437,1.31652,1.316971195861341,-1.084999999999987,STOP,2026-03-30 20:10:00,2026-03-30 20:15:00,2026-03-30 20:35:00,5
167469,167488,1.32052,1.319937509041848,0.7962254077037811,STOP,2026-03-30 23:15:00,2026-03-30 23:20:00,2026-03-31 00:50:00,19
167556,167560,1.32064,1.3202144390618027,0.5357220668404867,STOP,2026-03-31 06:30:00,2026-03-31 06:35:00,2026-03-31 06:50:00,4
167605,167611,1.3237,1.3196571423670136,2.781303918284515,STOP,2026-03-31 10:35:00,2026-03-31 10:40:00,2026-03-31 11:05:00,6
167658,167671,1.32273,1.3240383669825164,-1.0849999999999576,STOP,2026-03-31 15:00:00,2026-03-31 15:05:00,2026-03-31 16:05:00,13
167763,167773,1.32338,1.3239032442039034,-1.08500000000007,STOP,2026-03-31 23:45:00,2026-03-31 23:50:00,2026-04-01 00:35:00,10
167867,167870,1.33017,1.3312382695871752,-1.0849999999999254,STOP,2026-04-01 08:25:00,2026-04-01 08:30:00,2026-04-01 08:40:00,3
167912,167919,1.33168,1.3328024543950832,-1.084999999999946,STOP,2026-04-01 12:10:00,2026-04-01 12:15:00,2026-04-01 12:45:00,7
167932,167942,1.33175,1.33023204237488,1.6415049343709904,STOP,2026-04-01 13:50:00,2026-04-01 13:55:00,2026-04-01 14:40:00,10
168036,168057,1.3248,1.323808944679633,0.7180713225271936,STOP,2026-04-01 22:30:00,2026-04-01 22:35:00,2026-04-02 00:15:00,21
168068,168076,1.32297,1.3221934719042432,1.1332580463106645,STOP,2026-04-02 01:10:00,2026-04-02 01:15:00,2026-04-02 01:50:00,8
168109,168134,1.31998,1.3192376055785722,0.6858894957475657,STOP,2026-04-02 04:35:00,2026-04-02 04:40:00,2026-04-02 06:40:00,25
168219,168261,1.32237,1.321471694161719,0.8492322586389944,STOP,2026-04-02 13:45:00,2026-04-02 13:50:00,2026-04-02 17:15:00,42
168356,168359,1.32263,1.322409788553374,0.8977983072212965,STOP,2026-04-03 01:10:00,2026-04-03 01:15:00,2026-04-03 01:25:00,3
168457,168460,1.32098,1.321664332335018,-1.085000000000032,STOP,2026-04-03 09:35:00,2026-04-03 09:40:00,2026-04-03 09:50:00,3
168516,168523,1.3195,1.319212777355978,0.7986124730144918,STOP,2026-04-03 14:30:00,2026-04-03 14:35:00,2026-04-03 15:05:00,7
168558,168567,1.31824,1.3187436018547547,-1.0849999999999957,STOP,2026-04-05 18:00:00,2026-04-05 18:05:00,2026-04-05 18:45:00,9
168621,168640,1.32076,1.321309511755188,-1.0849999999998332,STOP,2026-04-05 23:15:00,2026-04-05 23:20:00,2026-04-06 00:50:00,19
168700,168721,1.32476,1.3237431738209446,1.440709864915746,STOP,2026-04-06 05:50:00,2026-04-06 05:55:00,2026-04-06 07:35:00,21
168786,168790,1.32283,1.3224783322629483,0.4398019170293826,STOP,2026-04-06 13:00:00,2026-04-06 13:05:00,2026-04-06 13:20:00,4
168833,168835,1.32402,1.3230248370393944,2.484214593116914,STOP,2026-04-06 16:55:00,2026-04-06 17:00:00,2026-04-06 17:05:00,2
168987,168993,1.32692,1.3261682738730263,0.6794846721237733,STOP,2026-04-07 05:45:00,2026-04-07 05:50:00,2026-04-07 06:15:00,6
169096,169101,1.32591,1.3265638688883812,-1.0850000000001192,STOP,2026-04-07 14:50:00,2026-04-07 14:55:00,2026-04-07 15:15:00,5
169122,169134,1.32924,1.330114831129029,-1.0849999999999236,STOP,2026-04-07 17:00:00,2026-04-07 17:05:00,2026-04-07 18:00:00,12
169185,169209,1.34003,1.3412383452798218,-1.0849999999999533,STOP,2026-04-07 22:15:00,2026-04-07 22:20:00,2026-04-08 00:15:00,24
169408,169422,1.33963,1.3402457638407281,-1.0849999999998476,STOP,2026-04-08 16:50:00,2026-04-08 16:55:00,2026-04-08 18:00:00,14
169491,169494,1.33926,1.3397499472774261,-1.0849999999998503,STOP,2026-04-08 23:45:00,2026-04-08 23:50:00,2026-04-09 00:00:00,3
169576,169581,1.34013,1.3407823483014776,-1.0850000000000894,STOP,2026-04-09 06:50:00,2026-04-09 06:55:00,2026-04-09 07:15:00,5
169620,169625,1.34158,1.3410993710274195,0.45584778876955684,STOP,2026-04-09 10:30:00,2026-04-09 10:35:00,2026-04-09 10:55:00,5
169662,169672,1.34433,1.3436007283927724,0.7592600556209445,STOP,2026-04-09 14:00:00,2026-04-09 14:05:00,2026-04-09 14:50:00,10
169790,169800,1.34223,1.3416180608784596,1.9725609043539252,STOP,2026-04-10 00:40:00,2026-04-10 00:45:00,2026-04-10 01:30:00,10
169927,169946,1.3454,1.3463055881720627,-1.0850000000000433,STOP,2026-04-10 12:05:00,2026-04-10 12:10:00,2026-04-10 13:40:00,19
169950,169954,1.34541,1.3460786308102017,-1.0849999999999986,STOP,2026-04-10 14:00:00,2026-04-10 14:05:00,2026-04-10 14:20:00,4
169981,169989,1.34677,1.3397671575973855,19.96254433738192,STOP,2026-04-10 16:35:00,2026-04-10 16:40:00,2026-04-12 17:15:00,8
170013,170020,1.33851,1.339306413291958,-1.084999999999994,STOP,2026-04-12 19:15:00,2026-04-12 19:20:00,2026-04-12 19:50:00,7
170146,170150,1.34247,1.3429970626902377,-1.0849999999999207,STOP,2026-04-13 06:20:00,2026-04-13 06:25:00,2026-04-13 06:40:00,4
170274,170277,1.35094,1.349774094317092,2.515476870062236,STOP,2026-04-13 17:00:00,2026-04-13 17:05:00,2026-04-13 17:15:00,3
170495,170505,1.35692,1.356417372616408,0.5141840679177762,STOP,2026-04-14 11:25:00,2026-04-14 11:30:00,2026-04-14 12:15:00,10
170562,170564,1.35779,1.356410176673047,3.810311683921859,STOP,2026-04-14 17:00:00,2026-04-14 17:05:00,2026-04-14 17:10:00,2
170707,170726,1.35551,1.3549118072577964,0.6875363001923107,STOP,2026-04-15 05:05:00,2026-04-15 05:10:00,2026-04-15 06:40:00,19
170993,170998,1.35474,1.3543230170151694,0.5767523084134104,STOP,2026-04-16 05:10:00,2026-04-16 05:15:00,2026-04-16 05:35:00,5
171049,171052,1.35383,1.3545603247362021,-1.085,STOP,2026-04-16 09:50:00,2026-04-16 09:55:00,2026-04-16 10:05:00,3
171085,171099,1.35226,1.353107716028154,-1.0849999999999613,STOP,2026-04-16 12:50:00,2026-04-16 12:55:00,2026-04-16 14:00:00,14
171121,171129,1.35296,1.3527034551627233,0.49659451471359056,STOP,2026-04-16 15:50:00,2026-04-16 15:55:00,2026-04-16 16:30:00,8
171167,171173,1.35292,1.3521065907420278,2.5559644489437954,STOP,2026-04-16 19:40:00,2026-04-16 19:45:00,2026-04-16 20:10:00,6
171231,171244,1.35211,1.3517574933591459,1.0110449948783073,STOP,2026-04-17 01:00:00,2026-04-17 01:05:00,2026-04-17 02:05:00,13
171299,171311,1.3526,1.3531509254253373,-1.0849999999999556,STOP,2026-04-17 06:40:00,2026-04-17 06:45:00,2026-04-17 07:40:00,12
171351,171366,1.3566,1.355445909809937,0.8014584868434953,STOP,2026-04-17 11:00:00,2026-04-17 11:05:00,2026-04-17 12:15:00,15
171396,171400,1.3541,1.3536976456644245,0.47930704560973886,STOP,2026-04-17 14:45:00,2026-04-17 14:50:00,2026-04-17 15:05:00,4
171409,171417,1.3521,1.351689049531761,0.5232491905478829,STOP,2026-04-17 15:50:00,2026-04-17 15:55:00,2026-04-17 16:30:00,8
171455,171462,1.34834,1.3489004026426792,-1.085000000000025,STOP,2026-04-19 19:40:00,2026-04-19 19:45:00,2026-04-19 20:15:00,7
171513,171516,1.35022,1.3505417086193148,-1.084999999999949,STOP,2026-04-20 00:30:00,2026-04-20 00:35:00,2026-04-20 00:45:00,3
171604,171613,1.35106,1.35168791465952,-1.0849999999999036,STOP,2026-04-20 08:05:00,2026-04-20 08:10:00,2026-04-20 08:50:00,9
171667,171679,1.35349,1.3541260944931361,-1.0849999999998656,STOP,2026-04-20 13:20:00,2026-04-20 13:25:00,2026-04-20 14:20:00,12
171686,171688,1.35325,1.353772778651595,-1.0849999999999522,STOP,2026-04-20 14:55:00,2026-04-20 15:00:00,2026-04-20 15:05:00,2
171699,171700,1.35314,1.3535995744982514,-1.084999999999822,STOP,2026-04-20 16:00:00,2026-04-20 16:05:00,2026-04-20 16:05:00,1
171711,171715,1.35449,1.3529442944929204,2.710950959101771,STOP,2026-04-20 17:00:00,2026-04-20 17:05:00,2026-04-20 17:20:00,4
171741,171751,1.3533,1.35286028406796,1.2284671552671023,STOP,2026-04-20 19:30:00,2026-04-20 19:35:00,2026-04-20 20:20:00,10
171799,171808,1.35159,1.3518591488035314,-1.0849999999999074,STOP,2026-04-21 00:20:00,2026-04-21 00:25:00,2026-04-21 01:05:00,9
171897,171907,1.35157,1.3522059662770503,-1.084999999999938,STOP,2026-04-21 08:30:00,2026-04-21 08:35:00,2026-04-21 09:20:00,10
171947,171955,1.35013,1.348145964983747,2.5162366925233406,STOP,2026-04-21 12:40:00,2026-04-21 12:45:00,2026-04-21 13:20:00,8
172069,172077,1.35074,1.3511740765926448,-1.0849999999998678,STOP,2026-04-21 22:50:00,2026-04-21 22:55:00,2026-04-21 23:30:00,8
172089,172091,1.35067,1.3510143962242547,-1.0849999999996922,STOP,2026-04-22 00:30:00,2026-04-22 00:35:00,2026-04-22 00:40:00,2
172122,172127,1.3513,1.351924204977304,-1.0850000000000357,STOP,2026-04-22 03:15:00,2026-04-22 03:20:00,2026-04-22 03:40:00,5
172153,172156,1.35238,1.3519521986260974,0.6463076159358385,STOP,2026-04-22 05:50:00,2026-04-22 05:55:00,2026-04-22 06:05:00,3
172169,172176,1.35137,1.3508282797387476,0.8693837421225193,STOP,2026-04-22 07:10:00,2026-04-22 07:15:00,2026-04-22 07:45:00,7
172214,172220,1.34995,1.3509086496476537,-1.0850000000000555,STOP,2026-04-22 10:55:00,2026-04-22 11:00:00,2026-04-22 11:25:00,6
172230,172235,1.34964,1.350378493182935,-1.0850000000000215,STOP,2026-04-22 12:15:00,2026-04-22 12:20:00,2026-04-22 12:40:00,5
172254,172278,1.35087,1.3501151262716844,1.401084067121864,STOP,2026-04-22 14:15:00,2026-04-22 14:20:00,2026-04-22 16:15:00,24
172509,172520,1.35018,1.349076164545704,1.3171419385202234,STOP,2026-04-23 11:30:00,2026-04-23 11:35:00,2026-04-23 12:25:00,11
172527,172532,1.34817,1.3465673523421036,2.154548200280774,STOP,2026-04-23 13:00:00,2026-04-23 13:05:00,2026-04-23 13:25:00,5
172575,172578,1.3483,1.3465268991824142,3.153232244041111,STOP,2026-04-23 17:00:00,2026-04-23 17:05:00,2026-04-23 17:15:00,3
172602,172612,1.34645,1.3467869561389094,-1.0849999999998008,STOP,2026-04-23 19:15:00,2026-04-23 19:20:00,2026-04-23 20:05:00,10
172761,172766,1.34907,1.349901227361911,-1.0850000000001063,STOP,2026-04-24 08:30:00,2026-04-24 08:35:00,2026-04-24 08:55:00,5
172895,172907,1.35144,1.3517958597222355,-1.0849999999997377,STOP,2026-04-26 19:40:00,2026-04-26 19:45:00,2026-04-26 20:40:00,12
173016,173019,1.35486,1.3553907297622292,-1.0849999999999187,STOP,2026-04-27 05:45:00,2026-04-27 05:50:00,2026-04-27 06:00:00,3
173100,173107,1.35457,1.353561709610917,1.488156283844982,STOP,2026-04-27 12:45:00,2026-04-27 12:50:00,2026-04-27 13:20:00,7
173248,173260,1.35276,1.3519178662341929,2.2710350173324816,STOP,2026-04-28 01:05:00,2026-04-28 01:10:00,2026-04-28 02:05:00,12
173318,173320,1.34843,1.348984909171512,-1.084999999999954,STOP,2026-04-28 06:55:00,2026-04-28 07:00:00,2026-04-28 07:05:00,2
173418,173428,1.35155,1.3519728321698021,-1.0849999999998021,STOP,2026-04-28 15:15:00,2026-04-28 15:20:00,2026-04-28 16:05:00,10
173439,173441,1.35202,1.3512473711622979,2.1688801934947826,STOP,2026-04-28 17:00:00,2026-04-28 17:05:00,2026-04-28 17:10:00,2
173520,173541,1.35119,1.3508307682363634,0.8456139160029454,STOP,2026-04-28 23:45:00,2026-04-28 23:50:00,2026-04-29 01:30:00,21
173665,173668,1.34847,1.3495091277981637,-1.0849999999999174,STOP,2026-04-29 11:50:00,2026-04-29 11:55:00,2026-04-29 12:05:00,3
173678,173689,1.34818,1.3490535530767256,-1.0850000000000555,STOP,2026-04-29 12:55:00,2026-04-29 13:00:00,2026-04-29 13:50:00,11
173692,173694,1.34717,1.3480752220977643,-1.0849999999999014,STOP,2026-04-29 14:05:00,2026-04-29 14:10:00,2026-04-29 14:15:00,2
173811,173819,1.3473,1.3459962839825657,2.6325429134143525,STOP,2026-04-30 00:00:00,2026-04-30 00:05:00,2026-04-30 00:40:00,8
173834,173836,1.34597,1.3464927420577923,-1.0849999999999955,STOP,2026-04-30 01:55:00,2026-04-30 02:00:00,2026-04-30 02:05:00,2
174014,174017,1.36071,1.3601441103819931,0.9789002621548526,STOP,2026-04-30 16:55:00,2026-04-30 17:00:00,2026-04-30 17:10:00,3
174050,174062,1.36028,1.3605587094441927,-1.0849999999996807,STOP,2026-04-30 19:55:00,2026-04-30 20:00:00,2026-04-30 20:55:00,12
174084,174086,1.36028,1.360631150142629,-1.0850000000000741,STOP,2026-04-30 22:45:00,2026-04-30 22:50:00,2026-04-30 22:55:00,2
174162,174171,1.36002,1.3595897714848257,0.5330234243129116,STOP,2026-05-01 05:15:00,2026-05-01 05:20:00,2026-05-01 06:00:00,9
174247,174256,1.36128,1.3600756213789662,1.0953212931623175,STOP,2026-05-01 12:20:00,2026-05-01 12:25:00,2026-05-01 13:05:00,9
174289,174299,1.35745,1.35711838366802,0.5336749793226007,STOP,2026-05-01 15:50:00,2026-05-01 15:55:00,2026-05-01 16:40:00,10
174316,174321,1.35943,1.3588192081437902,0.9270980364011088,STOP,2026-05-03 18:05:00,2026-05-03 18:10:00,2026-05-03 18:30:00,5
174451,174461,1.35583,1.3537068868527604,3.3349959272317617,STOP,2026-05-04 05:20:00,2026-05-04 05:25:00,2026-05-04 06:10:00,10
174558,174567,1.35298,1.3537279827573576,-1.0850000000000712,STOP,2026-05-04 14:15:00,2026-05-04 14:20:00,2026-05-04 15:00:00,9
174581,174594,1.35314,1.3525283541153486,0.9505863546543059,STOP,2026-05-04 16:10:00,2026-05-04 16:15:00,2026-05-04 17:15:00,13
174631,174645,1.35259,1.3521453406047286,1.2341012938044846,STOP,2026-05-04 20:20:00,2026-05-04 20:25:00,2026-05-04 21:30:00,14
174663,174675,1.35253,1.3522414559112572,0.758610553011341,STOP,2026-05-04 23:00:00,2026-05-04 23:05:00,2026-05-05 00:00:00,12
174762,174764,1.35351,1.3541382597226577,-1.0849999999998996,STOP,2026-05-05 07:15:00,2026-05-05 07:20:00,2026-05-05 07:25:00,2
174825,174837,1.35613,1.3550918282869016,1.3449309499390187,STOP,2026-05-05 12:30:00,2026-05-05 12:35:00,2026-05-05 13:30:00,12
174849,174853,1.3547,1.355168249049756,-1.0849999999998818,STOP,2026-05-05 14:30:00,2026-05-05 14:35:00,2026-05-05 14:50:00,4
174863,174877,1.35437,1.3540695090073824,0.7278067992026864,STOP,2026-05-05 15:40:00,2026-05-05 15:45:00,2026-05-05 16:50:00,14
174944,174958,1.35711,1.3567464587780034,0.6252822252168437,STOP,2026-05-05 22:25:00,2026-05-05 22:30:00,2026-05-05 23:35:00,14
175037,175043,1.36167,1.3625778780114721,-1.0849999999999302,STOP,2026-05-06 06:10:00,2026-05-06 06:15:00,2026-05-06 06:40:00,6
175201,175203,1.35926,1.359504467484414,-1.0849999999998812,STOP,2026-05-06 19:50:00,2026-05-06 19:55:00,2026-05-06 20:00:00,2
175241,175252,1.35999,1.359451535373357,1.437136019089282,STOP,2026-05-06 23:10:00,2026-05-06 23:15:00,2026-05-07 00:05:00,11
175276,175278,1.35927,1.3596084711941632,-1.0850000000001498,STOP,2026-05-07 02:05:00,2026-05-07 02:10:00,2026-05-07 02:15:00,2
175522,175524,1.35527,1.355753185901782,-1.0849999999999331,STOP,2026-05-07 22:35:00,2026-05-07 22:40:00,2026-05-07 22:45:00,2
175619,175626,1.36115,1.3605030300844247,1.3210054357574632,STOP,2026-05-08 06:40:00,2026-05-08 06:45:00,2026-05-08 07:15:00,7
175814,175839,1.35908,1.3582220819516027,1.9209522156576577,STOP,2026-05-10 22:55:00,2026-05-10 23:00:00,2026-05-11 01:00:00,25
175892,175902,1.36066,1.3596677178420635,1.732624293838966,STOP,2026-05-11 05:25:00,2026-05-11 05:30:00,2026-05-11 06:15:00,10
176038,176042,1.36097,1.360703672302696,0.6274220918484591,STOP,2026-05-11 17:35:00,2026-05-11 17:40:00,2026-05-11 17:55:00,4
176060,176065,1.36072,1.3604483532254052,1.1990474346446318,STOP,2026-05-11 19:25:00,2026-05-11 19:30:00,2026-05-11 19:50:00,5
176108,176118,1.35855,1.3581417766031776,0.9889419918063047,STOP,2026-05-11 23:25:00,2026-05-11 23:30:00,2026-05-12 00:15:00,10
176198,176207,1.35334,1.3542881488892098,-1.0850000000000197,STOP,2026-05-12 06:55:00,2026-05-12 07:00:00,2026-05-12 07:40:00,9
176319,176321,1.35458,1.3530718556104937,3.0890348468963875,STOP,2026-05-12 17:00:00,2026-05-12 17:05:00,2026-05-12 17:10:00,2
176351,176358,1.35375,1.353273257374108,1.4775263715578106,STOP,2026-05-12 19:40:00,2026-05-12 19:45:00,2026-05-12 20:15:00,7
176466,176479,1.35146,1.3511568671429701,0.2950757965466413,STOP,2026-05-13 05:15:00,2026-05-13 05:20:00,2026-05-13 06:20:00,13
176532,176533,1.35067,1.3514760492224935,-1.0849999999998876,STOP,2026-05-13 10:45:00,2026-05-13 10:50:00,2026-05-13 10:50:00,1
176557,176589,1.35155,1.3522932091768582,-1.0849999999998632,STOP,2026-05-13 12:50:00,2026-05-13 12:55:00,2026-05-13 15:30:00,32
176607,176611,1.35297,1.3519250361810162,2.815570835105753,STOP,2026-05-13 17:00:00,2026-05-13 17:05:00,2026-05-13 17:20:00,4
176780,176785,1.351,1.3516076569483775,-1.0850000000001039,STOP,2026-05-14 07:25:00,2026-05-14 07:30:00,2026-05-14 07:50:00,5
176821,176829,1.34917,1.348144434017536,1.107710678403442,STOP,2026-05-14 10:50:00,2026-05-14 10:55:00,2026-05-14 11:30:00,8
176837,176845,1.34613,1.3437832350885937,2.4754124671015236,STOP,2026-05-14 12:10:00,2026-05-14 12:15:00,2026-05-14 12:50:00,8
176878,176924,1.33984,1.3386876828078584,1.6872149982633704,STOP,2026-05-14 15:35:00,2026-05-14 15:40:00,2026-05-14 19:25:00,46
176979,176996,1.3373,1.3355502214840196,3.7433563425557006,STOP,2026-05-15 00:00:00,2026-05-15 00:05:00,2026-05-15 01:25:00,17
177029,177043,1.33567,1.3333926125898263,2.2453468706752227,STOP,2026-05-15 04:10:00,2026-05-15 04:15:00,2026-05-15 05:20:00,14
177148,177177,1.33264,1.3317395703022994,1.1740634414716211,STOP,2026-05-15 14:05:00,2026-05-15 14:10:00,2026-05-15 16:30:00,29
177198,177202,1.33167,1.3312791886549498,0.8738268671411754,STOP,2026-05-17 18:15:00,2026-05-17 18:20:00,2026-05-17 18:35:00,4
177215,177219,1.33121,1.3316676899627393,-1.085000000000071,STOP,2026-05-17 19:40:00,2026-05-17 19:45:00,2026-05-17 20:00:00,4
177338,177339,1.34024,1.3411071054671941,-1.084999999999934,STOP,2026-05-18 14:55:00,2026-05-18 15:00:00,2026-05-18 15:00:00,1
177375,177392,1.34283,1.3418790151729236,1.9286467467451804,STOP,2026-05-18 20:00:00,2026-05-18 20:05:00,2026-05-18 21:25:00,17
177423,177433,1.34127,1.3408512007790268,0.9390606528190171,STOP,2026-05-19 00:00:00,2026-05-19 00:05:00,2026-05-19 00:50:00,10
177503,177505,1.33946,1.340303169610568,-1.0850000000000546,STOP,2026-05-19 06:40:00,2026-05-19 06:45:00,2026-05-19 06:50:00,2
177547,177554,1.33839,1.3393102540852675,-1.0849999999999438,STOP,2026-05-19 10:20:00,2026-05-19 10:25:00,2026-05-19 10:55:00,7
177596,177628,1.34029,1.3394034113033066,1.358311907015651,STOP,2026-05-19 14:25:00,2026-05-19 14:30:00,2026-05-19 17:05:00,32
177662,177665,1.33955,1.339212937523104,1.0016447689186012,STOP,2026-05-19 19:55:00,2026-05-19 20:00:00,2026-05-19 20:10:00,3
177717,177736,1.33937,1.3389317064213222,0.7364190651414853,STOP,2026-05-20 00:30:00,2026-05-20 00:35:00,2026-05-20 02:05:00,19
177761,177772,1.33816,1.3389836901209955,-1.0850000000001063,STOP,2026-05-20 04:10:00,2026-05-20 04:15:00,2026-05-20 05:05:00,11
177822,177826,1.33939,1.3399854313674495,-1.0850000000001583,STOP,2026-05-20 09:15:00,2026-05-20 09:20:00,2026-05-20 09:35:00,4
177877,177886,1.3438,1.3447067799416172,-1.085000000000071,STOP,2026-05-20 13:50:00,2026-05-20 13:55:00,2026-05-20 14:35:00,9
177901,177915,1.34406,1.3434520197359916,0.867870624060742,STOP,2026-05-20 15:50:00,2026-05-20 15:55:00,2026-05-20 17:00:00,14
177943,177953,1.34347,1.3432622948072863,0.6917632294491641,STOP,2026-05-20 19:20:00,2026-05-20 19:25:00,2026-05-20 20:10:00,10
178094,178101,1.3422,1.3417216909920924,0.4928694819810618,STOP,2026-05-21 07:55:00,2026-05-21 08:00:00,2026-05-21 08:30:00,7
178202,178204,1.34346,1.3420253744730888,2.394910702378244,STOP,2026-05-21 16:55:00,2026-05-21 17:00:00,2026-05-21 17:05:00,2
178239,178247,1.34289,1.3426330503854917,0.7026108103909703,STOP,2026-05-21 20:00:00,2026-05-21 20:05:00,2026-05-21 20:40:00,8
178276,178288,1.34243,1.3427643879946753,-1.0849999999997406,STOP,2026-05-21 23:05:00,2026-05-21 23:10:00,2026-05-22 00:05:00,12
178383,178385,1.34172,1.3422025586375521,-1.085000000000217,STOP,2026-05-22 08:00:00,2026-05-22 08:05:00,2026-05-22 08:10:00,2
178467,178491,1.3442,1.3430994802826512,1.8670051552030285,STOP,2026-05-22 15:00:00,2026-05-22 15:05:00,2026-05-24 17:00:00,24
178561,178585,1.34782,1.3482481717374366,-1.0849999999998654,STOP,2026-05-24 22:50:00,2026-05-24 22:55:00,2026-05-25 00:50:00,24
178598,178609,1.34826,1.3485976354063691,-1.0849999999997817,STOP,2026-05-25 01:55:00,2026-05-25 02:00:00,2026-05-25 02:50:00,11
178649,178665,1.34919,1.3495538267650211,-1.0850000000002633,STOP,2026-05-25 06:10:00,2026-05-25 06:15:00,2026-05-25 07:30:00,16
178694,178703,1.34944,1.3498695272615504,-1.0850000000000588,STOP,2026-05-25 09:55:00,2026-05-25 10:00:00,2026-05-25 10:40:00,9
178778,178780,1.35099,1.349679791230443,6.405743709318317,STOP,2026-05-25 16:55:00,2026-05-25 17:00:00,2026-05-25 17:05:00,2
178807,178812,1.35022,1.3499519541654694,0.8272394489767484,STOP,2026-05-25 19:20:00,2026-05-25 19:25:00,2026-05-25 19:45:00,5
178834,178840,1.34844,1.3488845411272663,-1.0849999999999063,STOP,2026-05-25 21:35:00,2026-05-25 21:40:00,2026-05-25 22:05:00,6
178863,178881,1.34867,1.3478953583159694,2.4619351546048196,STOP,2026-05-26 00:00:00,2026-05-26 00:05:00,2026-05-26 01:30:00,18
178953,178962,1.34797,1.3471320122001058,1.4489610778969264,STOP,2026-05-26 07:30:00,2026-05-26 07:35:00,2026-05-26 08:15:00,9
178971,178982,1.34662,1.346330978882773,0.45329328146202036,STOP,2026-05-26 09:00:00,2026-05-26 09:05:00,2026-05-26 09:55:00,11
179027,179048,1.34403,1.3445732651117805,-1.085000000000093,STOP,2026-05-26 13:40:00,2026-05-26 13:45:00,2026-05-26 15:25:00,21
179066,179074,1.34482,1.3446545631482272,0.44566916074498003,STOP,2026-05-26 16:55:00,2026-05-26 17:00:00,2026-05-26 17:35:00,8
179223,179229,1.34451,1.3439500269806488,1.0512816784804082,STOP,2026-05-27 06:00:00,2026-05-27 06:05:00,2026-05-27 06:30:00,6
179308,179329,1.34214,1.342861620065368,-1.0849999999998692,STOP,2026-05-27 13:05:00,2026-05-27 13:10:00,2026-05-27 14:50:00,21
179353,179358,1.34297,1.342112517150881,3.186300146832331,STOP,2026-05-27 16:50:00,2026-05-27 16:55:00,2026-05-27 17:15:00,5
179383,179392,1.3423,1.3417174722225875,1.865705342252899,STOP,2026-05-27 19:20:00,2026-05-27 19:25:00,2026-05-27 20:05:00,9
179429,179432,1.33942,1.3391068717075998,0.665473657982468,STOP,2026-05-27 23:10:00,2026-05-27 23:15:00,2026-05-27 23:25:00,3
179510,179520,1.33961,1.3390702122082827,0.8754171758591786,STOP,2026-05-28 05:55:00,2026-05-28 06:00:00,2026-05-28 06:45:00,10
179643,179652,1.34499,1.3440583988840185,2.2327339968254902,STOP,2026-05-28 17:00:00,2026-05-28 17:05:00,2026-05-28 17:45:00,9
179714,179727,1.3439,1.3433223404364032,1.5143877664717493,STOP,2026-05-28 22:55:00,2026-05-28 23:00:00,2026-05-29 00:00:00,13
179808,179810,1.34112,1.3416468200051135,-1.0849999999999893,STOP,2026-05-29 06:45:00,2026-05-29 06:50:00,2026-05-29 06:55:00,2
179871,179896,1.3469,1.345875166834658,0.9005445435946985,STOP,2026-05-29 12:00:00,2026-05-29 12:05:00,2026-05-29 14:05:00,25
179922,179929,1.34623,1.345781653446803,0.8930566680625343,STOP,2026-05-29 16:15:00,2026-05-29 16:20:00,2026-05-29 16:50:00,7
180079,180112,1.3462,1.3467884817148983,-1.0850000000001805,STOP,2026-06-01 05:20:00,2026-06-01 05:25:00,2026-06-01 08:05:00,33
180123,180126,1.3457,1.3445185914692734,2.062833979615433,STOP,2026-06-01 09:00:00,2026-06-01 09:05:00,2026-06-01 09:15:00,3
180192,180206,1.34611,1.3455502377252122,1.0461811228005582,STOP,2026-06-01 14:45:00,2026-06-01 14:50:00,2026-06-01 15:55:00,14
180218,180220,1.34591,1.345182846763749,1.9768519686873884,STOP,2026-06-01 16:55:00,2026-06-01 17:00:00,2026-06-01 17:05:00,2
180452,180471,1.34715,1.3460307253128883,1.5537921381402378,STOP,2026-06-02 12:25:00,2026-06-02 12:30:00,2026-06-02 14:00:00,19
180498,180508,1.3468,1.3463233869748692,1.3934365797307868,STOP,2026-06-02 16:15:00,2026-06-02 16:20:00,2026-06-02 17:05:00,10
180534,180538,1.34593,1.3456093704925625,1.0047629038276784,STOP,2026-06-02 19:15:00,2026-06-02 19:20:00,2026-06-02 19:35:00,4
180592,180612,1.34612,1.3454263568265652,2.292927673160616,STOP,2026-06-03 00:05:00,2026-06-03 00:10:00,2026-06-03 01:45:00,20
180736,180744,1.3424,1.3419204224087153,0.5042844743557037,STOP,2026-06-03 12:05:00,2026-06-03 12:10:00,2026-06-03 12:45:00,8
180788,180796,1.34174,1.3413849998777199,0.9850910286078631,STOP,2026-06-03 16:25:00,2026-06-03 16:30:00,2026-06-03 17:05:00,8
180858,180866,1.34232,1.3426901214977243,-1.0850000000002167,STOP,2026-06-03 22:15:00,2026-06-03 22:20:00,2026-06-03 22:55:00,8
180872,180878,1.34187,1.342195860126526,-1.0849999999998996,STOP,2026-06-03 23:25:00,2026-06-03 23:30:00,2026-06-03 23:55:00,6
180989,181010,1.34512,1.3440710752803469,1.669805577743136,STOP,2026-06-04 09:10:00,2026-06-04 09:15:00,2026-06-04 10:55:00,21
181036,181047,1.34331,1.3428877497603602,0.7305728015871051,STOP,2026-06-04 13:05:00,2026-06-04 13:10:00,2026-06-04 14:00:00,11
181190,181197,1.34259,1.342875906686328,-1.0850000000000328,STOP,2026-06-05 01:55:00,2026-06-05 02:00:00,2026-06-05 02:30:00,7
181332,181352,1.3339,1.3334254422792582,0.5385360198824666,STOP,2026-06-05 13:45:00,2026-06-05 13:50:00,2026-06-05 15:25:00,20
181371,181374,1.33407,1.3323075744326718,2.616167786730293,STOP,2026-06-07 17:00:00,2026-06-07 17:05:00,2026-06-07 17:15:00,3
181576,181585,1.33475,1.3342721375066082,0.4907841188827046,STOP,2026-06-08 10:05:00,2026-06-08 10:10:00,2026-06-08 10:50:00,9
181633,181635,1.33441,1.3341282457093555,0.49219431474521896,STOP,2026-06-08 14:50:00,2026-06-08 14:55:00,2026-06-08 15:00:00,2
181688,181696,1.33381,1.333297407970916,1.7100926148270799,STOP,2026-06-08 19:25:00,2026-06-08 19:30:00,2026-06-08 20:05:00,8
181735,181740,1.33465,1.335025745530292,-1.085000000000163,STOP,2026-06-08 23:20:00,2026-06-08 23:25:00,2026-06-08 23:45:00,5
181894,181899,1.33638,1.337428375931328,-1.085000000000041,STOP,2026-06-09 12:35:00,2026-06-09 12:40:00,2026-06-09 13:00:00,5
181946,181948,1.33821,1.336980726563155,3.098159444134451,STOP,2026-06-09 16:55:00,2026-06-09 17:00:00,2026-06-09 17:05:00,2
182039,182044,1.33808,1.3384565842821006,-1.08500000000006,STOP,2026-06-10 00:40:00,2026-06-10 00:45:00,2026-06-10 01:05:00,5
182093,182097,1.33815,1.338770166625922,-1.0849999999999567,STOP,2026-06-10 05:10:00,2026-06-10 05:15:00,2026-06-10 05:30:00,4
182164,182173,1.33958,1.339048722355458,0.4915952090543276,STOP,2026-06-10 11:05:00,2026-06-10 11:10:00,2026-06-10 11:50:00,9
182223,182247,1.33711,1.3368025556337166,0.5135078897406304,STOP,2026-06-10 16:00:00,2026-06-10 16:05:00,2026-06-10 18:00:00,24
182298,182304,1.33826,1.337938459480415,0.5490618180273419,STOP,2026-06-10 22:15:00,2026-06-10 22:20:00,2026-06-10 22:45:00,6
182341,182345,1.3381,1.3377301617350383,1.0264585544459504,STOP,2026-06-11 01:50:00,2026-06-11 01:55:00,2026-06-11 02:10:00,4
182418,182421,1.33575,1.335151328698423,0.9163539744017855,STOP,2026-06-11 08:15:00,2026-06-11 08:20:00,2026-06-11 08:30:00,3
182444,182480,1.33371,1.3347641919755784,-1.0849999999999556,STOP,2026-06-11 10:25:00,2026-06-11 10:30:00,2026-06-11 13:25:00,36
182523,182525,1.3426,1.3408631848147705,2.3482548811290713,STOP,2026-06-11 17:00:00,2026-06-11 17:05:00,2026-06-11 17:10:00,2
182621,182624,1.34076,1.3405274697178942,0.44613408849323594,STOP,2026-06-12 01:10:00,2026-06-12 01:15:00,2026-06-12 01:25:00,3
182683,182709,1.34153,1.3393012570021208,2.969157899746943,STOP,2026-06-12 06:20:00,2026-06-12 06:25:00,2026-06-12 08:30:00,26
182775,182781,1.34137,1.341916061195714,-1.0850000000000564,STOP,2026-06-12 14:00:00,2026-06-12 14:05:00,2026-06-12 14:30:00,6
182857,182863,1.34474,1.344348754075423,0.5676695156645293,STOP,2026-06-14 20:50:00,2026-06-14 20:55:00,2026-06-14 21:20:00,6
182873,182878,1.3434,1.3439536246277926,-1.0850000000001634,STOP,2026-06-14 22:10:00,2026-06-14 22:15:00,2026-06-14 22:35:00,5
182950,182974,1.3427,1.3433706270917865,-1.0850000000000786,STOP,2026-06-15 04:35:00,2026-06-15 04:40:00,2026-06-15 06:35:00,24
183068,183078,1.34239,1.3415891931664115,1.9409637677916307,STOP,2026-06-15 14:25:00,2026-06-15 14:30:00,2026-06-15 15:15:00,10
183099,183101,1.34178,1.3413790881033303,0.790284849196855,STOP,2026-06-15 17:00:00,2026-06-15 17:05:00,2026-06-15 17:10:00,2
183137,183147,1.34122,1.341515333247884,-1.0849999999998032,STOP,2026-06-15 20:10:00,2026-06-15 20:15:00,2026-06-15 21:00:00,10
183185,183201,1.33961,1.3400098680514823,-1.0850000000000102,STOP,2026-06-16 00:10:00,2026-06-16 00:15:00,2026-06-16 01:30:00,16
183204,183213,1.33941,1.3397858294091276,-1.0850000000001307,STOP,2026-06-16 01:45:00,2026-06-16 01:50:00,2026-06-16 02:30:00,9
183339,183378,1.34284,1.3423586127999034,0.7718598649708608,STOP,2026-06-16 13:00:00,2026-06-16 13:05:00,2026-06-16 16:15:00,39
183421,183424,1.3427,1.3429198131922224,-1.0849999999998146,STOP,2026-06-16 19:50:00,2026-06-16 19:55:00,2026-06-16 20:05:00,3
183459,183467,1.34254,1.3428297905619393,-1.084999999999905,STOP,2026-06-16 23:00:00,2026-06-16 23:05:00,2026-06-16 23:40:00,8
183522,183530,1.34096,1.341568431114235,-1.0850000000000382,STOP,2026-06-17 04:15:00,2026-06-17 04:20:00,2026-06-17 04:55:00,8
183547,183553,1.34112,1.341555629842091,-1.0849999999998985,STOP,2026-06-17 06:20:00,2026-06-17 06:25:00,2026-06-17 06:50:00,6
183639,183645,1.33563,1.3365764385976255,-1.0850000000000595,STOP,2026-06-17 14:00:00,2026-06-17 14:05:00,2026-06-17 14:30:00,6
183675,183677,1.32955,1.3287857760613122,0.4807137060634224,STOP,2026-06-17 17:00:00,2026-06-17 17:05:00,2026-06-17 17:10:00,2
183736,183743,1.33086,1.3313777335825907,-1.0849999999999262,STOP,2026-06-17 22:05:00,2026-06-17 22:10:00,2026-06-17 22:40:00,7
183763,183779,1.3313,1.3308110317116353,1.212032907633976,STOP,2026-06-18 00:20:00,2026-06-18 00:25:00,2026-06-18 01:40:00,16
183843,183856,1.32167,1.3226887007585517,-1.0849999999998934,STOP,2026-06-18 07:00:00,2026-06-18 07:05:00,2026-06-18 08:05:00,13
183898,183908,1.32288,1.3219206881510257,0.9223822330428995,STOP,2026-06-18 11:35:00,2026-06-18 11:40:00,2026-06-18 12:25:00,10
183924,183928,1.32141,1.321005478812254,0.4695975862767046,STOP,2026-06-18 13:45:00,2026-06-18 13:50:00,2026-06-18 14:05:00,4
183938,183942,1.32033,1.3197981495984983,0.8407227323410047,STOP,2026-06-18 14:55:00,2026-06-18 15:00:00,2026-06-18 15:15:00,4
184036,184038,1.31941,1.3189430815143914,1.0482375435544609,STOP,2026-06-18 23:10:00,2026-06-18 23:15:00,2026-06-18 23:20:00,2
184121,184129,1.32263,1.3233195428978615,-1.0849999999998448,STOP,2026-06-19 06:15:00,2026-06-19 06:20:00,2026-06-19 06:55:00,8
184147,184152,1.32258,1.3232061678505636,-1.0850000000000624,STOP,2026-06-19 08:25:00,2026-06-19 08:30:00,2026-06-19 08:50:00,5
184282,184286,1.32037,1.3208931051264003,-1.0849999999998947,STOP,2026-06-21 19:40:00,2026-06-21 19:45:00,2026-06-21 20:00:00,4
184329,184338,1.32197,1.32068908376358,2.5133426471356333,STOP,2026-06-21 23:35:00,2026-06-21 23:40:00,2026-06-22 00:20:00,9
184538,184541,1.32615,1.3243106587064255,4.697050988808977,STOP,2026-06-22 17:00:00,2026-06-22 17:05:00,2026-06-22 17:15:00,3
184609,184612,1.32421,1.3239815965002448,0.5362727665409424,STOP,2026-06-22 22:55:00,2026-06-22 23:00:00,2026-06-22 23:10:00,3
184632,184638,1.324,1.3237510878943546,0.5921501002648799,STOP,2026-06-23 00:50:00,2026-06-23 00:55:00,2026-06-23 01:20:00,6
184703,184705,1.32144,1.3221255757429276,-1.0850000000000497,STOP,2026-06-23 06:45:00,2026-06-23 06:50:00,2026-06-23 06:55:00,2
184717,184718,1.3208,1.3214905489402076,-1.0849999999998556,STOP,2026-06-23 07:55:00,2026-06-23 08:00:00,2026-06-23 08:00:00,1
184761,184808,1.31906,1.3198461918886577,-1.0850000000000015,STOP,2026-06-23 11:35:00,2026-06-23 11:40:00,2026-06-23 15:30:00,47
184826,184846,1.32102,1.31998089698934,2.4928275997345275,STOP,2026-06-23 17:00:00,2026-06-23 17:05:00,2026-06-23 18:40:00,20
184856,184858,1.31982,1.3200242453316193,-1.0849999999995081,STOP,2026-06-23 19:30:00,2026-06-23 19:35:00,2026-06-23 19:40:00,2
184896,184900,1.31949,1.319039467809401,0.965765785316169,STOP,2026-06-23 22:50:00,2026-06-23 22:55:00,2026-06-23 23:10:00,4
184975,184990,1.31826,1.3159971477838228,2.54354637398794,STOP,2026-06-24 05:25:00,2026-06-24 05:30:00,2026-06-24 06:40:00,15
185070,185084,1.31617,1.3168966660684163,-1.085000000000142,STOP,2026-06-24 13:20:00,2026-06-24 13:25:00,2026-06-24 14:30:00,14
185092,185106,1.31589,1.3164685058836663,-1.0850000000000544,STOP,2026-06-24 15:10:00,2026-06-24 15:15:00,2026-06-24 16:20:00,14
185115,185117,1.31743,1.3163380914640082,2.2801864883615433,STOP,2026-06-24 17:05:00,2026-06-24 17:10:00,2026-06-24 17:15:00,2
185216,185222,1.31791,1.317724952095451,0.4604508058880364,STOP,2026-06-25 01:30:00,2026-06-25 01:35:00,2026-06-25 02:00:00,6
185267,185281,1.31861,1.316798959533064,2.965763165524947,STOP,2026-06-25 05:45:00,2026-06-25 05:50:00,2026-06-25 06:55:00,14
185352,185368,1.3206,1.319922061070572,0.7313877137204386,STOP,2026-06-25 12:50:00,2026-06-25 12:55:00,2026-06-25 14:10:00,16
185387,185403,1.31967,1.3188084680464012,1.5426108964944458,STOP,2026-06-25 15:45:00,2026-06-25 15:50:00,2026-06-25 17:05:00,16
185423,185432,1.3192,1.318901453041653,0.7554615587380205,STOP,2026-06-25 18:45:00,2026-06-25 18:50:00,2026-06-25 19:30:00,9
185579,185592,1.32151,1.3204933177265252,1.5449480163966618,STOP,2026-06-26 07:45:00,2026-06-26 07:50:00,2026-06-26 08:50:00,13
185616,185618,1.32078,1.3202375886372228,0.4608763404681195,STOP,2026-06-26 10:50:00,2026-06-26 10:55:00,2026-06-26 11:00:00,2
185636,185650,1.32094,1.3202446437080184,0.7730212712389655,STOP,2026-06-26 12:30:00,2026-06-26 12:35:00,2026-06-26 13:40:00,14
185720,185725,1.31933,1.319733963107118,-1.0850000000001785,STOP,2026-06-28 19:30:00,2026-06-28 19:35:00,2026-06-28 19:55:00,5
185770,185779,1.3203,1.319853610581835,1.216682673417323,STOP,2026-06-28 23:40:00,2026-06-28 23:45:00,2026-06-29 00:25:00,9
185934,185940,1.32515,1.3256728153023314,-1.0849999999998694,STOP,2026-06-29 13:20:00,2026-06-29 13:25:00,2026-06-29 13:50:00,6
185956,185960,1.32562,1.3259618080293627,-1.0849999999998934,STOP,2026-06-29 15:10:00,2026-06-29 15:15:00,2026-06-29 15:30:00,4
185977,185979,1.32585,1.3254594153181847,1.4804074512782137,STOP,2026-06-29 16:55:00,2026-06-29 17:00:00,2026-06-29 17:05:00,2
186008,186016,1.32591,1.325204963366953,2.9868433300937642,STOP,2026-06-29 19:30:00,2026-06-29 19:35:00,2026-06-29 20:10:00,8
186054,186074,1.32331,1.3230113057876196,0.6007505071416759,STOP,2026-06-29 23:20:00,2026-06-29 23:25:00,2026-06-30 01:00:00,20
186147,186151,1.32312,1.3225610900847207,0.91702187295218,STOP,2026-06-30 07:05:00,2026-06-30 07:10:00,2026-06-30 07:25:00,4
186344,186356,1.32326,1.3236380348766315,-1.0849999999998559,STOP,2026-06-30 23:30:00,2026-06-30 23:35:00,2026-07-01 00:30:00,12
186436,186454,1.32435,1.3238765989367902,0.6974924937026923,STOP,2026-07-01 07:10:00,2026-07-01 07:15:00,2026-07-01 08:40:00,18
186514,186551,1.32779,1.3271904672526338,0.8166207503457821,STOP,2026-07-01 13:40:00,2026-07-01 13:45:00,2026-07-01 16:45:00,37
186627,186638,1.32833,1.3287363542522632,-1.0849999999998394,STOP,2026-07-01 23:05:00,2026-07-01 23:10:00,2026-07-02 00:00:00,11
186730,186738,1.33219,1.3303307985900283,2.665058208369353,STOP,2026-07-02 07:40:00,2026-07-02 07:45:00,2026-07-02 08:20:00,8
186765,186806,1.33641,1.3343406297367042,1.3540838425816453,STOP,2026-07-02 10:35:00,2026-07-02 10:40:00,2026-07-02 14:00:00,41
186842,186844,1.33595,1.3344838635580392,4.105637863185619,STOP,2026-07-02 17:00:00,2026-07-02 17:05:00,2026-07-02 17:10:00,2
186864,186870,1.33433,1.334637223521792,-1.0850000000001818,STOP,2026-07-02 18:50:00,2026-07-02 18:55:00,2026-07-02 19:20:00,6
187034,187045,1.33528,1.334897223744957,0.6475398976729382,STOP,2026-07-03 09:00:00,2026-07-03 09:05:00,2026-07-03 09:55:00,11
187122,187124,1.33479,1.3350554899506037,-1.0850000000000444,STOP,2026-07-03 16:10:00,2026-07-03 16:15:00,2026-07-03 16:20:00,2
187228,187234,1.334,1.3343055663154235,-1.084999999999931,STOP,2026-07-06 01:00:00,2026-07-06 01:05:00,2026-07-06 01:30:00,6
187454,187462,1.33956,1.3392608357824605,0.8445535847913856,STOP,2026-07-06 19:50:00,2026-07-06 19:55:00,2026-07-06 20:30:00,8
187491,187496,1.33917,1.3395692364601584,-1.0850000000000388,STOP,2026-07-06 22:55:00,2026-07-06 23:00:00,2026-07-06 23:20:00,5
187515,187522,1.33895,1.3382747654592133,2.166427962464728,STOP,2026-07-07 00:55:00,2026-07-07 01:00:00,2026-07-07 01:30:00,7
187651,187671,1.33679,1.3374610140856815,-1.0849999999999378,STOP,2026-07-07 12:15:00,2026-07-07 12:20:00,2026-07-07 13:55:00,20
187681,187683,1.33697,1.3364454730218067,1.1116581258797262,STOP,2026-07-07 14:45:00,2026-07-07 14:50:00,2026-07-07 14:55:00,2
187741,187745,1.3349,1.3347242443095881,0.448146163266185,STOP,2026-07-07 19:45:00,2026-07-07 19:50:00,2026-07-07 20:05:00,4
187762,187769,1.33472,1.3351282612400261,-1.0849999999997795,STOP,2026-07-07 21:30:00,2026-07-07 21:35:00,2026-07-07 22:05:00,7
187792,187804,1.33526,1.3356039074908423,-1.0849999999999245,STOP,2026-07-08 00:00:00,2026-07-08 00:05:00,2026-07-08 01:00:00,12
187926,187940,1.33619,1.337118354585438,-1.085000000000078,STOP,2026-07-08 11:10:00,2026-07-08 11:15:00,2026-07-08 12:20:00,14
187981,187995,1.33992,1.3388923435937132,1.8454029298031747,STOP,2026-07-08 15:45:00,2026-07-08 15:50:00,2026-07-08 16:55:00,14
188125,188159,1.34153,1.3406271521951136,1.2641072229529517,STOP,2026-07-09 03:45:00,2026-07-09 03:50:00,2026-07-09 06:35:00,34
188255,188259,1.34118,1.3416074558039286,-1.0850000000000612,STOP,2026-07-09 14:35:00,2026-07-09 14:40:00,2026-07-09 14:55:00,4
188268,188273,1.34059,1.3410217797486774,-1.0850000000001054,STOP,2026-07-09 15:40:00,2026-07-09 15:45:00,2026-07-09 16:05:00,5
188284,188286,1.34155,1.3403629879625691,2.734164537917977,STOP,2026-07-09 17:00:00,2026-07-09 17:05:00,2026-07-09 17:10:00,2
188365,188374,1.34419,1.3434593434862836,1.4299495734946102,STOP,2026-07-09 23:45:00,2026-07-09 23:50:00,2026-07-10 00:30:00,9
188522,188527,1.34147,1.340747268328542,1.1285948248645894,STOP,2026-07-10 12:50:00,2026-07-10 12:55:00,2026-07-10 13:15:00,5
188540,188583,1.33979,1.3385848726234477,2.4297739978595514,STOP,2026-07-10 14:20:00,2026-07-10 14:25:00,2026-07-12 17:55:00,43
188644,188661,1.33743,1.3379609317433971,-1.0850000000002047,STOP,2026-07-12 23:00:00,2026-07-12 23:05:00,2026-07-13 00:25:00,17
188731,188737,1.33838,1.3390179227537793,-1.085000000000121,STOP,2026-07-13 06:15:00,2026-07-13 06:20:00,2026-07-13 06:45:00,6
188771,188780,1.33902,1.3375737748929917,1.9371564608660985,STOP,2026-07-13 09:35:00,2026-07-13 09:40:00,2026-07-13 10:20:00,9
188805,188808,1.33714,1.3364668352899642,0.8681392330923011,STOP,2026-07-13 12:25:00,2026-07-13 12:30:00,2026-07-13 12:40:00,3
188838,188856,1.33532,1.3345136913822566,1.5681727702039479,STOP,2026-07-13 15:10:00,2026-07-13 15:15:00,2026-07-13 16:40:00,18
189069,189070,1.33996,1.3412256518645829,-1.0850000000000208,STOP,2026-07-14 10:25:00,2026-07-14 10:30:00,2026-07-14 10:30:00,1
189082,189093,1.33926,1.3383969919634262,0.6799136974985077,STOP,2026-07-14 11:30:00,2026-07-14 11:35:00,2026-07-14 12:25:00,11
189102,189126,1.3376,1.3384265096111854,-1.0850000000000366,STOP,2026-07-14 13:10:00,2026-07-14 13:15:00,2026-07-14 15:10:00,24
189148,189151,1.33911,1.3378115622754208,3.084326657748469,STOP,2026-07-14 17:00:00,2026-07-14 17:05:00,2026-07-14 17:15:00,3
189410,189423,1.35402,1.3533147860476926,0.8074292023572474,STOP,2026-07-15 14:50:00,2026-07-15 14:55:00,2026-07-15 15:55:00,13
189436,189439,1.3544,1.3531345027888269,2.335151670041042,STOP,2026-07-15 17:00:00,2026-07-15 17:05:00,2026-07-15 17:15:00,3
189525,189533,1.35312,1.3534845749577722,-1.0849999999999909,STOP,2026-07-16 00:25:00,2026-07-16 00:30:00,2026-07-16 01:05:00,8
189597,189610,1.35045,1.3498599810392014,1.0442071829837964,STOP,2026-07-16 06:25:00,2026-07-16 06:30:00,2026-07-16 07:30:00,13
189664,189679,1.34776,1.3463261221043439,1.6701180010949046,STOP,2026-07-16 12:00:00,2026-07-16 12:05:00,2026-07-16 13:15:00,15
189724,189726,1.34857,1.34749283852122,2.767257924254292,STOP,2026-07-16 17:00:00,2026-07-16 17:05:00,2026-07-16 17:10:00,2
189907,189922,1.34339,1.3440144205808786,-1.0849999999999982,STOP,2026-07-17 08:15:00,2026-07-17 08:20:00,2026-07-17 09:30:00,15
189939,189945,1.34454,1.345263077515357,-1.0850000000000162,STOP,2026-07-17 10:55:00,2026-07-17 11:00:00,2026-07-17 11:25:00,6
189952,189954,1.34421,1.3448798980103103,-1.084999999999942,STOP,2026-07-17 12:00:00,2026-07-17 12:05:00,2026-07-17 12:10:00,2
189972,189996,1.34518,1.3456439084922234,-1.0850000000000195,STOP,2026-07-17 13:40:00,2026-07-17 13:45:00,2026-07-17 15:40:00,24
190011,190016,1.34619,1.34409383623377,5.7918039995470805,STOP,2026-07-17 16:55:00,2026-07-19 17:05:00,2026-07-19 17:25:00,5
190211,190214,1.34482,1.3454364253873397,-1.0850000000000068,STOP,2026-07-20 09:40:00,2026-07-20 09:45:00,2026-07-20 09:55:00,3
190290,190300,1.343,1.3424500608173158,1.333702280793916,STOP,2026-07-20 16:15:00,2026-07-20 16:20:00,2026-07-20 17:05:00,10
190368,190371,1.34338,1.3431935793812506,0.4645114923498587,STOP,2026-07-20 22:45:00,2026-07-20 22:50:00,2026-07-20 23:00:00,3
190463,190467,1.34214,1.3418349822327582,0.45115950998978865,STOP,2026-07-21 06:40:00,2026-07-21 06:45:00,2026-07-21 07:00:00,4
190528,190534,1.33703,1.3377694903747996,-1.0849999999999727,STOP,2026-07-21 12:05:00,2026-07-21 12:10:00,2026-07-21 12:35:00,6
190551,190568,1.33784,1.3383192100117762,-1.0850000000000097,STOP,2026-07-21 14:00:00,2026-07-21 14:05:00,2026-07-21 15:25:00,17
190661,190664,1.33832,1.3386663058250738,-1.0849999999997129,STOP,2026-07-21 23:10:00,2026-07-21 23:15:00,2026-07-21 23:25:00,3
190689,190695,1.33829,1.3381486212049838,0.44526639897260584,STOP,2026-07-22 01:30:00,2026-07-22 01:35:00,2026-07-22 02:00:00,6
190733,190779,1.33693,1.3362033523154213,1.0332192150191253,STOP,2026-07-22 05:10:00,2026-07-22 05:15:00,2026-07-22 09:00:00,46
190817,190863,1.33689,1.337546314780498,-1.0850000000001023,STOP,2026-07-22 12:10:00,2026-07-22 12:15:00,2026-07-22 16:00:00,46
190875,190878,1.33865,1.3372380797785526,4.731015979222674,STOP,2026-07-22 17:00:00,2026-07-22 17:05:00,2026-07-22 17:15:00,3
190969,190976,1.33871,1.33844098827856,0.7177763249472827,STOP,2026-07-23 00:50:00,2026-07-23 00:55:00,2026-07-23 01:25:00,7
191141,191145,1.33128,1.3317345671088783,-1.0849999999999558,STOP,2026-07-23 15:10:00,2026-07-23 15:15:00,2026-07-23 15:30:00,4
191162,191164,1.3318,1.3300112991518747,6.318387974374775,STOP,2026-07-23 16:55:00,2026-07-23 17:00:00,2026-07-23 17:05:00,2
191195,191198,1.33139,1.3312324798525152,0.5563578284900249,STOP,2026-07-23 19:40:00,2026-07-23 19:45:00,2026-07-23 19:55:00,3
191341,191342,1.33185,1.3323845009098767,-1.0850000000000901,STOP,2026-07-24 07:50:00,2026-07-24 07:55:00,2026-07-24 07:55:00,1
191399,191408,1.33362,1.3325609627986963,1.670899928483644,STOP,2026-07-24 12:40:00,2026-07-24 12:45:00,2026-07-24 13:25:00,9
191431,191447,1.33235,1.3317915137978638,1.5281970092734432,STOP,2026-07-24 15:20:00,2026-07-24 15:25:00,2026-07-24 16:40:00,16
191633,191641,1.33091,1.3315820523234618,-1.0849999999998672,STOP,2026-07-27 08:10:00,2026-07-27 08:15:00,2026-07-27 08:50:00,8
191660,191684,1.33063,1.3313405747024882,-1.085000000000006,STOP,2026-07-27 10:25:00,2026-07-27 10:30:00,2026-07-27 12:25:00,24
191691,191763,1.32899,1.32874,0.266058122708657,TIME,2026-07-27 13:00:00,2026-07-27 13:05:00,2026-07-27 19:00:00,72
191837,191852,1.32883,1.329191992927072,-1.084999999999871,STOP,2026-07-28 01:10:00,2026-07-28 01:15:00,2026-07-28 02:25:00,15
191884,191899,1.32964,1.3276419733721578,3.2264937820758295,STOP,2026-07-28 05:05:00,2026-07-28 05:10:00,2026-07-28 06:20:00,15
191946,191957,1.32926,1.3298764145136774,-1.0850000000001228,STOP,2026-07-28 10:15:00,2026-07-28 10:20:00,2026-07-28 11:10:00,11
192014,192030,1.32881,1.3292163156778176,-1.0850000000001092,STOP,2026-07-28 15:55:00,2026-07-28 16:00:00,2026-07-28 17:15:00,16
192178,192179,1.32963,1.3301343546118727,-1.0850000000002193,STOP,2026-07-29 05:35:00,2026-07-29 05:40:00,2026-07-29 05:40:00,1
192257,192266,1.32814,1.328816469471811,-1.0850000000000772,STOP,2026-07-29 12:10:00,2026-07-29 12:15:00,2026-07-29 12:55:00,9
192302,192311,1.33469,1.3362180832156783,-1.0850000000000357,STOP,2026-07-29 15:55:00,2026-07-29 16:00:00,2026-07-29 16:40:00,9
192344,192357,1.33668,1.3356946156821332,1.6960337415011544,STOP,2026-07-29 19:25:00,2026-07-29 19:30:00,2026-07-29 20:30:00,13
192374,192393,1.33526,1.3345176727613421,1.4281154168866947,STOP,2026-07-29 21:55:00,2026-07-29 22:00:00,2026-07-29 23:30:00,19
192628,192636,1.34649,1.3461656821538899,0.7903736132922216,STOP,2026-07-30 19:05:00,2026-07-30 19:10:00,2026-07-30 19:45:00,8
192675,192697,1.34492,1.3444025593145745,0.98244022391461,STOP,2026-07-30 23:00:00,2026-07-30 23:05:00,2026-07-31 00:50:00,22
192708,192711,1.34415,1.3445536444299608,-1.085000000000164,STOP,2026-07-31 01:45:00,2026-07-31 01:50:00,2026-07-31 02:00:00,3
192760,192778,1.34452,1.3430404524103774,1.6394779180899972,STOP,2026-07-31 06:05:00,2026-07-31 06:10:00,2026-07-31 07:35:00,18
192878,192882,1.34771,1.3483318217133626,-1.0850000000001587,STOP,2026-07-31 15:55:00,2026-07-31 16:00:00,2026-07-31 16:15:00,4
192916,192933,1.34915,1.3499270868710649,-1.0850000000000715,STOP,2026-08-02 19:05:00,2026-08-02 19:10:00,2026-08-02 20:30:00,17
193035,193037,1.34505,1.3456710642144418,-1.0850000000000364,STOP,2026-08-03 05:00:00,2026-08-03 05:05:00,2026-08-03 05:10:00,2
193134,193144,1.3424,1.3420451087837826,0.5230527268612617,STOP,2026-08-03 13:15:00,2026-08-03 13:20:00,2026-08-03 14:05:00,10
193210,193215,1.34283,1.3427081907919078,0.4348160074975164,STOP,2026-08-03 19:35:00,2026-08-03 19:40:00,2026-08-03 20:00:00,5
193259,193279,1.34263,1.3423074867610754,0.6978618194089509,STOP,2026-08-03 23:40:00,2026-08-03 23:45:00,2026-08-04 01:20:00,20
193369,193375,1.3444,1.3450006310443952,-1.0850000000000835,STOP,2026-08-04 08:50:00,2026-08-04 08:55:00,2026-08-04 09:20:00,6
193417,193427,1.34467,1.3443576211306347,0.5209599566169403,STOP,2026-08-04 12:50:00,2026-08-04 12:55:00,2026-08-04 13:40:00,10
193467,193470,1.34526,1.3446189084687188,2.0401464110117598,STOP,2026-08-04 17:00:00,2026-08-04 17:05:00,2026-08-04 17:15:00,3
193561,193564,1.3455,1.345279654365523,0.6937284149488455,STOP,2026-08-05 00:50:00,2026-08-05 00:55:00,2026-08-05 01:05:00,3
193578,193582,1.34536,1.3457028389153443,-1.085000000000119,STOP,2026-08-05 02:15:00,2026-08-05 02:20:00,2026-08-05 02:35:00,4
193707,193712,1.34584,1.3464235901828665,-1.0850000000000517,STOP,2026-08-05 13:00:00,2026-08-05 13:05:00,2026-08-05 13:25:00,5
193734,193754,1.34645,1.3468657909359139,-1.0850000000000537,STOP,2026-08-05 15:15:00,2026-08-05 15:20:00,2026-08-05 16:55:00,20
193755,193758,1.34748,1.3464628313082732,2.492983981380929,STOP,2026-08-05 17:00:00,2026-08-05 17:05:00,2026-08-05 17:15:00,3
193826,193833,1.34676,1.3462456900650048,1.487763824411079,STOP,2026-08-05 22:55:00,2026-08-05 23:00:00,2026-08-05 23:30:00,7
194024,194029,1.34515,1.3455546774293792,-1.0849999999999806,STOP,2026-08-06 15:25:00,2026-08-06 15:30:00,2026-08-06 15:50:00,5
194043,194045,1.34561,1.3448486284405938,1.8782333910523703,STOP,2026-08-06 17:00:00,2026-08-06 17:05:00,2026-08-06 17:10:00,2
194081,194089,1.34521,1.3450902297465408,0.4344378084484037,STOP,2026-08-06 20:10:00,2026-08-06 20:15:00,2026-08-06 20:50:00,8
194144,194151,1.34523,1.3454360856032552,-1.0850000000003108,STOP,2026-08-07 01:25:00,2026-08-07 01:30:00,2026-08-07 02:00:00,7
194295,194303,1.34928,1.3497790935189355,-1.0849999999998654,STOP,2026-08-07 14:00:00,2026-08-07 14:05:00,2026-08-07 14:40:00,8
194317,194328,1.34977,1.349132654986579,1.4930429932125366,STOP,2026-08-07 15:50:00,2026-08-07 15:55:00,2026-08-07 16:45:00,11
194482,194499,1.34964,1.3501206072830265,-1.084999999999792,STOP,2026-08-10 05:35:00,2026-08-10 05:40:00,2026-08-10 07:00:00,17
194601,194608,1.35063,1.3509719318137001,-1.0850000000000326,STOP,2026-08-10 15:30:00,2026-08-10 15:35:00,2026-08-10 16:05:00,7
194711,194713,1.35094,1.3508175205485475,0.4048310892293345,STOP,2026-08-11 00:40:00,2026-08-11 00:45:00,2026-08-11 00:50:00,2
194907,194910,1.35108,1.3503273818053083,2.5439226369414216,STOP,2026-08-11 17:00:00,2026-08-11 17:05:00,2026-08-11 17:15:00,3
194937,194943,1.35087,1.351052707121536,-1.085000000000102,STOP,2026-08-11 19:30:00,2026-08-11 19:35:00,2026-08-11 20:00:00,6
194987,194995,1.35062,1.3504515005630473,0.6958584458705216,STOP,2026-08-11 23:40:00,2026-08-11 23:45:00,2026-08-12 00:20:00,8
195007,195015,1.35041,1.3506118914082954,-1.0850000000005442,STOP,2026-08-12 01:20:00,2026-08-12 01:25:00,2026-08-12 02:00:00,8
195156,195175,1.34945,1.3489834228624078,0.8781586873940255,STOP,2026-08-12 13:35:00,2026-08-12 13:40:00,2026-08-12 15:10:00,19
195341,195343,1.34763,1.3480723492989557,-1.0850000000002118,STOP,2026-08-13 05:00:00,2026-08-13 05:05:00,2026-08-13 05:10:00,2
195365,195367,1.34882,1.349265442447518,-1.0849999999999027,STOP,2026-08-13 07:00:00,2026-08-13 07:05:00,2026-08-13 07:10:00,2
195380,195383,1.34899,1.3493933063945718,-1.0850000000001931,STOP,2026-08-13 08:15:00,2026-08-13 08:20:00,2026-08-13 08:30:00,3
195485,195487,1.34927,1.3483665772320177,3.0063381553414352,STOP,2026-08-13 17:00:00,2026-08-13 17:05:00,2026-08-13 17:10:00,2
195772,195774,1.35458,1.3530207251414315,5.506413405500428,STOP,2026-08-14 16:55:00,2026-08-16 17:00:00,2026-08-16 17:05:00,2
195839,195858,1.35504,1.3553993402514746,-1.0850000000000655,STOP,2026-08-16 22:30:00,2026-08-16 22:35:00,2026-08-17 00:05:00,19
195944,195946,1.3553,1.3558176582318693,-1.0849999999998727,STOP,2026-08-17 07:15:00,2026-08-17 07:20:00,2026-08-17 07:25:00,2
196061,196063,1.3556,1.3539728900804382,4.477722971453976,STOP,2026-08-17 17:00:00,2026-08-17 17:05:00,2026-08-17 17:10:00,2
196136,196144,1.35392,1.353523113652755,1.1281749842957214,STOP,2026-08-17 23:15:00,2026-08-17 23:20:00,2026-08-17 23:55:00,8
196169,196173,1.35245,1.3529629619242631,-1.084999999999857,STOP,2026-08-18 02:00:00,2026-08-18 02:05:00,2026-08-18 02:20:00,4
196219,196235,1.3526,1.3522177453418993,0.8008761666744314,STOP,2026-08-18 06:10:00,2026-08-18 06:15:00,2026-08-18 07:30:00,16
196301,196314,1.35384,1.3534473449676172,0.6782594874022253,STOP,2026-08-18 13:00:00,2026-08-18 13:05:00,2026-08-18 14:05:00,13
196349,196351,1.35317,1.3528081426974166,1.1390828540444942,STOP,2026-08-18 17:00:00,2026-08-18 17:05:00,2026-08-18 17:10:00,2
196518,196532,1.35535,1.3558590228590826,-1.0849999999999307,STOP,2026-08-19 07:05:00,2026-08-19 07:10:00,2026-08-19 08:15:00,14
196563,196597,1.36093,1.35981403417858,0.9384857223798149,STOP,2026-08-19 10:50:00,2026-08-19 10:55:00,2026-08-19 13:40:00,34
196628,196638,1.36037,1.3596370393967576,1.1734473132198,STOP,2026-08-19 16:15:00,2026-08-19 16:20:00,2026-08-19 17:05:00,10
196731,196737,1.36099,1.3608044398410435,0.4983257481106706,STOP,2026-08-20 00:50:00,2026-08-20 00:55:00,2026-08-20 01:20:00,6
196891,196903,1.36232,1.3628379166314744,-1.0850000000001334,STOP,2026-08-20 14:10:00,2026-08-20 14:15:00,2026-08-20 15:10:00,12
196925,196927,1.36308,1.3626752677978082,1.2719363979034515,STOP,2026-08-20 17:00:00,2026-08-20 17:05:00,2026-08-20 17:10:00,2
197002,197017,1.36463,1.3641785577044112,0.991318010518534,STOP,2026-08-20 23:25:00,2026-08-20 23:30:00,2026-08-21 00:40:00,15
197080,197086,1.36554,1.3662580971083407,-1.0849999999998663,STOP,2026-08-21 05:55:00,2026-08-21 06:00:00,2026-08-21 06:25:00,6
197092,197096,1.36488,1.3656142638271425,-1.0850000000000573,STOP,2026-08-21 06:55:00,2026-08-21 07:00:00,2026-08-21 07:15:00,4
197111,197113,1.3649,1.3639813411479813,1.1333118132343423,STOP,2026-08-21 08:30:00,2026-08-21 08:35:00,2026-08-21 08:40:00,2
197134,197137,1.36327,1.3624908872922528,0.9748225977577947,STOP,2026-08-21 10:25:00,2026-08-21 10:30:00,2026-08-21 10:40:00,3
197206,197209,1.36453,1.3643306893510403,0.5103754370807864,STOP,2026-08-21 16:25:00,2026-08-21 16:30:00,2026-08-21 16:40:00,3
197294,197309,1.36442,1.364737299411975,-1.0849999999997477,STOP,2026-08-23 23:45:00,2026-08-23 23:50:00,2026-08-24 01:00:00,15
197440,197441,1.363,1.3635848604457355,-1.0850000000000464,STOP,2026-08-24 11:55:00,2026-08-24 12:00:00,2026-08-24 12:00:00,1
197457,197470,1.36281,1.3634149402070361,-1.085000000000106,STOP,2026-08-24 13:20:00,2026-08-24 13:25:00,2026-08-24 14:25:00,13
197501,197504,1.36324,1.362837918390079,1.3549919312733556,STOP,2026-08-24 17:00:00,2026-08-24 17:05:00,2026-08-24 17:15:00,3
197605,197609,1.36251,1.3623682726733908,0.5259578590991377,STOP,2026-08-25 01:40:00,2026-08-25 01:45:00,2026-08-25 02:00:00,4
197709,197714,1.36348,1.364158279439563,-1.0850000000000946,STOP,2026-08-25 10:20:00,2026-08-25 10:25:00,2026-08-25 10:45:00,5
197789,197801,1.36539,1.3646722769331854,1.5555448089389812,STOP,2026-08-25 17:00:00,2026-08-25 17:05:00,2026-08-25 18:00:00,12
197818,197826,1.36481,1.364599083903885,0.8216182380174816,STOP,2026-08-25 19:25:00,2026-08-25 19:30:00,2026-08-25 20:05:00,8
197948,197959,1.36197,1.362366271708459,-1.0850000000001834,STOP,2026-08-26 06:15:00,2026-08-26 06:20:00,2026-08-26 07:10:00,11
198077,198080,1.3602,1.358896578925814,3.9597898951623787,STOP,2026-08-26 17:00:00,2026-08-26 17:10:00,2026-08-26 17:20:00,3
198113,198124,1.35941,1.3592810193982163,0.3976154638872,STOP,2026-08-26 20:05:00,2026-08-26 20:10:00,2026-08-26 21:00:00,11
198155,198176,1.35889,1.3587554931555696,0.4654160333561352,STOP,2026-08-26 23:35:00,2026-08-26 23:40:00,2026-08-27 01:20:00,21
198253,198254,1.35727,1.3578209097744631,-1.085000000000078,STOP,2026-08-27 07:45:00,2026-08-27 07:50:00,2026-08-27 07:50:00,1
198364,198366,1.35935,1.3583826113878863,2.68315384821907,STOP,2026-08-27 17:00:00,2026-08-27 17:05:00,2026-08-27 17:10:00,2
198403,198413,1.35948,1.3597243659861442,-1.0849999999998532,STOP,2026-08-27 20:15:00,2026-08-27 20:20:00,2026-08-27 21:05:00,10
198646,198650,1.35341,1.3532076455143627,0.4838940281878232,STOP,2026-08-28 16:30:00,2026-08-28 16:35:00,2026-08-28 16:50:00,4
